To honour the JVM settings for this build a single-use Daemon process will be forked. For more on this, please refer to https://docs.gradle.org/9.2.1/userguide/gradle_daemon.html#sec:disabling_the_daemon in the Gradle documentation.
Daemon will be stopped at the end of the build 
Calculating task graph as no cached configuration is available for tasks: runGameTestServer

> Configure project :
Creating Minecraft artifacts without recompilation.

> Task :writeGameTestServerLegacyClasspath
> Task :generateModMetadata
> Task :processResources

> Task :createMinecraftArtifacts
Loaded 131 artifacts from /home/runner/work/AntikytheraMechanism/AntikytheraMechanism/build/tmp/createMinecraftArtifacts/nfrt_artifact_manifest.properties
[1m*** Started working on [4mdownloadJson[0m[0m
 [1m[92m✓[0m Completed [4mdownloadJson[0m in 0.04s
[1m*** Started working on [4mdownloadClientMappings[0m[0m
[1m*** Started working on [4mdownloadClient[0m[0m
[1m*** Started working on [4mdownloadServer[0m[0m
 [1m[92m✓[0m Completed [4mdownloadClient[0m in 0.07s
 [1m[92m✓[0m Completed [4mdownloadClientMappings[0m in 0.07s
 [1m[92m✓[0m Completed [4mdownloadServer[0m in 0.07s
[1m*** Started working on [4mstripClient[0m[0m
 [1m[92m♻[0m Used cache of [4mstripClient[0m in 0.01s
[1m*** Started working on [4mmergeMappings[0m[0m
 [1m[92m♻[0m Used cache of [4mmergeMappings[0m in 0.00s
[1m*** Started working on [4mextractServer[0m[0m
 [1m[92m♻[0m Used cache of [4mextractServer[0m in 0.00s
[1m*** Started working on [4mstripServer[0m[0m
 [1m[92m♻[0m Used cache of [4mstripServer[0m in 0.00s
[1m*** Started working on [4mmerge[0m[0m
 [1m[92m♻[0m Used cache of [4mmerge[0m in 0.00s
[1m*** Started working on [4mrename[0m[0m
 [1m[92m♻[0m Used cache of [4mrename[0m in 0.00s
[1m*** Started working on [4mbinaryPatch[0m[0m
 [1m[92m♻[0m Used cache of [4mbinaryPatch[0m in 0.00s
[1m*** Started working on [4mcopyUnpatchedClasses[0m[0m
 [1m[92m♻[0m Used cache of [4mcopyUnpatchedClasses[0m in 0.00s
[1m*** Started working on [4mapplyDevTransforms[0m[0m
 [1m[92m♻[0m Used cache of [4mapplyDevTransforms[0m in 0.00s
[1m*** Started working on [4mbinaryWithNeoForge[0m[0m
 [1m[92m♻[0m Used cache of [4mbinaryWithNeoForge[0m in 0.00s
Performing periodic cache maintenance on /home/runner/.gradle/caches/neoformruntime
Cleaning intermediate results cache in /home/runner/.gradle/caches/neoformruntime/intermediate_results
 Maximum age: 744h
 Maximum cache size: 10 GiB
 [0;2;3m30 files found[0m
 [0;2;3m219 MiB overall size[0m
 [0;2;3m0 expired keys found[0m
[0;2;3m Deleted 14 outdated lock files
Total runtime: 2.07s


> Task :downloadAssets
Loaded 131 artifacts from /home/runner/work/AntikytheraMechanism/AntikytheraMechanism/build/tmp/downloadAssets/nfrt_artifact_manifest.properties
Downloading asset index 17
Using Minecraft asset root: /home/runner/.gradle/caches/neoformruntime/assets
  ↓ https://piston-meta.mojang.com/v1/packages/84fb63f8ed4091fab26fb68b32f79dfecfae31d9/17.json
100/3888 downloads
200/3888 downloads
300/3888 downloads
400/3888 downloads
500/3888 downloads
600/3888 downloads
700/3888 downloads
800/3888 downloads
900/3888 downloads
1000/3888 downloads
1100/3888 downloads
1200/3888 downloads
1300/3888 downloads
1400/3888 downloads
1500/3888 downloads
1600/3888 downloads
1700/3888 downloads
1800/3888 downloads
1900/3888 downloads
2000/3888 downloads
2100/3888 downloads
2200/3888 downloads
2300/3888 downloads
2400/3888 downloads
2500/3888 downloads
2600/3888 downloads
2700/3888 downloads
2800/3888 downloads
2900/3888 downloads
3000/3888 downloads
3100/3888 downloads
3200/3888 downloads
3300/3888 downloads
3400/3888 downloads
3500/3888 downloads
3600/3888 downloads
3700/3888 downloads
3800/3888 downloads
Downloaded 3888 files with a total size of 783 MiB

> Task :prepareGameTestServerRun

> Task :compileJava
Note: Some input files use or override a deprecated API.
Note: Recompile with -Xlint:deprecation for details.

> Task :classes

> Task :runGameTestServer
WARN StatusConsoleListener Advanced terminal features are not available in this environment
[15:55:14] [main/INFO] [cp.mo.mo.Launcher/MODLAUNCHER]: ModLauncher running: args [--launchTarget, forgeserverdev, --gameDir, ., --fml.fmlVersion, 4.0.42, --fml.mcVersion, 1.21.1, --fml.neoForgeVersion, 21.1.228, --fml.neoFormVersion, 20240808.144430]
[15:55:14] [main/INFO] [cp.mo.mo.Launcher/MODLAUNCHER]: JVM identified as Eclipse Adoptium OpenJDK 64-Bit Server VM 21.0.12+8-LTS
[15:55:14] [main/INFO] [cp.mo.mo.Launcher/MODLAUNCHER]: ModLauncher 11.0.5+main.901c6ea8 starting: java version 21.0.12 by Eclipse Adoptium; OS Linux arch amd64 version 6.17.0-1022-azure
[15:55:14] [main/DEBUG] [cp.mo.mo.LaunchServiceHandler/MODLAUNCHER]: Found launch services [minecraft,forgeclient,forgedatauserdev,testharness,forgeserverdev,forgeserveruserdev,forgejunitdev,forgeclientdev,forgeclientuserdev,forgeserver,forgejunituserdev,forgedatadev]
[15:55:14] [main/DEBUG] [cp.mo.mo.LaunchPluginHandler/MODLAUNCHER]: Found launch plugins: [mixin,slf4jfixer,runtime_enum_extender,accesstransformer,runtimedistcleaner]
[15:55:14] [main/DEBUG] [cp.mo.mo.TransformationServicesHandler/MODLAUNCHER]: Discovering transformation services
[15:55:14] [main/DEBUG] [ne.ne.fm.lo.FMLPaths/CORE]: Path GAMEDIR is /home/runner/work/AntikytheraMechanism/AntikytheraMechanism/run
[15:55:14] [main/DEBUG] [ne.ne.fm.lo.FMLPaths/CORE]: Path MODSDIR is /home/runner/work/AntikytheraMechanism/AntikytheraMechanism/run/mods
[15:55:14] [main/DEBUG] [ne.ne.fm.lo.FMLPaths/CORE]: Path CONFIGDIR is /home/runner/work/AntikytheraMechanism/AntikytheraMechanism/run/config
[15:55:14] [main/DEBUG] [ne.ne.fm.lo.FMLPaths/CORE]: Path FMLCONFIG is /home/runner/work/AntikytheraMechanism/AntikytheraMechanism/run/config/fml.toml
[15:55:14] [main/DEBUG] [ne.ne.fm.lo.ta.CommonLaunchHandler/CORE]: Got mod coordinates antikytheramechanism%%/home/runner/work/AntikytheraMechanism/AntikytheraMechanism/build/classes/java/main:antikytheramechanism%%/home/runner/work/AntikytheraMechanism/AntikytheraMechanism/build/resources/main from env
[15:55:14] [main/DEBUG] [ne.ne.fm.lo.ta.CommonLaunchHandler/CORE]: Found supplied mod coordinates [{antikytheramechanism=[/home/runner/work/AntikytheraMechanism/AntikytheraMechanism/build/classes/java/main, /home/runner/work/AntikytheraMechanism/AntikytheraMechanism/build/resources/main]}]
[15:55:14] [main/DEBUG] [cp.mo.mo.TransformationServicesHandler/MODLAUNCHER]: Found additional transformation services from discovery services: 
[15:55:14] [main/INFO] [ne.ne.fm.lo.ImmediateWindowHandler/]: ImmediateWindowProvider not loading because launch target is forgeserverdev
[15:55:14] [main/DEBUG] [cp.mo.mo.TransformationServicesHandler/MODLAUNCHER]: Found transformer services : [mixin,fml]
[15:55:14] [main/DEBUG] [cp.mo.mo.TransformationServicesHandler/MODLAUNCHER]: Transformation services loading
[15:55:14] [main/DEBUG] [cp.mo.mo.TransformationServiceDecorator/MODLAUNCHER]: Loading service mixin
[15:55:14] [main/DEBUG] [cp.mo.mo.TransformationServiceDecorator/MODLAUNCHER]: Loaded service mixin
[15:55:14] [main/DEBUG] [cp.mo.mo.TransformationServiceDecorator/MODLAUNCHER]: Loading service fml
[15:55:14] [main/DEBUG] [ne.ne.fm.lo.FMLLoader/CORE]: FML 4.0.42 loading
[15:55:14] [main/DEBUG] [ne.ne.fm.lo.FMLLoader/CORE]: FML found ModLauncher version : 11.0.5+main.901c6ea8
[15:55:14] [main/DEBUG] [ne.ne.fm.lo.FMLLoader/CORE]: FML found AccessTransformer version : 10.0.1+139da711
[15:55:14] [main/DEBUG] [ne.ne.fm.lo.FMLLoader/CORE]: FML found EventBus version : null
[15:55:14] [main/DEBUG] [ne.ne.fm.lo.FMLLoader/CORE]: Found Runtime Dist Cleaner
[15:55:14] [main/DEBUG] [cp.mo.mo.TransformationServiceDecorator/MODLAUNCHER]: Loaded service fml
[15:55:14] [main/DEBUG] [cp.mo.mo.TransformationServicesHandler/MODLAUNCHER]: Configuring option handling for services
[15:55:14] [main/DEBUG] [ne.ne.fm.lo.FMLServiceProvider/CORE]: Received command line version data  : VersionInfo[neoForgeVersion=21.1.228, fmlVersion=4.0.42, mcVersion=1.21.1, neoFormVersion=20240808.144430]
[15:55:14] [main/DEBUG] [cp.mo.mo.TransformationServicesHandler/MODLAUNCHER]: Transformation services initializing
[15:55:14] [main/DEBUG] [cp.mo.mo.TransformationServiceDecorator/MODLAUNCHER]: Initializing transformation service mixin
[15:55:14] [main/DEBUG] [mixin/]: MixinService [ModLauncher] was successfully booted in cpw.mods.cl.ModuleClassLoader@1c3a4799
[15:55:14] [main/INFO] [mixin/]: SpongePowered MIXIN Subsystem Version=0.8.7 Source=union:/home/runner/.gradle/caches/modules-2/files-2.1/net.fabricmc/sponge-mixin/0.15.2+mixin.0.8.7/2af2f021d8e02a0220dc27a7a72b4666d66d44ca/sponge-mixin-0.15.2+mixin.0.8.7.jar%2394!/ Service=ModLauncher Env=SERVER
[15:55:14] [main/DEBUG] [mixin/]: Initialising Mixin Platform Manager
[15:55:14] [main/DEBUG] [mixin/]: Adding mixin platform agents for container ModLauncher Root Container(ModLauncher:4f56a0a2)
[15:55:14] [main/DEBUG] [mixin/]: Instancing new MixinPlatformAgentMinecraftForge for ModLauncher Root Container(ModLauncher:4f56a0a2)
[15:55:14] [main/DEBUG] [mixin/]: MixinPlatformAgentMinecraftForge rejected container ModLauncher Root Container(ModLauncher:4f56a0a2)
[15:55:14] [main/DEBUG] [mixin/]: Instancing new MixinPlatformAgentDefault for ModLauncher Root Container(ModLauncher:4f56a0a2)
[15:55:14] [main/DEBUG] [mixin/]: MixinPlatformAgentDefault accepted container ModLauncher Root Container(ModLauncher:4f56a0a2)
[15:55:14] [main/DEBUG] [cp.mo.mo.TransformationServiceDecorator/MODLAUNCHER]: Initialized transformation service mixin
[15:55:14] [main/DEBUG] [cp.mo.mo.TransformationServiceDecorator/MODLAUNCHER]: Initializing transformation service fml
[15:55:14] [main/DEBUG] [ne.ne.fm.lo.FMLServiceProvider/CORE]: Setting up basic FML game directories
[15:55:14] [main/DEBUG] [ne.ne.fm.lo.FMLPaths/CORE]: Path GAMEDIR is /home/runner/work/AntikytheraMechanism/AntikytheraMechanism/run
[15:55:14] [main/DEBUG] [ne.ne.fm.lo.FMLPaths/CORE]: Path MODSDIR is /home/runner/work/AntikytheraMechanism/AntikytheraMechanism/run/mods
[15:55:14] [main/DEBUG] [ne.ne.fm.lo.FMLPaths/CORE]: Path CONFIGDIR is /home/runner/work/AntikytheraMechanism/AntikytheraMechanism/run/config
[15:55:14] [main/DEBUG] [ne.ne.fm.lo.FMLPaths/CORE]: Path FMLCONFIG is /home/runner/work/AntikytheraMechanism/AntikytheraMechanism/run/config/fml.toml
[15:55:14] [main/DEBUG] [ne.ne.fm.lo.FMLServiceProvider/CORE]: Loading configuration
[15:55:14] [main/DEBUG] [ne.ne.fm.lo.FMLServiceProvider/CORE]: Preparing launch handler
[15:55:14] [main/DEBUG] [ne.ne.fm.lo.FMLLoader/CORE]: Using forgeserverdev as launch service
[15:55:14] [main/DEBUG] [cp.mo.mo.TransformationServiceDecorator/MODLAUNCHER]: Initialized transformation service fml
[15:55:14] [main/DEBUG] [cp.mo.mo.TransformationServicesHandler/MODLAUNCHER]: Transformation services begin scanning
[15:55:14] [main/DEBUG] [cp.mo.mo.TransformationServiceDecorator/MODLAUNCHER]: Beginning scan trigger - transformation service mixin
[15:55:14] [main/DEBUG] [cp.mo.mo.TransformationServiceDecorator/MODLAUNCHER]: End scan trigger - transformation service mixin
[15:55:14] [main/DEBUG] [cp.mo.mo.TransformationServiceDecorator/MODLAUNCHER]: Beginning scan trigger - transformation service fml
[15:55:14] [main/DEBUG] [ne.ne.fm.lo.FMLServiceProvider/CORE]: Initiating mod scan
[15:55:14] [main/DEBUG] [ne.ne.fm.lo.ta.CommonLaunchHandler/CORE]: Got mod coordinates antikytheramechanism%%/home/runner/work/AntikytheraMechanism/AntikytheraMechanism/build/classes/java/main:antikytheramechanism%%/home/runner/work/AntikytheraMechanism/AntikytheraMechanism/build/resources/main from env
[15:55:14] [main/DEBUG] [ne.ne.fm.lo.ta.CommonLaunchHandler/CORE]: Found supplied mod coordinates [{antikytheramechanism=[/home/runner/work/AntikytheraMechanism/AntikytheraMechanism/build/classes/java/main, /home/runner/work/AntikytheraMechanism/AntikytheraMechanism/build/resources/main]}]
[15:55:14] [main/DEBUG] [ne.ne.fm.lo.ta.CommonDevLaunchHandler/]: Launching with NeoForge from /home/runner/work/AntikytheraMechanism/AntikytheraMechanism/build/moddev/artifacts/neoforge-21.1.228.jar
[15:55:14] [main/DEBUG] [ne.ne.fm.ut.ServiceLoaderUtil/CORE]: Found 4 implementations of IModFileCandidateLocator:
[15:55:14] [main/DEBUG] [ne.ne.fm.ut.ServiceLoaderUtil/CORE]: 	       0 - [built-in] net.neoforged.fml.loading.moddiscovery.locators.NeoForgeDevProvider from loader-4.0.42.jar
[15:55:14] [main/DEBUG] [ne.ne.fm.ut.ServiceLoaderUtil/CORE]: 	       0 - net.neoforged.fml.loading.moddiscovery.locators.ModsFolderLocator from loader-4.0.42.jar
[15:55:14] [main/DEBUG] [ne.ne.fm.ut.ServiceLoaderUtil/CORE]: 	       0 - net.neoforged.fml.loading.moddiscovery.locators.MavenDirectoryLocator from loader-4.0.42.jar
[15:55:14] [main/DEBUG] [ne.ne.fm.ut.ServiceLoaderUtil/CORE]: 	   -1000 - [built-in] net.neoforged.fml.loading.moddiscovery.locators.UserdevLocator from loader-4.0.42.jar
[15:55:14] [main/DEBUG] [ne.ne.fm.ut.ServiceLoaderUtil/CORE]: Found 2 implementations of IModFileReader:
[15:55:14] [main/DEBUG] [ne.ne.fm.ut.ServiceLoaderUtil/CORE]: 	       0 - net.neoforged.fml.loading.moddiscovery.readers.JarModsDotTomlModFileReader from loader-4.0.42.jar
[15:55:14] [main/DEBUG] [ne.ne.fm.ut.ServiceLoaderUtil/CORE]: 	   -1000 - net.neoforged.fml.loading.moddiscovery.readers.NestedLibraryModReader from loader-4.0.42.jar
[15:55:14] [main/DEBUG] [ne.ne.fm.ut.ServiceLoaderUtil/CORE]: Found 1 implementations of IDependencyLocator:
[15:55:14] [main/DEBUG] [ne.ne.fm.ut.ServiceLoaderUtil/CORE]: 	       0 - net.neoforged.fml.loading.moddiscovery.locators.JarInJarDependencyLocator from loader-4.0.42.jar
[15:55:15] [main/DEBUG] [ne.ne.fm.lo.mo.ModFileInfo/LOADING]: Found valid mod file neoforge-21.1.228.jar with {minecraft} mods - versions {1.21.1}
[15:55:15] [main/DEBUG] [ne.ne.fm.lo.mo.ModFileParser/LOADING]: Considering mod file candidate /home/runner/work/AntikytheraMechanism/AntikytheraMechanism/build/moddev/artifacts/neoforge-21.1.228.jar
[15:55:15] [main/DEBUG] [ne.ne.fm.lo.mo.ModFileInfo/LOADING]: Found valid mod file neoforge-21.1.228.jar with {neoforge} mods - versions {21.1.228}
[15:55:15] [main/DEBUG] [ne.ne.fm.lo.mo.ModListHandler/CORE]: Found mod coordinates from lists: []
[15:55:15] [main/DEBUG] [ne.ne.fm.lo.mo.ModFileParser/LOADING]: Considering mod file candidate /home/runner/work/AntikytheraMechanism/AntikytheraMechanism/build/classes/java/main
[15:55:15] [main/DEBUG] [ne.ne.fm.lo.mo.ModFileInfo/LOADING]: Found valid mod file main with {antikytheramechanism} mods - versions {0.1.0}
[15:55:15] [main/DEBUG] [ne.ne.fm.lo.mo.ModFileParser/LOADING]: Considering mod file candidate /home/runner/work/AntikytheraMechanism/AntikytheraMechanism/build/moddev/artifacts/neoforge-21.1.228.jar
[15:55:15] [main/DEBUG] [ne.ne.fm.lo.mo.ModFileInfo/LOADING]: Found valid mod file neoforge-21.1.228.jar with {neoforge} mods - versions {21.1.228}
[15:55:15] [main/DEBUG] [ne.ne.fm.lo.mo.ModFileParser/LOADING]: Considering mod file candidate /home/runner/.gradle/caches/modules-2/files-2.1/dev.ryanhcode.sable/sable-neoforge-1.21.1/2.0.3/f3ba9a497122ba29d9e94ebe6f9a3a3aaa5fa756/sable-neoforge-1.21.1-2.0.3.jar
[15:55:15] [main/DEBUG] [ne.ne.fm.lo.mo.ModFileInfo/LOADING]: Found valid mod file sable-neoforge-1.21.1-2.0.3.jar with {sable} mods - versions {2.0.3}
[15:55:15] [main/DEBUG] [ne.ne.fm.lo.mo.ModFileParser/LOADING]: Considering mod file candidate /home/runner/.gradle/caches/modules-2/files-2.1/curse.maven/sable-scaling-1607775/8564797/9d0ab34cc09e71fbca4129f725e072bbea03cf1c/sable-scaling-1607775-8564797.jar
[15:55:15] [main/DEBUG] [ne.ne.fm.lo.mo.ModFileInfo/LOADING]: Found valid mod file sable-scaling-1607775-8564797.jar with {sablescale} mods - versions {1.2.0}
[15:55:15] [main/DEBUG] [ne.ne.fm.lo.mo.ModFileParser/LOADING]: Considering mod file candidate /home/runner/.gradle/caches/modules-2/files-2.1/dev.ryanhcode.sable-companion/sable-companion-common-1.21.1/1.6.0/370be7db705926176e05c0215ed676150c45daae/sable-companion-common-1.21.1-1.6.0.jar
[15:55:15] [main/DEBUG] [ne.ne.fm.lo.mo.ModFileInfo/LOADING]: Found valid mod file sable-companion-common-1.21.1-1.6.0.jar with {sablecompanion} mods - versions {1.6.0}
[15:55:15] [main/DEBUG] [ne.ne.fm.lo.mo.ModFileParser/LOADING]: Considering mod file candidate /home/runner/.gradle/caches/modules-2/files-2.1/foundry.veil/veil-neoforge-1.21.1/4.1.4/642ec0bd02213ee087d86eda553d6d79c6a04d2b/veil-neoforge-1.21.1-4.1.4.jar
[15:55:15] [main/DEBUG] [ne.ne.fm.lo.mo.ModFileInfo/LOADING]: Found valid mod file veil-neoforge-1.21.1-4.1.4.jar with {veil} mods - versions {4.1.4}
[15:55:15] [main/DEBUG] [ne.ne.fm.lo.mo.ModDiscoverer/]: Skipping /home/runner/.gradle/caches/modules-2/files-2.1/net.neoforged.fancymodloader/earlydisplay/4.0.42/46555dbfff14e9e052f1f693aed14d542a74e111/earlydisplay-4.0.42.jar because it was already located earlier
[15:55:15] [main/DEBUG] [ne.ne.fm.lo.mo.ModDiscoverer/]: Skipping /home/runner/.gradle/caches/modules-2/files-2.1/net.neoforged.fancymodloader/loader/4.0.42/76e15f98bf676fb44b36c5e776f52a55581ec43a/loader-4.0.42.jar because it was already located earlier
[15:55:15] [main/DEBUG] [ne.ne.fm.lo.mo.ModDiscoverer/]: Skipping /home/runner/.gradle/caches/modules-2/files-2.1/net.neoforged.accesstransformers/at-modlauncher/10.0.1/5aba50202aceead086bc09fbc2751c9f05cb4890/at-modlauncher-10.0.1.jar because it was already located earlier
[15:55:15] [main/DEBUG] [ne.ne.fm.lo.mo.ModDiscoverer/]: Skipping /home/runner/.gradle/caches/modules-2/files-2.1/net.neoforged/accesstransformers/10.0.1/fd83b5725f76eae9115e9355fa1c456a6a441400/accesstransformers-10.0.1.jar because it was already located earlier
[15:55:15] [main/DEBUG] [ne.ne.fm.lo.mo.ModDiscoverer/]: Skipping /home/runner/.gradle/caches/modules-2/files-2.1/net.neoforged/bus/8.0.5/5b2d33285ab5d1554e9798ad98c40d6ea3868bd5/bus-8.0.5.jar because it was already located earlier
[15:55:15] [main/DEBUG] [ne.ne.fm.lo.mo.ModDiscoverer/]: Skipping /home/runner/.gradle/caches/modules-2/files-2.1/net.neoforged/coremods/7.0.3/9147e6f638b4272b3bd5fc8f92ad37802512c6c/coremods-7.0.3.jar because it was already located earlier
[15:55:15] [main/DEBUG] [ne.ne.fm.lo.mo.ModDiscoverer/]: Skipping /home/runner/.gradle/caches/modules-2/files-2.1/cpw.mods/modlauncher/11.0.5/b8f0d49294f733fdb6173931b263553e943dc950/modlauncher-11.0.5.jar because it was already located earlier
[15:55:15] [main/DEBUG] [ne.ne.fm.lo.mo.ModDiscoverer/]: Skipping /home/runner/.gradle/caches/modules-2/files-2.1/net.neoforged/mergetool/2.0.0/52fe1949be64e3303aabaaa21e315f551db9c9f4/mergetool-2.0.0-api.jar because it was already located earlier
[15:55:15] [main/DEBUG] [ne.ne.fm.lo.mo.ModDiscoverer/]: Skipping /home/runner/.gradle/caches/modules-2/files-2.1/com.electronwill.night-config/toml/3.8.3/90b2fd6efcb4a7d5b9810cf78f9d824994d717f2/toml-3.8.3.jar because it was already located earlier
[15:55:15] [main/DEBUG] [ne.ne.fm.lo.mo.ModDiscoverer/]: Skipping /home/runner/.gradle/caches/modules-2/files-2.1/com.electronwill.night-config/core/3.8.3/b442a95f09e349927f5a945ecb594455870fcf4f/core-3.8.3.jar because it was already located earlier
[15:55:15] [main/DEBUG] [ne.ne.fm.lo.mo.ModDiscoverer/]: Skipping /home/runner/.gradle/caches/modules-2/files-2.1/net.neoforged/JarJarSelector/0.4.1/fb3cc7a58af22ad2880adb98af6d518128c47dae/JarJarSelector-0.4.1.jar because it was already located earlier
[15:55:15] [main/DEBUG] [ne.ne.fm.lo.mo.ModDiscoverer/]: Skipping /home/runner/.gradle/caches/modules-2/files-2.1/net.neoforged/JarJarMetadata/0.4.1/f8da03683dc81694556dc3e177c5e3bb77ae6fcb/JarJarMetadata-0.4.1.jar because it was already located earlier
[15:55:15] [main/DEBUG] [ne.ne.fm.lo.mo.ModDiscoverer/]: Skipping /home/runner/.gradle/caches/modules-2/files-2.1/org.apache.maven/maven-artifact/3.8.5/4433f50c07debefaed0553bd0068f4f48d449313/maven-artifact-3.8.5.jar because it was already located earlier
[15:55:15] [main/DEBUG] [ne.ne.fm.lo.mo.ModDiscoverer/]: Skipping /home/runner/.gradle/caches/modules-2/files-2.1/net.jodah/typetools/0.6.3/a01aaa6ddaea9ec07ec4f209487b7a46a526283a/typetools-0.6.3.jar because it was already located earlier
[15:55:15] [main/DEBUG] [ne.ne.fm.lo.mo.ModDiscoverer/]: Skipping /home/runner/.gradle/caches/modules-2/files-2.1/net.minecrell/terminalconsoleappender/1.3.0/b562e9bb61235c9520e26282cdee71f8f802d1fc/terminalconsoleappender-1.3.0.jar because it was already located earlier
[15:55:15] [main/DEBUG] [ne.ne.fm.lo.mo.ModDiscoverer/]: Skipping /home/runner/.gradle/caches/modules-2/files-2.1/net.fabricmc/sponge-mixin/0.15.2+mixin.0.8.7/2af2f021d8e02a0220dc27a7a72b4666d66d44ca/sponge-mixin-0.15.2+mixin.0.8.7.jar because it was already located earlier
[15:55:15] [main/DEBUG] [ne.ne.fm.lo.mo.ModDiscoverer/]: Skipping /home/runner/.gradle/caches/modules-2/files-2.1/org.openjdk.nashorn/nashorn-core/15.4/f67f5ffaa5f5130cf6fb9b133da00c7df3b532a5/nashorn-core-15.4.jar because it was already located earlier
[15:55:15] [main/DEBUG] [ne.ne.fm.lo.mo.ModDiscoverer/]: Skipping /home/runner/.gradle/caches/modules-2/files-2.1/org.apache.commons/commons-lang3/3.14.0/1ed471194b02f2c6cb734a0cd6f6f107c673afae/commons-lang3-3.14.0.jar because it was already located earlier
[15:55:15] [main/DEBUG] [ne.ne.fm.lo.mo.ModDiscoverer/]: Skipping /home/runner/.gradle/caches/modules-2/files-2.1/net.sf.jopt-simple/jopt-simple/5.0.4/4fdac2fbe92dfad86aa6e9301736f6b4342a3f5c/jopt-simple-5.0.4.jar because it was already located earlier
[15:55:15] [main/DEBUG] [ne.ne.fm.lo.mo.ModDiscoverer/]: Skipping /home/runner/.gradle/caches/modules-2/files-2.1/commons-io/commons-io/2.15.1/f11560da189ab563a5c8e351941415430e9304ea/commons-io-2.15.1.jar because it was already located earlier
[15:55:15] [main/DEBUG] [ne.ne.fm.lo.mo.ModDiscoverer/]: Skipping /home/runner/.gradle/caches/modules-2/files-2.1/com.mojang/logging/1.2.7/24cb95ffb0e3433fd6e844c04e68009e504ca1c0/logging-1.2.7.jar because it was already located earlier
[15:55:15] [main/DEBUG] [ne.ne.fm.lo.mo.ModDiscoverer/]: Skipping /home/runner/.gradle/caches/modules-2/files-2.1/org.apache.logging.log4j/log4j-slf4j2-impl/2.22.1/d7e6693c2606cb7e7335047d7bb96dec52db5665/log4j-slf4j2-impl-2.22.1.jar because it was already located earlier
[15:55:15] [main/DEBUG] [ne.ne.fm.lo.mo.ModDiscoverer/]: Skipping /home/runner/.gradle/caches/modules-2/files-2.1/org.apache.logging.log4j/log4j-core/2.22.1/7183a25510a02ad00cc6a95d3b3d2a7d3c5a8dc4/log4j-core-2.22.1.jar because it was already located earlier
[15:55:15] [main/DEBUG] [ne.ne.fm.lo.mo.ModDiscoverer/]: Skipping /home/runner/.gradle/caches/modules-2/files-2.1/org.apache.logging.log4j/log4j-api/2.22.1/bea6fede6328fabafd7e68363161a7ea6605abd1/log4j-api-2.22.1.jar because it was already located earlier
[15:55:15] [main/DEBUG] [ne.ne.fm.lo.mo.ModDiscoverer/]: Skipping /home/runner/.gradle/caches/modules-2/files-2.1/com.google.guava/guava/32.1.2-jre/5e64ec7e056456bef3a4bc4c6fdaef71e8ab6318/guava-32.1.2-jre.jar because it was already located earlier
[15:55:15] [main/DEBUG] [ne.ne.fm.lo.mo.ModDiscoverer/]: Skipping /home/runner/.gradle/caches/modules-2/files-2.1/com.google.code.gson/gson/2.10.1/b3add478d4382b78ea20b1671390a858002feb6c/gson-2.10.1.jar because it was already located earlier
[15:55:15] [main/DEBUG] [ne.ne.fm.lo.mo.ModDiscoverer/]: Skipping /home/runner/.gradle/caches/modules-2/files-2.1/org.slf4j/slf4j-api/2.0.9/7cf2726fdcfbc8610f9a71fb3ed639871f315340/slf4j-api-2.0.9.jar because it was already located earlier
[15:55:15] [main/DEBUG] [ne.ne.fm.lo.mo.ModDiscoverer/]: Skipping /home/runner/.gradle/caches/modules-2/files-2.1/org.antlr/antlr4-runtime/4.13.1/17125bae1d965624e265ef49552f6465a2bfa307/antlr4-runtime-4.13.1.jar because it was already located earlier
[15:55:15] [main/DEBUG] [ne.ne.fm.lo.mo.ModDiscoverer/]: Skipping /home/runner/.gradle/caches/modules-2/files-2.1/net.minecraftforge/srgutils/0.4.15/ca408b131759478f164e010fae0d73997e125fb5/srgutils-0.4.15.jar because it was already located earlier
[15:55:15] [main/DEBUG] [ne.ne.fm.lo.mo.ModDiscoverer/]: Skipping /home/runner/.gradle/caches/modules-2/files-2.1/org.codehaus.plexus/plexus-utils/3.3.0/cf43b5391de623b36fe066a21127baef82c64022/plexus-utils-3.3.0.jar because it was already located earlier
[15:55:15] [main/DEBUG] [ne.ne.fm.lo.mo.ModDiscoverer/]: Skipping /home/runner/.gradle/caches/modules-2/files-2.1/org.jline/jline-reader/3.20.0/8f15415b022a25b473e8e16c28ae913186ffb9c4/jline-reader-3.20.0.jar because it was already located earlier
[15:55:15] [main/DEBUG] [ne.ne.fm.lo.mo.ModDiscoverer/]: Skipping /home/runner/.gradle/caches/modules-2/files-2.1/com.machinezoo.noexception/noexception/1.7.1/b65330c98e38a1f915fa54a6e5eca496505e3f0a/noexception-1.7.1.jar because it was already located earlier
[15:55:15] [main/DEBUG] [ne.ne.fm.lo.mo.ModDiscoverer/]: Skipping /home/runner/.gradle/caches/modules-2/files-2.1/com.github.oshi/oshi-core/6.4.10/b1d8ab82d11d92fd639b56d639f8f46f739dd5fa/oshi-core-6.4.10.jar because it was already located earlier
[15:55:15] [main/DEBUG] [ne.ne.fm.lo.mo.ModDiscoverer/]: Skipping /home/runner/.gradle/caches/modules-2/files-2.1/com.google.guava/failureaccess/1.0.1/1dcf1de382a0bf95a3d8b0849546c88bac1292c9/failureaccess-1.0.1.jar because it was already located earlier
[15:55:15] [main/DEBUG] [ne.ne.fm.lo.mo.ModDiscoverer/]: Skipping /home/runner/.gradle/caches/modules-2/files-2.1/com.mojang/authlib/6.0.54/de8bc95660e1b2fe8793fd427a7a10dcec5b3ea7/authlib-6.0.54.jar because it was already located earlier
[15:55:15] [main/DEBUG] [ne.ne.fm.lo.mo.ModDiscoverer/]: Skipping /home/runner/.gradle/caches/modules-2/files-2.1/com.mojang/brigadier/1.3.10/d15b53a14cf20fdcaa98f731af5dda654452c010/brigadier-1.3.10.jar because it was already located earlier
[15:55:15] [main/DEBUG] [ne.ne.fm.lo.mo.ModDiscoverer/]: Skipping /home/runner/.gradle/caches/modules-2/files-2.1/com.mojang/datafixerupper/8.0.16/67d4de6d7f95d89bcf5862995fb854ebaec02a34/datafixerupper-8.0.16.jar because it was already located earlier
[15:55:15] [main/DEBUG] [ne.ne.fm.lo.mo.ModDiscoverer/]: Skipping /home/runner/.gradle/caches/modules-2/files-2.1/io.netty/netty-buffer/4.1.97.Final/f8f3d8644afa5e6e1a40a3a6aeb9d9aa970ecb4f/netty-buffer-4.1.97.Final.jar because it was already located earlier
[15:55:15] [main/DEBUG] [ne.ne.fm.lo.mo.ModDiscoverer/]: Skipping /home/runner/.gradle/caches/modules-2/files-2.1/io.netty/netty-codec/4.1.97.Final/384ba4d75670befbedb45c4d3b497a93639c206d/netty-codec-4.1.97.Final.jar because it was already located earlier
[15:55:15] [main/DEBUG] [ne.ne.fm.lo.mo.ModDiscoverer/]: Skipping /home/runner/.gradle/caches/modules-2/files-2.1/io.netty/netty-common/4.1.97.Final/7cceacaf11df8dc63f23d0fb58e9d4640fc88404/netty-common-4.1.97.Final.jar because it was already located earlier
[15:55:15] [main/DEBUG] [ne.ne.fm.lo.mo.ModDiscoverer/]: Skipping /home/runner/.gradle/caches/modules-2/files-2.1/io.netty/netty-handler/4.1.97.Final/abb86c6906bf512bf2b797a41cd7d2e8d3cd7c36/netty-handler-4.1.97.Final.jar because it was already located earlier
[15:55:15] [main/DEBUG] [ne.ne.fm.lo.mo.ModDiscoverer/]: Skipping /home/runner/.gradle/caches/modules-2/files-2.1/io.netty/netty-resolver/4.1.97.Final/cec8348108dc76c47cf87c669d514be52c922144/netty-resolver-4.1.97.Final.jar because it was already located earlier
[15:55:15] [main/DEBUG] [ne.ne.fm.lo.mo.ModDiscoverer/]: Skipping /home/runner/.gradle/caches/modules-2/files-2.1/io.netty/netty-transport-classes-epoll/4.1.97.Final/795da37ded759e862457a82d9d92c4d39ce8ecee/netty-transport-classes-epoll-4.1.97.Final.jar because it was already located earlier
[15:55:15] [main/DEBUG] [ne.ne.fm.lo.mo.ModDiscoverer/]: Skipping /home/runner/.gradle/caches/modules-2/files-2.1/io.netty/netty-transport-native-unix-common/4.1.97.Final/d469d84265ab70095b01b40886cabdd433b6e664/netty-transport-native-unix-common-4.1.97.Final.jar because it was already located earlier
[15:55:15] [main/DEBUG] [ne.ne.fm.lo.mo.ModDiscoverer/]: Skipping /home/runner/.gradle/caches/modules-2/files-2.1/io.netty/netty-transport/4.1.97.Final/f37380d23c9bb079bc702910833b2fd532c9abd0/netty-transport-4.1.97.Final.jar because it was already located earlier
[15:55:15] [main/DEBUG] [ne.ne.fm.lo.mo.ModDiscoverer/]: Skipping /home/runner/.gradle/caches/modules-2/files-2.1/it.unimi.dsi/fastutil/8.5.12/c24946d46824bd528054bface3231d2ecb7e95e8/fastutil-8.5.12.jar because it was already located earlier
[15:55:15] [main/DEBUG] [ne.ne.fm.lo.mo.ModDiscoverer/]: Skipping /home/runner/.gradle/caches/modules-2/files-2.1/net.java.dev.jna/jna-platform/5.14.0/28934d48aed814f11e4c584da55c49fa7032b31b/jna-platform-5.14.0.jar because it was already located earlier
[15:55:15] [main/DEBUG] [ne.ne.fm.lo.mo.ModDiscoverer/]: Skipping /home/runner/.gradle/caches/modules-2/files-2.1/net.java.dev.jna/jna/5.14.0/67bf3eaea4f0718cb376a181a629e5f88fa1c9dd/jna-5.14.0.jar because it was already located earlier
[15:55:15] [main/DEBUG] [ne.ne.fm.lo.mo.ModDiscoverer/]: Skipping /home/runner/.gradle/caches/modules-2/files-2.1/org.joml/joml/1.10.5/22566d58af70ad3d72308bab63b8339906deb649/joml-1.10.5.jar because it was already located earlier
[15:55:15] [main/DEBUG] [ne.ne.fm.lo.mo.ModDiscoverer/]: Skipping /home/runner/.gradle/caches/modules-2/files-2.1/org.lz4/lz4-java/1.8.0/4b986a99445e49ea5fbf5d149c4b63f6ed6c6780/lz4-java-1.8.0.jar because it was already located earlier
[15:55:15] [main/DEBUG] [ne.ne.fm.lo.mo.ModDiscoverer/]: Skipping /home/runner/.gradle/caches/modules-2/files-2.1/org.jline/jline-terminal/3.20.0/d0ddcc708ddf527a3454c941b7b9225cc83a15ff/jline-terminal-3.20.0.jar because it was already located earlier
[15:55:15] [main/DEBUG] [ne.ne.fm.lo.mo.ModDiscoverer/]: Skipping /home/runner/.gradle/caches/modules-2/files-2.1/io.netty/netty-transport-native-epoll/4.1.97.Final/5514744c588190ffda076b35a9b8c9f24946a960/netty-transport-native-epoll-4.1.97.Final-linux-aarch_64.jar because it was already located earlier
[15:55:15] [main/DEBUG] [ne.ne.fm.lo.mo.ModDiscoverer/]: Skipping /home/runner/.gradle/caches/modules-2/files-2.1/io.netty/netty-transport-native-epoll/4.1.97.Final/54188f271e388e7f313aea995e82f58ce2cdb809/netty-transport-native-epoll-4.1.97.Final-linux-x86_64.jar because it was already located earlier
[15:55:15] [main/DEBUG] [ne.ne.fm.lo.mo.ModDiscoverer/]: Skipping /home/runner/.gradle/caches/modules-2/files-2.1/com.google.guava/listenablefuture/9999.0-empty-to-avoid-conflict-with-guava/b421526c5f297295adef1c886e5246c39d4ac629/listenablefuture-9999.0-empty-to-avoid-conflict-with-guava.jar because it was already located earlier
[15:55:15] [main/DEBUG] [ne.ne.fm.lo.mo.ModDiscoverer/]: Skipping /home/runner/.gradle/caches/modules-2/files-2.1/com.google.code.findbugs/jsr305/3.0.2/25ea2e8b0c338a877313bd4672d3fe056ea78f0d/jsr305-3.0.2.jar because it was already located earlier
[15:55:15] [main/DEBUG] [ne.ne.fm.lo.mo.ModDiscoverer/]: Skipping /home/runner/.gradle/caches/modules-2/files-2.1/org.checkerframework/checker-qual/3.33.0/de2b60b62da487644fc11f734e73c8b0b431238f/checker-qual-3.33.0.jar because it was already located earlier
[15:55:15] [main/DEBUG] [ne.ne.fm.lo.mo.ModDiscoverer/]: Skipping /home/runner/.gradle/caches/modules-2/files-2.1/com.google.errorprone/error_prone_annotations/2.18.0/89b684257096f548fa39a7df9fdaa409d4d4df91/error_prone_annotations-2.18.0.jar because it was already located earlier
[15:55:15] [main/DEBUG] [ne.ne.fm.lo.mo.ModDiscoverer/]: Skipping /home/runner/.gradle/caches/modules-2/files-2.1/com.google.j2objc/j2objc-annotations/2.8/c85270e307e7b822f1086b93689124b89768e273/j2objc-annotations-2.8.jar because it was already located earlier
[15:55:15] [main/DEBUG] [ne.ne.fm.lo.UniqueModListBuilder/]: Found 2 mods for first modid neoforge, selecting most recent based on version data
[15:55:15] [main/DEBUG] [ne.ne.fm.lo.UniqueModListBuilder/]: Selected file neoforge-21.1.228.jar for modid neoforge with version 21.1.228
[15:55:15] [main/DEBUG] [ne.ne.fm.lo.mo.ModFileParser/LOADING]: Considering mod file candidate 
[15:55:15] [main/DEBUG] [ne.ne.fm.lo.mo.ModFileInfo/LOADING]: Found valid mod file sable-companion-common-1.21.1-1.6.0.jar with {sablecompanion} mods - versions {1.6.0}
[15:55:15] [main/DEBUG] [ne.ne.fm.lo.mo.ModFileParser/LOADING]: Considering mod file candidate 
[15:55:15] [main/DEBUG] [ne.ne.fm.lo.mo.ModFileInfo/LOADING]: Found valid mod file veil-neoforge-1.21.1-4.1.4.jar with {veil} mods - versions {4.1.4}
[15:55:15] [main/DEBUG] [ne.ne.fm.lo.mo.ModFileParser/LOADING]: Considering mod file candidate 
[15:55:15] [main/DEBUG] [ne.ne.fm.lo.mo.ModFileInfo/LOADING]: Found valid mod file veil-neoforge-1.21.1-4.1.4.jar with {veil} mods - versions {4.1.4}
[15:55:15] [main/DEBUG] [ne.ne.fm.lo.mo.ModFileParser/LOADING]: Considering mod file candidate 
[15:55:15] [main/DEBUG] [ne.ne.fm.lo.mo.ModFileInfo/LOADING]: Found valid mod file sable-companion-common-1.21.1-1.6.0.jar with {sablecompanion} mods - versions {1.6.0}
[15:55:15] [main/WARN] [ne.ne.ja.se.JarSelector/]: Attempted to select a dependency jar for JarJar which was passed in as source: veil. Using Mod File: /home/runner/.gradle/caches/modules-2/files-2.1/foundry.veil/veil-neoforge-1.21.1/4.1.4/642ec0bd02213ee087d86eda553d6d79c6a04d2b/veil-neoforge-1.21.1-4.1.4.jar
[15:55:15] [main/WARN] [ne.ne.ja.se.JarSelector/]: Attempted to select a dependency jar for JarJar which was passed in as source: sablecompanion. Using Mod File: /home/runner/.gradle/caches/modules-2/files-2.1/dev.ryanhcode.sable-companion/sable-companion-common-1.21.1/1.6.0/370be7db705926176e05c0215ed676150c45daae/sable-companion-common-1.21.1-1.6.0.jar
[15:55:15] [main/WARN] [ne.ne.ja.se.JarSelector/]: Attempted to select a dependency jar for JarJar which was passed in as source: library:sable_rapier. Using Mod File: /home/runner/.gradle/caches/modules-2/files-2.1/dev.ryanhcode.sable/sable-sable_rapier-1.21.1/2.0.3/a88c0860320890144b6b44c332a2a2db3a61e189/sable-sable_rapier-1.21.1-2.0.3.jar
[15:55:15] [main/INFO] [ne.ne.fm.lo.mo.lo.JarInJarDependencyLocator/]: Found 6 dependencies adding them to mods collection
[15:55:15] [main/INFO] [ne.ne.fm.lo.mo.ModDiscoverer/]: 
     Mod List:
		Name Version (Mod Id)

		Antikythera Mechanism 0.1.0 (antikytheramechanism)
		Minecraft 1.21.1 (minecraft)
		NeoForge 21.1.228 (neoforge)
		Sable 2.0.3 (sable)
		Sable Companion 1.6.0 (sablecompanion)
		Sable Scale 1.2.0 (sablescale)
		Veil 4.1.4 (veil)
[15:55:15] [main/DEBUG] [ne.ne.fm.lo.mo.ModFileInfo/LOADING]: Found valid mod file neoforge-21.1.228.jar with {minecraft} mods - versions {1.21.1}
[15:55:15] [main/DEBUG] [ne.ne.fm.lo.mo.ModFile/LOADING]: Loading mod file /home/runner/work/AntikytheraMechanism/AntikytheraMechanism/build/moddev/artifacts/neoforge-21.1.228.jar with languages [LanguageSpec[languageName=minecraft, acceptedVersions=1]]
[15:55:15] [main/DEBUG] [ne.ne.fm.lo.mo.ModFileParser/LOADING]: Considering mod file candidate /home/runner/.gradle/caches/modules-2/files-2.1/curse.maven/sable-scaling-1607775/8564797/9d0ab34cc09e71fbca4129f725e072bbea03cf1c/sable-scaling-1607775-8564797.jar
[15:55:15] [main/DEBUG] [ne.ne.fm.lo.mo.ModFileInfo/LOADING]: Found valid mod file sable-scaling-1607775-8564797.jar with {sablescale} mods - versions {1.2.0}
[15:55:15] [main/DEBUG] [ne.ne.fm.lo.mo.ModFile/LOADING]: Loading mod file /home/runner/.gradle/caches/modules-2/files-2.1/curse.maven/sable-scaling-1607775/8564797/9d0ab34cc09e71fbca4129f725e072bbea03cf1c/sable-scaling-1607775-8564797.jar with languages [LanguageSpec[languageName=javafml, acceptedVersions=[1,)]]
[15:55:15] [main/DEBUG] [ne.ne.fm.lo.mo.ModFile/LOADING]: Found mixin config MixinConfig[config=sablescale.mixins.json, requiredMods=[]]
[15:55:15] [main/DEBUG] [ne.ne.fm.lo.mo.ModFile/LOADING]: Found mixin config MixinConfig[config=sablescale.flywheel.mixins.json, requiredMods=[]]
[15:55:15] [main/DEBUG] [ne.ne.fm.lo.mo.ModFile/LOADING]: Found mixin config MixinConfig[config=sablescale.simulated.mixins.json, requiredMods=[]]
[15:55:15] [main/DEBUG] [ne.ne.fm.lo.mo.ModFileParser/LOADING]: Considering mod file candidate /home/runner/.gradle/caches/modules-2/files-2.1/foundry.veil/veil-neoforge-1.21.1/4.1.4/642ec0bd02213ee087d86eda553d6d79c6a04d2b/veil-neoforge-1.21.1-4.1.4.jar
[15:55:15] [main/DEBUG] [ne.ne.fm.lo.mo.ModFileInfo/LOADING]: Found valid mod file veil-neoforge-1.21.1-4.1.4.jar with {veil} mods - versions {4.1.4}
[15:55:15] [main/DEBUG] [ne.ne.fm.lo.mo.ModFile/LOADING]: Loading mod file /home/runner/.gradle/caches/modules-2/files-2.1/foundry.veil/veil-neoforge-1.21.1/4.1.4/642ec0bd02213ee087d86eda553d6d79c6a04d2b/veil-neoforge-1.21.1-4.1.4.jar with languages [LanguageSpec[languageName=javafml, acceptedVersions=[4,)]]
[15:55:15] [main/DEBUG] [ne.ne.fm.lo.mo.ModFile/LOADING]: Found mixin config MixinConfig[config=veil.command.mixins.json, requiredMods=[]]
[15:55:15] [main/DEBUG] [ne.ne.fm.lo.mo.ModFile/LOADING]: Found mixin config MixinConfig[config=veil.debug.mixins.json, requiredMods=[]]
[15:55:15] [main/DEBUG] [ne.ne.fm.lo.mo.ModFile/LOADING]: Found mixin config MixinConfig[config=veil.dynamicbuffer.mixins.json, requiredMods=[]]
[15:55:15] [main/DEBUG] [ne.ne.fm.lo.mo.ModFile/LOADING]: Found mixin config MixinConfig[config=veil.fix.mixins.json, requiredMods=[]]
[15:55:15] [main/DEBUG] [ne.ne.fm.lo.mo.ModFile/LOADING]: Found mixin config MixinConfig[config=veil.framebuffer.mixins.json, requiredMods=[]]
[15:55:15] [main/DEBUG] [ne.ne.fm.lo.mo.ModFile/LOADING]: Found mixin config MixinConfig[config=veil.necromancer.mixins.json, requiredMods=[]]
[15:55:15] [main/DEBUG] [ne.ne.fm.lo.mo.ModFile/LOADING]: Found mixin config MixinConfig[config=veil.network.mixins.json, requiredMods=[]]
[15:55:15] [main/DEBUG] [ne.ne.fm.lo.mo.ModFile/LOADING]: Found mixin config MixinConfig[config=veil.performance.mixins.json, requiredMods=[]]
[15:55:15] [main/DEBUG] [ne.ne.fm.lo.mo.ModFile/LOADING]: Found mixin config MixinConfig[config=veil.perspective.mixins.json, requiredMods=[]]
[15:55:15] [main/DEBUG] [ne.ne.fm.lo.mo.ModFile/LOADING]: Found mixin config MixinConfig[config=veil.pipeline.mixins.json, requiredMods=[]]
[15:55:15] [main/DEBUG] [ne.ne.fm.lo.mo.ModFile/LOADING]: Found mixin config MixinConfig[config=veil.quasar.mixins.json, requiredMods=[]]
[15:55:15] [main/DEBUG] [ne.ne.fm.lo.mo.ModFile/LOADING]: Found mixin config MixinConfig[config=veil.registry.mixins.json, requiredMods=[]]
[15:55:15] [main/DEBUG] [ne.ne.fm.lo.mo.ModFile/LOADING]: Found mixin config MixinConfig[config=veil.rendertype.mixins.json, requiredMods=[]]
[15:55:15] [main/DEBUG] [ne.ne.fm.lo.mo.ModFile/LOADING]: Found mixin config MixinConfig[config=veil.resource.mixins.json, requiredMods=[]]
[15:55:15] [main/DEBUG] [ne.ne.fm.lo.mo.ModFile/LOADING]: Found mixin config MixinConfig[config=veil.scheduler.mixins.json, requiredMods=[]]
[15:55:15] [main/DEBUG] [ne.ne.fm.lo.mo.ModFile/LOADING]: Found mixin config MixinConfig[config=veil.shader.mixins.json, requiredMods=[]]
[15:55:15] [main/DEBUG] [ne.ne.fm.lo.mo.ModFile/LOADING]: Found mixin config MixinConfig[config=veil.neoforge.mixins.json, requiredMods=[]]
[15:55:15] [main/DEBUG] [ne.ne.fm.lo.mo.ModFileParser/LOADING]: Considering mod file candidate /home/runner/.gradle/caches/modules-2/files-2.1/dev.ryanhcode.sable/sable-neoforge-1.21.1/2.0.3/f3ba9a497122ba29d9e94ebe6f9a3a3aaa5fa756/sable-neoforge-1.21.1-2.0.3.jar
[15:55:15] [main/DEBUG] [ne.ne.fm.lo.mo.ModFileInfo/LOADING]: Found valid mod file sable-neoforge-1.21.1-2.0.3.jar with {sable} mods - versions {2.0.3}
[15:55:15] [main/DEBUG] [ne.ne.fm.lo.mo.ModFile/LOADING]: Loading mod file /home/runner/.gradle/caches/modules-2/files-2.1/dev.ryanhcode.sable/sable-neoforge-1.21.1/2.0.3/f3ba9a497122ba29d9e94ebe6f9a3a3aaa5fa756/sable-neoforge-1.21.1-2.0.3.jar with languages [LanguageSpec[languageName=javafml, acceptedVersions=[4,)]]
[15:55:15] [main/DEBUG] [ne.ne.fm.lo.mo.ModFile/LOADING]: Found mixin config MixinConfig[config=sable.mixins.json, requiredMods=[]]
[15:55:15] [main/DEBUG] [ne.ne.fm.lo.mo.ModFile/LOADING]: Found mixin config MixinConfig[config=sable-neoforge.mixins.json, requiredMods=[]]
[15:55:15] [main/DEBUG] [ne.ne.fm.lo.mo.ModFileParser/LOADING]: Considering mod file candidate /home/runner/work/AntikytheraMechanism/AntikytheraMechanism/build/classes/java/main
[15:55:15] [main/DEBUG] [ne.ne.fm.lo.mo.ModFileInfo/LOADING]: Found valid mod file main with {antikytheramechanism} mods - versions {0.1.0}
[15:55:15] [main/DEBUG] [ne.ne.fm.lo.mo.ModFile/LOADING]: Loading mod file /home/runner/work/AntikytheraMechanism/AntikytheraMechanism/build/classes/java/main with languages [LanguageSpec[languageName=javafml, acceptedVersions=[1,)]]
[15:55:15] [main/DEBUG] [ne.ne.fm.lo.mo.ModFile/LOADING]: Found mixin config MixinConfig[config=antikytheramechanism.mixins.json, requiredMods=[]]
[15:55:15] [main/DEBUG] [ne.ne.fm.lo.mo.ModFile/LOADING]: Found mixin config MixinConfig[config=antikytheramechanism.client.mixins.json, requiredMods=[]]
[15:55:15] [main/DEBUG] [ne.ne.fm.lo.mo.ModFileParser/LOADING]: Considering mod file candidate /home/runner/.gradle/caches/modules-2/files-2.1/dev.ryanhcode.sable-companion/sable-companion-common-1.21.1/1.6.0/370be7db705926176e05c0215ed676150c45daae/sable-companion-common-1.21.1-1.6.0.jar
[15:55:15] [main/DEBUG] [ne.ne.fm.lo.mo.ModFileInfo/LOADING]: Found valid mod file sable-companion-common-1.21.1-1.6.0.jar with {sablecompanion} mods - versions {1.6.0}
[15:55:15] [main/DEBUG] [ne.ne.fm.lo.mo.ModFile/LOADING]: Loading mod file /home/runner/.gradle/caches/modules-2/files-2.1/dev.ryanhcode.sable-companion/sable-companion-common-1.21.1/1.6.0/370be7db705926176e05c0215ed676150c45daae/sable-companion-common-1.21.1-1.6.0.jar with languages [LanguageSpec[languageName=javafml, acceptedVersions=[4,)]]
[15:55:15] [main/DEBUG] [ne.ne.fm.lo.mo.ModFileParser/LOADING]: Considering mod file candidate /home/runner/work/AntikytheraMechanism/AntikytheraMechanism/build/moddev/artifacts/neoforge-21.1.228.jar
[15:55:15] [main/DEBUG] [ne.ne.fm.lo.mo.ModFileInfo/LOADING]: Found valid mod file neoforge-21.1.228.jar with {neoforge} mods - versions {21.1.228}
[15:55:15] [main/DEBUG] [ne.ne.fm.lo.mo.ModFile/LOADING]: Loading mod file /home/runner/work/AntikytheraMechanism/AntikytheraMechanism/build/moddev/artifacts/neoforge-21.1.228.jar with languages [LanguageSpec[languageName=javafml, acceptedVersions=[3,]]]
[15:55:15] [main/DEBUG] [ne.ne.fm.lo.mo.ModFile/LOADING]: Found mixin config MixinConfig[config=neoforge.mixins.json, requiredMods=[]]
[15:55:15] [main/DEBUG] [ne.ne.fm.lo.mo.ModFile/LOADING]: Loading mod file /home/runner/.gradle/caches/modules-2/files-2.1/dev.ryanhcode.sable/sable-sable_rapier-1.21.1/2.0.3/a88c0860320890144b6b44c332a2a2db3a61e189/sable-sable_rapier-1.21.1-2.0.3.jar with languages []
[15:55:15] [main/DEBUG] [ne.ne.fm.lo.mo.ModFile/LOADING]: Loading mod file  with languages []
[15:55:15] [main/DEBUG] [ne.ne.fm.lo.mo.ModFile/LOADING]: Loading mod file  with languages []
[15:55:15] [main/DEBUG] [cp.mo.mo.TransformationServiceDecorator/MODLAUNCHER]: End scan trigger - transformation service fml
[15:55:15] [main/DEBUG] [ne.ne.fm.ut.ServiceLoaderUtil/CORE]: Found 3 implementations of IModLanguageLoader:
[15:55:15] [main/DEBUG] [ne.ne.fm.ut.ServiceLoaderUtil/CORE]: 	net.neoforged.fml.javafmlmod.FMLJavaModLanguageProvider from loader-4.0.42.jar
[15:55:15] [main/DEBUG] [ne.ne.fm.ut.ServiceLoaderUtil/CORE]: 	net.neoforged.fml.lowcodemod.LowCodeModLanguageProvider from loader-4.0.42.jar
[15:55:15] [main/DEBUG] [ne.ne.fm.ut.ServiceLoaderUtil/CORE]: 	net.neoforged.fml.mclanguageprovider.MinecraftModLanguageProvider from loader-4.0.42.jar
[15:55:15] [main/DEBUG] [ne.ne.fm.lo.LanguageProviderLoader/CORE]: Found language provider javafml, version 4.0.42
[15:55:15] [main/DEBUG] [ne.ne.fm.lo.LanguageProviderLoader/CORE]: Found language provider lowcodefml, version 4.0.42
[15:55:15] [main/DEBUG] [ne.ne.fm.lo.LanguageProviderLoader/CORE]: Found language provider minecraft, version 4.0.42
[15:55:15] [main/DEBUG] [ne.ne.fm.lo.ModSorter/]: Configured system mods: [minecraft, neoforge]
[15:55:15] [main/DEBUG] [ne.ne.fm.lo.ModSorter/]: Found system mod: minecraft
[15:55:15] [main/DEBUG] [ne.ne.fm.lo.ModSorter/]: Found system mod: neoforge
[15:55:15] [main/DEBUG] [ne.ne.fm.lo.ModSorter/LOADING]: Found 21 mod requirements (12 mandatory, 9 optional)
[15:55:15] [main/DEBUG] [ne.ne.fm.lo.ModSorter/LOADING]: Found 0 mod requirements missing (0 mandatory, 0 optional)
[15:55:15] [main/DEBUG] [mixin/]: Adding mixin platform agents for container net.neoforged.fml.loading.mixin.FMLMixinContainerHandle@6093d508
[15:55:15] [main/DEBUG] [mixin/]: Instancing new MixinPlatformAgentMinecraftForge for net.neoforged.fml.loading.mixin.FMLMixinContainerHandle@6093d508
[15:55:15] [main/DEBUG] [mixin/]: MixinPlatformAgentMinecraftForge rejected container net.neoforged.fml.loading.mixin.FMLMixinContainerHandle@6093d508
[15:55:15] [main/DEBUG] [mixin/]: Instancing new MixinPlatformAgentDefault for net.neoforged.fml.loading.mixin.FMLMixinContainerHandle@6093d508
[15:55:15] [main/DEBUG] [mixin/]: MixinPlatformAgentDefault accepted container net.neoforged.fml.loading.mixin.FMLMixinContainerHandle@6093d508
[15:55:15] [main/DEBUG] [mixin/]: Instancing new FMLMixinPlatformAgent for net.neoforged.fml.loading.mixin.FMLMixinContainerHandle@6093d508
[15:55:15] [main/DEBUG] [mixin/]: FMLMixinPlatformAgent accepted container net.neoforged.fml.loading.mixin.FMLMixinContainerHandle@6093d508
[15:55:15] [main/DEBUG] [cp.mo.mo.TransformationServicesHandler/MODLAUNCHER]: Transformation services loading transformers
[15:55:15] [main/DEBUG] [cp.mo.mo.TransformationServiceDecorator/MODLAUNCHER]: Initializing transformers for transformation service mixin
[15:55:15] [main/DEBUG] [cp.mo.mo.TransformationServiceDecorator/MODLAUNCHER]: Initialized transformers for transformation service mixin
[15:55:15] [main/DEBUG] [cp.mo.mo.TransformationServiceDecorator/MODLAUNCHER]: Initializing transformers for transformation service fml
[15:55:15] [main/DEBUG] [ne.ne.fm.lo.FMLServiceProvider/LOADING]: Loading coremod transformers
[15:55:15] [main/DEBUG] [ne.ne.fm.lo.FMLServiceProvider/CORE]: Not loading coremod script-engine since no mod requested it
[15:55:15] [main/DEBUG] [ne.ne.fm.ut.ServiceLoaderUtil/CORE]: Found 1 implementations of ICoreMod:
[15:55:15] [main/DEBUG] [ne.ne.fm.ut.ServiceLoaderUtil/CORE]: 	net.neoforged.neoforge.coremods.NeoForgeCoreMod from neoforge-21.1.228.jar > net.neoforged.neoforge-coremods-21.1.228.jar
[15:55:15] [main/DEBUG] [ne.ne.fm.lo.FMLServiceProvider/CORE]: Adding [Target[className=net.minecraft.world.level.biome.Biome, elementName=, elementDescriptor=, targetType=cpw.mods.modlauncher.api.TargetType@3d2ee678]] transformer from core-mod net.neoforged.neoforge.coremods.NeoForgeCoreMod@47d7bfb3 in neoforge-21.1.228.jar > net.neoforged.neoforge-coremods-21.1.228.jar
[15:55:15] [main/DEBUG] [ne.ne.fm.lo.FMLServiceProvider/CORE]: Adding [Target[className=net.minecraft.world.level.levelgen.structure.Structure, elementName=, elementDescriptor=, targetType=cpw.mods.modlauncher.api.TargetType@3d2ee678]] transformer from core-mod net.neoforged.neoforge.coremods.NeoForgeCoreMod@47d7bfb3 in neoforge-21.1.228.jar > net.neoforged.neoforge-coremods-21.1.228.jar
[15:55:15] [main/DEBUG] [ne.ne.fm.lo.FMLServiceProvider/CORE]: Adding [Target[className=net.minecraft.world.level.block.FlowerPotBlock, elementName=, elementDescriptor=, targetType=cpw.mods.modlauncher.api.TargetType@3d2ee678]] transformer from core-mod net.neoforged.neoforge.coremods.NeoForgeCoreMod@47d7bfb3 in neoforge-21.1.228.jar > net.neoforged.neoforge-coremods-21.1.228.jar
[15:55:15] [main/DEBUG] [ne.ne.fm.lo.FMLServiceProvider/CORE]: Adding [Target[className=net/minecraft/world/entity/monster/Evoker$EvokerSummonSpellGoal, elementName=, elementDescriptor=, targetType=cpw.mods.modlauncher.api.TargetType@3d2ee678], Target[className=net/minecraft/world/level/levelgen/structure/structures/OceanMonumentPieces$OceanMonumentPiece, elementName=, elementDescriptor=, targetType=cpw.mods.modlauncher.api.TargetType@3d2ee678], Target[className=net/minecraft/world/entity/animal/frog/Tadpole, elementName=, elementDescriptor=, targetType=cpw.mods.modlauncher.api.TargetType@3d2ee678], Target[className=net/minecraft/server/commands/RaidCommand, elementName=, elementDescriptor=, targetType=cpw.mods.modlauncher.api.TargetType@3d2ee678], Target[className=net/minecraft/world/entity/EntityType, elementName=, elementDescriptor=, targetType=cpw.mods.modlauncher.api.TargetType@3d2ee678], Target[className=net/minecraft/world/entity/animal/horse/SkeletonTrapGoal, elementName=, elementDescriptor=, targetType=cpw.mods.modlauncher.api.TargetType@3d2ee678], Target[className=net/minecraft/world/entity/monster/ZombieVillager, elementName=, elementDescriptor=, targetType=cpw.mods.modlauncher.api.TargetType@3d2ee678], Target[className=net/minecraft/world/level/NaturalSpawner, elementName=, elementDescriptor=, targetType=cpw.mods.modlauncher.api.TargetType@3d2ee678], Target[className=net/minecraft/world/entity/raid/Raid, elementName=, elementDescriptor=, targetType=cpw.mods.modlauncher.api.TargetType@3d2ee678], Target[className=net/minecraft/world/entity/monster/Zombie, elementName=, elementDescriptor=, targetType=cpw.mods.modlauncher.api.TargetType@3d2ee678], Target[className=net/minecraft/world/entity/monster/Spider, elementName=, elementDescriptor=, targetType=cpw.mods.modlauncher.api.TargetType@3d2ee678], Target[className=net/minecraft/server/commands/SummonCommand, elementName=, elementDescriptor=, targetType=cpw.mods.modlauncher.api.TargetType@3d2ee678], Target[className=net/minecraft/world/level/levelgen/structure/structures/WoodlandMansionPieces$WoodlandMansionPiece, elementName=, elementDescriptor=, targetType=cpw.mods.modlauncher.api.TargetType@3d2ee678], Target[className=net/minecraft/world/level/levelgen/PhantomSpawner, elementName=, elementDescriptor=, targetType=cpw.mods.modlauncher.api.TargetType@3d2ee678], Target[className=net/minecraft/world/entity/ai/village/VillageSiege, elementName=, elementDescriptor=, targetType=cpw.mods.modlauncher.api.TargetType@3d2ee678], Target[className=net/minecraft/world/entity/npc/CatSpawner, elementName=, elementDescriptor=, targetType=cpw.mods.modlauncher.api.TargetType@3d2ee678], Target[className=net/minecraft/world/entity/monster/Strider, elementName=, elementDescriptor=, targetType=cpw.mods.modlauncher.api.TargetType@3d2ee678], Target[className=net/minecraft/world/level/levelgen/structure/templatesystem/StructureTemplate, elementName=, elementDescriptor=, targetType=cpw.mods.modlauncher.api.TargetType@3d2ee678], Target[className=net/minecraft/world/entity/npc/Villager, elementName=, elementDescriptor=, targetType=cpw.mods.modlauncher.api.TargetType@3d2ee678], Target[className=net/minecraft/world/level/levelgen/structure/structures/SwampHutPiece, elementName=, elementDescriptor=, targetType=cpw.mods.modlauncher.api.TargetType@3d2ee678], Target[className=net/minecraft/world/level/levelgen/PatrolSpawner, elementName=, elementDescriptor=, targetType=cpw.mods.modlauncher.api.TargetType@3d2ee678], Target[className=net/minecraft/world/level/levelgen/structure/structures/OceanRuinPieces$OceanRuinPiece, elementName=, elementDescriptor=, targetType=cpw.mods.modlauncher.api.TargetType@3d2ee678]] transformer from core-mod net.neoforged.neoforge.coremods.NeoForgeCoreMod@47d7bfb3 in neoforge-21.1.228.jar > net.neoforged.neoforge-coremods-21.1.228.jar
[15:55:15] [main/DEBUG] [cp.mo.mo.TransformStore/MODLAUNCHER]: Adding transformer net.neoforged.neoforge.coremods.ReplaceFieldWithGetterAccess@6b474074 to Target : cpw.mods.modlauncher.api.TargetType@3d2ee678 {Lnet/minecraft/world/level/biome/Biome;} {} {V}
[15:55:15] [main/DEBUG] [cp.mo.mo.TransformStore/MODLAUNCHER]: Adding transformer net.neoforged.neoforge.coremods.ReplaceFieldWithGetterAccess@5b2f8ab6 to Target : cpw.mods.modlauncher.api.TargetType@3d2ee678 {Lnet/minecraft/world/level/levelgen/structure/Structure;} {} {V}
[15:55:15] [main/DEBUG] [cp.mo.mo.TransformStore/MODLAUNCHER]: Adding transformer net.neoforged.neoforge.coremods.ReplaceFieldWithGetterAccess@5bdd5689 to Target : cpw.mods.modlauncher.api.TargetType@3d2ee678 {Lnet/minecraft/world/level/block/FlowerPotBlock;} {} {V}
[15:55:15] [main/DEBUG] [cp.mo.mo.TransformStore/MODLAUNCHER]: Adding transformer net.neoforged.neoforge.coremods.MethodRedirector@2788d0fe to Target : cpw.mods.modlauncher.api.TargetType@3d2ee678 {Lnet/minecraft/world/entity/monster/Evoker$EvokerSummonSpellGoal;} {} {V}
[15:55:15] [main/DEBUG] [cp.mo.mo.TransformStore/MODLAUNCHER]: Adding transformer net.neoforged.neoforge.coremods.MethodRedirector@2788d0fe to Target : cpw.mods.modlauncher.api.TargetType@3d2ee678 {Lnet/minecraft/world/level/levelgen/structure/structures/OceanMonumentPieces$OceanMonumentPiece;} {} {V}
[15:55:15] [main/DEBUG] [cp.mo.mo.TransformStore/MODLAUNCHER]: Adding transformer net.neoforged.neoforge.coremods.MethodRedirector@2788d0fe to Target : cpw.mods.modlauncher.api.TargetType@3d2ee678 {Lnet/minecraft/world/entity/animal/frog/Tadpole;} {} {V}
[15:55:15] [main/DEBUG] [cp.mo.mo.TransformStore/MODLAUNCHER]: Adding transformer net.neoforged.neoforge.coremods.MethodRedirector@2788d0fe to Target : cpw.mods.modlauncher.api.TargetType@3d2ee678 {Lnet/minecraft/server/commands/RaidCommand;} {} {V}
[15:55:15] [main/DEBUG] [cp.mo.mo.TransformStore/MODLAUNCHER]: Adding transformer net.neoforged.neoforge.coremods.MethodRedirector@2788d0fe to Target : cpw.mods.modlauncher.api.TargetType@3d2ee678 {Lnet/minecraft/world/entity/EntityType;} {} {V}
[15:55:15] [main/DEBUG] [cp.mo.mo.TransformStore/MODLAUNCHER]: Adding transformer net.neoforged.neoforge.coremods.MethodRedirector@2788d0fe to Target : cpw.mods.modlauncher.api.TargetType@3d2ee678 {Lnet/minecraft/world/entity/animal/horse/SkeletonTrapGoal;} {} {V}
[15:55:15] [main/DEBUG] [cp.mo.mo.TransformStore/MODLAUNCHER]: Adding transformer net.neoforged.neoforge.coremods.MethodRedirector@2788d0fe to Target : cpw.mods.modlauncher.api.TargetType@3d2ee678 {Lnet/minecraft/world/entity/monster/ZombieVillager;} {} {V}
[15:55:15] [main/DEBUG] [cp.mo.mo.TransformStore/MODLAUNCHER]: Adding transformer net.neoforged.neoforge.coremods.MethodRedirector@2788d0fe to Target : cpw.mods.modlauncher.api.TargetType@3d2ee678 {Lnet/minecraft/world/level/NaturalSpawner;} {} {V}
[15:55:15] [main/DEBUG] [cp.mo.mo.TransformStore/MODLAUNCHER]: Adding transformer net.neoforged.neoforge.coremods.MethodRedirector@2788d0fe to Target : cpw.mods.modlauncher.api.TargetType@3d2ee678 {Lnet/minecraft/world/entity/raid/Raid;} {} {V}
[15:55:15] [main/DEBUG] [cp.mo.mo.TransformStore/MODLAUNCHER]: Adding transformer net.neoforged.neoforge.coremods.MethodRedirector@2788d0fe to Target : cpw.mods.modlauncher.api.TargetType@3d2ee678 {Lnet/minecraft/world/entity/monster/Zombie;} {} {V}
[15:55:15] [main/DEBUG] [cp.mo.mo.TransformStore/MODLAUNCHER]: Adding transformer net.neoforged.neoforge.coremods.MethodRedirector@2788d0fe to Target : cpw.mods.modlauncher.api.TargetType@3d2ee678 {Lnet/minecraft/world/entity/monster/Spider;} {} {V}
[15:55:15] [main/DEBUG] [cp.mo.mo.TransformStore/MODLAUNCHER]: Adding transformer net.neoforged.neoforge.coremods.MethodRedirector@2788d0fe to Target : cpw.mods.modlauncher.api.TargetType@3d2ee678 {Lnet/minecraft/server/commands/SummonCommand;} {} {V}
[15:55:15] [main/DEBUG] [cp.mo.mo.TransformStore/MODLAUNCHER]: Adding transformer net.neoforged.neoforge.coremods.MethodRedirector@2788d0fe to Target : cpw.mods.modlauncher.api.TargetType@3d2ee678 {Lnet/minecraft/world/level/levelgen/structure/structures/WoodlandMansionPieces$WoodlandMansionPiece;} {} {V}
[15:55:15] [main/DEBUG] [cp.mo.mo.TransformStore/MODLAUNCHER]: Adding transformer net.neoforged.neoforge.coremods.MethodRedirector@2788d0fe to Target : cpw.mods.modlauncher.api.TargetType@3d2ee678 {Lnet/minecraft/world/level/levelgen/PhantomSpawner;} {} {V}
[15:55:15] [main/DEBUG] [cp.mo.mo.TransformStore/MODLAUNCHER]: Adding transformer net.neoforged.neoforge.coremods.MethodRedirector@2788d0fe to Target : cpw.mods.modlauncher.api.TargetType@3d2ee678 {Lnet/minecraft/world/entity/ai/village/VillageSiege;} {} {V}
[15:55:15] [main/DEBUG] [cp.mo.mo.TransformStore/MODLAUNCHER]: Adding transformer net.neoforged.neoforge.coremods.MethodRedirector@2788d0fe to Target : cpw.mods.modlauncher.api.TargetType@3d2ee678 {Lnet/minecraft/world/entity/npc/CatSpawner;} {} {V}
[15:55:15] [main/DEBUG] [cp.mo.mo.TransformStore/MODLAUNCHER]: Adding transformer net.neoforged.neoforge.coremods.MethodRedirector@2788d0fe to Target : cpw.mods.modlauncher.api.TargetType@3d2ee678 {Lnet/minecraft/world/entity/monster/Strider;} {} {V}
[15:55:15] [main/DEBUG] [cp.mo.mo.TransformStore/MODLAUNCHER]: Adding transformer net.neoforged.neoforge.coremods.MethodRedirector@2788d0fe to Target : cpw.mods.modlauncher.api.TargetType@3d2ee678 {Lnet/minecraft/world/level/levelgen/structure/templatesystem/StructureTemplate;} {} {V}
[15:55:15] [main/DEBUG] [cp.mo.mo.TransformStore/MODLAUNCHER]: Adding transformer net.neoforged.neoforge.coremods.MethodRedirector@2788d0fe to Target : cpw.mods.modlauncher.api.TargetType@3d2ee678 {Lnet/minecraft/world/entity/npc/Villager;} {} {V}
[15:55:15] [main/DEBUG] [cp.mo.mo.TransformStore/MODLAUNCHER]: Adding transformer net.neoforged.neoforge.coremods.MethodRedirector@2788d0fe to Target : cpw.mods.modlauncher.api.TargetType@3d2ee678 {Lnet/minecraft/world/level/levelgen/structure/structures/SwampHutPiece;} {} {V}
[15:55:15] [main/DEBUG] [cp.mo.mo.TransformStore/MODLAUNCHER]: Adding transformer net.neoforged.neoforge.coremods.MethodRedirector@2788d0fe to Target : cpw.mods.modlauncher.api.TargetType@3d2ee678 {Lnet/minecraft/world/level/levelgen/PatrolSpawner;} {} {V}
[15:55:15] [main/DEBUG] [cp.mo.mo.TransformStore/MODLAUNCHER]: Adding transformer net.neoforged.neoforge.coremods.MethodRedirector@2788d0fe to Target : cpw.mods.modlauncher.api.TargetType@3d2ee678 {Lnet/minecraft/world/level/levelgen/structure/structures/OceanRuinPieces$OceanRuinPiece;} {} {V}
[15:55:15] [main/DEBUG] [cp.mo.mo.TransformationServiceDecorator/MODLAUNCHER]: Initialized transformers for transformation service fml
[15:55:16] [main/DEBUG] [mixin/]: Processing prepare() for PlatformAgent[MixinPlatformAgentDefault:ModLauncher Root Container(ModLauncher:4f56a0a2)]
[15:55:16] [main/DEBUG] [mixin/]: Processing prepare() for PlatformAgent[MixinPlatformAgentDefault:net.neoforged.fml.loading.mixin.FMLMixinContainerHandle@6093d508]
[15:55:16] [main/DEBUG] [mixin/]: Processing prepare() for PlatformAgent[FMLMixinPlatformAgent:null]
[15:55:16] [main/DEBUG] [mixin/]: Compatibility level JAVA_21 specified by veil.command.mixins.json is higher than the maximum level supported by this version of mixin (JAVA_13).
[15:55:16] [main/INFO] [mixin/]: Compatibility level set to JAVA_21
[15:55:16] [main/DEBUG] [mixin/]: Processing launch tasks for PlatformAgent[MixinPlatformAgentDefault:ModLauncher Root Container(ModLauncher:4f56a0a2)]
[15:55:16] [main/DEBUG] [mixin/]: Adding mixin platform agents for container SecureJarResource(mixin_synthetic)
[15:55:16] [main/DEBUG] [mixin/]: Instancing new MixinPlatformAgentMinecraftForge for SecureJarResource(mixin_synthetic)
[15:55:16] [main/DEBUG] [mixin/]: MixinPlatformAgentMinecraftForge rejected container SecureJarResource(mixin_synthetic)
[15:55:16] [main/DEBUG] [mixin/]: Instancing new MixinPlatformAgentDefault for SecureJarResource(mixin_synthetic)
[15:55:16] [main/DEBUG] [mixin/]: MixinPlatformAgentDefault accepted container SecureJarResource(mixin_synthetic)
[15:55:16] [main/DEBUG] [mixin/]: Instancing new FMLMixinPlatformAgent for SecureJarResource(mixin_synthetic)
[15:55:16] [main/DEBUG] [mixin/]: FMLMixinPlatformAgent rejected container SecureJarResource(mixin_synthetic)
[15:55:16] [main/DEBUG] [mixin/]: Processing prepare() for PlatformAgent[MixinPlatformAgentDefault:SecureJarResource(mixin_synthetic)]
[15:55:16] [main/DEBUG] [mixin/]: Adding mixin platform agents for container SecureJarResource(minecraft)
[15:55:16] [main/DEBUG] [mixin/]: Instancing new MixinPlatformAgentMinecraftForge for SecureJarResource(minecraft)
[15:55:16] [main/DEBUG] [mixin/]: MixinPlatformAgentMinecraftForge rejected container SecureJarResource(minecraft)
[15:55:16] [main/DEBUG] [mixin/]: Instancing new MixinPlatformAgentDefault for SecureJarResource(minecraft)
[15:55:16] [main/DEBUG] [mixin/]: MixinPlatformAgentDefault accepted container SecureJarResource(minecraft)
[15:55:16] [main/DEBUG] [mixin/]: Instancing new FMLMixinPlatformAgent for SecureJarResource(minecraft)
[15:55:16] [main/DEBUG] [mixin/]: FMLMixinPlatformAgent rejected container SecureJarResource(minecraft)
[15:55:16] [main/DEBUG] [mixin/]: Processing prepare() for PlatformAgent[MixinPlatformAgentDefault:SecureJarResource(minecraft)]
[15:55:16] [main/DEBUG] [mixin/]: Adding mixin platform agents for container SecureJarResource(veil)
[15:55:16] [main/DEBUG] [mixin/]: Instancing new MixinPlatformAgentMinecraftForge for SecureJarResource(veil)
[15:55:16] [main/DEBUG] [mixin/]: MixinPlatformAgentMinecraftForge rejected container SecureJarResource(veil)
[15:55:16] [main/DEBUG] [mixin/]: Instancing new MixinPlatformAgentDefault for SecureJarResource(veil)
[15:55:16] [main/DEBUG] [mixin/]: MixinPlatformAgentDefault accepted container SecureJarResource(veil)
[15:55:16] [main/DEBUG] [mixin/]: Instancing new FMLMixinPlatformAgent for SecureJarResource(veil)
[15:55:16] [main/DEBUG] [mixin/]: FMLMixinPlatformAgent rejected container SecureJarResource(veil)
[15:55:16] [main/DEBUG] [mixin/]: Processing prepare() for PlatformAgent[MixinPlatformAgentDefault:SecureJarResource(veil)]
[15:55:16] [main/DEBUG] [mixin/]: Adding mixin platform agents for container SecureJarResource(sablecompanion)
[15:55:16] [main/DEBUG] [mixin/]: Instancing new MixinPlatformAgentMinecraftForge for SecureJarResource(sablecompanion)
[15:55:16] [main/DEBUG] [mixin/]: MixinPlatformAgentMinecraftForge rejected container SecureJarResource(sablecompanion)
[15:55:16] [main/DEBUG] [mixin/]: Instancing new MixinPlatformAgentDefault for SecureJarResource(sablecompanion)
[15:55:16] [main/DEBUG] [mixin/]: MixinPlatformAgentDefault accepted container SecureJarResource(sablecompanion)
[15:55:16] [main/DEBUG] [mixin/]: Instancing new FMLMixinPlatformAgent for SecureJarResource(sablecompanion)
[15:55:16] [main/DEBUG] [mixin/]: FMLMixinPlatformAgent rejected container SecureJarResource(sablecompanion)
[15:55:16] [main/DEBUG] [mixin/]: Processing prepare() for PlatformAgent[MixinPlatformAgentDefault:SecureJarResource(sablecompanion)]
[15:55:16] [main/DEBUG] [mixin/]: Adding mixin platform agents for container SecureJarResource(sable)
[15:55:16] [main/DEBUG] [mixin/]: Instancing new MixinPlatformAgentMinecraftForge for SecureJarResource(sable)
[15:55:16] [main/DEBUG] [mixin/]: MixinPlatformAgentMinecraftForge rejected container SecureJarResource(sable)
[15:55:16] [main/DEBUG] [mixin/]: Instancing new MixinPlatformAgentDefault for SecureJarResource(sable)
[15:55:16] [main/DEBUG] [mixin/]: MixinPlatformAgentDefault accepted container SecureJarResource(sable)
[15:55:16] [main/DEBUG] [mixin/]: Instancing new FMLMixinPlatformAgent for SecureJarResource(sable)
[15:55:16] [main/DEBUG] [mixin/]: FMLMixinPlatformAgent rejected container SecureJarResource(sable)
[15:55:16] [main/DEBUG] [mixin/]: Processing prepare() for PlatformAgent[MixinPlatformAgentDefault:SecureJarResource(sable)]
[15:55:16] [main/DEBUG] [mixin/]: Adding mixin platform agents for container SecureJarResource(sablescale)
[15:55:16] [main/DEBUG] [mixin/]: Instancing new MixinPlatformAgentMinecraftForge for SecureJarResource(sablescale)
[15:55:16] [main/DEBUG] [mixin/]: MixinPlatformAgentMinecraftForge rejected container SecureJarResource(sablescale)
[15:55:16] [main/DEBUG] [mixin/]: Instancing new MixinPlatformAgentDefault for SecureJarResource(sablescale)
[15:55:16] [main/DEBUG] [mixin/]: MixinPlatformAgentDefault accepted container SecureJarResource(sablescale)
[15:55:16] [main/DEBUG] [mixin/]: Instancing new FMLMixinPlatformAgent for SecureJarResource(sablescale)
[15:55:16] [main/DEBUG] [mixin/]: FMLMixinPlatformAgent rejected container SecureJarResource(sablescale)
[15:55:16] [main/DEBUG] [mixin/]: Processing prepare() for PlatformAgent[MixinPlatformAgentDefault:SecureJarResource(sablescale)]
[15:55:16] [main/DEBUG] [mixin/]: Adding mixin platform agents for container SecureJarResource(antikytheramechanism)
[15:55:16] [main/DEBUG] [mixin/]: Instancing new MixinPlatformAgentMinecraftForge for SecureJarResource(antikytheramechanism)
[15:55:16] [main/DEBUG] [mixin/]: MixinPlatformAgentMinecraftForge rejected container SecureJarResource(antikytheramechanism)
[15:55:16] [main/DEBUG] [mixin/]: Instancing new MixinPlatformAgentDefault for SecureJarResource(antikytheramechanism)
[15:55:16] [main/DEBUG] [mixin/]: MixinPlatformAgentDefault accepted container SecureJarResource(antikytheramechanism)
[15:55:16] [main/DEBUG] [mixin/]: Instancing new FMLMixinPlatformAgent for SecureJarResource(antikytheramechanism)
[15:55:16] [main/DEBUG] [mixin/]: FMLMixinPlatformAgent rejected container SecureJarResource(antikytheramechanism)
[15:55:16] [main/DEBUG] [mixin/]: Processing prepare() for PlatformAgent[MixinPlatformAgentDefault:SecureJarResource(antikytheramechanism)]
[15:55:16] [main/DEBUG] [mixin/]: Adding mixin platform agents for container SecureJarResource(sable_rapier)
[15:55:16] [main/DEBUG] [mixin/]: Instancing new MixinPlatformAgentMinecraftForge for SecureJarResource(sable_rapier)
[15:55:16] [main/DEBUG] [mixin/]: MixinPlatformAgentMinecraftForge rejected container SecureJarResource(sable_rapier)
[15:55:16] [main/DEBUG] [mixin/]: Instancing new MixinPlatformAgentDefault for SecureJarResource(sable_rapier)
[15:55:16] [main/DEBUG] [mixin/]: MixinPlatformAgentDefault accepted container SecureJarResource(sable_rapier)
[15:55:16] [main/DEBUG] [mixin/]: Instancing new FMLMixinPlatformAgent for SecureJarResource(sable_rapier)
[15:55:16] [main/DEBUG] [mixin/]: FMLMixinPlatformAgent rejected container SecureJarResource(sable_rapier)
[15:55:16] [main/DEBUG] [mixin/]: Processing prepare() for PlatformAgent[MixinPlatformAgentDefault:SecureJarResource(sable_rapier)]
[15:55:16] [main/DEBUG] [mixin/]: Adding mixin platform agents for container SecureJarResource(mixinsquared.neoforge)
[15:55:16] [main/DEBUG] [mixin/]: Instancing new MixinPlatformAgentMinecraftForge for SecureJarResource(mixinsquared.neoforge)
[15:55:16] [main/DEBUG] [mixin/]: MixinPlatformAgentMinecraftForge rejected container SecureJarResource(mixinsquared.neoforge)
[15:55:16] [main/DEBUG] [mixin/]: Instancing new MixinPlatformAgentDefault for SecureJarResource(mixinsquared.neoforge)
[15:55:16] [main/DEBUG] [mixin/]: MixinPlatformAgentDefault accepted container SecureJarResource(mixinsquared.neoforge)
[15:55:16] [main/DEBUG] [mixin/]: Instancing new FMLMixinPlatformAgent for SecureJarResource(mixinsquared.neoforge)
[15:55:16] [main/DEBUG] [mixin/]: FMLMixinPlatformAgent rejected container SecureJarResource(mixinsquared.neoforge)
[15:55:16] [main/DEBUG] [mixin/]: Processing prepare() for PlatformAgent[MixinPlatformAgentDefault:SecureJarResource(mixinsquared.neoforge)]
[15:55:16] [main/DEBUG] [mixin/]: Registering mixin config: mixinsquared.init.mixins.json source=SecureJarResource(mixinsquared.neoforge)
[15:55:16] [main/DEBUG] [mixin/]: Adding mixin platform agents for container SecureJarResource(mixinextras.neoforge)
[15:55:16] [main/DEBUG] [mixin/]: Instancing new MixinPlatformAgentMinecraftForge for SecureJarResource(mixinextras.neoforge)
[15:55:16] [main/DEBUG] [mixin/]: MixinPlatformAgentMinecraftForge rejected container SecureJarResource(mixinextras.neoforge)
[15:55:16] [main/DEBUG] [mixin/]: Instancing new MixinPlatformAgentDefault for SecureJarResource(mixinextras.neoforge)
[15:55:16] [main/DEBUG] [mixin/]: MixinPlatformAgentDefault accepted container SecureJarResource(mixinextras.neoforge)
[15:55:16] [main/DEBUG] [mixin/]: Instancing new FMLMixinPlatformAgent for SecureJarResource(mixinextras.neoforge)
[15:55:16] [main/DEBUG] [mixin/]: FMLMixinPlatformAgent rejected container SecureJarResource(mixinextras.neoforge)
[15:55:16] [main/DEBUG] [mixin/]: Processing prepare() for PlatformAgent[MixinPlatformAgentDefault:SecureJarResource(mixinextras.neoforge)]
[15:55:16] [main/DEBUG] [mixin/]: Registering mixin config: mixinextras.init.mixins.json source=SecureJarResource(mixinextras.neoforge)
[15:55:16] [main/DEBUG] [mixin/]: inject() running with 12 agents
[15:55:16] [main/DEBUG] [mixin/]: Processing inject() for PlatformAgent[MixinPlatformAgentDefault:ModLauncher Root Container(ModLauncher:4f56a0a2)]
[15:55:16] [main/DEBUG] [mixin/]: Processing inject() for PlatformAgent[MixinPlatformAgentDefault:net.neoforged.fml.loading.mixin.FMLMixinContainerHandle@6093d508]
[15:55:16] [main/DEBUG] [mixin/]: Processing inject() for PlatformAgent[FMLMixinPlatformAgent:null]
[15:55:16] [main/DEBUG] [mixin/]: Processing inject() for PlatformAgent[MixinPlatformAgentDefault:SecureJarResource(mixin_synthetic)]
[15:55:16] [main/DEBUG] [mixin/]: Processing inject() for PlatformAgent[MixinPlatformAgentDefault:SecureJarResource(minecraft)]
[15:55:16] [main/DEBUG] [mixin/]: Processing inject() for PlatformAgent[MixinPlatformAgentDefault:SecureJarResource(veil)]
[15:55:16] [main/DEBUG] [mixin/]: Processing inject() for PlatformAgent[MixinPlatformAgentDefault:SecureJarResource(sablecompanion)]
[15:55:16] [main/DEBUG] [mixin/]: Processing inject() for PlatformAgent[MixinPlatformAgentDefault:SecureJarResource(sable)]
[15:55:16] [main/DEBUG] [mixin/]: Processing inject() for PlatformAgent[MixinPlatformAgentDefault:SecureJarResource(sablescale)]
[15:55:16] [main/DEBUG] [mixin/]: Processing inject() for PlatformAgent[MixinPlatformAgentDefault:SecureJarResource(antikytheramechanism)]
[15:55:16] [main/DEBUG] [mixin/]: Processing inject() for PlatformAgent[MixinPlatformAgentDefault:SecureJarResource(sable_rapier)]
[15:55:16] [main/DEBUG] [mixin/]: Processing inject() for PlatformAgent[MixinPlatformAgentDefault:SecureJarResource(mixinsquared.neoforge)]
[15:55:16] [main/DEBUG] [mixin/]: Processing inject() for PlatformAgent[MixinPlatformAgentDefault:SecureJarResource(mixinextras.neoforge)]
[15:55:16] [main/INFO] [cp.mo.mo.LaunchServiceHandler/MODLAUNCHER]: Launching target 'forgeserverdev' with arguments [--gameDir, .]
[15:55:16] [main/DEBUG] [mixin/]: Preparing mixins for MixinEnvironment[DEFAULT]
[15:55:16] [main/DEBUG] [mixin/]: Selecting config veil.command.mixins.json
[15:55:16] [main/DEBUG] [mixin/]: Selecting config veil.debug.mixins.json
[15:55:16] [main/DEBUG] [mixin/]: Selecting config veil.dynamicbuffer.mixins.json
[15:55:16] [main/DEBUG] [mixin/]: Selecting config veil.fix.mixins.json
[15:55:16] [main/DEBUG] [mixin/]: Selecting config veil.framebuffer.mixins.json
[15:55:16] [main/DEBUG] [mixin/]: Selecting config veil.necromancer.mixins.json
[15:55:16] [main/DEBUG] [mixin/]: Selecting config veil.network.mixins.json
[15:55:16] [main/DEBUG] [mixin/]: Selecting config veil.performance.mixins.json
[15:55:16] [main/DEBUG] [mixin/]: Selecting config veil.perspective.mixins.json
[15:55:16] [main/DEBUG] [mixin/]: Selecting config veil.pipeline.mixins.json
[15:55:16] [main/DEBUG] [mixin/]: Selecting config veil.quasar.mixins.json
[15:55:16] [main/DEBUG] [mixin/]: Selecting config veil.registry.mixins.json
[15:55:16] [main/DEBUG] [mixin/]: Selecting config veil.rendertype.mixins.json
[15:55:16] [main/DEBUG] [mixin/]: Selecting config veil.resource.mixins.json
[15:55:16] [main/DEBUG] [mixin/]: Selecting config veil.scheduler.mixins.json
[15:55:16] [main/DEBUG] [mixin/]: Selecting config veil.shader.mixins.json
[15:55:16] [main/DEBUG] [mixin/]: Selecting config veil.neoforge.mixins.json
[15:55:16] [main/DEBUG] [mixin/]: Selecting config neoforge.mixins.json
[15:55:16] [main/DEBUG] [mixin/]: Selecting config sable.mixins.json
[15:55:16] [main/INFO] [de.ry.sa.mi.AbstractSableMixinPlugin/]: Using Vanilla renderer mixins
[15:55:16] [main/DEBUG] [mixin/]: Selecting config sable-neoforge.mixins.json
[15:55:16] [main/INFO] [de.ry.sa.mi.AbstractSableMixinPlugin/]: Using Vanilla renderer mixins
[15:55:16] [main/DEBUG] [mixin/]: Selecting config sablescale.mixins.json
[15:55:16] [main/DEBUG] [mixin/]: Selecting config sablescale.flywheel.mixins.json
[15:55:16] [main/INFO] [de.sa.co.RequiredModsMixinPlugin/]: [Sable Scale] patch 'Flywheel sub-level scaling' dormant - missing one of sable, flywheel; skipping its mixins.
[15:55:16] [main/DEBUG] [mixin/]: Selecting config sablescale.simulated.mixins.json
[15:55:16] [main/INFO] [de.sa.co.RequiredModsMixinPlugin/]: [Sable Scale] patch 'Create Simulated sub-level scaling' dormant - missing one of sable, simulated; skipping its mixins.
[15:55:16] [main/DEBUG] [mixin/]: Selecting config antikytheramechanism.mixins.json
[15:55:16] [main/DEBUG] [mixin/]: Selecting config antikytheramechanism.client.mixins.json
[15:55:16] [main/DEBUG] [mixin/]: Selecting config mixinsquared.init.mixins.json
[15:55:16] [main/DEBUG] [mixin/]: Registering new target selector for @mixinsquared:handler with com.bawnorton.mixinsquared.selector.DynamicSelectorHandler
[15:55:16] [main/DEBUG] [mixin/]: Selecting config mixinextras.init.mixins.json
[15:55:16] [main/DEBUG] [MixinExtras|Service/]: com.llamalad7.mixinextras.service.MixinExtrasServiceImpl(version=0.5.3) is taking over from null
[15:55:16] [main/DEBUG] [mixin/]: Registering new injector for @Inject with org.spongepowered.asm.mixin.injection.struct.CallbackInjectionInfo
[15:55:16] [main/DEBUG] [mixin/]: Registering new injector for @ModifyArg with org.spongepowered.asm.mixin.injection.struct.ModifyArgInjectionInfo
[15:55:16] [main/DEBUG] [mixin/]: Registering new injector for @ModifyArgs with org.spongepowered.asm.mixin.injection.struct.ModifyArgsInjectionInfo
[15:55:16] [main/DEBUG] [mixin/]: Registering new injector for @Redirect with org.spongepowered.asm.mixin.injection.struct.RedirectInjectionInfo
[15:55:16] [main/DEBUG] [mixin/]: Registering new injector for @ModifyVariable with org.spongepowered.asm.mixin.injection.struct.ModifyVariableInjectionInfo
[15:55:16] [main/DEBUG] [mixin/]: Registering new injector for @ModifyConstant with org.spongepowered.asm.mixin.injection.struct.ModifyConstantInjectionInfo
[15:55:16] [main/DEBUG] [mixin/]: Preparing veil.command.mixins.json (1)
[15:55:16] [main/DEBUG] [mixin/]: Preparing veil.debug.mixins.json (15)
[15:55:16] [main/DEBUG] [mixin/]: Preparing veil.dynamicbuffer.mixins.json (5)
[15:55:16] [main/DEBUG] [mixin/]: Preparing veil.fix.mixins.json (3)
[15:55:16] [main/DEBUG] [mixin/]: Preparing veil.framebuffer.mixins.json (1)
[15:55:16] [main/DEBUG] [mixin/]: Preparing veil.necromancer.mixins.json (2)
[15:55:16] [main/DEBUG] [mixin/]: Preparing veil.network.mixins.json (3)
[15:55:16] [main/DEBUG] [mixin/]: Preparing veil.performance.mixins.json (4)
[15:55:16] [main/DEBUG] [mixin/]: Preparing veil.perspective.mixins.json (3)
[15:55:16] [main/DEBUG] [mixin/]: Preparing veil.pipeline.mixins.json (19)
[15:55:16] [main/DEBUG] [mixin/]: Preparing veil.quasar.mixins.json (2)
[15:55:16] [main/DEBUG] [mixin/]: Preparing veil.registry.mixins.json (1)
[15:55:16] [main/DEBUG] [mixin/]: Preparing veil.rendertype.mixins.json (6)
[15:55:16] [main/DEBUG] [mixin/]: Preparing veil.resource.mixins.json (6)
[15:55:16] [main/DEBUG] [mixin/]: Preparing veil.scheduler.mixins.json (1)
[15:55:16] [main/DEBUG] [mixin/]: Preparing veil.shader.mixins.json (4)
[15:55:16] [main/DEBUG] [mixin/]: Preparing veil.neoforge.mixins.json (34)
[15:55:16] [main/DEBUG] [mixin/]: Preparing neoforge.mixins.json (2)
[15:55:16] [main/DEBUG] [mixin/]: Preparing sable.mixins.json (215)
[15:55:16] [main/ERROR] [ne.ne.fm.co.as.RuntimeDistCleaner/DISTXFORM]: Attempted to load class net/minecraft/client/multiplayer/ClientLevel for invalid dist DEDICATED_SERVER
[15:55:16] [main/WARN] [mixin/]: Error loading class: net/minecraft/client/multiplayer/ClientLevel (java.lang.RuntimeException: Attempted to load class net/minecraft/client/multiplayer/ClientLevel for invalid dist DEDICATED_SERVER)
[15:55:16] [main/DEBUG] [mixin/]: Skipping virtual target net.minecraft.client.multiplayer.ClientLevel for sable.mixins.json:entity.entity_aabb_lookup.LevelsMixin from mod sable
[15:55:17] [main/ERROR] [ne.ne.fm.co.as.RuntimeDistCleaner/DISTXFORM]: Attempted to load class net/minecraft/client/multiplayer/ClientLevel for invalid dist DEDICATED_SERVER
[15:55:17] [main/WARN] [mixin/]: Error loading class: net/minecraft/client/multiplayer/ClientLevel (java.lang.RuntimeException: Attempted to load class net/minecraft/client/multiplayer/ClientLevel for invalid dist DEDICATED_SERVER)
[15:55:17] [main/DEBUG] [mixin/]: Skipping virtual target net.minecraft.client.multiplayer.ClientLevel for sable.mixins.json:plot.LevelsMixin from mod sable
[15:55:17] [main/ERROR] [ne.ne.fm.co.as.RuntimeDistCleaner/DISTXFORM]: Attempted to load class net/minecraft/client/multiplayer/ClientLevel for invalid dist DEDICATED_SERVER
[15:55:17] [main/WARN] [mixin/]: Error loading class: net/minecraft/client/multiplayer/ClientLevel (java.lang.RuntimeException: Attempted to load class net/minecraft/client/multiplayer/ClientLevel for invalid dist DEDICATED_SERVER)
[15:55:17] [main/DEBUG] [mixin/]: Skipping virtual target net.minecraft.client.multiplayer.ClientLevel for sable.mixins.json:water_occlusion.LevelsMixin from mod sable
[15:55:17] [main/DEBUG] [mixin/]: Preparing sable-neoforge.mixins.json (158)
[15:55:17] [main/DEBUG] [mixin/]: Preparing sablescale.mixins.json (25)
[15:55:17] [main/DEBUG] [mixin/]: Preparing sablescale.flywheel.mixins.json (1)
[15:55:17] [main/DEBUG] [mixin/]: Preparing sablescale.simulated.mixins.json (3)
[15:55:17] [main/DEBUG] [mixin/]: Preparing antikytheramechanism.mixins.json (51)
[15:55:17] [main/DEBUG] [mixin/]: Preparing antikytheramechanism.client.mixins.json (17)
[15:55:17] [main/DEBUG] [mixin/]: Preparing mixinsquared.init.mixins.json (0)
[15:55:17] [main/DEBUG] [mixin/]: Preparing mixinextras.init.mixins.json (0)
[15:55:17] [main/DEBUG] [mixin/]: Inner class foundry/veil/mixin/resource/ResourceVanillaPackResourcesMixin$1 in foundry/veil/mixin/resource/ResourceVanillaPackResourcesMixin on net/minecraft/server/packs/VanillaPackResources gets unique name net/minecraft/server/packs/VanillaPackResources$Anonymous$dd19f654c5cc424bbc06cb0692772080
[15:55:17] [main/DEBUG] [mixin/]: Inner class foundry/veil/forge/mixin/resources/PathPackResourcesMixin$1 in foundry/veil/forge/mixin/resources/PathPackResourcesMixin on net/minecraft/server/packs/PathPackResources gets unique name net/minecraft/server/packs/PathPackResources$Anonymous$6c6cf71a20104a84bd0669a80692c88f
[15:55:17] [main/ERROR] [ne.ne.fm.co.as.RuntimeDistCleaner/DISTXFORM]: Attempted to load class net/minecraft/client/multiplayer/ClientLevel for invalid dist DEDICATED_SERVER
[15:55:17] [main/WARN] [mixin/]: Error loading class: net/minecraft/client/multiplayer/ClientLevel (java.lang.RuntimeException: Attempted to load class net/minecraft/client/multiplayer/ClientLevel for invalid dist DEDICATED_SERVER)
[15:55:17] [main/ERROR] [ne.ne.fm.co.as.RuntimeDistCleaner/DISTXFORM]: Attempted to load class net/minecraft/client/multiplayer/ClientLevel for invalid dist DEDICATED_SERVER
[15:55:17] [main/WARN] [mixin/]: Error loading class: net/minecraft/client/multiplayer/ClientLevel (java.lang.RuntimeException: Attempted to load class net/minecraft/client/multiplayer/ClientLevel for invalid dist DEDICATED_SERVER)
[15:55:17] [main/ERROR] [ne.ne.fm.co.as.RuntimeDistCleaner/DISTXFORM]: Attempted to load class net/minecraft/client/multiplayer/ClientLevel for invalid dist DEDICATED_SERVER
[15:55:17] [main/WARN] [mixin/]: Error loading class: net/minecraft/client/multiplayer/ClientLevel (java.lang.RuntimeException: Attempted to load class net/minecraft/client/multiplayer/ClientLevel for invalid dist DEDICATED_SERVER)
[15:55:17] [main/ERROR] [ne.ne.fm.co.as.RuntimeDistCleaner/DISTXFORM]: Attempted to load class net/minecraft/client/multiplayer/ClientLevel for invalid dist DEDICATED_SERVER
[15:55:17] [main/WARN] [mixin/]: Error loading class: net/minecraft/client/multiplayer/ClientLevel (java.lang.RuntimeException: Attempted to load class net/minecraft/client/multiplayer/ClientLevel for invalid dist DEDICATED_SERVER)
[15:55:17] [main/DEBUG] [mixin/]: Inner class dev/ryanhcode/sable/mixin/udp/ConnectionMixin$2 in dev/ryanhcode/sable/mixin/udp/ConnectionMixin on net/minecraft/network/Connection gets unique name net/minecraft/network/Connection$Anonymous$8e71b1e915014afaa3d7a906c326ba0a
[15:55:17] [main/DEBUG] [mixin/]: Inner class dev/ryanhcode/sable/mixin/udp/ConnectionMixin$1 in dev/ryanhcode/sable/mixin/udp/ConnectionMixin on net/minecraft/network/Connection gets unique name net/minecraft/network/Connection$Anonymous$09a55ae084df49598f528de3720473d6
[15:55:17] [main/DEBUG] [mixin/]: Inner class dev/ryanhcode/sable/mixin/udp/ServerConnectionListenerMixin$2 in dev/ryanhcode/sable/mixin/udp/ServerConnectionListenerMixin on net/minecraft/server/network/ServerConnectionListener gets unique name net/minecraft/server/network/ServerConnectionListener$Anonymous$b2c009c633ea47b1a9c614cb3a567efb
[15:55:17] [main/DEBUG] [mixin/]: Inner class dev/ryanhcode/sable/mixin/udp/ServerConnectionListenerMixin$1 in dev/ryanhcode/sable/mixin/udp/ServerConnectionListenerMixin on net/minecraft/server/network/ServerConnectionListener gets unique name net/minecraft/server/network/ServerConnectionListener$Anonymous$9bed708d1fe04ce5aa350fd22f8c720a
[15:55:17] [main/ERROR] [ne.ne.fm.co.as.RuntimeDistCleaner/DISTXFORM]: Attempted to load class net/minecraft/client/multiplayer/ClientLevel for invalid dist DEDICATED_SERVER
[15:55:17] [main/WARN] [mixin/]: Error loading class: net/minecraft/client/multiplayer/ClientLevel (java.lang.RuntimeException: Attempted to load class net/minecraft/client/multiplayer/ClientLevel for invalid dist DEDICATED_SERVER)
[15:55:17] [main/ERROR] [ne.ne.fm.co.as.RuntimeDistCleaner/DISTXFORM]: Attempted to load class net/minecraft/client/multiplayer/ClientLevel for invalid dist DEDICATED_SERVER
[15:55:17] [main/WARN] [mixin/]: Error loading class: net/minecraft/client/multiplayer/ClientLevel (java.lang.RuntimeException: Attempted to load class net/minecraft/client/multiplayer/ClientLevel for invalid dist DEDICATED_SERVER)
[15:55:17] [main/DEBUG] [mixin/]: Prepared 198 mixins in 1.074 sec (5.4ms avg) (0ms load, 0ms transform, 0ms plugin)
[15:55:17] [main/DEBUG] [io.ne.ut.in.lo.InternalLoggerFactory/]: Using SLF4J as the default logging framework
[15:55:17] [main/DEBUG] [io.ne.ut.ResourceLeakDetector/]: -Dio.netty.leakDetection.level: simple
[15:55:17] [main/DEBUG] [io.ne.ut.ResourceLeakDetector/]: -Dio.netty.leakDetection.targetRecords: 4
[15:55:17] [main/DEBUG] [os.ut.FileUtil/]: No oshi.properties file found from ClassLoader cpw.mods.modlauncher.TransformingClassLoader@545607f2
[15:55:17] [main/DEBUG] [os.ut.FileUtil/]: Reading file /proc/self/auxv
[15:55:17] [main/DEBUG] [os.ut.FileUtil/]: Reading file /proc/self/auxv
[15:55:17] [main/DEBUG] [os.ut.FileUtil/]: Reading file /proc/stat
[15:55:17] [main/DEBUG] [os.ut.FileUtil/]: Reading file /sys/devices/system/cpu/cpu0/topology/core_id
[15:55:17] [main/DEBUG] [os.ut.FileUtil/]: Reading file /sys/devices/system/cpu/cpu0/topology/core_id
[15:55:17] [main/DEBUG] [os.ut.FileUtil/]: Reading file /sys/devices/system/cpu/cpu0/topology/physical_package_id
[15:55:17] [main/DEBUG] [os.ut.FileUtil/]: Reading file /sys/devices/system/cpu/cpu0/topology/physical_package_id
[15:55:17] [main/DEBUG] [os.ut.FileUtil/]: Reading file /sys/devices/system/cpu/cpu0/cpu_capacity
[15:55:17] [main/DEBUG] [os.ut.FileUtil/]: Reading file /sys/devices/system/cpu/cpu0/cpu_capacity
[15:55:17] [main/DEBUG] [os.ut.FileUtil/]: Reading file /sys/devices/system/cpu/cpu0/cache/index2/level
[15:55:17] [main/DEBUG] [os.ut.FileUtil/]: Reading file /sys/devices/system/cpu/cpu0/cache/index2/level
[15:55:17] [main/DEBUG] [os.ut.FileUtil/]: Reading file /sys/devices/system/cpu/cpu0/cache/index2/type
[15:55:17] [main/DEBUG] [os.ut.FileUtil/]: Reading file /sys/devices/system/cpu/cpu0/cache/index2/type
[15:55:17] [main/DEBUG] [os.ut.FileUtil/]: Reading file /sys/devices/system/cpu/cpu0/cache/index2/ways_of_associativity
[15:55:17] [main/DEBUG] [os.ut.FileUtil/]: Reading file /sys/devices/system/cpu/cpu0/cache/index2/ways_of_associativity
[15:55:17] [main/DEBUG] [os.ut.FileUtil/]: Reading file /sys/devices/system/cpu/cpu0/cache/index2/coherency_line_size
[15:55:17] [main/DEBUG] [os.ut.FileUtil/]: Reading file /sys/devices/system/cpu/cpu0/cache/index2/coherency_line_size
[15:55:17] [main/DEBUG] [os.ut.FileUtil/]: Reading file /sys/devices/system/cpu/cpu0/cache/index2/size
[15:55:17] [main/DEBUG] [os.ut.FileUtil/]: Reading file /sys/devices/system/cpu/cpu0/cache/index2/size
[15:55:17] [main/DEBUG] [os.ut.FileUtil/]: Reading file /sys/devices/system/cpu/cpu0/cache/index0/level
[15:55:17] [main/DEBUG] [os.ut.FileUtil/]: Reading file /sys/devices/system/cpu/cpu0/cache/index0/level
[15:55:17] [main/DEBUG] [os.ut.FileUtil/]: Reading file /sys/devices/system/cpu/cpu0/cache/index0/type
[15:55:17] [main/DEBUG] [os.ut.FileUtil/]: Reading file /sys/devices/system/cpu/cpu0/cache/index0/type
[15:55:17] [main/DEBUG] [os.ut.FileUtil/]: Reading file /sys/devices/system/cpu/cpu0/cache/index0/ways_of_associativity
[15:55:17] [main/DEBUG] [os.ut.FileUtil/]: Reading file /sys/devices/system/cpu/cpu0/cache/index0/ways_of_associativity
[15:55:17] [main/DEBUG] [os.ut.FileUtil/]: Reading file /sys/devices/system/cpu/cpu0/cache/index0/coherency_line_size
[15:55:17] [main/DEBUG] [os.ut.FileUtil/]: Reading file /sys/devices/system/cpu/cpu0/cache/index0/coherency_line_size
[15:55:17] [main/DEBUG] [os.ut.FileUtil/]: Reading file /sys/devices/system/cpu/cpu0/cache/index0/size
[15:55:17] [main/DEBUG] [os.ut.FileUtil/]: Reading file /sys/devices/system/cpu/cpu0/cache/index0/size
[15:55:17] [main/DEBUG] [os.ut.FileUtil/]: Reading file /sys/devices/system/cpu/cpu0/cache/index3/level
[15:55:17] [main/DEBUG] [os.ut.FileUtil/]: Reading file /sys/devices/system/cpu/cpu0/cache/index3/level
[15:55:17] [main/DEBUG] [os.ut.FileUtil/]: Reading file /sys/devices/system/cpu/cpu0/cache/index3/type
[15:55:17] [main/DEBUG] [os.ut.FileUtil/]: Reading file /sys/devices/system/cpu/cpu0/cache/index3/type
[15:55:17] [main/DEBUG] [os.ut.FileUtil/]: Reading file /sys/devices/system/cpu/cpu0/cache/index3/ways_of_associativity
[15:55:17] [main/DEBUG] [os.ut.FileUtil/]: Reading file /sys/devices/system/cpu/cpu0/cache/index3/ways_of_associativity
[15:55:17] [main/DEBUG] [os.ut.FileUtil/]: Reading file /sys/devices/system/cpu/cpu0/cache/index3/coherency_line_size
[15:55:17] [main/DEBUG] [os.ut.FileUtil/]: Reading file /sys/devices/system/cpu/cpu0/cache/index3/coherency_line_size
[15:55:17] [main/DEBUG] [os.ut.FileUtil/]: Reading file /sys/devices/system/cpu/cpu0/cache/index3/size
[15:55:17] [main/DEBUG] [os.ut.FileUtil/]: Reading file /sys/devices/system/cpu/cpu0/cache/index3/size
[15:55:17] [main/DEBUG] [os.ut.FileUtil/]: Reading file /sys/devices/system/cpu/cpu0/cache/index1/level
[15:55:17] [main/DEBUG] [os.ut.FileUtil/]: Reading file /sys/devices/system/cpu/cpu0/cache/index1/level
[15:55:17] [main/DEBUG] [os.ut.FileUtil/]: Reading file /sys/devices/system/cpu/cpu0/cache/index1/type
[15:55:17] [main/DEBUG] [os.ut.FileUtil/]: Reading file /sys/devices/system/cpu/cpu0/cache/index1/type
[15:55:17] [main/DEBUG] [os.ut.FileUtil/]: Reading file /sys/devices/system/cpu/cpu0/cache/index1/ways_of_associativity
[15:55:17] [main/DEBUG] [os.ut.FileUtil/]: Reading file /sys/devices/system/cpu/cpu0/cache/index1/ways_of_associativity
[15:55:17] [main/DEBUG] [os.ut.FileUtil/]: Reading file /sys/devices/system/cpu/cpu0/cache/index1/coherency_line_size
[15:55:17] [main/DEBUG] [os.ut.FileUtil/]: Reading file /sys/devices/system/cpu/cpu0/cache/index1/coherency_line_size
[15:55:17] [main/DEBUG] [os.ut.FileUtil/]: Reading file /sys/devices/system/cpu/cpu0/cache/index1/size
[15:55:17] [main/DEBUG] [os.ut.FileUtil/]: Reading file /sys/devices/system/cpu/cpu0/cache/index1/size
[15:55:17] [main/DEBUG] [os.ut.FileUtil/]: Reading file /sys/devices/system/cpu/cpu1/topology/core_id
[15:55:17] [main/DEBUG] [os.ut.FileUtil/]: Reading file /sys/devices/system/cpu/cpu1/topology/core_id
[15:55:17] [main/DEBUG] [os.ut.FileUtil/]: Reading file /sys/devices/system/cpu/cpu1/topology/physical_package_id
[15:55:17] [main/DEBUG] [os.ut.FileUtil/]: Reading file /sys/devices/system/cpu/cpu1/topology/physical_package_id
[15:55:17] [main/DEBUG] [os.ut.FileUtil/]: Reading file /sys/devices/system/cpu/cpu1/cpu_capacity
[15:55:17] [main/DEBUG] [os.ut.FileUtil/]: Reading file /sys/devices/system/cpu/cpu1/cpu_capacity
[15:55:17] [main/DEBUG] [os.ut.FileUtil/]: Reading file /sys/devices/system/cpu/cpu1/cache/index2/level
[15:55:17] [main/DEBUG] [os.ut.FileUtil/]: Reading file /sys/devices/system/cpu/cpu1/cache/index2/level
[15:55:17] [main/DEBUG] [os.ut.FileUtil/]: Reading file /sys/devices/system/cpu/cpu1/cache/index2/type
[15:55:17] [main/DEBUG] [os.ut.FileUtil/]: Reading file /sys/devices/system/cpu/cpu1/cache/index2/type
[15:55:17] [main/DEBUG] [os.ut.FileUtil/]: Reading file /sys/devices/system/cpu/cpu1/cache/index2/ways_of_associativity
[15:55:17] [main/DEBUG] [os.ut.FileUtil/]: Reading file /sys/devices/system/cpu/cpu1/cache/index2/ways_of_associativity
[15:55:17] [main/DEBUG] [os.ut.FileUtil/]: Reading file /sys/devices/system/cpu/cpu1/cache/index2/coherency_line_size
[15:55:17] [main/DEBUG] [os.ut.FileUtil/]: Reading file /sys/devices/system/cpu/cpu1/cache/index2/coherency_line_size
[15:55:17] [main/DEBUG] [os.ut.FileUtil/]: Reading file /sys/devices/system/cpu/cpu1/cache/index2/size
[15:55:17] [main/DEBUG] [os.ut.FileUtil/]: Reading file /sys/devices/system/cpu/cpu1/cache/index2/size
[15:55:17] [main/DEBUG] [os.ut.FileUtil/]: Reading file /sys/devices/system/cpu/cpu1/cache/index0/level
[15:55:17] [main/DEBUG] [os.ut.FileUtil/]: Reading file /sys/devices/system/cpu/cpu1/cache/index0/level
[15:55:17] [main/DEBUG] [os.ut.FileUtil/]: Reading file /sys/devices/system/cpu/cpu1/cache/index0/type
[15:55:17] [main/DEBUG] [os.ut.FileUtil/]: Reading file /sys/devices/system/cpu/cpu1/cache/index0/type
[15:55:17] [main/DEBUG] [os.ut.FileUtil/]: Reading file /sys/devices/system/cpu/cpu1/cache/index0/ways_of_associativity
[15:55:17] [main/DEBUG] [os.ut.FileUtil/]: Reading file /sys/devices/system/cpu/cpu1/cache/index0/ways_of_associativity
[15:55:17] [main/DEBUG] [os.ut.FileUtil/]: Reading file /sys/devices/system/cpu/cpu1/cache/index0/coherency_line_size
[15:55:17] [main/DEBUG] [os.ut.FileUtil/]: Reading file /sys/devices/system/cpu/cpu1/cache/index0/coherency_line_size
[15:55:17] [main/DEBUG] [os.ut.FileUtil/]: Reading file /sys/devices/system/cpu/cpu1/cache/index0/size
[15:55:17] [main/DEBUG] [os.ut.FileUtil/]: Reading file /sys/devices/system/cpu/cpu1/cache/index0/size
[15:55:17] [main/DEBUG] [os.ut.FileUtil/]: Reading file /sys/devices/system/cpu/cpu1/cache/index3/level
[15:55:17] [main/DEBUG] [os.ut.FileUtil/]: Reading file /sys/devices/system/cpu/cpu1/cache/index3/level
[15:55:17] [main/DEBUG] [os.ut.FileUtil/]: Reading file /sys/devices/system/cpu/cpu1/cache/index3/type
[15:55:17] [main/DEBUG] [os.ut.FileUtil/]: Reading file /sys/devices/system/cpu/cpu1/cache/index3/type
[15:55:17] [main/DEBUG] [os.ut.FileUtil/]: Reading file /sys/devices/system/cpu/cpu1/cache/index3/ways_of_associativity
[15:55:17] [main/DEBUG] [os.ut.FileUtil/]: Reading file /sys/devices/system/cpu/cpu1/cache/index3/ways_of_associativity
[15:55:17] [main/DEBUG] [os.ut.FileUtil/]: Reading file /sys/devices/system/cpu/cpu1/cache/index3/coherency_line_size
[15:55:17] [main/DEBUG] [os.ut.FileUtil/]: Reading file /sys/devices/system/cpu/cpu1/cache/index3/coherency_line_size
[15:55:17] [main/DEBUG] [os.ut.FileUtil/]: Reading file /sys/devices/system/cpu/cpu1/cache/index3/size
[15:55:17] [main/DEBUG] [os.ut.FileUtil/]: Reading file /sys/devices/system/cpu/cpu1/cache/index3/size
[15:55:17] [main/DEBUG] [os.ut.FileUtil/]: Reading file /sys/devices/system/cpu/cpu1/cache/index1/level
[15:55:17] [main/DEBUG] [os.ut.FileUtil/]: Reading file /sys/devices/system/cpu/cpu1/cache/index1/level
[15:55:17] [main/DEBUG] [os.ut.FileUtil/]: Reading file /sys/devices/system/cpu/cpu1/cache/index1/type
[15:55:17] [main/DEBUG] [os.ut.FileUtil/]: Reading file /sys/devices/system/cpu/cpu1/cache/index1/type
[15:55:17] [main/DEBUG] [os.ut.FileUtil/]: Reading file /sys/devices/system/cpu/cpu1/cache/index1/ways_of_associativity
[15:55:17] [main/DEBUG] [os.ut.FileUtil/]: Reading file /sys/devices/system/cpu/cpu1/cache/index1/ways_of_associativity
[15:55:17] [main/DEBUG] [os.ut.FileUtil/]: Reading file /sys/devices/system/cpu/cpu1/cache/index1/coherency_line_size
[15:55:17] [main/DEBUG] [os.ut.FileUtil/]: Reading file /sys/devices/system/cpu/cpu1/cache/index1/coherency_line_size
[15:55:17] [main/DEBUG] [os.ut.FileUtil/]: Reading file /sys/devices/system/cpu/cpu1/cache/index1/size
[15:55:17] [main/DEBUG] [os.ut.FileUtil/]: Reading file /sys/devices/system/cpu/cpu1/cache/index1/size
[15:55:17] [main/DEBUG] [os.ut.FileUtil/]: Reading file /sys/devices/system/cpu/cpu2/topology/core_id
[15:55:17] [main/DEBUG] [os.ut.FileUtil/]: Reading file /sys/devices/system/cpu/cpu2/topology/core_id
[15:55:17] [main/DEBUG] [os.ut.FileUtil/]: Reading file /sys/devices/system/cpu/cpu2/topology/physical_package_id
[15:55:17] [main/DEBUG] [os.ut.FileUtil/]: Reading file /sys/devices/system/cpu/cpu2/topology/physical_package_id
[15:55:17] [main/DEBUG] [os.ut.FileUtil/]: Reading file /sys/devices/system/cpu/cpu2/cpu_capacity
[15:55:17] [main/DEBUG] [os.ut.FileUtil/]: Reading file /sys/devices/system/cpu/cpu2/cpu_capacity
[15:55:17] [main/DEBUG] [os.ut.FileUtil/]: Reading file /sys/devices/system/cpu/cpu2/cache/index2/level
[15:55:17] [main/DEBUG] [os.ut.FileUtil/]: Reading file /sys/devices/system/cpu/cpu2/cache/index2/level
[15:55:17] [main/DEBUG] [os.ut.FileUtil/]: Reading file /sys/devices/system/cpu/cpu2/cache/index2/type
[15:55:17] [main/DEBUG] [os.ut.FileUtil/]: Reading file /sys/devices/system/cpu/cpu2/cache/index2/type
[15:55:17] [main/DEBUG] [os.ut.FileUtil/]: Reading file /sys/devices/system/cpu/cpu2/cache/index2/ways_of_associativity
[15:55:17] [main/DEBUG] [os.ut.FileUtil/]: Reading file /sys/devices/system/cpu/cpu2/cache/index2/ways_of_associativity
[15:55:17] [main/DEBUG] [os.ut.FileUtil/]: Reading file /sys/devices/system/cpu/cpu2/cache/index2/coherency_line_size
[15:55:17] [main/DEBUG] [os.ut.FileUtil/]: Reading file /sys/devices/system/cpu/cpu2/cache/index2/coherency_line_size
[15:55:17] [main/DEBUG] [os.ut.FileUtil/]: Reading file /sys/devices/system/cpu/cpu2/cache/index2/size
[15:55:17] [main/DEBUG] [os.ut.FileUtil/]: Reading file /sys/devices/system/cpu/cpu2/cache/index2/size
[15:55:17] [main/DEBUG] [os.ut.FileUtil/]: Reading file /sys/devices/system/cpu/cpu2/cache/index0/level
[15:55:17] [main/DEBUG] [os.ut.FileUtil/]: Reading file /sys/devices/system/cpu/cpu2/cache/index0/level
[15:55:17] [main/DEBUG] [os.ut.FileUtil/]: Reading file /sys/devices/system/cpu/cpu2/cache/index0/type
[15:55:17] [main/DEBUG] [os.ut.FileUtil/]: Reading file /sys/devices/system/cpu/cpu2/cache/index0/type
[15:55:17] [main/DEBUG] [os.ut.FileUtil/]: Reading file /sys/devices/system/cpu/cpu2/cache/index0/ways_of_associativity
[15:55:17] [main/DEBUG] [os.ut.FileUtil/]: Reading file /sys/devices/system/cpu/cpu2/cache/index0/ways_of_associativity
[15:55:17] [main/DEBUG] [os.ut.FileUtil/]: Reading file /sys/devices/system/cpu/cpu2/cache/index0/coherency_line_size
[15:55:17] [main/DEBUG] [os.ut.FileUtil/]: Reading file /sys/devices/system/cpu/cpu2/cache/index0/coherency_line_size
[15:55:17] [main/DEBUG] [os.ut.FileUtil/]: Reading file /sys/devices/system/cpu/cpu2/cache/index0/size
[15:55:17] [main/DEBUG] [os.ut.FileUtil/]: Reading file /sys/devices/system/cpu/cpu2/cache/index0/size
[15:55:17] [main/DEBUG] [os.ut.FileUtil/]: Reading file /sys/devices/system/cpu/cpu2/cache/index3/level
[15:55:17] [main/DEBUG] [os.ut.FileUtil/]: Reading file /sys/devices/system/cpu/cpu2/cache/index3/level
[15:55:17] [main/DEBUG] [os.ut.FileUtil/]: Reading file /sys/devices/system/cpu/cpu2/cache/index3/type
[15:55:17] [main/DEBUG] [os.ut.FileUtil/]: Reading file /sys/devices/system/cpu/cpu2/cache/index3/type
[15:55:17] [main/DEBUG] [os.ut.FileUtil/]: Reading file /sys/devices/system/cpu/cpu2/cache/index3/ways_of_associativity
[15:55:17] [main/DEBUG] [os.ut.FileUtil/]: Reading file /sys/devices/system/cpu/cpu2/cache/index3/ways_of_associativity
[15:55:17] [main/DEBUG] [os.ut.FileUtil/]: Reading file /sys/devices/system/cpu/cpu2/cache/index3/coherency_line_size
[15:55:17] [main/DEBUG] [os.ut.FileUtil/]: Reading file /sys/devices/system/cpu/cpu2/cache/index3/coherency_line_size
[15:55:17] [main/DEBUG] [os.ut.FileUtil/]: Reading file /sys/devices/system/cpu/cpu2/cache/index3/size
[15:55:17] [main/DEBUG] [os.ut.FileUtil/]: Reading file /sys/devices/system/cpu/cpu2/cache/index3/size
[15:55:17] [main/DEBUG] [os.ut.FileUtil/]: Reading file /sys/devices/system/cpu/cpu2/cache/index1/level
[15:55:17] [main/DEBUG] [os.ut.FileUtil/]: Reading file /sys/devices/system/cpu/cpu2/cache/index1/level
[15:55:17] [main/DEBUG] [os.ut.FileUtil/]: Reading file /sys/devices/system/cpu/cpu2/cache/index1/type
[15:55:17] [main/DEBUG] [os.ut.FileUtil/]: Reading file /sys/devices/system/cpu/cpu2/cache/index1/type
[15:55:17] [main/DEBUG] [os.ut.FileUtil/]: Reading file /sys/devices/system/cpu/cpu2/cache/index1/ways_of_associativity
[15:55:17] [main/DEBUG] [os.ut.FileUtil/]: Reading file /sys/devices/system/cpu/cpu2/cache/index1/ways_of_associativity
[15:55:17] [main/DEBUG] [os.ut.FileUtil/]: Reading file /sys/devices/system/cpu/cpu2/cache/index1/coherency_line_size
[15:55:17] [main/DEBUG] [os.ut.FileUtil/]: Reading file /sys/devices/system/cpu/cpu2/cache/index1/coherency_line_size
[15:55:17] [main/DEBUG] [os.ut.FileUtil/]: Reading file /sys/devices/system/cpu/cpu2/cache/index1/size
[15:55:17] [main/DEBUG] [os.ut.FileUtil/]: Reading file /sys/devices/system/cpu/cpu2/cache/index1/size
[15:55:17] [main/DEBUG] [os.ut.FileUtil/]: Reading file /sys/devices/system/cpu/cpu3/topology/core_id
[15:55:17] [main/DEBUG] [os.ut.FileUtil/]: Reading file /sys/devices/system/cpu/cpu3/topology/core_id
[15:55:17] [main/DEBUG] [os.ut.FileUtil/]: Reading file /sys/devices/system/cpu/cpu3/topology/physical_package_id
[15:55:17] [main/DEBUG] [os.ut.FileUtil/]: Reading file /sys/devices/system/cpu/cpu3/topology/physical_package_id
[15:55:17] [main/DEBUG] [os.ut.FileUtil/]: Reading file /sys/devices/system/cpu/cpu3/cpu_capacity
[15:55:17] [main/DEBUG] [os.ut.FileUtil/]: Reading file /sys/devices/system/cpu/cpu3/cpu_capacity
[15:55:17] [main/DEBUG] [os.ut.FileUtil/]: Reading file /sys/devices/system/cpu/cpu3/cache/index2/level
[15:55:17] [main/DEBUG] [os.ut.FileUtil/]: Reading file /sys/devices/system/cpu/cpu3/cache/index2/level
[15:55:17] [main/DEBUG] [os.ut.FileUtil/]: Reading file /sys/devices/system/cpu/cpu3/cache/index2/type
[15:55:17] [main/DEBUG] [os.ut.FileUtil/]: Reading file /sys/devices/system/cpu/cpu3/cache/index2/type
[15:55:17] [main/DEBUG] [os.ut.FileUtil/]: Reading file /sys/devices/system/cpu/cpu3/cache/index2/ways_of_associativity
[15:55:17] [main/DEBUG] [os.ut.FileUtil/]: Reading file /sys/devices/system/cpu/cpu3/cache/index2/ways_of_associativity
[15:55:17] [main/DEBUG] [os.ut.FileUtil/]: Reading file /sys/devices/system/cpu/cpu3/cache/index2/coherency_line_size
[15:55:17] [main/DEBUG] [os.ut.FileUtil/]: Reading file /sys/devices/system/cpu/cpu3/cache/index2/coherency_line_size
[15:55:17] [main/DEBUG] [os.ut.FileUtil/]: Reading file /sys/devices/system/cpu/cpu3/cache/index2/size
[15:55:17] [main/DEBUG] [os.ut.FileUtil/]: Reading file /sys/devices/system/cpu/cpu3/cache/index2/size
[15:55:17] [main/DEBUG] [os.ut.FileUtil/]: Reading file /sys/devices/system/cpu/cpu3/cache/index0/level
[15:55:17] [main/DEBUG] [os.ut.FileUtil/]: Reading file /sys/devices/system/cpu/cpu3/cache/index0/level
[15:55:17] [main/DEBUG] [os.ut.FileUtil/]: Reading file /sys/devices/system/cpu/cpu3/cache/index0/type
[15:55:17] [main/DEBUG] [os.ut.FileUtil/]: Reading file /sys/devices/system/cpu/cpu3/cache/index0/type
[15:55:17] [main/DEBUG] [os.ut.FileUtil/]: Reading file /sys/devices/system/cpu/cpu3/cache/index0/ways_of_associativity
[15:55:17] [main/DEBUG] [os.ut.FileUtil/]: Reading file /sys/devices/system/cpu/cpu3/cache/index0/ways_of_associativity
[15:55:17] [main/DEBUG] [os.ut.FileUtil/]: Reading file /sys/devices/system/cpu/cpu3/cache/index0/coherency_line_size
[15:55:17] [main/DEBUG] [os.ut.FileUtil/]: Reading file /sys/devices/system/cpu/cpu3/cache/index0/coherency_line_size
[15:55:17] [main/DEBUG] [os.ut.FileUtil/]: Reading file /sys/devices/system/cpu/cpu3/cache/index0/size
[15:55:17] [main/DEBUG] [os.ut.FileUtil/]: Reading file /sys/devices/system/cpu/cpu3/cache/index0/size
[15:55:17] [main/DEBUG] [os.ut.FileUtil/]: Reading file /sys/devices/system/cpu/cpu3/cache/index3/level
[15:55:17] [main/DEBUG] [os.ut.FileUtil/]: Reading file /sys/devices/system/cpu/cpu3/cache/index3/level
[15:55:17] [main/DEBUG] [os.ut.FileUtil/]: Reading file /sys/devices/system/cpu/cpu3/cache/index3/type
[15:55:17] [main/DEBUG] [os.ut.FileUtil/]: Reading file /sys/devices/system/cpu/cpu3/cache/index3/type
[15:55:17] [main/DEBUG] [os.ut.FileUtil/]: Reading file /sys/devices/system/cpu/cpu3/cache/index3/ways_of_associativity
[15:55:17] [main/DEBUG] [os.ut.FileUtil/]: Reading file /sys/devices/system/cpu/cpu3/cache/index3/ways_of_associativity
[15:55:17] [main/DEBUG] [os.ut.FileUtil/]: Reading file /sys/devices/system/cpu/cpu3/cache/index3/coherency_line_size
[15:55:17] [main/DEBUG] [os.ut.FileUtil/]: Reading file /sys/devices/system/cpu/cpu3/cache/index3/coherency_line_size
[15:55:17] [main/DEBUG] [os.ut.FileUtil/]: Reading file /sys/devices/system/cpu/cpu3/cache/index3/size
[15:55:17] [main/DEBUG] [os.ut.FileUtil/]: Reading file /sys/devices/system/cpu/cpu3/cache/index3/size
[15:55:17] [main/DEBUG] [os.ut.FileUtil/]: Reading file /sys/devices/system/cpu/cpu3/cache/index1/level
[15:55:17] [main/DEBUG] [os.ut.FileUtil/]: Reading file /sys/devices/system/cpu/cpu3/cache/index1/level
[15:55:17] [main/DEBUG] [os.ut.FileUtil/]: Reading file /sys/devices/system/cpu/cpu3/cache/index1/type
[15:55:17] [main/DEBUG] [os.ut.FileUtil/]: Reading file /sys/devices/system/cpu/cpu3/cache/index1/type
[15:55:17] [main/DEBUG] [os.ut.FileUtil/]: Reading file /sys/devices/system/cpu/cpu3/cache/index1/ways_of_associativity
[15:55:17] [main/DEBUG] [os.ut.FileUtil/]: Reading file /sys/devices/system/cpu/cpu3/cache/index1/ways_of_associativity
[15:55:17] [main/DEBUG] [os.ut.FileUtil/]: Reading file /sys/devices/system/cpu/cpu3/cache/index1/coherency_line_size
[15:55:17] [main/DEBUG] [os.ut.FileUtil/]: Reading file /sys/devices/system/cpu/cpu3/cache/index1/coherency_line_size
[15:55:17] [main/DEBUG] [os.ut.FileUtil/]: Reading file /sys/devices/system/cpu/cpu3/cache/index1/size
[15:55:17] [main/DEBUG] [os.ut.FileUtil/]: Reading file /sys/devices/system/cpu/cpu3/cache/index1/size
[15:55:17] [main/DEBUG] [os.ut.FileUtil/]: Reading file /proc/cpuinfo
[15:55:18] [main/DEBUG] [os.ut.FileUtil/]: Reading file /proc/self/auxv
[15:55:18] [main/DEBUG] [os.ut.FileUtil/]: No oshi.architecture.properties file found from ClassLoader cpw.mods.modlauncher.TransformingClassLoader@545607f2
[15:55:18] [main/DEBUG] [os.ut.FileUtil/]: Reading file /proc/meminfo
[15:55:18] [main/DEBUG] [os.ut.FileUtil/]: Reading file /proc/meminfo
[15:55:18] [main/INFO] [MixinExtras|Service/]: Initializing MixinExtras via com.llamalad7.mixinextras.service.MixinExtrasServiceImpl(version=0.5.3).
[15:55:18] [main/DEBUG] [mixin/]: Registering new injector for @SugarWrapper with com.llamalad7.mixinextras.sugar.impl.SugarWrapperInjectionInfo
[15:55:18] [main/DEBUG] [mixin/]: Registering new injector for @FactoryRedirectWrapper with com.llamalad7.mixinextras.wrapper.factory.FactoryRedirectWrapperInjectionInfo
[15:55:18] [main/DEBUG] [mixin/]: Registering new injector for @ExpressionInjectorWrapper with com.llamalad7.mixinextras.expression.impl.wrapper.ExpressionInjectorWrapperInjectionInfo
[15:55:18] [main/DEBUG] [mixin/]: Mixing MappedRegistryAccessor from neoforge.mixins.json into net.minecraft.core.MappedRegistry
[15:55:18] [main/DEBUG] [mixin/]: Mixing RegistriesMixin from veil.neoforge.mixins.json into net.minecraft.core.registries.Registries
[15:55:18] [main/DEBUG] [mixin/]: veil.neoforge.mixins.json:RegistriesMixin from mod veil->@Inject::veilElementsPath(Lnet/minecraft/resources/ResourceKey;Lorg/spongepowered/asm/mixin/injection/callback/CallbackInfoReturnable;)V does use it's CallbackInfoReturnable
[15:55:18] [main/DEBUG] [mixin/]: veil.neoforge.mixins.json:RegistriesMixin from mod veil->@Inject::veilTagsPath(Lnet/minecraft/resources/ResourceKey;Lorg/spongepowered/asm/mixin/injection/callback/CallbackInfoReturnable;)V does use it's CallbackInfoReturnable
[15:55:18] [main/DEBUG] [mixin/]: Mixing command.ArgumentTypeInfosMixin from sable.mixins.json into net.minecraft.commands.synchronization.ArgumentTypeInfos
[15:55:18] [main/DEBUG] [mixin/]: sable.mixins.json:command.ArgumentTypeInfosMixin from mod sable->@Inject::sable$bootstrap(Lnet/minecraft/core/Registry;Lorg/spongepowered/asm/mixin/injection/callback/CallbackInfoReturnable;)V doesn't use it's CallbackInfoReturnable
[15:55:18] [main/DEBUG] [mixin/]: Mixing entity.entity_kicking.BlockMixin from sable.mixins.json into net.minecraft.world.level.block.Block
[15:55:18] [main/DEBUG] [mixin/]: Renaming synthetic method lambda$sable$popResourceFromFace$0(Lnet/minecraft/world/level/Level;DDDLnet/minecraft/world/item/ItemStack;Ldev/ryanhcode/sable/sublevel/SubLevel;)Lnet/minecraft/world/entity/item/ItemEntity; to md2dbef1$sable$lambda$sable$popResourceFromFace$0$0 in sable.mixins.json:entity.entity_kicking.BlockMixin from mod sable
[15:55:18] [main/DEBUG] [mixin/]: Mixing entity.entity_rotations_and_riding.BlockMixin from sable.mixins.json into net.minecraft.world.level.block.Block
[15:55:18] [main/DEBUG] [mixin/]: Mixing BlockReadOnlyProjectedShellMixin from antikytheramechanism.mixins.json into net.minecraft.world.level.block.Block
[15:55:18] [main/DEBUG] [mixin/]: sable.mixins.json:entity.entity_kicking.BlockMixin from mod sable->@Inject::sable$popResourceFromFace(Lnet/minecraft/world/level/Level;Lnet/minecraft/core/BlockPos;Lnet/minecraft/world/item/ItemStack;Lorg/spongepowered/asm/mixin/injection/callback/CallbackInfo;DDDD)V does use it's CallbackInfo
[15:55:18] [main/DEBUG] [mixin/]: antikytheramechanism.mixins.json:BlockReadOnlyProjectedShellMixin from mod antikytheramechanism->@Inject::antikytheramechanism$skipProjectedShellDrop(Lnet/minecraft/world/level/Level;Lnet/minecraft/core/BlockPos;Lnet/minecraft/world/item/ItemStack;Lorg/spongepowered/asm/mixin/injection/callback/CallbackInfo;)V does use it's CallbackInfo
[15:55:18] [main/DEBUG] [mixin/]: Mixing BlockStateManagedVirtualEnvironmentMixin from antikytheramechanism.mixins.json into net.minecraft.world.level.block.state.BlockBehaviour$BlockStateBase
[15:55:18] [main/DEBUG] [mixin/]: Renaming synthetic method lambda$antikytheramechanism$projectSupportForRandomTick$8(Lcom/llamalad7/mixinextras/injector/wrapoperation/Operation;Lnet/minecraft/server/level/ServerLevel;Lnet/minecraft/core/BlockPos;Lnet/minecraft/util/RandomSource;)Ljava/lang/Void; to md2dbef1$antikytheramechanism$lambda$antikytheramechanism$projectSupportForRandomTick$8$0 in antikytheramechanism.mixins.json:BlockStateManagedVirtualEnvironmentMixin from mod antikytheramechanism
[15:55:18] [main/DEBUG] [mixin/]: Renaming synthetic method lambda$antikytheramechanism$projectSupportForScheduledTick$7(Lcom/llamalad7/mixinextras/injector/wrapoperation/Operation;Lnet/minecraft/server/level/ServerLevel;Lnet/minecraft/core/BlockPos;Lnet/minecraft/util/RandomSource;)Ljava/lang/Void; to md2dbef1$antikytheramechanism$lambda$antikytheramechanism$projectSupportForScheduledTick$7$1 in antikytheramechanism.mixins.json:BlockStateManagedVirtualEnvironmentMixin from mod antikytheramechanism
[15:55:18] [main/DEBUG] [mixin/]: Renaming synthetic method lambda$antikytheramechanism$projectBoundaryForBlockEvent$6(Lcom/llamalad7/mixinextras/injector/wrapoperation/Operation;Lnet/minecraft/world/level/Level;Lnet/minecraft/core/BlockPos;II)Ljava/lang/Boolean; to md2dbef1$antikytheramechanism$lambda$antikytheramechanism$projectBoundaryForBlockEvent$6$2 in antikytheramechanism.mixins.json:BlockStateManagedVirtualEnvironmentMixin from mod antikytheramechanism
[15:55:18] [main/DEBUG] [mixin/]: Renaming synthetic method lambda$antikytheramechanism$projectSupportForIndirectShapeUpdates$5(Lcom/llamalad7/mixinextras/injector/wrapoperation/Operation;Lnet/minecraft/world/level/LevelAccessor;Lnet/minecraft/core/BlockPos;II)Ljava/lang/Void; to md2dbef1$antikytheramechanism$lambda$antikytheramechanism$projectSupportForIndirectShapeUpdates$5$3 in antikytheramechanism.mixins.json:BlockStateManagedVirtualEnvironmentMixin from mod antikytheramechanism
[15:55:18] [main/DEBUG] [mixin/]: Renaming synthetic method lambda$antikytheramechanism$projectSupportForOnPlace$4(Lcom/llamalad7/mixinextras/injector/wrapoperation/Operation;Lnet/minecraft/world/level/Level;Lnet/minecraft/core/BlockPos;Lnet/minecraft/world/level/block/state/BlockState;Z)Ljava/lang/Void; to md2dbef1$antikytheramechanism$lambda$antikytheramechanism$projectSupportForOnPlace$4$4 in antikytheramechanism.mixins.json:BlockStateManagedVirtualEnvironmentMixin from mod antikytheramechanism
[15:55:18] [main/DEBUG] [mixin/]: Renaming synthetic method lambda$antikytheramechanism$projectSupportForNeighborChanged$3(Lcom/llamalad7/mixinextras/injector/wrapoperation/Operation;Lnet/minecraft/world/level/Level;Lnet/minecraft/core/BlockPos;Lnet/minecraft/world/level/block/Block;Lnet/minecraft/core/BlockPos;Z)Ljava/lang/Void; to md2dbef1$antikytheramechanism$lambda$antikytheramechanism$projectSupportForNeighborChanged$3$5 in antikytheramechanism.mixins.json:BlockStateManagedVirtualEnvironmentMixin from mod antikytheramechanism
[15:55:18] [main/DEBUG] [mixin/]: Renaming synthetic method lambda$antikytheramechanism$projectSupportForUpdateShape$2(Lcom/llamalad7/mixinextras/injector/wrapoperation/Operation;Lnet/minecraft/core/Direction;Lnet/minecraft/world/level/block/state/BlockState;Lnet/minecraft/world/level/LevelAccessor;Lnet/minecraft/core/BlockPos;Lnet/minecraft/core/BlockPos;)Lnet/minecraft/world/level/block/state/BlockState; to md2dbef1$antikytheramechanism$lambda$antikytheramechanism$projectSupportForUpdateShape$2$6 in antikytheramechanism.mixins.json:BlockStateManagedVirtualEnvironmentMixin from mod antikytheramechanism
[15:55:18] [main/DEBUG] [mixin/]: Renaming synthetic method lambda$antikytheramechanism$projectSupportForCanSurvive$1(Lcom/llamalad7/mixinextras/injector/wrapoperation/Operation;Lnet/minecraft/world/level/LevelReader;Lnet/minecraft/core/BlockPos;)Ljava/lang/Boolean; to md2dbef1$antikytheramechanism$lambda$antikytheramechanism$projectSupportForCanSurvive$1$7 in antikytheramechanism.mixins.json:BlockStateManagedVirtualEnvironmentMixin from mod antikytheramechanism
[15:55:18] [main/DEBUG] [mixin/]: Renaming synthetic method lambda$antikytheramechanism$withLifecycleEnvironment$0(Ljava/lang/Runnable;)Ljava/lang/Object; to md2dbef1$antikytheramechanism$lambda$antikytheramechanism$withLifecycleEnvironment$0$8 in antikytheramechanism.mixins.json:BlockStateManagedVirtualEnvironmentMixin from mod antikytheramechanism
[15:55:18] [main/DEBUG] [mixin/]: Mixing block_properties.BlockStateMixin from sable.mixins.json into net.minecraft.world.level.block.state.BlockState
[15:55:19] [main/DEBUG] [mixin/]: Mixing clip_overwrite.BlockGetterMixin from sable.mixins.json into net.minecraft.world.level.BlockGetter
[15:55:19] [main/DEBUG] [mixin/]: Renaming synthetic method lambda$originalClip$1(Lnet/minecraft/world/level/ClipContext;)Lnet/minecraft/world/phys/BlockHitResult; to md2dbef1$sable$lambda$originalClip$1$0 in sable.mixins.json:clip_overwrite.BlockGetterMixin from mod sable
[15:55:19] [main/DEBUG] [mixin/]: Renaming synthetic method lambda$originalClip$0(Lnet/minecraft/world/level/BlockGetter;Lnet/minecraft/world/level/ClipContext;Lnet/minecraft/core/BlockPos;)Lnet/minecraft/world/phys/BlockHitResult; to md2dbef1$sable$lambda$originalClip$0$1 in sable.mixins.json:clip_overwrite.BlockGetterMixin from mod sable
[15:55:19] [main/DEBUG] [mixin/]: Mixing BlockGetterClipScaleMixin from sablescale.mixins.json into net.minecraft.world.level.BlockGetter
[15:55:19] [main/DEBUG] [mixin/]: Renaming synthetic method lambda$sablescale$originalClip$1(Lnet/minecraft/world/level/ClipContext;)Lnet/minecraft/world/phys/BlockHitResult; to md2dbef1$sablescale$lambda$sablescale$originalClip$1$2 in sablescale.mixins.json:BlockGetterClipScaleMixin from mod sablescale
[15:55:19] [main/DEBUG] [mixin/]: Renaming synthetic method lambda$sablescale$originalClip$0(Lnet/minecraft/world/level/BlockGetter;Lnet/minecraft/world/level/ClipContext;Lnet/minecraft/core/BlockPos;)Lnet/minecraft/world/phys/BlockHitResult; to md2dbef1$sablescale$lambda$sablescale$originalClip$0$3 in sablescale.mixins.json:BlockGetterClipScaleMixin from mod sablescale
[15:55:19] [main/DEBUG] [mixin/]: Mixing block_placement.EntityGetterMixin from sable.mixins.json into net.minecraft.world.level.EntityGetter
[15:55:19] [main/DEBUG] [mixin/]: Mixing plot.lighting.BlockAndTintGetterMixin from sable.mixins.json into net.minecraft.world.level.BlockAndTintGetter
[15:55:19] [main/DEBUG] [mixin/]: Mixing SignalGetterRedstoneBoundaryMixin from antikytheramechanism.mixins.json into net.minecraft.world.level.SignalGetter
[15:55:19] [main/DEBUG] [mixin/]: antikytheramechanism.mixins.json:SignalGetterRedstoneBoundaryMixin from mod antikytheramechanism->@Inject::antikytheramechanism$bridgeProjectedWeakSignal(Lnet/minecraft/core/BlockPos;Lnet/minecraft/core/Direction;Lorg/spongepowered/asm/mixin/injection/callback/CallbackInfoReturnable;)V does use it's CallbackInfoReturnable
[15:55:19] [main/DEBUG] [mixin/]: antikytheramechanism.mixins.json:SignalGetterRedstoneBoundaryMixin from mod antikytheramechanism->@Inject::antikytheramechanism$bridgeProjectedDirectSignal(Lnet/minecraft/core/BlockPos;Lnet/minecraft/core/Direction;Lorg/spongepowered/asm/mixin/injection/callback/CallbackInfoReturnable;)V does use it's CallbackInfoReturnable
[15:55:19] [main/DEBUG] [mixin/]: Mixing entity.entity_swimming.EntityMixin from sable-neoforge.mixins.json into net.minecraft.world.entity.Entity
[15:55:19] [main/DEBUG] [mixin/]: Renaming synthetic method lambda$updateFluidHeightAndDoFluidPushing$2(Lnet/neoforged/neoforge/fluids/FluidType;Ldev/ryanhcode/sable/neoforge/mixinhelper/entity/SableInterimCalculation;)V to md2dbef1$sable$lambda$updateFluidHeightAndDoFluidPushing$2$0 in sable-neoforge.mixins.json:entity.entity_swimming.EntityMixin from mod sable
[15:55:19] [main/DEBUG] [mixin/]: Renaming synthetic method lambda$updateFluidHeightAndDoFluidPushing$1(Ljava/lang/Object;)Ldev/ryanhcode/sable/neoforge/mixinhelper/entity/SableInterimCalculation; to md2dbef1$sable$lambda$updateFluidHeightAndDoFluidPushing$1$1 in sable-neoforge.mixins.json:entity.entity_swimming.EntityMixin from mod sable
[15:55:19] [main/DEBUG] [mixin/]: Renaming synthetic method lambda$updateFluidHeightAndDoFluidPushing$0(Ljava/lang/Object;)Ldev/ryanhcode/sable/neoforge/mixinhelper/entity/SableInterimCalculation; to md2dbef1$sable$lambda$updateFluidHeightAndDoFluidPushing$0$2 in sable-neoforge.mixins.json:entity.entity_swimming.EntityMixin from mod sable
[15:55:19] [main/DEBUG] [mixin/]: Mixing clip_overwrite.EntityMixin from sable.mixins.json into net.minecraft.world.entity.Entity
[15:55:19] [main/DEBUG] [mixin/]: Mixing death_message.EntityMixin from sable.mixins.json into net.minecraft.world.entity.Entity
[15:55:19] [main/DEBUG] [mixin/]: Mixing entity.entities_in_blocks.EntityMixin from sable.mixins.json into net.minecraft.world.entity.Entity
[15:55:19] [main/DEBUG] [mixin/]: Mixing entity.entities_stick_sublevels.EntityMixin from sable.mixins.json into net.minecraft.world.entity.Entity
[15:55:19] [main/DEBUG] [mixin/]: Mixing entity.entities_stick_sublevels.effects.EntityMixin from sable.mixins.json into net.minecraft.world.entity.Entity
[15:55:19] [main/DEBUG] [mixin/]: Mixing entity.entity_collision.EntityMixin from sable.mixins.json into net.minecraft.world.entity.Entity
[15:55:19] [main/DEBUG] [mixin/]: Mixing entity.entity_rotations_and_riding.EntityMixin from sable.mixins.json into net.minecraft.world.entity.Entity
[15:55:19] [main/DEBUG] [mixin/]: Mixing extension.EntityMixin from sable.mixins.json into net.minecraft.world.entity.Entity
[15:55:19] [main/DEBUG] [mixin/]: Mixing interaction_distance.EntityMixin from sable.mixins.json into net.minecraft.world.entity.Entity
[15:55:19] [main/DEBUG] [mixin/]: Mixing portal.EntityMixin from sable.mixins.json into net.minecraft.world.entity.Entity
[15:55:19] [main/DEBUG] [mixin/]: Mixing tracking_points.EntityMixin from sable.mixins.json into net.minecraft.world.entity.Entity
[15:55:19] [main/DEBUG] [mixin/]: Mixing water_occlusion.EntityMixin from sable.mixins.json into net.minecraft.world.entity.Entity
[15:55:19] [main/DEBUG] [mixin/]: Mixing entity.entity_sublevel_collision.EntityMixin from sable.mixins.json into net.minecraft.world.entity.Entity
[15:55:19] [main/DEBUG] [mixin/]: sable-neoforge.mixins.json:entity.entity_swimming.EntityMixin from mod sable->@Inject::sable$subLevelFluidOnEyes(Lorg/spongepowered/asm/mixin/injection/callback/CallbackInfo;)V doesn't use it's CallbackInfo
[15:55:19] [main/DEBUG] [mixin/]: sable-neoforge.mixins.json:entity.entity_swimming.EntityMixin from mod sable->@Inject::sable$subLevelFluidOnEyes(Lorg/spongepowered/asm/mixin/injection/callback/CallbackInfo;)V has 0 override(s) in child classes
[15:55:19] [main/DEBUG] [mixin/]: sable-neoforge.mixins.json:entity.entity_swimming.EntityMixin from mod sable->@Inject::sable$subLevelFluidOnEyes(Lorg/spongepowered/asm/mixin/injection/callback/CallbackInfo;)V won't be passed a CallbackInfo as a result
[15:55:19] [main/DEBUG] [mixin/]: sable.mixins.json:death_message.EntityMixin from mod sable->@Inject::sable$updateLastSubLevelId(Lorg/spongepowered/asm/mixin/injection/callback/CallbackInfo;)V doesn't use it's CallbackInfo
[15:55:19] [main/DEBUG] [mixin/]: sable.mixins.json:death_message.EntityMixin from mod sable->@Inject::sable$updateLastSubLevelId(Lorg/spongepowered/asm/mixin/injection/callback/CallbackInfo;)V has 0 override(s) in child classes
[15:55:19] [main/DEBUG] [mixin/]: sable.mixins.json:death_message.EntityMixin from mod sable->@Inject::sable$updateLastSubLevelId(Lorg/spongepowered/asm/mixin/injection/callback/CallbackInfo;)V won't be passed a CallbackInfo as a result
[15:55:19] [main/DEBUG] [mixin/]: sable.mixins.json:entity.entities_in_blocks.EntityMixin from mod sable->@Inject::checkInsideBlocks(Lorg/spongepowered/asm/mixin/injection/callback/CallbackInfo;)V doesn't use it's CallbackInfo
[15:55:19] [main/DEBUG] [mixin/]: sable.mixins.json:entity.entities_in_blocks.EntityMixin from mod sable->@Inject::checkInsideBlocks(Lorg/spongepowered/asm/mixin/injection/callback/CallbackInfo;)V has 0 override(s) in child classes
[15:55:19] [main/DEBUG] [mixin/]: sable.mixins.json:entity.entities_in_blocks.EntityMixin from mod sable->@Inject::checkInsideBlocks(Lorg/spongepowered/asm/mixin/injection/callback/CallbackInfo;)V won't be passed a CallbackInfo as a result
[15:55:19] [main/DEBUG] [mixin/]: sable.mixins.json:entity.entities_stick_sublevels.EntityMixin from mod sable->@Inject::sable$updateSubLevelPosition(Lorg/spongepowered/asm/mixin/injection/callback/CallbackInfo;)V doesn't use it's CallbackInfo
[15:55:19] [main/DEBUG] [mixin/]: sable.mixins.json:entity.entities_stick_sublevels.EntityMixin from mod sable->@Inject::sable$updateSubLevelPosition(Lorg/spongepowered/asm/mixin/injection/callback/CallbackInfo;)V has 0 override(s) in child classes
[15:55:19] [main/DEBUG] [mixin/]: sable.mixins.json:entity.entities_stick_sublevels.EntityMixin from mod sable->@Inject::sable$updateSubLevelPosition(Lorg/spongepowered/asm/mixin/injection/callback/CallbackInfo;)V won't be passed a CallbackInfo as a result
[15:55:19] [main/DEBUG] [mixin/]: sable.mixins.json:entity.entities_stick_sublevels.EntityMixin from mod sable->@Inject::sable$recreateFromPacket(Lnet/minecraft/network/protocol/game/ClientboundAddEntityPacket;Lorg/spongepowered/asm/mixin/injection/callback/CallbackInfo;)V doesn't use it's CallbackInfo
[15:55:19] [main/DEBUG] [mixin/]: sable.mixins.json:entity.entities_stick_sublevels.EntityMixin from mod sable->@Inject::sable$recreateFromPacket(Lnet/minecraft/network/protocol/game/ClientboundAddEntityPacket;Lorg/spongepowered/asm/mixin/injection/callback/CallbackInfo;)V has 0 override(s) in child classes
[15:55:19] [main/DEBUG] [mixin/]: sable.mixins.json:entity.entities_stick_sublevels.EntityMixin from mod sable->@Inject::sable$recreateFromPacket(Lnet/minecraft/network/protocol/game/ClientboundAddEntityPacket;Lorg/spongepowered/asm/mixin/injection/callback/CallbackInfo;)V won't be passed a CallbackInfo as a result
[15:55:19] [main/DEBUG] [mixin/]: sable.mixins.json:entity.entities_stick_sublevels.effects.EntityMixin from mod sable->@Inject::sable$spawnSprintParticle(Lorg/spongepowered/asm/mixin/injection/callback/CallbackInfo;)V doesn't use it's CallbackInfo
[15:55:19] [main/DEBUG] [mixin/]: sable.mixins.json:entity.entities_stick_sublevels.effects.EntityMixin from mod sable->@Inject::sable$spawnSprintParticle(Lorg/spongepowered/asm/mixin/injection/callback/CallbackInfo;)V has 0 override(s) in child classes
[15:55:19] [main/DEBUG] [mixin/]: sable.mixins.json:entity.entities_stick_sublevels.effects.EntityMixin from mod sable->@Inject::sable$spawnSprintParticle(Lorg/spongepowered/asm/mixin/injection/callback/CallbackInfo;)V won't be passed a CallbackInfo as a result
[15:55:19] [main/DEBUG] [mixin/]: sable.mixins.json:entity.entities_stick_sublevels.effects.EntityMixin from mod sable->@Inject::sable$preGetOnPos(FLorg/spongepowered/asm/mixin/injection/callback/CallbackInfoReturnable;)V does use it's CallbackInfoReturnable
[15:55:19] [main/DEBUG] [mixin/]: sable.mixins.json:entity.entity_rotations_and_riding.EntityMixin from mod sable->@Inject::moveRelative(FLnet/minecraft/world/phys/Vec3;Lorg/spongepowered/asm/mixin/injection/callback/CallbackInfo;)V does use it's CallbackInfo
[15:55:19] [main/DEBUG] [mixin/]: sable.mixins.json:entity.entity_rotations_and_riding.EntityMixin from mod sable->@Inject::sable$onRidingTick(Lorg/spongepowered/asm/mixin/injection/callback/CallbackInfo;)V doesn't use it's CallbackInfo
[15:55:19] [main/DEBUG] [mixin/]: sable.mixins.json:entity.entity_rotations_and_riding.EntityMixin from mod sable->@Inject::sable$onRidingTick(Lorg/spongepowered/asm/mixin/injection/callback/CallbackInfo;)V has 0 override(s) in child classes
[15:55:19] [main/DEBUG] [mixin/]: sable.mixins.json:entity.entity_rotations_and_riding.EntityMixin from mod sable->@Inject::sable$onRidingTick(Lorg/spongepowered/asm/mixin/injection/callback/CallbackInfo;)V won't be passed a CallbackInfo as a result
[15:55:19] [main/DEBUG] [mixin/]: sable.mixins.json:entity.entity_rotations_and_riding.EntityMixin from mod sable->@Inject::sable$onPositionRider(Lnet/minecraft/world/entity/Entity;Lorg/spongepowered/asm/mixin/injection/callback/CallbackInfo;)V doesn't use it's CallbackInfo
[15:55:19] [main/DEBUG] [mixin/]: sable.mixins.json:entity.entity_rotations_and_riding.EntityMixin from mod sable->@Inject::sable$onPositionRider(Lnet/minecraft/world/entity/Entity;Lorg/spongepowered/asm/mixin/injection/callback/CallbackInfo;)V has 0 override(s) in child classes
[15:55:19] [main/DEBUG] [mixin/]: sable.mixins.json:entity.entity_rotations_and_riding.EntityMixin from mod sable->@Inject::sable$onPositionRider(Lnet/minecraft/world/entity/Entity;Lorg/spongepowered/asm/mixin/injection/callback/CallbackInfo;)V won't be passed a CallbackInfo as a result
[15:55:19] [main/DEBUG] [mixin/]: sable.mixins.json:tracking_points.EntityMixin from mod sable->@Inject::sable$load(Lnet/minecraft/nbt/CompoundTag;Lorg/spongepowered/asm/mixin/injection/callback/CallbackInfo;)V doesn't use it's CallbackInfo
[15:55:19] [main/DEBUG] [mixin/]: sable.mixins.json:tracking_points.EntityMixin from mod sable->@Inject::sable$load(Lnet/minecraft/nbt/CompoundTag;Lorg/spongepowered/asm/mixin/injection/callback/CallbackInfo;)V has 0 override(s) in child classes
[15:55:19] [main/DEBUG] [mixin/]: sable.mixins.json:tracking_points.EntityMixin from mod sable->@Inject::sable$load(Lnet/minecraft/nbt/CompoundTag;Lorg/spongepowered/asm/mixin/injection/callback/CallbackInfo;)V won't be passed a CallbackInfo as a result
[15:55:19] [main/DEBUG] [mixin/]: sable.mixins.json:water_occlusion.EntityMixin from mod sable->@Inject::sable$updateFluidHeightAndDoFluidPushing(Lnet/minecraft/tags/TagKey;DLorg/spongepowered/asm/mixin/injection/callback/CallbackInfoReturnable;)V does use it's CallbackInfoReturnable
[15:55:19] [main/DEBUG] [mixin/]: sable.mixins.json:entity.entity_sublevel_collision.EntityMixin from mod sable->@Inject::sable$moveInject(Lnet/minecraft/world/entity/MoverType;Lnet/minecraft/world/phys/Vec3;Lorg/spongepowered/asm/mixin/injection/callback/CallbackInfo;)V doesn't use it's CallbackInfo
[15:55:19] [main/DEBUG] [mixin/]: sable.mixins.json:entity.entity_sublevel_collision.EntityMixin from mod sable->@Inject::sable$moveInject(Lnet/minecraft/world/entity/MoverType;Lnet/minecraft/world/phys/Vec3;Lorg/spongepowered/asm/mixin/injection/callback/CallbackInfo;)V has 0 override(s) in child classes
[15:55:19] [main/DEBUG] [mixin/]: sable.mixins.json:entity.entity_sublevel_collision.EntityMixin from mod sable->@Inject::sable$moveInject(Lnet/minecraft/world/entity/MoverType;Lnet/minecraft/world/phys/Vec3;Lorg/spongepowered/asm/mixin/injection/callback/CallbackInfo;)V won't be passed a CallbackInfo as a result
[15:55:19] [main/DEBUG] [mixin/]: sable.mixins.json:entity.entity_sublevel_collision.EntityMixin from mod sable->@Inject::sable$tickInject(Lorg/spongepowered/asm/mixin/injection/callback/CallbackInfo;)V doesn't use it's CallbackInfo
[15:55:19] [main/DEBUG] [mixin/]: sable.mixins.json:entity.entity_sublevel_collision.EntityMixin from mod sable->@Inject::sable$tickInject(Lorg/spongepowered/asm/mixin/injection/callback/CallbackInfo;)V has 0 override(s) in child classes
[15:55:19] [main/DEBUG] [mixin/]: sable.mixins.json:entity.entity_sublevel_collision.EntityMixin from mod sable->@Inject::sable$tickInject(Lorg/spongepowered/asm/mixin/injection/callback/CallbackInfo;)V won't be passed a CallbackInfo as a result
[15:55:19] [main/DEBUG] [mixin/]: Mixing PlayerReachScaleMixin from sablescale.mixins.json into net.minecraft.world.entity.player.Player
[15:55:19] [main/DEBUG] [mixin/]: Mixing entity.entity_rotations_and_riding.PlayerMixin from sable.mixins.json into net.minecraft.world.entity.player.Player
[15:55:19] [main/DEBUG] [mixin/]: Mixing entity.entity_sublevel_collision.PlayerMixin from sable.mixins.json into net.minecraft.world.entity.player.Player
[15:55:19] [main/DEBUG] [mixin/]: Mixing interaction_distance.PlayerMixin from sable.mixins.json into net.minecraft.world.entity.player.Player
[15:55:19] [main/DEBUG] [mixin/]: Mixing player_freezing.PlayerMixin from sable.mixins.json into net.minecraft.world.entity.player.Player
[15:55:19] [main/DEBUG] [mixin/]: sablescale.mixins.json:PlayerReachScaleMixin from mod sablescale->@Inject::sablescale$scaledReach(Lnet/minecraft/core/BlockPos;DLorg/spongepowered/asm/mixin/injection/callback/CallbackInfoReturnable;)V does use it's CallbackInfoReturnable
[15:55:19] [main/DEBUG] [mixin/]: sable.mixins.json:entity.entity_rotations_and_riding.PlayerMixin from mod sable->@Inject::sable$storeUpDeltaMovement(Lnet/minecraft/world/phys/Vec3;Lorg/spongepowered/asm/mixin/injection/callback/CallbackInfo;)V doesn't use it's CallbackInfo
[15:55:19] [main/DEBUG] [mixin/]: sable.mixins.json:entity.entity_rotations_and_riding.PlayerMixin from mod sable->@Inject::sable$storeUpDeltaMovement(Lnet/minecraft/world/phys/Vec3;Lorg/spongepowered/asm/mixin/injection/callback/CallbackInfo;)V has 0 override(s) in child classes
[15:55:19] [main/DEBUG] [mixin/]: sable.mixins.json:entity.entity_rotations_and_riding.PlayerMixin from mod sable->@Inject::sable$storeUpDeltaMovement(Lnet/minecraft/world/phys/Vec3;Lorg/spongepowered/asm/mixin/injection/callback/CallbackInfo;)V won't be passed a CallbackInfo as a result
[15:55:19] [main/DEBUG] [mixin/]: sable.mixins.json:entity.entity_sublevel_collision.PlayerMixin from mod sable->@Inject::sable$maybeBackOffFromEdge(Lnet/minecraft/world/phys/Vec3;Lnet/minecraft/world/entity/MoverType;Lorg/spongepowered/asm/mixin/injection/callback/CallbackInfoReturnable;)V does use it's CallbackInfoReturnable
[15:55:19] [main/DEBUG] [mixin/]: sable.mixins.json:interaction_distance.PlayerMixin from mod sable->@Inject::sable$canInteractWithBlock(Lnet/minecraft/core/BlockPos;DLorg/spongepowered/asm/mixin/injection/callback/CallbackInfoReturnable;)V does use it's CallbackInfoReturnable
[15:55:19] [main/DEBUG] [mixin/]: sable.mixins.json:interaction_distance.PlayerMixin from mod sable->@Inject::sable$canInteractWithEntity(Lnet/minecraft/world/phys/AABB;DLorg/spongepowered/asm/mixin/injection/callback/CallbackInfoReturnable;)V does use it's CallbackInfoReturnable
[15:55:19] [main/DEBUG] [mixin/]: sable.mixins.json:player_freezing.PlayerMixin from mod sable->@Inject::sable$preFrozenTick(Lorg/spongepowered/asm/mixin/injection/callback/CallbackInfo;)V doesn't use it's CallbackInfo
[15:55:19] [main/DEBUG] [mixin/]: sable.mixins.json:player_freezing.PlayerMixin from mod sable->@Inject::sable$preFrozenTick(Lorg/spongepowered/asm/mixin/injection/callback/CallbackInfo;)V has 0 override(s) in child classes
[15:55:19] [main/DEBUG] [mixin/]: sable.mixins.json:player_freezing.PlayerMixin from mod sable->@Inject::sable$preFrozenTick(Lorg/spongepowered/asm/mixin/injection/callback/CallbackInfo;)V won't be passed a CallbackInfo as a result
[15:55:19] [main/DEBUG] [mixin/]: Mixing climbing_sub_levels.LivingEntityMixin from sable.mixins.json into net.minecraft.world.entity.LivingEntity
[15:55:19] [main/DEBUG] [mixin/]: Mixing entity.entities_stick_sublevels.LivingEntityMixin from sable.mixins.json into net.minecraft.world.entity.LivingEntity
[15:55:19] [main/DEBUG] [mixin/]: Mixing entity.entities_stick_sublevels.effects.LivingEntityMixin from sable.mixins.json into net.minecraft.world.entity.LivingEntity
[15:55:19] [main/DEBUG] [mixin/]: Mixing entity.entity_rotations_and_riding.LivingEntityMixin from sable.mixins.json into net.minecraft.world.entity.LivingEntity
[15:55:19] [main/DEBUG] [mixin/]: Mixing entity.entity_sublevel_collision.LivingEntityMixin from sable.mixins.json into net.minecraft.world.entity.LivingEntity
[15:55:19] [main/DEBUG] [mixin/]: Mixing respawn_point.sleeping.LivingEntityMixin from sable.mixins.json into net.minecraft.world.entity.LivingEntity
[15:55:19] [main/DEBUG] [mixin/]: Mixing entities_stick_sublevels.effects.LivingEntityMixin from sable-neoforge.mixins.json into net.minecraft.world.entity.LivingEntity
[15:55:19] [main/DEBUG] [mixin/]: sable.mixins.json:entity.entities_stick_sublevels.LivingEntityMixin from mod sable->@Inject::sable$updateRotLerp(Lorg/spongepowered/asm/mixin/injection/callback/CallbackInfo;)V doesn't use it's CallbackInfo
[15:55:19] [main/DEBUG] [mixin/]: sable.mixins.json:entity.entities_stick_sublevels.LivingEntityMixin from mod sable->@Inject::sable$updateRotLerp(Lorg/spongepowered/asm/mixin/injection/callback/CallbackInfo;)V has 0 override(s) in child classes
[15:55:19] [main/DEBUG] [mixin/]: sable.mixins.json:entity.entities_stick_sublevels.LivingEntityMixin from mod sable->@Inject::sable$updateRotLerp(Lorg/spongepowered/asm/mixin/injection/callback/CallbackInfo;)V won't be passed a CallbackInfo as a result
[15:55:19] [main/DEBUG] [mixin/]: sable.mixins.json:entity.entities_stick_sublevels.LivingEntityMixin from mod sable->@Inject::sable$updatePlotPosition(Lorg/spongepowered/asm/mixin/injection/callback/CallbackInfo;)V doesn't use it's CallbackInfo
[15:55:19] [main/DEBUG] [mixin/]: sable.mixins.json:entity.entities_stick_sublevels.LivingEntityMixin from mod sable->@Inject::sable$updatePlotPosition(Lorg/spongepowered/asm/mixin/injection/callback/CallbackInfo;)V has 0 override(s) in child classes
[15:55:19] [main/DEBUG] [mixin/]: sable.mixins.json:entity.entities_stick_sublevels.LivingEntityMixin from mod sable->@Inject::sable$updatePlotPosition(Lorg/spongepowered/asm/mixin/injection/callback/CallbackInfo;)V won't be passed a CallbackInfo as a result
[15:55:19] [main/DEBUG] [mixin/]: sable.mixins.json:entity.entities_stick_sublevels.LivingEntityMixin from mod sable->@Inject::sable$recreateFromPacket(Lnet/minecraft/network/protocol/game/ClientboundAddEntityPacket;Lorg/spongepowered/asm/mixin/injection/callback/CallbackInfo;)V doesn't use it's CallbackInfo
[15:55:19] [main/DEBUG] [mixin/]: sable.mixins.json:entity.entities_stick_sublevels.LivingEntityMixin from mod sable->@Inject::sable$recreateFromPacket(Lnet/minecraft/network/protocol/game/ClientboundAddEntityPacket;Lorg/spongepowered/asm/mixin/injection/callback/CallbackInfo;)V has 0 override(s) in child classes
[15:55:19] [main/DEBUG] [mixin/]: sable.mixins.json:entity.entities_stick_sublevels.LivingEntityMixin from mod sable->@Inject::sable$recreateFromPacket(Lnet/minecraft/network/protocol/game/ClientboundAddEntityPacket;Lorg/spongepowered/asm/mixin/injection/callback/CallbackInfo;)V won't be passed a CallbackInfo as a result
[15:55:19] [main/DEBUG] [mixin/]: sable.mixins.json:entity.entity_rotations_and_riding.LivingEntityMixin from mod sable->@Inject::sable$jumpFromGround(Lorg/spongepowered/asm/mixin/injection/callback/CallbackInfo;)V does use it's CallbackInfo
[15:55:19] [main/DEBUG] [mixin/]: sable.mixins.json:entity.entity_sublevel_collision.LivingEntityMixin from mod sable->@Inject::sable$beforeAnimation(Lnet/minecraft/world/phys/Vec3;Lorg/spongepowered/asm/mixin/injection/callback/CallbackInfo;)V doesn't use it's CallbackInfo
[15:55:19] [main/DEBUG] [mixin/]: sable.mixins.json:entity.entity_sublevel_collision.LivingEntityMixin from mod sable->@Inject::sable$beforeAnimation(Lnet/minecraft/world/phys/Vec3;Lorg/spongepowered/asm/mixin/injection/callback/CallbackInfo;)V has 0 override(s) in child classes
[15:55:19] [main/DEBUG] [mixin/]: sable.mixins.json:entity.entity_sublevel_collision.LivingEntityMixin from mod sable->@Inject::sable$beforeAnimation(Lnet/minecraft/world/phys/Vec3;Lorg/spongepowered/asm/mixin/injection/callback/CallbackInfo;)V won't be passed a CallbackInfo as a result
[15:55:19] [main/DEBUG] [mixin/]: sable-neoforge.mixins.json:entities_stick_sublevels.effects.LivingEntityMixin from mod sable->@Inject::playBlockFallSound(Lorg/spongepowered/asm/mixin/injection/callback/CallbackInfo;)V doesn't use it's CallbackInfo
[15:55:19] [main/DEBUG] [mixin/]: sable-neoforge.mixins.json:entities_stick_sublevels.effects.LivingEntityMixin from mod sable->@Inject::playBlockFallSound(Lorg/spongepowered/asm/mixin/injection/callback/CallbackInfo;)V has 0 override(s) in child classes
[15:55:19] [main/DEBUG] [mixin/]: sable-neoforge.mixins.json:entities_stick_sublevels.effects.LivingEntityMixin from mod sable->@Inject::playBlockFallSound(Lorg/spongepowered/asm/mixin/injection/callback/CallbackInfo;)V won't be passed a CallbackInfo as a result
[15:55:20] [main/DEBUG] [mixin/]: Mixing entity.entity_sublevel_collision.LevelMixin from sable.mixins.json into net.minecraft.world.level.Level
[15:55:20] [main/DEBUG] [mixin/]: Mixing world_border.LevelMixin from sable.mixins.json into net.minecraft.world.level.Level
[15:55:20] [main/DEBUG] [mixin/]: Mixing LevelFrameRemovalPreflightMixin from antikytheramechanism.mixins.json into net.minecraft.world.level.Level
[15:55:20] [main/DEBUG] [mixin/]: Mixing LevelMiniWorldEnvironmentMixin from antikytheramechanism.mixins.json into net.minecraft.world.level.Level
[15:55:20] [main/DEBUG] [mixin/]: sable.mixins.json:world_border.LevelMixin from mod sable->@Inject::sable$initializeWorldBorder(Lnet/minecraft/world/level/storage/WritableLevelData;Lnet/minecraft/resources/ResourceKey;Lnet/minecraft/core/RegistryAccess;Lnet/minecraft/core/Holder;Ljava/util/function/Supplier;ZZJILorg/spongepowered/asm/mixin/injection/callback/CallbackInfo;)V doesn't use it's CallbackInfo
[15:55:20] [main/DEBUG] [mixin/]: sable.mixins.json:world_border.LevelMixin from mod sable->@Inject::sable$initializeWorldBorder(Lnet/minecraft/world/level/storage/WritableLevelData;Lnet/minecraft/resources/ResourceKey;Lnet/minecraft/core/RegistryAccess;Lnet/minecraft/core/Holder;Ljava/util/function/Supplier;ZZJILorg/spongepowered/asm/mixin/injection/callback/CallbackInfo;)V has 0 override(s) in child classes
[15:55:20] [main/DEBUG] [mixin/]: sable.mixins.json:world_border.LevelMixin from mod sable->@Inject::sable$initializeWorldBorder(Lnet/minecraft/world/level/storage/WritableLevelData;Lnet/minecraft/resources/ResourceKey;Lnet/minecraft/core/RegistryAccess;Lnet/minecraft/core/Holder;Ljava/util/function/Supplier;ZZJILorg/spongepowered/asm/mixin/injection/callback/CallbackInfo;)V won't be passed a CallbackInfo as a result
[15:55:20] [main/DEBUG] [mixin/]: antikytheramechanism.mixins.json:LevelFrameRemovalPreflightMixin from mod antikytheramechanism->@Inject::antikytheramechanism$evacuateFrameBeforeChunkWrite(Lnet/minecraft/core/BlockPos;Lnet/minecraft/world/level/block/state/BlockState;IILorg/spongepowered/asm/mixin/injection/callback/CallbackInfoReturnable;)V does use it's CallbackInfoReturnable
[15:55:20] [main/DEBUG] [mixin/]: antikytheramechanism.mixins.json:LevelMiniWorldEnvironmentMixin from mod antikytheramechanism->@Inject::antikytheramechanism$projectParentEnvironment(Lnet/minecraft/core/BlockPos;Lorg/spongepowered/asm/mixin/injection/callback/CallbackInfoReturnable;)V does use it's CallbackInfoReturnable
[15:55:20] [main/DEBUG] [mixin/]: antikytheramechanism.mixins.json:LevelMiniWorldEnvironmentMixin from mod antikytheramechanism->@Inject::antikytheramechanism$refuseProjectedShellDestroy(Lnet/minecraft/core/BlockPos;ZLnet/minecraft/world/entity/Entity;ILorg/spongepowered/asm/mixin/injection/callback/CallbackInfoReturnable;)V does use it's CallbackInfoReturnable
[15:55:20] [main/DEBUG] [mixin/]: Mixing NetworkServerLevelMixin from veil.network.mixins.json into net.minecraft.server.level.ServerLevel
[15:55:20] [main/DEBUG] [mixin/]: Mixing block_decal_render.ServerLevelMixin from sable.mixins.json into net.minecraft.server.level.ServerLevel
[15:55:20] [main/DEBUG] [mixin/]: Mixing entity.entity_aabb_lookup.LevelsMixin from sable.mixins.json into net.minecraft.server.level.ServerLevel
[15:55:20] [main/ERROR] [ne.ne.fm.co.as.RuntimeDistCleaner/DISTXFORM]: Attempted to load class net/minecraft/client/multiplayer/ClientLevel for invalid dist DEDICATED_SERVER
[15:55:20] [main/WARN] [mixin/]: Error loading class: net/minecraft/client/multiplayer/ClientLevel (java.lang.RuntimeException: Attempted to load class net/minecraft/client/multiplayer/ClientLevel for invalid dist DEDICATED_SERVER)
[15:55:20] [main/DEBUG] [mixin/]: Mixing entity.entity_kicking.ServerLevelMixin from sable.mixins.json into net.minecraft.server.level.ServerLevel
[15:55:20] [main/DEBUG] [mixin/]: Mixing entity.server_entities_tick.ServerLevelMixin from sable.mixins.json into net.minecraft.server.level.ServerLevel
[15:55:20] [main/DEBUG] [mixin/]: Mixing explosion.ServerLevelMixin from sable.mixins.json into net.minecraft.server.level.ServerLevel
[15:55:20] [main/DEBUG] [mixin/]: Mixing particle.ServerLevelMixin from sable.mixins.json into net.minecraft.server.level.ServerLevel
[15:55:20] [main/DEBUG] [mixin/]: Mixing physics.ServerLevelMixin from sable.mixins.json into net.minecraft.server.level.ServerLevel
[15:55:20] [main/DEBUG] [mixin/]: Mixing plot.LevelsMixin from sable.mixins.json into net.minecraft.server.level.ServerLevel
[15:55:20] [main/ERROR] [ne.ne.fm.co.as.RuntimeDistCleaner/DISTXFORM]: Attempted to load class net/minecraft/client/multiplayer/ClientLevel for invalid dist DEDICATED_SERVER
[15:55:20] [main/WARN] [mixin/]: Error loading class: net/minecraft/client/multiplayer/ClientLevel (java.lang.RuntimeException: Attempted to load class net/minecraft/client/multiplayer/ClientLevel for invalid dist DEDICATED_SERVER)
[15:55:20] [main/DEBUG] [mixin/]: Mixing plot.ServerLevelMixin from sable.mixins.json into net.minecraft.server.level.ServerLevel
[15:55:20] [main/DEBUG] [mixin/]: Mixing water_occlusion.LevelsMixin from sable.mixins.json into net.minecraft.server.level.ServerLevel
[15:55:20] [main/ERROR] [ne.ne.fm.co.as.RuntimeDistCleaner/DISTXFORM]: Attempted to load class net/minecraft/client/multiplayer/ClientLevel for invalid dist DEDICATED_SERVER
[15:55:20] [main/WARN] [mixin/]: Error loading class: net/minecraft/client/multiplayer/ClientLevel (java.lang.RuntimeException: Attempted to load class net/minecraft/client/multiplayer/ClientLevel for invalid dist DEDICATED_SERVER)
[15:55:20] [main/DEBUG] [mixin/]: Mixing ServerLevelRedstoneBoundaryUpdateCenterMixin from antikytheramechanism.mixins.json into net.minecraft.server.level.ServerLevel
[15:55:20] [main/DEBUG] [mixin/]: sable.mixins.json:entity.entity_aabb_lookup.LevelsMixin from mod sable->@Inject::sable$postGetEntities(Lorg/spongepowered/asm/mixin/injection/callback/CallbackInfoReturnable;)V does use it's CallbackInfoReturnable
[15:55:20] [main/DEBUG] [mixin/]: sable.mixins.json:entity.entity_kicking.ServerLevelMixin from mod sable->@Inject::sable$kickEntity(Lnet/minecraft/world/entity/Entity;Lorg/spongepowered/asm/mixin/injection/callback/CallbackInfoReturnable;)V doesn't use it's CallbackInfoReturnable
[15:55:20] [main/DEBUG] [mixin/]: sable.mixins.json:entity.entity_kicking.ServerLevelMixin from mod sable->@Inject::sable$kickEntity(Lnet/minecraft/world/entity/Entity;Lorg/spongepowered/asm/mixin/injection/callback/CallbackInfoReturnable;)V has 0 override(s) in child classes
[15:55:20] [main/DEBUG] [mixin/]: sable.mixins.json:entity.entity_kicking.ServerLevelMixin from mod sable->@Inject::sable$kickEntity(Lnet/minecraft/world/entity/Entity;Lorg/spongepowered/asm/mixin/injection/callback/CallbackInfoReturnable;)V won't be passed a CallbackInfoReturnable as a result
[15:55:20] [main/DEBUG] [mixin/]: sable.mixins.json:plot.ServerLevelMixin from mod sable->@Inject::sable$init(Lorg/spongepowered/asm/mixin/injection/callback/CallbackInfo;)V doesn't use it's CallbackInfo
[15:55:20] [main/DEBUG] [mixin/]: sable.mixins.json:plot.ServerLevelMixin from mod sable->@Inject::sable$init(Lorg/spongepowered/asm/mixin/injection/callback/CallbackInfo;)V has 0 override(s) in child classes
[15:55:20] [main/DEBUG] [mixin/]: sable.mixins.json:plot.ServerLevelMixin from mod sable->@Inject::sable$init(Lorg/spongepowered/asm/mixin/injection/callback/CallbackInfo;)V won't be passed a CallbackInfo as a result
[15:55:20] [main/DEBUG] [mixin/]: sable.mixins.json:plot.ServerLevelMixin from mod sable->@Inject::sable$saveSubLevels(Lnet/minecraft/util/ProgressListener;ZZLorg/spongepowered/asm/mixin/injection/callback/CallbackInfo;)V doesn't use it's CallbackInfo
[15:55:20] [main/DEBUG] [mixin/]: sable.mixins.json:plot.ServerLevelMixin from mod sable->@Inject::sable$saveSubLevels(Lnet/minecraft/util/ProgressListener;ZZLorg/spongepowered/asm/mixin/injection/callback/CallbackInfo;)V has 0 override(s) in child classes
[15:55:20] [main/DEBUG] [mixin/]: sable.mixins.json:plot.ServerLevelMixin from mod sable->@Inject::sable$saveSubLevels(Lnet/minecraft/util/ProgressListener;ZZLorg/spongepowered/asm/mixin/injection/callback/CallbackInfo;)V won't be passed a CallbackInfo as a result
[15:55:20] [main/DEBUG] [mixin/]: sable.mixins.json:plot.ServerLevelMixin from mod sable->@Inject::sable$tickPlotContainer(Ljava/util/function/BooleanSupplier;Lorg/spongepowered/asm/mixin/injection/callback/CallbackInfo;)V doesn't use it's CallbackInfo
[15:55:20] [main/DEBUG] [mixin/]: sable.mixins.json:plot.ServerLevelMixin from mod sable->@Inject::sable$tickPlotContainer(Ljava/util/function/BooleanSupplier;Lorg/spongepowered/asm/mixin/injection/callback/CallbackInfo;)V has 0 override(s) in child classes
[15:55:20] [main/DEBUG] [mixin/]: sable.mixins.json:plot.ServerLevelMixin from mod sable->@Inject::sable$tickPlotContainer(Ljava/util/function/BooleanSupplier;Lorg/spongepowered/asm/mixin/injection/callback/CallbackInfo;)V won't be passed a CallbackInfo as a result
[15:55:20] [main/DEBUG] [mixin/]: sable.mixins.json:plot.ServerLevelMixin from mod sable->@Inject::sable$shouldTickBlocksAt(JLorg/spongepowered/asm/mixin/injection/callback/CallbackInfoReturnable;)V does use it's CallbackInfoReturnable
[15:55:20] [main/DEBUG] [mixin/]: sable.mixins.json:plot.ServerLevelMixin from mod sable->@Inject::sable$isNaturalSpawningAllowed(Lnet/minecraft/world/level/ChunkPos;Lorg/spongepowered/asm/mixin/injection/callback/CallbackInfoReturnable;)V does use it's CallbackInfoReturnable
[15:55:20] [main/DEBUG] [mixin/]: sable.mixins.json:plot.ServerLevelMixin from mod sable->@Inject::sable$close(Lorg/spongepowered/asm/mixin/injection/callback/CallbackInfo;)V doesn't use it's CallbackInfo
[15:55:20] [main/DEBUG] [mixin/]: sable.mixins.json:plot.ServerLevelMixin from mod sable->@Inject::sable$close(Lorg/spongepowered/asm/mixin/injection/callback/CallbackInfo;)V has 0 override(s) in child classes
[15:55:20] [main/DEBUG] [mixin/]: sable.mixins.json:plot.ServerLevelMixin from mod sable->@Inject::sable$close(Lorg/spongepowered/asm/mixin/injection/callback/CallbackInfo;)V won't be passed a CallbackInfo as a result
[15:55:20] [main/DEBUG] [mixin/]: antikytheramechanism.mixins.json:ServerLevelRedstoneBoundaryUpdateCenterMixin from mod antikytheramechanism->@Inject::antikytheramechanism$mirrorRedstoneBoundaryUpdateCenter(Lnet/minecraft/core/BlockPos;Lnet/minecraft/world/level/block/Block;Lorg/spongepowered/asm/mixin/injection/callback/CallbackInfo;)V doesn't use it's CallbackInfo
[15:55:20] [main/DEBUG] [mixin/]: antikytheramechanism.mixins.json:ServerLevelRedstoneBoundaryUpdateCenterMixin from mod antikytheramechanism->@Inject::antikytheramechanism$mirrorRedstoneBoundaryUpdateCenter(Lnet/minecraft/core/BlockPos;Lnet/minecraft/world/level/block/Block;Lorg/spongepowered/asm/mixin/injection/callback/CallbackInfo;)V has 0 override(s) in child classes
[15:55:20] [main/DEBUG] [mixin/]: antikytheramechanism.mixins.json:ServerLevelRedstoneBoundaryUpdateCenterMixin from mod antikytheramechanism->@Inject::antikytheramechanism$mirrorRedstoneBoundaryUpdateCenter(Lnet/minecraft/core/BlockPos;Lnet/minecraft/world/level/block/Block;Lorg/spongepowered/asm/mixin/injection/callback/CallbackInfo;)V won't be passed a CallbackInfo as a result
[15:55:20] [main/DEBUG] [mixin/]: Mixing entity.entity_sublevel_collision.ItemEntityMixin from sable.mixins.json into net.minecraft.world.entity.item.ItemEntity
[15:55:20] [main/DEBUG] [mixin/]: Mixing voxel_shape_iteration.DiscreteVoxelShapeAccessor from sable.mixins.json into net.minecraft.world.phys.shapes.DiscreteVoxelShape
[15:55:20] [main/DEBUG] [mixin/]: Mixing voxel_shape_iteration.BitSetDiscreteVoxelShapeAccessor from sable.mixins.json into net.minecraft.world.phys.shapes.BitSetDiscreteVoxelShape
[15:55:20] [main/DEBUG] [mixin/]: Mixing voxel_shape_iteration.VoxelShapeMixin from sable.mixins.json into net.minecraft.world.phys.shapes.VoxelShape
[15:55:20] [main/DEBUG] [mixin/]: Mixing DispenserBlockContextMixin from antikytheramechanism.mixins.json into net.minecraft.world.level.block.DispenserBlock
[15:55:20] [main/DEBUG] [mixin/]: Mixing impact.TntBlockMixin from sable.mixins.json into net.minecraft.world.level.block.TntBlock
[15:55:20] [main/DEBUG] [mixin/]: Mixing RedStoneWireBlockAccessor from antikytheramechanism.mixins.json into net.minecraft.world.level.block.RedStoneWireBlock
[15:55:20] [main/DEBUG] [mixin/]: Mixing portal.NetherPortalBlockMixin from sable.mixins.json into net.minecraft.world.level.block.NetherPortalBlock
[15:55:20] [main/DEBUG] [mixin/]: Mixing prevent_overgrowth.VineBlockMixin from sable.mixins.json into net.minecraft.world.level.block.VineBlock
[15:55:20] [main/DEBUG] [mixin/]: Mixing impact.BellBlockMixin from sable.mixins.json into net.minecraft.world.level.block.BellBlock
[15:55:20] [main/DEBUG] [mixin/]: Mixing impact.BeehiveBlockMixin from sable.mixins.json into net.minecraft.world.level.block.BeehiveBlock
[15:55:20] [main/DEBUG] [mixin/]: Mixing PistonBaseBlockMechanismFrameMixin from antikytheramechanism.mixins.json into net.minecraft.world.level.block.piston.PistonBaseBlock
[15:55:20] [main/DEBUG] [mixin/]: Mixing entity.entity_rotations_and_riding.EntityTypeMixin from sable.mixins.json into net.minecraft.world.entity.EntityType
[15:55:20] [main/DEBUG] [mixin/]: sable.mixins.json:entity.entity_rotations_and_riding.EntityTypeMixin from mod sable->@Inject::sable$startRidingEntity(Lnet/minecraft/nbt/CompoundTag;Lnet/minecraft/world/level/Level;Ljava/util/function/Function;Lnet/minecraft/world/entity/Entity;Lorg/spongepowered/asm/mixin/injection/callback/CallbackInfoReturnable;)V doesn't use it's CallbackInfoReturnable
[15:55:20] [main/DEBUG] [mixin/]: Mixing water_occlusion.WaterFluidMixin from sable.mixins.json into net.minecraft.world.level.material.WaterFluid
[15:55:20] [main/DEBUG] [mixin/]: Mixing fluids_on_sub_levels.FlowingFluidMixin from sable.mixins.json into net.minecraft.world.level.material.FlowingFluid
[15:55:20] [main/DEBUG] [mixin/]: sable.mixins.json:fluids_on_sub_levels.FlowingFluidMixin from mod sable->@Inject::sable$canSpreadTo(Lnet/minecraft/world/level/BlockGetter;Lnet/minecraft/core/BlockPos;Lnet/minecraft/world/level/block/state/BlockState;Lnet/minecraft/core/Direction;Lnet/minecraft/core/BlockPos;Lnet/minecraft/world/level/block/state/BlockState;Lnet/minecraft/world/level/material/FluidState;Lnet/minecraft/world/level/material/Fluid;Lorg/spongepowered/asm/mixin/injection/callback/CallbackInfoReturnable;)V does use it's CallbackInfoReturnable
[15:55:20] [main/DEBUG] [mixin/]: Mixing entity.falling_block.FallingBlockEntityMixin from sable.mixins.json into net.minecraft.world.entity.item.FallingBlockEntity
[15:55:20] [main/DEBUG] [mixin/]: sable.mixins.json:entity.falling_block.FallingBlockEntityMixin from mod sable->@Inject::sable$beforeOnGroundCheck(Lorg/spongepowered/asm/mixin/injection/callback/CallbackInfo;)V doesn't use it's CallbackInfo
[15:55:20] [main/DEBUG] [mixin/]: sable.mixins.json:entity.falling_block.FallingBlockEntityMixin from mod sable->@Inject::sable$beforeOnGroundCheck(Lorg/spongepowered/asm/mixin/injection/callback/CallbackInfo;)V has 0 override(s) in child classes
[15:55:20] [main/DEBUG] [mixin/]: sable.mixins.json:entity.falling_block.FallingBlockEntityMixin from mod sable->@Inject::sable$beforeOnGroundCheck(Lorg/spongepowered/asm/mixin/injection/callback/CallbackInfo;)V won't be passed a CallbackInfo as a result
[15:55:20] [main/DEBUG] [mixin/]: Mixing PistonMovingBlockEntityAssemblyMixin from antikytheramechanism.mixins.json into net.minecraft.world.level.block.piston.PistonMovingBlockEntity
[15:55:20] [main/DEBUG] [mixin/]: antikytheramechanism.mixins.json:PistonMovingBlockEntityAssemblyMixin from mod antikytheramechanism->@Inject::antikytheramechanism$followAssemblyPose(Lnet/minecraft/world/level/Level;Lnet/minecraft/core/BlockPos;Lnet/minecraft/world/level/block/state/BlockState;Lnet/minecraft/world/level/block/piston/PistonMovingBlockEntity;Lorg/spongepowered/asm/mixin/injection/callback/CallbackInfo;)V doesn't use it's CallbackInfo
[15:55:20] [main/DEBUG] [mixin/]: antikytheramechanism.mixins.json:PistonMovingBlockEntityAssemblyMixin from mod antikytheramechanism->@Inject::antikytheramechanism$finishInterruptedCarrier(Lorg/spongepowered/asm/mixin/injection/callback/CallbackInfo;)V doesn't use it's CallbackInfo
[15:55:20] [main/DEBUG] [mixin/]: antikytheramechanism.mixins.json:PistonMovingBlockEntityAssemblyMixin from mod antikytheramechanism->@Inject::antikytheramechanism$finishInterruptedCarrier(Lorg/spongepowered/asm/mixin/injection/callback/CallbackInfo;)V has 0 override(s) in child classes
[15:55:20] [main/DEBUG] [mixin/]: antikytheramechanism.mixins.json:PistonMovingBlockEntityAssemblyMixin from mod antikytheramechanism->@Inject::antikytheramechanism$finishInterruptedCarrier(Lorg/spongepowered/asm/mixin/injection/callback/CallbackInfo;)V won't be passed a CallbackInfo as a result
[15:55:20] [main/DEBUG] [mixin/]: Mixing entity.sublevels_block_sky.SubLevelsBlockSkyMixin from sable.mixins.json into net.minecraft.world.entity.Mob
[15:55:20] [main/DEBUG] [mixin/]: Mixing entity.entity_leashing.LeashableMixin from sable.mixins.json into net.minecraft.world.entity.Leashable
[15:55:21] [main/DEBUG] [mixin/]: Mixing entity.tnt_jumps.PrimedTntMixin from sable.mixins.json into net.minecraft.world.entity.item.PrimedTnt
[15:55:21] [main/DEBUG] [mixin/]: sable.mixins.json:entity.tnt_jumps.PrimedTntMixin from mod sable->@Inject::sable$setTntJump(Lnet/minecraft/world/level/Level;DDDLnet/minecraft/world/entity/LivingEntity;Lorg/spongepowered/asm/mixin/injection/callback/CallbackInfo;)V doesn't use it's CallbackInfo
[15:55:21] [main/DEBUG] [mixin/]: sable.mixins.json:entity.tnt_jumps.PrimedTntMixin from mod sable->@Inject::sable$setTntJump(Lnet/minecraft/world/level/Level;DDDLnet/minecraft/world/entity/LivingEntity;Lorg/spongepowered/asm/mixin/injection/callback/CallbackInfo;)V has 0 override(s) in child classes
[15:55:21] [main/DEBUG] [mixin/]: sable.mixins.json:entity.tnt_jumps.PrimedTntMixin from mod sable->@Inject::sable$setTntJump(Lnet/minecraft/world/level/Level;DDDLnet/minecraft/world/entity/LivingEntity;Lorg/spongepowered/asm/mixin/injection/callback/CallbackInfo;)V won't be passed a CallbackInfo as a result
[15:55:21] [main/DEBUG] [mixin/]: Mixing BlockEntityTypeAccessor from neoforge.mixins.json into net.minecraft.world.level.block.entity.BlockEntityType
[15:55:21] [main/DEBUG] [mixin/]: Mixing assembly.AbstractFurnaceBlockEntityMixin from sable.mixins.json into net.minecraft.world.level.block.entity.AbstractFurnaceBlockEntity
[15:55:21] [main/DEBUG] [mixin/]: Mixing sign_interaction.SignBlockEntityMixin from sable.mixins.json into net.minecraft.world.level.block.entity.SignBlockEntity
[15:55:21] [main/DEBUG] [mixin/]: Mixing entity.arrows_hit_blocks.AbstractArrowMixin from sable.mixins.json into net.minecraft.world.entity.projectile.AbstractArrow
[15:55:21] [main/DEBUG] [mixin/]: sable.mixins.json:entity.arrows_hit_blocks.AbstractArrowMixin from mod sable->@Inject::sable$startFalling(Lorg/spongepowered/asm/mixin/injection/callback/CallbackInfo;)V doesn't use it's CallbackInfo
[15:55:21] [main/DEBUG] [mixin/]: sable.mixins.json:entity.arrows_hit_blocks.AbstractArrowMixin from mod sable->@Inject::sable$startFalling(Lorg/spongepowered/asm/mixin/injection/callback/CallbackInfo;)V has 0 override(s) in child classes
[15:55:21] [main/DEBUG] [mixin/]: sable.mixins.json:entity.arrows_hit_blocks.AbstractArrowMixin from mod sable->@Inject::sable$startFalling(Lorg/spongepowered/asm/mixin/injection/callback/CallbackInfo;)V won't be passed a CallbackInfo as a result
[15:55:21] [main/DEBUG] [mixin/]: Mixing entity.projectile.ProjectileMixin from sable.mixins.json into net.minecraft.world.entity.projectile.Projectile
[15:55:21] [main/DEBUG] [mixin/]: sable.mixins.json:entity.projectile.ProjectileMixin from mod sable->@Inject::sable$shootFromRotation(Lnet/minecraft/world/entity/Entity;FFFFFLorg/spongepowered/asm/mixin/injection/callback/CallbackInfo;)V doesn't use it's CallbackInfo
[15:55:21] [main/DEBUG] [mixin/]: sable.mixins.json:entity.projectile.ProjectileMixin from mod sable->@Inject::sable$shootFromRotation(Lnet/minecraft/world/entity/Entity;FFFFFLorg/spongepowered/asm/mixin/injection/callback/CallbackInfo;)V has 0 override(s) in child classes
[15:55:21] [main/DEBUG] [mixin/]: sable.mixins.json:entity.projectile.ProjectileMixin from mod sable->@Inject::sable$shootFromRotation(Lnet/minecraft/world/entity/Entity;FFFFFLorg/spongepowered/asm/mixin/injection/callback/CallbackInfo;)V won't be passed a CallbackInfo as a result
[15:55:21] [main/DEBUG] [mixin/]: Mixing enchanting_table.EnchantingTableBlockEntityMixin from sable.mixins.json into net.minecraft.world.level.block.entity.EnchantingTableBlockEntity
[15:55:21] [main/DEBUG] [mixin/]: Mixing ItemStackMiniPlacementMixin from antikytheramechanism.mixins.json into net.minecraft.world.item.ItemStack
[15:55:21] [main/DEBUG] [mixin/]: Renaming synthetic method lambda$runTrackedBlockUse$4(Lnet/minecraft/world/item/BlockItem;Lnet/minecraft/world/item/context/UseOnContext;Lnet/minecraft/world/item/context/BlockPlaceContext;)Lnet/minecraft/world/InteractionResult; to md2dbef1$antikytheramechanism$lambda$runTrackedBlockUse$4$0 in antikytheramechanism.mixins.json:ItemStackMiniPlacementMixin from mod antikytheramechanism
[15:55:21] [main/DEBUG] [mixin/]: Renaming synthetic method lambda$runTrackedBlockUse$3(Lnet/minecraft/world/item/BlockItem;Lnet/minecraft/world/item/context/UseOnContext;Lnet/minecraft/world/item/context/BlockPlaceContext;)Lnet/minecraft/world/InteractionResult; to md2dbef1$antikytheramechanism$lambda$runTrackedBlockUse$3$1 in antikytheramechanism.mixins.json:ItemStackMiniPlacementMixin from mod antikytheramechanism
[15:55:21] [main/DEBUG] [mixin/]: Renaming synthetic method lambda$antikytheramechanism$trackPlacementHelpers$2(Lcom/llamalad7/mixinextras/injector/wrapoperation/Operation;Lnet/minecraft/world/item/context/UseOnContext;)Lnet/minecraft/world/InteractionResult; to md2dbef1$antikytheramechanism$lambda$antikytheramechanism$trackPlacementHelpers$2$2 in antikytheramechanism.mixins.json:ItemStackMiniPlacementMixin from mod antikytheramechanism
[15:55:21] [main/DEBUG] [mixin/]: Renaming synthetic method lambda$antikytheramechanism$routeAndTrackMiniPlacement$1(Lnet/minecraft/world/item/context/UseOnContext;Lcom/llamalad7/mixinextras/injector/wrapoperation/Operation;Lnet/minecraft/world/item/BlockItem;)Lnet/minecraft/world/InteractionResult; to md2dbef1$antikytheramechanism$lambda$antikytheramechanism$routeAndTrackMiniPlacement$1$3 in antikytheramechanism.mixins.json:ItemStackMiniPlacementMixin from mod antikytheramechanism
[15:55:21] [main/DEBUG] [mixin/]: Renaming synthetic method lambda$antikytheramechanism$routeAndTrackMiniPlacement$0(Lnet/minecraft/world/item/BlockItem;Lnet/minecraft/world/item/context/UseOnContext;)Lnet/minecraft/world/InteractionResult; to md2dbef1$antikytheramechanism$lambda$antikytheramechanism$routeAndTrackMiniPlacement$0$4 in antikytheramechanism.mixins.json:ItemStackMiniPlacementMixin from mod antikytheramechanism
[15:55:21] [main/DEBUG] [mixin/]: Mixing prevent_freezing.BiomeMixin from sable.mixins.json into net.minecraft.world.level.biome.Biome
[15:55:21] [main/DEBUG] [mixin/]: Renaming synthetic method lambda$sable$preventFreezing$0(Lnet/minecraft/world/level/Level;Lnet/minecraft/core/BlockPos;)Z to md2dbef1$sable$lambda$sable$preventFreezing$0$0 in sable.mixins.json:prevent_freezing.BiomeMixin from mod sable
[15:55:21] [main/DEBUG] [mixin/]: Mixing entity.entity_collision.CollisionContextMixin from sable.mixins.json into net.minecraft.world.phys.shapes.CollisionContext
[15:55:21] [main/DEBUG] [mixin/]: Mixing NetworkServerPlayerMixin from veil.network.mixins.json into net.minecraft.server.level.ServerPlayer
[15:55:21] [main/DEBUG] [mixin/]: Mixing entity.entities_stick_sublevels.player.ServerPlayerMixin from sable.mixins.json into net.minecraft.server.level.ServerPlayer
[15:55:21] [main/DEBUG] [mixin/]: Mixing entity.entity_rotations_and_riding.ServerPlayerMixin from sable.mixins.json into net.minecraft.server.level.ServerPlayer
[15:55:21] [main/DEBUG] [mixin/]: Mixing entity.teleport_players.ServerPlayerMixin from sable.mixins.json into net.minecraft.server.level.ServerPlayer
[15:55:21] [main/DEBUG] [mixin/]: Mixing player_freezing.ServerPlayerMixin from sable.mixins.json into net.minecraft.server.level.ServerPlayer
[15:55:21] [main/DEBUG] [mixin/]: Mixing respawn_point.ServerPlayerMixin from sable.mixins.json into net.minecraft.server.level.ServerPlayer
[15:55:21] [main/DEBUG] [mixin/]: Mixing respawn_point.sleeping.ServerPlayerMixin from sable.mixins.json into net.minecraft.server.level.ServerPlayer
[15:55:21] [main/DEBUG] [mixin/]: Mixing tracking_points.ServerPlayerMixin from sable.mixins.json into net.minecraft.server.level.ServerPlayer
[15:55:21] [main/DEBUG] [mixin/]: sable.mixins.json:entity.entities_stick_sublevels.player.ServerPlayerMixin from mod sable->@Inject::tick(Lorg/spongepowered/asm/mixin/injection/callback/CallbackInfo;)V doesn't use it's CallbackInfo
[15:55:21] [main/DEBUG] [mixin/]: sable.mixins.json:entity.entities_stick_sublevels.player.ServerPlayerMixin from mod sable->@Inject::tick(Lorg/spongepowered/asm/mixin/injection/callback/CallbackInfo;)V has 0 override(s) in child classes
[15:55:21] [main/DEBUG] [mixin/]: sable.mixins.json:entity.entities_stick_sublevels.player.ServerPlayerMixin from mod sable->@Inject::tick(Lorg/spongepowered/asm/mixin/injection/callback/CallbackInfo;)V won't be passed a CallbackInfo as a result
[15:55:21] [main/DEBUG] [mixin/]: sable.mixins.json:player_freezing.ServerPlayerMixin from mod sable->@Inject::setSable$frozenToSubLevel(Lorg/spongepowered/asm/mixin/injection/callback/CallbackInfo;)V doesn't use it's CallbackInfo
[15:55:21] [main/DEBUG] [mixin/]: sable.mixins.json:player_freezing.ServerPlayerMixin from mod sable->@Inject::setSable$frozenToSubLevel(Lorg/spongepowered/asm/mixin/injection/callback/CallbackInfo;)V has 0 override(s) in child classes
[15:55:21] [main/DEBUG] [mixin/]: sable.mixins.json:player_freezing.ServerPlayerMixin from mod sable->@Inject::setSable$frozenToSubLevel(Lorg/spongepowered/asm/mixin/injection/callback/CallbackInfo;)V won't be passed a CallbackInfo as a result
[15:55:21] [main/DEBUG] [mixin/]: sable.mixins.json:respawn_point.ServerPlayerMixin from mod sable->@Inject::sable$setRespawnPosition(Lnet/minecraft/resources/ResourceKey;Lnet/minecraft/core/BlockPos;FZZLorg/spongepowered/asm/mixin/injection/callback/CallbackInfo;)V does use it's CallbackInfo
[15:55:21] [main/DEBUG] [mixin/]: sable.mixins.json:respawn_point.ServerPlayerMixin from mod sable->@Inject::sable$addRespawnPoint(Lnet/minecraft/nbt/CompoundTag;Lorg/spongepowered/asm/mixin/injection/callback/CallbackInfo;)V doesn't use it's CallbackInfo
[15:55:21] [main/DEBUG] [mixin/]: sable.mixins.json:respawn_point.ServerPlayerMixin from mod sable->@Inject::sable$addRespawnPoint(Lnet/minecraft/nbt/CompoundTag;Lorg/spongepowered/asm/mixin/injection/callback/CallbackInfo;)V has 0 override(s) in child classes
[15:55:21] [main/DEBUG] [mixin/]: sable.mixins.json:respawn_point.ServerPlayerMixin from mod sable->@Inject::sable$addRespawnPoint(Lnet/minecraft/nbt/CompoundTag;Lorg/spongepowered/asm/mixin/injection/callback/CallbackInfo;)V won't be passed a CallbackInfo as a result
[15:55:21] [main/DEBUG] [mixin/]: sable.mixins.json:respawn_point.ServerPlayerMixin from mod sable->@Inject::sable$readRespawnPoint(Lnet/minecraft/nbt/CompoundTag;Lorg/spongepowered/asm/mixin/injection/callback/CallbackInfo;)V doesn't use it's CallbackInfo
[15:55:21] [main/DEBUG] [mixin/]: sable.mixins.json:respawn_point.ServerPlayerMixin from mod sable->@Inject::sable$readRespawnPoint(Lnet/minecraft/nbt/CompoundTag;Lorg/spongepowered/asm/mixin/injection/callback/CallbackInfo;)V has 0 override(s) in child classes
[15:55:21] [main/DEBUG] [mixin/]: sable.mixins.json:respawn_point.ServerPlayerMixin from mod sable->@Inject::sable$readRespawnPoint(Lnet/minecraft/nbt/CompoundTag;Lorg/spongepowered/asm/mixin/injection/callback/CallbackInfo;)V won't be passed a CallbackInfo as a result
[15:55:21] [main/DEBUG] [mixin/]: sable.mixins.json:tracking_points.ServerPlayerMixin from mod sable->@Inject::addAdditionalSaveData(Lnet/minecraft/nbt/CompoundTag;Lorg/spongepowered/asm/mixin/injection/callback/CallbackInfo;)V doesn't use it's CallbackInfo
[15:55:21] [main/DEBUG] [mixin/]: sable.mixins.json:tracking_points.ServerPlayerMixin from mod sable->@Inject::addAdditionalSaveData(Lnet/minecraft/nbt/CompoundTag;Lorg/spongepowered/asm/mixin/injection/callback/CallbackInfo;)V has 0 override(s) in child classes
[15:55:21] [main/DEBUG] [mixin/]: sable.mixins.json:tracking_points.ServerPlayerMixin from mod sable->@Inject::addAdditionalSaveData(Lnet/minecraft/nbt/CompoundTag;Lorg/spongepowered/asm/mixin/injection/callback/CallbackInfo;)V won't be passed a CallbackInfo as a result
[15:55:22] [main/DEBUG] [mixin/]: Mixing punching.ItemInvoker from sable.mixins.json into net.minecraft.world.item.Item
[15:55:22] [main/DEBUG] [mixin/]: Renaming @Invoker method sable$getPlayerPOVHitResult(Lnet/minecraft/world/level/Level;Lnet/minecraft/world/entity/player/Player;Lnet/minecraft/world/level/ClipContext$Fluid;)Lnet/minecraft/world/phys/BlockHitResult; to getPlayerPOVHitResult$sable_$md$2dbef1$0 in sable.mixins.json:punching.ItemInvoker from mod sable
[15:55:22] [main/DEBUG] [mixin/]: Mixing BlockItemMiniEnvironmentMixin from antikytheramechanism.mixins.json into net.minecraft.world.item.BlockItem
[15:55:22] [main/DEBUG] [mixin/]: Renaming synthetic method lambda$antikytheramechanism$readVirtualSupportForSurvival$2(Lcom/llamalad7/mixinextras/injector/wrapoperation/Operation;Lnet/minecraft/world/item/context/BlockPlaceContext;Lnet/minecraft/world/level/block/state/BlockState;)Ljava/lang/Boolean; to md2dbef1$antikytheramechanism$lambda$antikytheramechanism$readVirtualSupportForSurvival$2$0 in antikytheramechanism.mixins.json:BlockItemMiniEnvironmentMixin from mod antikytheramechanism
[15:55:22] [main/DEBUG] [mixin/]: Renaming synthetic method lambda$antikytheramechanism$readVirtualSupportForPlacementState$1(Lcom/llamalad7/mixinextras/injector/wrapoperation/Operation;Lnet/minecraft/world/item/context/BlockPlaceContext;)Lnet/minecraft/world/level/block/state/BlockState; to md2dbef1$antikytheramechanism$lambda$antikytheramechanism$readVirtualSupportForPlacementState$1$1 in antikytheramechanism.mixins.json:BlockItemMiniEnvironmentMixin from mod antikytheramechanism
[15:55:22] [main/DEBUG] [mixin/]: Renaming synthetic method lambda$antikytheramechanism$readVirtualBoundaryDuringSetPlacedBy$0(Lcom/llamalad7/mixinextras/injector/wrapoperation/Operation;Lnet/minecraft/world/level/block/Block;Lnet/minecraft/world/level/Level;Lnet/minecraft/core/BlockPos;Lnet/minecraft/world/level/block/state/BlockState;Lnet/minecraft/world/entity/LivingEntity;Lnet/minecraft/world/item/ItemStack;)Ljava/lang/Void; to md2dbef1$antikytheramechanism$lambda$antikytheramechanism$readVirtualBoundaryDuringSetPlacedBy$0$2 in antikytheramechanism.mixins.json:BlockItemMiniEnvironmentMixin from mod antikytheramechanism
[15:55:22] [main/DEBUG] [mixin/]: Mixing BucketItemMiniFluidPolicyMixin from antikytheramechanism.mixins.json into net.minecraft.world.item.BucketItem
[15:55:22] [main/DEBUG] [mixin/]: antikytheramechanism.mixins.json:BucketItemMiniFluidPolicyMixin from mod antikytheramechanism->@Inject::antikytheramechanism$rejectDeniedMiniFluid(Lnet/minecraft/world/entity/player/Player;Lnet/minecraft/world/level/Level;Lnet/minecraft/core/BlockPos;Lnet/minecraft/world/phys/BlockHitResult;Lnet/minecraft/world/item/ItemStack;Lorg/spongepowered/asm/mixin/injection/callback/CallbackInfoReturnable;)V does use it's CallbackInfoReturnable
[15:55:22] [main/DEBUG] [io.ne.ut.in.PlatformDependent0/]: -Dio.netty.noUnsafe: false
[15:55:22] [main/DEBUG] [io.ne.ut.in.PlatformDependent0/]: Java version: 21
[15:55:22] [main/DEBUG] [io.ne.ut.in.PlatformDependent0/]: sun.misc.Unsafe.theUnsafe: available
[15:55:22] [main/DEBUG] [io.ne.ut.in.PlatformDependent0/]: sun.misc.Unsafe.copyMemory: available
[15:55:22] [main/DEBUG] [io.ne.ut.in.PlatformDependent0/]: sun.misc.Unsafe.storeFence: available
[15:55:22] [main/DEBUG] [io.ne.ut.in.PlatformDependent0/]: java.nio.Buffer.address: available
[15:55:22] [main/DEBUG] [io.ne.ut.in.PlatformDependent0/]: direct buffer constructor: unavailable: Reflective setAccessible(true) disabled
[15:55:22] [main/DEBUG] [io.ne.ut.in.PlatformDependent0/]: java.nio.Bits.unaligned: available, true
[15:55:22] [main/DEBUG] [io.ne.ut.in.PlatformDependent0/]: jdk.internal.misc.Unsafe.allocateUninitializedArray(int): unavailable: class io.netty.util.internal.PlatformDependent0$7 (in module io.netty.common) cannot access class jdk.internal.misc.Unsafe (in module java.base) because module java.base does not export jdk.internal.misc to module io.netty.common
[15:55:22] [main/DEBUG] [io.ne.ut.in.PlatformDependent0/]: java.nio.DirectByteBuffer.<init>(long, {int,long}): unavailable
[15:55:22] [main/DEBUG] [io.ne.ut.in.PlatformDependent/]: sun.misc.Unsafe: available
[15:55:22] [main/DEBUG] [io.ne.ut.in.PlatformDependent/]: maxDirectMemory: 4192206848 bytes (maybe)
[15:55:22] [main/DEBUG] [io.ne.ut.in.PlatformDependent/]: -Dio.netty.tmpdir: /tmp (java.io.tmpdir)
[15:55:22] [main/DEBUG] [io.ne.ut.in.PlatformDependent/]: -Dio.netty.bitMode: 64 (sun.arch.data.model)
[15:55:22] [main/DEBUG] [io.ne.ut.in.PlatformDependent/]: -Dio.netty.maxDirectMemory: -1 bytes
[15:55:22] [main/DEBUG] [io.ne.ut.in.PlatformDependent/]: -Dio.netty.uninitializedArrayAllocationThreshold: -1
[15:55:22] [main/DEBUG] [io.ne.ut.in.CleanerJava9/]: java.nio.ByteBuffer.cleaner(): available
[15:55:22] [main/DEBUG] [io.ne.ut.in.PlatformDependent/]: -Dio.netty.noPreferDirect: false
[15:55:22] [main/DEBUG] [mixin/]: Mixing world_border.WorldBorderMixin from sable.mixins.json into net.minecraft.world.level.border.WorldBorder
[15:55:22] [main/DEBUG] [mixin/]: sable.mixins.json:world_border.WorldBorderMixin from mod sable->@Inject::sable$isWithinBounds(DDDLorg/spongepowered/asm/mixin/injection/callback/CallbackInfoReturnable;)V does use it's CallbackInfoReturnable
[15:55:22] [main/DEBUG] [mixin/]: sable.mixins.json:world_border.WorldBorderMixin from mod sable->@Inject::sable$clampToBounds(DDDLorg/spongepowered/asm/mixin/injection/callback/CallbackInfoReturnable;)V does use it's CallbackInfoReturnable
[15:55:22] [main/DEBUG] [mixin/]: sable.mixins.json:world_border.WorldBorderMixin from mod sable->@Inject::sable$isInsideCloseToBorder(Lnet/minecraft/world/entity/Entity;Lnet/minecraft/world/phys/AABB;Lorg/spongepowered/asm/mixin/injection/callback/CallbackInfoReturnable;)V does use it's CallbackInfoReturnable
[15:55:22] [main/DEBUG] [mixin/]: Mixing NeighborUpdaterReadOnlyShellMixin from antikytheramechanism.mixins.json into net.minecraft.world.level.redstone.NeighborUpdater
[15:55:22] [main/DEBUG] [mixin/]: antikytheramechanism.mixins.json:NeighborUpdaterReadOnlyShellMixin from mod antikytheramechanism->@Inject::antikytheramechanism$skipProjectedShellNeighborLifecycle(Lnet/minecraft/world/level/Level;Lnet/minecraft/world/level/block/state/BlockState;Lnet/minecraft/core/BlockPos;Lnet/minecraft/world/level/block/Block;Lnet/minecraft/core/BlockPos;ZLorg/spongepowered/asm/mixin/injection/callback/CallbackInfo;)V does use it's CallbackInfo
[15:55:22] [main/DEBUG] [mixin/]: antikytheramechanism.mixins.json:NeighborUpdaterReadOnlyShellMixin from mod antikytheramechanism->@Inject::antikytheramechanism$skipProjectedShellShapeLifecycle(Lnet/minecraft/world/level/LevelAccessor;Lnet/minecraft/core/Direction;Lnet/minecraft/world/level/block/state/BlockState;Lnet/minecraft/core/BlockPos;Lnet/minecraft/core/BlockPos;IILorg/spongepowered/asm/mixin/injection/callback/CallbackInfo;)V does use it's CallbackInfo
[15:55:22] [main/DEBUG] [mixin/]: Mixing plot.LevelChunkMixin from sable.mixins.json into net.minecraft.world.level.chunk.LevelChunk
[15:55:22] [main/DEBUG] [mixin/]: Mixing plot.lighting.LevelChunkMixin from sable.mixins.json into net.minecraft.world.level.chunk.LevelChunk
[15:55:22] [main/DEBUG] [mixin/]: Mixing LevelChunkFrameMaskMixin from antikytheramechanism.mixins.json into net.minecraft.world.level.chunk.LevelChunk
[15:55:22] [main/DEBUG] [mixin/]: sable.mixins.json:plot.LevelChunkMixin from mod sable->@Inject::sable$preSetBlockState(Lnet/minecraft/core/BlockPos;Lnet/minecraft/world/level/block/state/BlockState;ZLorg/spongepowered/asm/mixin/injection/callback/CallbackInfoReturnable;)V doesn't use it's CallbackInfoReturnable
[15:55:22] [main/DEBUG] [mixin/]: sable.mixins.json:plot.LevelChunkMixin from mod sable->@Inject::sable$preSetBlockState(Lnet/minecraft/core/BlockPos;Lnet/minecraft/world/level/block/state/BlockState;ZLorg/spongepowered/asm/mixin/injection/callback/CallbackInfoReturnable;)V has 0 override(s) in child classes
[15:55:22] [main/DEBUG] [mixin/]: sable.mixins.json:plot.LevelChunkMixin from mod sable->@Inject::sable$preSetBlockState(Lnet/minecraft/core/BlockPos;Lnet/minecraft/world/level/block/state/BlockState;ZLorg/spongepowered/asm/mixin/injection/callback/CallbackInfoReturnable;)V won't be passed a CallbackInfoReturnable as a result
[15:55:22] [main/DEBUG] [mixin/]: sable.mixins.json:plot.LevelChunkMixin from mod sable->@Inject::sable$postSetBlockState(Lnet/minecraft/core/BlockPos;Lnet/minecraft/world/level/block/state/BlockState;ZLorg/spongepowered/asm/mixin/injection/callback/CallbackInfoReturnable;)V doesn't use it's CallbackInfoReturnable
[15:55:22] [main/DEBUG] [mixin/]: sable.mixins.json:plot.LevelChunkMixin from mod sable->@Inject::sable$postSetBlockState(Lnet/minecraft/core/BlockPos;Lnet/minecraft/world/level/block/state/BlockState;ZLorg/spongepowered/asm/mixin/injection/callback/CallbackInfoReturnable;)V has 0 override(s) in child classes
[15:55:22] [main/DEBUG] [mixin/]: sable.mixins.json:plot.LevelChunkMixin from mod sable->@Inject::sable$postSetBlockState(Lnet/minecraft/core/BlockPos;Lnet/minecraft/world/level/block/state/BlockState;ZLorg/spongepowered/asm/mixin/injection/callback/CallbackInfoReturnable;)V won't be passed a CallbackInfoReturnable as a result
[15:55:22] [main/DEBUG] [mixin/]: sable.mixins.json:plot.LevelChunkMixin from mod sable->@Inject::sable$postSetBlockState(Lnet/minecraft/core/BlockPos;Lnet/minecraft/world/level/block/state/BlockState;ZLorg/spongepowered/asm/mixin/injection/callback/CallbackInfoReturnable;)V doesn't use it's CallbackInfoReturnable
[15:55:22] [main/DEBUG] [mixin/]: sable.mixins.json:plot.LevelChunkMixin from mod sable->@Inject::sable$postSetBlockState(Lnet/minecraft/core/BlockPos;Lnet/minecraft/world/level/block/state/BlockState;ZLorg/spongepowered/asm/mixin/injection/callback/CallbackInfoReturnable;)V has 0 override(s) in child classes
[15:55:22] [main/DEBUG] [mixin/]: sable.mixins.json:plot.LevelChunkMixin from mod sable->@Inject::sable$postSetBlockState(Lnet/minecraft/core/BlockPos;Lnet/minecraft/world/level/block/state/BlockState;ZLorg/spongepowered/asm/mixin/injection/callback/CallbackInfoReturnable;)V won't be passed a CallbackInfoReturnable as a result
[15:55:22] [main/DEBUG] [mixin/]: sable.mixins.json:plot.LevelChunkMixin from mod sable->@Inject::sable$postSetBlockState(Lnet/minecraft/core/BlockPos;Lnet/minecraft/world/level/block/state/BlockState;ZLorg/spongepowered/asm/mixin/injection/callback/CallbackInfoReturnable;)V doesn't use it's CallbackInfoReturnable
[15:55:22] [main/DEBUG] [mixin/]: sable.mixins.json:plot.LevelChunkMixin from mod sable->@Inject::sable$postSetBlockState(Lnet/minecraft/core/BlockPos;Lnet/minecraft/world/level/block/state/BlockState;ZLorg/spongepowered/asm/mixin/injection/callback/CallbackInfoReturnable;)V has 0 override(s) in child classes
[15:55:22] [main/DEBUG] [mixin/]: sable.mixins.json:plot.LevelChunkMixin from mod sable->@Inject::sable$postSetBlockState(Lnet/minecraft/core/BlockPos;Lnet/minecraft/world/level/block/state/BlockState;ZLorg/spongepowered/asm/mixin/injection/callback/CallbackInfoReturnable;)V won't be passed a CallbackInfoReturnable as a result
[15:55:22] [main/DEBUG] [mixin/]: sable.mixins.json:plot.LevelChunkMixin from mod sable->@Inject::sable$postSetBlockState(Lnet/minecraft/core/BlockPos;Lnet/minecraft/world/level/block/state/BlockState;ZLorg/spongepowered/asm/mixin/injection/callback/CallbackInfoReturnable;)V doesn't use it's CallbackInfoReturnable
[15:55:22] [main/DEBUG] [mixin/]: sable.mixins.json:plot.LevelChunkMixin from mod sable->@Inject::sable$postSetBlockState(Lnet/minecraft/core/BlockPos;Lnet/minecraft/world/level/block/state/BlockState;ZLorg/spongepowered/asm/mixin/injection/callback/CallbackInfoReturnable;)V has 0 override(s) in child classes
[15:55:22] [main/DEBUG] [mixin/]: sable.mixins.json:plot.LevelChunkMixin from mod sable->@Inject::sable$postSetBlockState(Lnet/minecraft/core/BlockPos;Lnet/minecraft/world/level/block/state/BlockState;ZLorg/spongepowered/asm/mixin/injection/callback/CallbackInfoReturnable;)V won't be passed a CallbackInfoReturnable as a result
[15:55:22] [main/DEBUG] [mixin/]: antikytheramechanism.mixins.json:LevelChunkFrameMaskMixin from mod antikytheramechanism->@Inject::antikytheramechanism$enforceFrameMask(Lnet/minecraft/core/BlockPos;Lnet/minecraft/world/level/block/state/BlockState;ZLorg/spongepowered/asm/mixin/injection/callback/CallbackInfoReturnable;)V does use it's CallbackInfoReturnable
[15:55:22] [main/DEBUG] [mixin/]: antikytheramechanism.mixins.json:LevelChunkFrameMaskMixin from mod antikytheramechanism->@Inject::antikytheramechanism$refreshManagedWorldState(Lnet/minecraft/core/BlockPos;Lnet/minecraft/world/level/block/state/BlockState;ZLorg/spongepowered/asm/mixin/injection/callback/CallbackInfoReturnable;)V does use it's CallbackInfoReturnable
[15:55:22] [main/DEBUG] [mixin/]: antikytheramechanism.mixins.json:LevelChunkFrameMaskMixin from mod antikytheramechanism->@Inject::antikytheramechanism$refreshManagedWorldState(Lnet/minecraft/core/BlockPos;Lnet/minecraft/world/level/block/state/BlockState;ZLorg/spongepowered/asm/mixin/injection/callback/CallbackInfoReturnable;)V does use it's CallbackInfoReturnable
[15:55:22] [main/DEBUG] [mixin/]: antikytheramechanism.mixins.json:LevelChunkFrameMaskMixin from mod antikytheramechanism->@Inject::antikytheramechanism$refreshManagedWorldState(Lnet/minecraft/core/BlockPos;Lnet/minecraft/world/level/block/state/BlockState;ZLorg/spongepowered/asm/mixin/injection/callback/CallbackInfoReturnable;)V does use it's CallbackInfoReturnable
[15:55:22] [main/DEBUG] [mixin/]: antikytheramechanism.mixins.json:LevelChunkFrameMaskMixin from mod antikytheramechanism->@Inject::antikytheramechanism$refreshManagedWorldState(Lnet/minecraft/core/BlockPos;Lnet/minecraft/world/level/block/state/BlockState;ZLorg/spongepowered/asm/mixin/injection/callback/CallbackInfoReturnable;)V does use it's CallbackInfoReturnable
[15:55:22] [main/DEBUG] [mixin/]: Mixing block_placement.BlockPlaceContextMixin from sable.mixins.json into net.minecraft.world.item.context.BlockPlaceContext
[15:55:22] [main/DEBUG] [mixin/]: sable.mixins.json:block_placement.BlockPlaceContextMixin from mod sable->@Inject::sable$canPlace(Lorg/spongepowered/asm/mixin/injection/callback/CallbackInfoReturnable;)V does use it's CallbackInfoReturnable
[15:55:22] [main/DEBUG] [mixin/]: Mixing block_placement.UseOnContextMixin from sable.mixins.json into net.minecraft.world.item.context.UseOnContext
[15:55:22] [main/DEBUG] [mixin/]: sable.mixins.json:block_placement.UseOnContextMixin from mod sable->@Inject::sable$getHorizontalDirection(Lorg/spongepowered/asm/mixin/injection/callback/CallbackInfoReturnable;)V does use it's CallbackInfoReturnable
[15:55:22] [main/DEBUG] [mixin/]: sable.mixins.json:block_placement.UseOnContextMixin from mod sable->@Inject::sable$getRotation(Lorg/spongepowered/asm/mixin/injection/callback/CallbackInfoReturnable;)V does use it's CallbackInfoReturnable
[15:55:22] [main/DEBUG] [mixin/]: Mixing explosion.ExplosionMixin from sable.mixins.json into net.minecraft.world.level.Explosion
[15:55:22] [main/DEBUG] [mixin/]: sable.mixins.json:explosion.ExplosionMixin from mod sable->@Inject::sable$preExplode(Lorg/spongepowered/asm/mixin/injection/callback/CallbackInfo;)V doesn't use it's CallbackInfo
[15:55:22] [main/DEBUG] [mixin/]: sable.mixins.json:explosion.ExplosionMixin from mod sable->@Inject::sable$preExplode(Lorg/spongepowered/asm/mixin/injection/callback/CallbackInfo;)V has 0 override(s) in child classes
[15:55:22] [main/DEBUG] [mixin/]: sable.mixins.json:explosion.ExplosionMixin from mod sable->@Inject::sable$preExplode(Lorg/spongepowered/asm/mixin/injection/callback/CallbackInfo;)V won't be passed a CallbackInfo as a result
[15:55:22] [main/DEBUG] [mixin/]: sable.mixins.json:explosion.ExplosionMixin from mod sable->@Inject::sable$redirectBlockExplosionResistance(Lorg/spongepowered/asm/mixin/injection/callback/CallbackInfo;Ljava/util/Set;IIIIDDDDFDDDFLnet/minecraft/core/BlockPos;Lnet/minecraft/world/level/block/state/BlockState;Lnet/minecraft/world/level/material/FluidState;)V doesn't use it's CallbackInfo
[15:55:22] [main/DEBUG] [mixin/]: sable.mixins.json:explosion.ExplosionMixin from mod sable->@Inject::sable$redirectBlockExplosionResistance(Lorg/spongepowered/asm/mixin/injection/callback/CallbackInfo;Ljava/util/Set;IIIIDDDDFDDDFLnet/minecraft/core/BlockPos;Lnet/minecraft/world/level/block/state/BlockState;Lnet/minecraft/world/level/material/FluidState;)V has 0 override(s) in child classes
[15:55:22] [main/DEBUG] [mixin/]: sable.mixins.json:explosion.ExplosionMixin from mod sable->@Inject::sable$redirectBlockExplosionResistance(Lorg/spongepowered/asm/mixin/injection/callback/CallbackInfo;Ljava/util/Set;IIIIDDDDFDDDFLnet/minecraft/core/BlockPos;Lnet/minecraft/world/level/block/state/BlockState;Lnet/minecraft/world/level/material/FluidState;)V won't be passed a CallbackInfo as a result
[15:55:22] [main/DEBUG] [mixin/]: Mixing clip_overwrite.HitResultMixin from sable.mixins.json into net.minecraft.world.phys.HitResult
[15:55:23] [main/DEBUG] [mixin/]: Mixing entity.entity_sublevel_collision.AbstractMinecartMixin from sable.mixins.json into net.minecraft.world.entity.vehicle.AbstractMinecart
[15:55:23] [main/DEBUG] [mixin/]: sable.mixins.json:entity.entity_sublevel_collision.AbstractMinecartMixin from mod sable->@Inject::sable$postTick(Lorg/spongepowered/asm/mixin/injection/callback/CallbackInfo;)V doesn't use it's CallbackInfo
[15:55:23] [main/DEBUG] [mixin/]: sable.mixins.json:entity.entity_sublevel_collision.AbstractMinecartMixin from mod sable->@Inject::sable$postTick(Lorg/spongepowered/asm/mixin/injection/callback/CallbackInfo;)V has 0 override(s) in child classes
[15:55:23] [main/DEBUG] [mixin/]: sable.mixins.json:entity.entity_sublevel_collision.AbstractMinecartMixin from mod sable->@Inject::sable$postTick(Lorg/spongepowered/asm/mixin/injection/callback/CallbackInfo;)V won't be passed a CallbackInfo as a result
[15:55:23] [main/DEBUG] [mixin/]: Mixing entity.entity_pathfinding.PathNavigationMixin from sable.mixins.json into net.minecraft.world.entity.ai.navigation.PathNavigation
[15:55:23] [main/DEBUG] [mixin/]: sable.mixins.json:entity.entity_pathfinding.PathNavigationMixin from mod sable->@Inject::sable$createPath(Ljava/util/Set;IZIFLorg/spongepowered/asm/mixin/injection/callback/CallbackInfoReturnable;)V does use it's CallbackInfoReturnable
[15:55:23] [main/DEBUG] [mixin/]: Mixing entity.entity_pathfinding.GroundPathNavigationMixin from sable.mixins.json into net.minecraft.world.entity.ai.navigation.GroundPathNavigation
[15:55:23] [main/DEBUG] [mixin/]: Mixing entity.sublevels_block_sky.SubLevelsBlockSkyMixin from sable.mixins.json into net.minecraft.world.entity.ai.navigation.GroundPathNavigation
[15:55:23] [main/DEBUG] [mixin/]: sable.mixins.json:entity.entity_pathfinding.GroundPathNavigationMixin from mod sable->@Inject::sable$createPath(Lnet/minecraft/world/entity/Entity;ILorg/spongepowered/asm/mixin/injection/callback/CallbackInfoReturnable;)V does use it's CallbackInfoReturnable
[15:55:23] [main/DEBUG] [mixin/]: Mixing entity.sublevels_block_sky.SubLevelsBlockSkyMixin from sable.mixins.json into net.minecraft.world.entity.ai.goal.FleeSunGoal
[15:55:23] [main/DEBUG] [mixin/]: Mixing entity.tamed_teleport.TamableAnimalMixin from sable.mixins.json into net.minecraft.world.entity.TamableAnimal
[15:55:23] [main/DEBUG] [mixin/]: Mixing entity.trident.ThrownTridentMixin from sable.mixins.json into net.minecraft.world.entity.projectile.ThrownTrident
[15:55:23] [main/DEBUG] [mixin/]: sable.mixins.json:entity.trident.ThrownTridentMixin from mod sable->@Inject::sable$startReturning(Lorg/spongepowered/asm/mixin/injection/callback/CallbackInfo;)V doesn't use it's CallbackInfo
[15:55:23] [main/DEBUG] [mixin/]: sable.mixins.json:entity.trident.ThrownTridentMixin from mod sable->@Inject::sable$startReturning(Lorg/spongepowered/asm/mixin/injection/callback/CallbackInfo;)V has 0 override(s) in child classes
[15:55:23] [main/DEBUG] [mixin/]: sable.mixins.json:entity.trident.ThrownTridentMixin from mod sable->@Inject::sable$startReturning(Lorg/spongepowered/asm/mixin/injection/callback/CallbackInfo;)V won't be passed a CallbackInfo as a result
[15:55:23] [main/DEBUG] [mixin/]: Mixing entity.entity_ai.EatBlockGoalMixin from sable.mixins.json into net.minecraft.world.entity.ai.goal.EatBlockGoal
[15:55:24] [main/DEBUG] [mixin/]: Mixing recoil.ProjectileDispenseBehaviorMixin from sable.mixins.json into net.minecraft.core.dispenser.ProjectileDispenseBehavior
[15:55:24] [main/DEBUG] [mixin/]: sable.mixins.json:recoil.ProjectileDispenseBehaviorMixin from mod sable->@Inject::sable$applyRecoil(Lnet/minecraft/core/dispenser/BlockSource;Lnet/minecraft/world/item/ItemStack;Lorg/spongepowered/asm/mixin/injection/callback/CallbackInfoReturnable;)V doesn't use it's CallbackInfoReturnable
[15:55:24] [main/DEBUG] [mixin/]: sable.mixins.json:recoil.ProjectileDispenseBehaviorMixin from mod sable->@Inject::sable$applyRecoil(Lnet/minecraft/core/dispenser/BlockSource;Lnet/minecraft/world/item/ItemStack;Lorg/spongepowered/asm/mixin/injection/callback/CallbackInfoReturnable;)V has 0 override(s) in child classes
[15:55:24] [main/DEBUG] [mixin/]: sable.mixins.json:recoil.ProjectileDispenseBehaviorMixin from mod sable->@Inject::sable$applyRecoil(Lnet/minecraft/core/dispenser/BlockSource;Lnet/minecraft/world/item/ItemStack;Lorg/spongepowered/asm/mixin/injection/callback/CallbackInfoReturnable;)V won't be passed a CallbackInfoReturnable as a result
[15:55:25] [main/DEBUG] [mixin/]: Mixing NetworkMinecraftServerMixin from veil.network.mixins.json into net.minecraft.server.MinecraftServer
[15:55:25] [main/DEBUG] [mixin/]: Mixing MinecraftServerMixin from veil.scheduler.mixins.json into net.minecraft.server.MinecraftServer
[15:55:25] [main/DEBUG] [mixin/]: Mixing udp.MinecraftServerMixin from sable.mixins.json into net.minecraft.server.MinecraftServer
[15:55:25] [main/DEBUG] [mixin/]: veil.scheduler.mixins.json:MinecraftServerMixin from mod veil->@Inject::stopServer(Lorg/spongepowered/asm/mixin/injection/callback/CallbackInfo;)V doesn't use it's CallbackInfo
[15:55:25] [main/DEBUG] [mixin/]: veil.scheduler.mixins.json:MinecraftServerMixin from mod veil->@Inject::stopServer(Lorg/spongepowered/asm/mixin/injection/callback/CallbackInfo;)V has 0 override(s) in child classes
[15:55:25] [main/DEBUG] [mixin/]: veil.scheduler.mixins.json:MinecraftServerMixin from mod veil->@Inject::stopServer(Lorg/spongepowered/asm/mixin/injection/callback/CallbackInfo;)V won't be passed a CallbackInfo as a result
[15:55:25] [main/DEBUG] [mixin/]: sable.mixins.json:udp.MinecraftServerMixin from mod sable->@Inject::sable$keepUdpSocketsAlive(Ljava/util/function/BooleanSupplier;Lorg/spongepowered/asm/mixin/injection/callback/CallbackInfo;)V doesn't use it's CallbackInfo
[15:55:25] [main/DEBUG] [mixin/]: sable.mixins.json:udp.MinecraftServerMixin from mod sable->@Inject::sable$keepUdpSocketsAlive(Ljava/util/function/BooleanSupplier;Lorg/spongepowered/asm/mixin/injection/callback/CallbackInfo;)V has 0 override(s) in child classes
[15:55:25] [main/DEBUG] [mixin/]: sable.mixins.json:udp.MinecraftServerMixin from mod sable->@Inject::sable$keepUdpSocketsAlive(Ljava/util/function/BooleanSupplier;Lorg/spongepowered/asm/mixin/injection/callback/CallbackInfo;)V won't be passed a CallbackInfo as a result
[15:55:25] [main/DEBUG] [mixin/]: Mixing level_accelerator.ServerChunkCacheAccessor from sable.mixins.json into net.minecraft.server.level.ServerChunkCache
[15:55:25] [main/DEBUG] [mixin/]: Mixing plot.ServerChunkCacheMixin from sable.mixins.json into net.minecraft.server.level.ServerChunkCache
[15:55:25] [main/DEBUG] [mixin/]: Mixing ServerChunkCacheAccessor from antikytheramechanism.mixins.json into net.minecraft.server.level.ServerChunkCache
[15:55:25] [main/DEBUG] [mixin/]: sable.mixins.json:plot.ServerChunkCacheMixin from mod sable->@Inject::init(Lnet/minecraft/server/level/ServerLevel;Lnet/minecraft/world/level/storage/LevelStorageSource$LevelStorageAccess;Lcom/mojang/datafixers/DataFixer;Lnet/minecraft/world/level/levelgen/structure/templatesystem/StructureTemplateManager;Ljava/util/concurrent/Executor;Lnet/minecraft/world/level/chunk/ChunkGenerator;IIZLnet/minecraft/server/level/progress/ChunkProgressListener;Lnet/minecraft/world/level/entity/ChunkStatusUpdateListener;Ljava/util/function/Supplier;Lorg/spongepowered/asm/mixin/injection/callback/CallbackInfo;)V doesn't use it's CallbackInfo
[15:55:25] [main/DEBUG] [mixin/]: sable.mixins.json:plot.ServerChunkCacheMixin from mod sable->@Inject::init(Lnet/minecraft/server/level/ServerLevel;Lnet/minecraft/world/level/storage/LevelStorageSource$LevelStorageAccess;Lcom/mojang/datafixers/DataFixer;Lnet/minecraft/world/level/levelgen/structure/templatesystem/StructureTemplateManager;Ljava/util/concurrent/Executor;Lnet/minecraft/world/level/chunk/ChunkGenerator;IIZLnet/minecraft/server/level/progress/ChunkProgressListener;Lnet/minecraft/world/level/entity/ChunkStatusUpdateListener;Ljava/util/function/Supplier;Lorg/spongepowered/asm/mixin/injection/callback/CallbackInfo;)V has 0 override(s) in child classes
[15:55:25] [main/DEBUG] [mixin/]: sable.mixins.json:plot.ServerChunkCacheMixin from mod sable->@Inject::init(Lnet/minecraft/server/level/ServerLevel;Lnet/minecraft/world/level/storage/LevelStorageSource$LevelStorageAccess;Lcom/mojang/datafixers/DataFixer;Lnet/minecraft/world/level/levelgen/structure/templatesystem/StructureTemplateManager;Ljava/util/concurrent/Executor;Lnet/minecraft/world/level/chunk/ChunkGenerator;IIZLnet/minecraft/server/level/progress/ChunkProgressListener;Lnet/minecraft/world/level/entity/ChunkStatusUpdateListener;Ljava/util/function/Supplier;Lorg/spongepowered/asm/mixin/injection/callback/CallbackInfo;)V won't be passed a CallbackInfo as a result
[15:55:25] [main/DEBUG] [mixin/]: sable.mixins.json:plot.ServerChunkCacheMixin from mod sable->@Inject::getChunkNow(IILorg/spongepowered/asm/mixin/injection/callback/CallbackInfoReturnable;)V does use it's CallbackInfoReturnable
[15:55:25] [main/DEBUG] [mixin/]: sable.mixins.json:plot.ServerChunkCacheMixin from mod sable->@Inject::getChunkFutureMainThread(IILnet/minecraft/world/level/chunk/status/ChunkStatus;ZLorg/spongepowered/asm/mixin/injection/callback/CallbackInfoReturnable;)V does use it's CallbackInfoReturnable
[15:55:25] [main/DEBUG] [mixin/]: sable.mixins.json:plot.ServerChunkCacheMixin from mod sable->@Inject::hasChunk(IILorg/spongepowered/asm/mixin/injection/callback/CallbackInfoReturnable;)V does use it's CallbackInfoReturnable
[15:55:25] [main/DEBUG] [mixin/]: sable.mixins.json:plot.ServerChunkCacheMixin from mod sable->@Inject::getChunkForLighting(IILorg/spongepowered/asm/mixin/injection/callback/CallbackInfoReturnable;)V does use it's CallbackInfoReturnable
[15:55:25] [main/DEBUG] [mixin/]: sable.mixins.json:plot.ServerChunkCacheMixin from mod sable->@Inject::isPositionTicking(JLorg/spongepowered/asm/mixin/injection/callback/CallbackInfoReturnable;)V does use it's CallbackInfoReturnable
[15:55:25] [main/DEBUG] [mixin/]: sable.mixins.json:plot.ServerChunkCacheMixin from mod sable->@Inject::getFullChunk(JLjava/util/function/Consumer;Lorg/spongepowered/asm/mixin/injection/callback/CallbackInfo;)V does use it's CallbackInfo
[15:55:25] [main/DEBUG] [mixin/]: sable.mixins.json:plot.ServerChunkCacheMixin from mod sable->@Inject::blockChanged(Lnet/minecraft/core/BlockPos;Lorg/spongepowered/asm/mixin/injection/callback/CallbackInfo;)V does use it's CallbackInfo
[15:55:25] [main/DEBUG] [mixin/]: sable.mixins.json:plot.ServerChunkCacheMixin from mod sable->@Inject::getVisibleChunkIfPresent(JLorg/spongepowered/asm/mixin/injection/callback/CallbackInfoReturnable;)V does use it's CallbackInfoReturnable
[15:55:25] [main/DEBUG] [mixin/]: sable.mixins.json:plot.ServerChunkCacheMixin from mod sable->@Inject::addRegionTicket(Lnet/minecraft/server/level/TicketType;Lnet/minecraft/world/level/ChunkPos;ILjava/lang/Object;Lorg/spongepowered/asm/mixin/injection/callback/CallbackInfo;)V does use it's CallbackInfo
[15:55:25] [main/DEBUG] [mixin/]: Mixing command.ExecuteCommandMixin from sable.mixins.json into net.minecraft.server.commands.ExecuteCommand
[15:55:25] [main/DEBUG] [mixin/]: Renaming synthetic method lambda$sable$then$2(Lcom/mojang/brigadier/context/CommandContext;)Ljava/util/Collection; to md2dbef1$sable$lambda$sable$then$2$0 in sable.mixins.json:command.ExecuteCommandMixin from mod sable
[15:55:25] [main/DEBUG] [mixin/]: Renaming synthetic method lambda$sable$then$1(Lcom/mojang/brigadier/context/CommandContext;)Ljava/util/Collection; to md2dbef1$sable$lambda$sable$then$1$1 in sable.mixins.json:command.ExecuteCommandMixin from mod sable
[15:55:25] [main/DEBUG] [mixin/]: Renaming synthetic method lambda$sable$then$0(Lcom/mojang/brigadier/context/CommandContext;)Ljava/util/Collection; to md2dbef1$sable$lambda$sable$then$0$2 in sable.mixins.json:command.ExecuteCommandMixin from mod sable
[15:55:26] [main/DEBUG] [mixin/]: Mixing command.DataCommandsMixin from sable.mixins.json into net.minecraft.server.commands.data.DataCommands
[15:55:26] [main/DEBUG] [mixin/]: Mixing game_test.TestCommandMixin from sable.mixins.json into net.minecraft.gametest.framework.TestCommand
[15:55:26] [main/DEBUG] [mixin/]: sable.mixins.json:game_test.TestCommandMixin from mod sable->@Inject::resetGameTestInfo(Lnet/minecraft/gametest/framework/GameTestInfo;Lorg/spongepowered/asm/mixin/injection/callback/CallbackInfoReturnable;)V doesn't use it's CallbackInfoReturnable
[15:55:26] [main/WARN] [minecraft/Commands]: Ambiguity between arguments [teleport, location] and [teleport, destination] with inputs: [0.1 -0.5 .9, 0 0 0]
[15:55:26] [main/WARN] [minecraft/Commands]: Ambiguity between arguments [teleport, location] and [teleport, targets] with inputs: [0.1 -0.5 .9, 0 0 0]
[15:55:26] [main/WARN] [minecraft/Commands]: Ambiguity between arguments [teleport, destination] and [teleport, targets] with inputs: [Player, 0123, @e, dd12be42-52a9-4a91-a8a1-11c01849e498]
[15:55:26] [main/WARN] [minecraft/Commands]: Ambiguity between arguments [teleport, targets] and [teleport, destination] with inputs: [Player, 0123, dd12be42-52a9-4a91-a8a1-11c01849e498]
[15:55:26] [main/WARN] [minecraft/Commands]: Ambiguity between arguments [teleport, targets, location] and [teleport, targets, destination] with inputs: [0.1 -0.5 .9, 0 0 0]
[15:55:26] [main/DEBUG] [ne.ne.fm.ModWorkManager/LOADING]: Using 4 threads for parallel mod-loading
[15:55:26] [main/DEBUG] [ne.ne.fm.ja.FMLModContainer/LOADING]: Creating FMLModContainer instance for [foundry.veil.forge.VeilForge]
[15:55:26] [main/DEBUG] [ne.ne.fm.ja.FMLModContainer/LOADING]: Creating FMLModContainer instance for []
[15:55:26] [main/DEBUG] [ne.ne.fm.ja.FMLModContainer/LOADING]: Creating FMLModContainer instance for [net.neoforged.neoforge.common.NeoForgeMod]
[15:55:26] [main/DEBUG] [ne.ne.fm.ja.FMLModContainer/LOADING]: Creating FMLModContainer instance for [dev.ryanhcode.sable.neoforge.SableNeoForge]
[15:55:26] [main/DEBUG] [ne.ne.fm.ja.FMLModContainer/LOADING]: Creating FMLModContainer instance for [dev.sablescale.SableScale]
[15:55:26] [main/DEBUG] [ne.ne.fm.ja.FMLModContainer/LOADING]: Creating FMLModContainer instance for [dev.antikytheramechanism.AntikytheraMechanism]
[15:55:26] [modloading-worker-0/DEBUG] [ne.ne.fm.ja.AutomaticEventSubscriber/LOADING]: Attempting to inject @EventBusSubscriber classes into the eventbus for sablecompanion
[15:55:26] [modloading-worker-0/INFO] [Veil/]: Veil is initializing.
[15:55:26] [modloading-worker-0/DEBUG] [mixin/]: Mixing DeferredRegisterMixin from veil.neoforge.mixins.json into net.neoforged.neoforge.registries.DeferredRegister
[15:55:26] [modloading-worker-0/DEBUG] [mixin/]: Renaming synthetic method lambda$register$0(Ljava/util/function/Function;Lnet/minecraft/resources/ResourceLocation;)Ljava/lang/Object; to md2dbef1$veil$lambda$register$0$0 in veil.neoforge.mixins.json:DeferredRegisterMixin from mod veil
[15:55:26] [modloading-worker-0/DEBUG] [ne.ne.fm.ja.AutomaticEventSubscriber/LOADING]: Attempting to inject @EventBusSubscriber classes into the eventbus for veil
[15:55:26] [modloading-worker-0/DEBUG] [ne.ne.fm.ja.AutomaticEventSubscriber/LOADING]: Scanning class foundry.veil.forge.VeilForgeEvents for @SubscribeEvent-annotated methods
[15:55:26] [modloading-worker-0/DEBUG] [ne.ne.fm.ja.AutomaticEventSubscriber/]: Subscribing @EventBusSubscriber class Lfoundry/veil/forge/VeilForgeEvents; to the game event bus
[15:55:26] [modloading-worker-0/DEBUG] [ne.ne.ne.in.ve.ne.NeoForgeVersion/CORE]: Found NeoForge version 21.1.228
[15:55:26] [modloading-worker-0/DEBUG] [ne.ne.ne.in.ve.ne.NeoForgeVersion/CORE]: Found FML version 4.0.42
[15:55:26] [modloading-worker-0/INFO] [ne.ne.ne.co.NeoForgeMod/NEOFORGE-MOD]: NeoForge mod loading, version 21.1.228, for MC 1.21.1
[15:55:26] [modloading-worker-0/DEBUG] [mixin/]: Mixing SableBufferUtilsMixin from sablescale.mixins.json into dev.ryanhcode.sable.util.SableBufferUtils
[15:55:26] [modloading-worker-0/DEBUG] [mixin/]: sablescale.mixins.json:SableBufferUtilsMixin from mod sablescale->@Inject::sablescale$writeScale(Lio/netty/buffer/ByteBuf;Ldev/ryanhcode/sable/companion/math/Pose3dc;Lorg/spongepowered/asm/mixin/injection/callback/CallbackInfo;)V doesn't use it's CallbackInfo
[15:55:26] [modloading-worker-0/DEBUG] [mixin/]: sablescale.mixins.json:SableBufferUtilsMixin from mod sablescale->@Inject::sablescale$readScale(Lio/netty/buffer/ByteBuf;Ldev/ryanhcode/sable/companion/math/Pose3d;Lorg/spongepowered/asm/mixin/injection/callback/CallbackInfoReturnable;)V doesn't use it's CallbackInfoReturnable
[15:55:26] [modloading-worker-0/DEBUG] [mixin/]: Mixing PunchStrengthMassScaleMixin from sablescale.mixins.json into dev.ryanhcode.sable.network.packets.tcp.ServerboundPunchSubLevelPacket
[15:55:26] [modloading-worker-0/DEBUG] [mixin/]: Mixing ServerboundPunchSubLevelPacketHostedMiniMixin from antikytheramechanism.mixins.json into dev.ryanhcode.sable.network.packets.tcp.ServerboundPunchSubLevelPacket
[15:55:26] [modloading-worker-0/DEBUG] [mixin/]: sablescale.mixins.json:PunchStrengthMassScaleMixin from mod sablescale->@Inject::sablescale$scaledPunchStrength(Ldev/ryanhcode/sable/sublevel/ServerSubLevel;Lorg/joml/Vector3dc;Lorg/joml/Vector3dc;Lorg/spongepowered/asm/mixin/injection/callback/CallbackInfoReturnable;)V does use it's CallbackInfoReturnable
[15:55:26] [modloading-worker-0/INFO] [de.ry.sa.Sable/]: Sable loaded!
[15:55:26] [modloading-worker-0/DEBUG] [mixin/]: Mixing SelectorMassScaleMixin from sablescale.mixins.json into dev.ryanhcode.sable.command.argument.SubLevelSelectorModifiers
[15:55:26] [modloading-worker-0/DEBUG] [ne.ne.fm.co.ConfigTracker/CONFIG]: Config file neoforge-client.toml for neoforge tracking
[15:55:26] [modloading-worker-0/DEBUG] [ne.ne.fm.co.ConfigTracker/CONFIG]: Config file neoforge-server.toml for neoforge tracking
[15:55:26] [modloading-worker-0/DEBUG] [ne.ne.fm.co.ConfigTracker/CONFIG]: Config file neoforge-common.toml for neoforge tracking
[15:55:26] [modloading-worker-0/DEBUG] [mixin/]: Mixing ServerSubLevelFrameGraphMixin from antikytheramechanism.mixins.json into dev.ryanhcode.sable.sublevel.ServerSubLevel
[15:55:26] [modloading-worker-0/DEBUG] [mixin/]: Mixing ServerSubLevelMiniPhysicsMixin from antikytheramechanism.mixins.json into dev.ryanhcode.sable.sublevel.ServerSubLevel
[15:55:26] [modloading-worker-0/DEBUG] [mixin/]: Mixing ServerSubLevelManagedEmptyBoundsMixin from antikytheramechanism.mixins.json into dev.ryanhcode.sable.sublevel.ServerSubLevel
[15:55:26] [modloading-worker-0/DEBUG] [mixin/]: Mixing ServerSubLevelStructuralMassMixin from antikytheramechanism.mixins.json into dev.ryanhcode.sable.sublevel.ServerSubLevel
[15:55:26] [modloading-worker-0/DEBUG] [mixin/]: antikytheramechanism.mixins.json:ServerSubLevelManagedEmptyBoundsMixin from mod antikytheramechanism->@Inject::antikytheramechanism$preserveManagedEmptyAssembly(Lorg/spongepowered/asm/mixin/injection/callback/CallbackInfo;)V does use it's CallbackInfo
[15:55:26] [modloading-worker-0/DEBUG] [mixin/]: antikytheramechanism.mixins.json:ServerSubLevelStructuralMassMixin from mod antikytheramechanism->@Inject::antikytheramechanism$addStructuralMass(Lorg/spongepowered/asm/mixin/injection/callback/CallbackInfo;)V doesn't use it's CallbackInfo
[15:55:26] [modloading-worker-0/DEBUG] [mixin/]: antikytheramechanism.mixins.json:ServerSubLevelStructuralMassMixin from mod antikytheramechanism->@Inject::antikytheramechanism$addStructuralMass(Lorg/spongepowered/asm/mixin/injection/callback/CallbackInfo;)V has 0 override(s) in child classes
[15:55:26] [modloading-worker-0/DEBUG] [mixin/]: antikytheramechanism.mixins.json:ServerSubLevelStructuralMassMixin from mod antikytheramechanism->@Inject::antikytheramechanism$addStructuralMass(Lorg/spongepowered/asm/mixin/injection/callback/CallbackInfo;)V won't be passed a CallbackInfo as a result
[15:55:26] [modloading-worker-0/DEBUG] [mixin/]: Mixing SubLevelManagedEmptyGlobalBoundsMixin from antikytheramechanism.mixins.json into dev.ryanhcode.sable.sublevel.SubLevel
[15:55:26] [modloading-worker-0/DEBUG] [mixin/]: antikytheramechanism.mixins.json:SubLevelManagedEmptyGlobalBoundsMixin from mod antikytheramechanism->@Inject::antikytheramechanism$keepManagedEmptyBoundsFinite(Lorg/spongepowered/asm/mixin/injection/callback/CallbackInfo;)V does use it's CallbackInfo
[15:55:26] [modloading-worker-0/DEBUG] [ne.ne.fm.co.ConfigTracker/CONFIG]: Config file sable-common.toml for sable tracking
[15:55:26] [modloading-worker-0/DEBUG] [ne.ne.fm.ja.AutomaticEventSubscriber/LOADING]: Attempting to inject @EventBusSubscriber classes into the eventbus for sable
[15:55:26] [modloading-worker-0/INFO] [de.sa.SableScale/]: [Sable Scale] loaded - sub-level scaling ACTIVE.
[15:55:26] [modloading-worker-0/DEBUG] [ne.ne.fm.ja.AutomaticEventSubscriber/LOADING]: Attempting to inject @EventBusSubscriber classes into the eventbus for sablescale
[15:55:26] [modloading-worker-0/DEBUG] [mixin/]: Mixing MechanismFrameDeferredRemovalMixin from antikytheramechanism.mixins.json into dev.antikytheramechanism.frame.MechanismFrameBlock
[15:55:26] [modloading-worker-0/DEBUG] [de.an.AntikytheraMechanism/]: Create is absent; Create compatibility remains unloaded
[15:55:26] [modloading-worker-0/DEBUG] [ne.ne.fm.co.ConfigTracker/CONFIG]: Config file antikytheramechanism-common.toml for antikytheramechanism tracking
[15:55:26] [modloading-worker-0/INFO] [de.an.AntikytheraMechanism/]: Antikythera Mechanism initialized
[15:55:26] [modloading-worker-0/DEBUG] [ne.ne.fm.ja.AutomaticEventSubscriber/LOADING]: Attempting to inject @EventBusSubscriber classes into the eventbus for antikytheramechanism
[15:55:26] [modloading-worker-0/DEBUG] [ne.ne.fm.ja.AutomaticEventSubscriber/LOADING]: Attempting to inject @EventBusSubscriber classes into the eventbus for neoforge
[15:55:26] [modloading-worker-0/DEBUG] [ne.ne.fm.ja.AutomaticEventSubscriber/LOADING]: Scanning class net.neoforged.neoforge.network.filters.GenericPacketSplitter for @SubscribeEvent-annotated methods
[15:55:26] [modloading-worker-0/DEBUG] [io.ne.bu.AbstractByteBuf/]: -Dio.netty.buffer.checkAccessible: true
[15:55:26] [modloading-worker-0/DEBUG] [io.ne.bu.AbstractByteBuf/]: -Dio.netty.buffer.checkBounds: true
[15:55:26] [modloading-worker-0/DEBUG] [io.ne.ut.ResourceLeakDetectorFactory/]: Loaded default ResourceLeakDetector: io.netty.util.ResourceLeakDetector@740795c8
[15:55:26] [modloading-worker-0/DEBUG] [io.ne.ut.in.InternalThreadLocalMap/]: -Dio.netty.threadLocalMap.stringBuilder.initialSize: 1024
[15:55:26] [modloading-worker-0/DEBUG] [io.ne.ut.in.InternalThreadLocalMap/]: -Dio.netty.threadLocalMap.stringBuilder.maxSize: 4096
[15:55:26] [modloading-worker-0/DEBUG] [io.ne.bu.PooledByteBufAllocator/]: -Dio.netty.allocator.numHeapArenas: 8
[15:55:26] [modloading-worker-0/DEBUG] [io.ne.bu.PooledByteBufAllocator/]: -Dio.netty.allocator.numDirectArenas: 8
[15:55:26] [modloading-worker-0/DEBUG] [io.ne.bu.PooledByteBufAllocator/]: -Dio.netty.allocator.pageSize: 8192
[15:55:26] [modloading-worker-0/DEBUG] [io.ne.bu.PooledByteBufAllocator/]: -Dio.netty.allocator.maxOrder: 9
[15:55:26] [modloading-worker-0/DEBUG] [io.ne.bu.PooledByteBufAllocator/]: -Dio.netty.allocator.chunkSize: 4194304
[15:55:26] [modloading-worker-0/DEBUG] [io.ne.bu.PooledByteBufAllocator/]: -Dio.netty.allocator.smallCacheSize: 256
[15:55:26] [modloading-worker-0/DEBUG] [io.ne.bu.PooledByteBufAllocator/]: -Dio.netty.allocator.normalCacheSize: 64
[15:55:26] [modloading-worker-0/DEBUG] [io.ne.bu.PooledByteBufAllocator/]: -Dio.netty.allocator.maxCachedBufferCapacity: 32768
[15:55:26] [modloading-worker-0/DEBUG] [io.ne.bu.PooledByteBufAllocator/]: -Dio.netty.allocator.cacheTrimInterval: 8192
[15:55:26] [modloading-worker-0/DEBUG] [io.ne.bu.PooledByteBufAllocator/]: -Dio.netty.allocator.cacheTrimIntervalMillis: 0
[15:55:26] [modloading-worker-0/DEBUG] [io.ne.bu.PooledByteBufAllocator/]: -Dio.netty.allocator.useCacheForAllThreads: false
[15:55:26] [modloading-worker-0/DEBUG] [io.ne.bu.PooledByteBufAllocator/]: -Dio.netty.allocator.maxCachedByteBuffersPerChunk: 1023
[15:55:26] [modloading-worker-0/DEBUG] [io.ne.bu.ByteBufUtil/]: -Dio.netty.allocator.type: pooled
[15:55:26] [modloading-worker-0/DEBUG] [io.ne.bu.ByteBufUtil/]: -Dio.netty.threadLocalDirectBufferSize: 0
[15:55:26] [modloading-worker-0/DEBUG] [io.ne.bu.ByteBufUtil/]: -Dio.netty.maxThreadLocalCharBufferSize: 16384
[15:55:26] [modloading-worker-0/DEBUG] [mixin/]: Mixing udp.ConnectionMixin from sable.mixins.json into net.minecraft.network.Connection
[15:55:26] [modloading-worker-0/DEBUG] [mixin/]: Renaming synthetic method lambda$sable$onDisconnect$0(Lio/netty/util/concurrent/Future;)V to md2dbef1$sable$lambda$sable$onDisconnect$0$0 in sable.mixins.json:udp.ConnectionMixin from mod sable
[15:55:26] [modloading-worker-0/DEBUG] [mixin/]: sable.mixins.json:udp.ConnectionMixin from mod sable->@Inject::sable$onDisconnect(Lnet/minecraft/network/DisconnectionDetails;Lorg/spongepowered/asm/mixin/injection/callback/CallbackInfo;)V doesn't use it's CallbackInfo
[15:55:26] [modloading-worker-0/DEBUG] [mixin/]: sable.mixins.json:udp.ConnectionMixin from mod sable->@Inject::sable$onDisconnect(Lnet/minecraft/network/DisconnectionDetails;Lorg/spongepowered/asm/mixin/injection/callback/CallbackInfo;)V has 0 override(s) in child classes
[15:55:26] [modloading-worker-0/DEBUG] [mixin/]: sable.mixins.json:udp.ConnectionMixin from mod sable->@Inject::sable$onDisconnect(Lnet/minecraft/network/DisconnectionDetails;Lorg/spongepowered/asm/mixin/injection/callback/CallbackInfo;)V won't be passed a CallbackInfo as a result
[15:55:26] [modloading-worker-0/DEBUG] [mixin/]: sable.mixins.json:udp.ConnectionMixin from mod sable->@Inject::sable$connect(Ljava/net/InetSocketAddress;ZLnet/minecraft/network/Connection;Lorg/spongepowered/asm/mixin/injection/callback/CallbackInfoReturnable;)V doesn't use it's CallbackInfoReturnable
[15:55:26] [modloading-worker-0/DEBUG] [mixin/]: sable.mixins.json:udp.ConnectionMixin from mod sable->@Inject::sable$connectToLocalServer(Ljava/net/SocketAddress;Lorg/spongepowered/asm/mixin/injection/callback/CallbackInfoReturnable;)V doesn't use it's CallbackInfoReturnable
[15:55:26] [modloading-worker-0/DEBUG] [ne.ne.fm.ja.AutomaticEventSubscriber/]: Subscribing @EventBusSubscriber class Lnet/neoforged/neoforge/network/filters/GenericPacketSplitter; to the mod event bus of mod neoforge
[15:55:26] [modloading-worker-0/DEBUG] [ne.ne.fm.ja.AutomaticEventSubscriber/LOADING]: Scanning class net.neoforged.neoforge.network.NetworkInitialization for @SubscribeEvent-annotated methods
[15:55:26] [modloading-worker-0/DEBUG] [ne.ne.fm.ja.AutomaticEventSubscriber/]: Subscribing @EventBusSubscriber class Lnet/neoforged/neoforge/network/NetworkInitialization; to the mod event bus of mod neoforge
[15:55:26] [modloading-worker-0/DEBUG] [ne.ne.fm.ja.AutomaticEventSubscriber/LOADING]: Scanning class net.neoforged.neoforge.network.ConfigurationInitialization for @SubscribeEvent-annotated methods
[15:55:26] [modloading-worker-0/DEBUG] [ne.ne.fm.ja.AutomaticEventSubscriber/]: Subscribing @EventBusSubscriber class Lnet/neoforged/neoforge/network/ConfigurationInitialization; to the mod event bus of mod neoforge
[15:55:26] [modloading-worker-0/DEBUG] [ne.ne.fm.ja.AutomaticEventSubscriber/LOADING]: Scanning class net.neoforged.neoforge.common.MonsterRoomHooks for @SubscribeEvent-annotated methods
[15:55:26] [modloading-worker-0/DEBUG] [ne.ne.fm.ja.AutomaticEventSubscriber/]: Subscribing @EventBusSubscriber class Lnet/neoforged/neoforge/common/MonsterRoomHooks; to the game event bus
[15:55:26] [modloading-worker-0/DEBUG] [ne.ne.fm.ja.AutomaticEventSubscriber/LOADING]: Scanning class net.neoforged.neoforge.common.DeferredSpawnEggItem$CommonHandler for @SubscribeEvent-annotated methods
[15:55:26] [modloading-worker-0/DEBUG] [ne.ne.fm.ja.AutomaticEventSubscriber/]: Subscribing @EventBusSubscriber class Lnet/neoforged/neoforge/common/DeferredSpawnEggItem$CommonHandler; to the mod event bus of mod neoforge
[15:55:26] [modloading-worker-0/DEBUG] [ne.ne.fm.ja.AutomaticEventSubscriber/LOADING]: Scanning class net.neoforged.neoforge.attachment.AttachmentSync for @SubscribeEvent-annotated methods
[15:55:26] [modloading-worker-0/DEBUG] [ne.ne.fm.ja.AutomaticEventSubscriber/]: Subscribing @EventBusSubscriber class Lnet/neoforged/neoforge/attachment/AttachmentSync; to the game event bus
[15:55:26] [modloading-worker-0/DEBUG] [ne.ne.fm.ja.AutomaticEventSubscriber/LOADING]: Scanning class net.neoforged.neoforge.attachment.AttachmentInternals for @SubscribeEvent-annotated methods
[15:55:26] [modloading-worker-0/DEBUG] [ne.ne.fm.ja.AutomaticEventSubscriber/]: Subscribing @EventBusSubscriber class Lnet/neoforged/neoforge/attachment/AttachmentInternals; to the game event bus
[15:55:26] [modloading-sync-worker/DEBUG] [mixin/]: Mixing accessor.RegistryDataAccessor from veil.registry.mixins.json into net.minecraft.resources.RegistryDataLoader$RegistryData
[15:55:26] [modloading-sync-worker/DEBUG] [ne.ne.fm.co.ConfigTracker/CONFIG]: Loading configs type COMMON
[15:55:26] [modloading-sync-worker/DEBUG] [ne.ne.ne.co.NeoForgeConfig/FORGEMOD]: Loaded NeoForge config file neoforge-common.toml
[15:55:26] [modloading-sync-worker/DEBUG] [ne.ne.fm.co.ConfigTracker/CONFIG]: Loaded TOML config file /home/runner/work/AntikytheraMechanism/AntikytheraMechanism/run/config/neoforge-common.toml
[15:55:26] [modloading-sync-worker/DEBUG] [ne.ne.fm.co.ConfigTracker/CONFIG]: Watching TOML config file /home/runner/work/AntikytheraMechanism/AntikytheraMechanism/run/config/neoforge-common.toml for changes
[15:55:26] [modloading-sync-worker/DEBUG] [ne.ne.fm.co.ConfigTracker/CONFIG]: Loaded TOML config file /home/runner/work/AntikytheraMechanism/AntikytheraMechanism/run/config/sable-common.toml
[15:55:26] [modloading-sync-worker/DEBUG] [ne.ne.fm.co.ConfigTracker/CONFIG]: Watching TOML config file /home/runner/work/AntikytheraMechanism/AntikytheraMechanism/run/config/sable-common.toml for changes
[15:55:26] [modloading-sync-worker/DEBUG] [ne.ne.ne.co.ModConfigSpec/CORE]: List on key deny is deemed to need correction, as it is null, not a list, or the wrong size.
[15:55:26] [modloading-sync-worker/DEBUG] [ne.ne.ne.co.ModConfigSpec/CORE]: List on key allow is deemed to need correction, as it is null, not a list, or the wrong size.
[15:55:26] [modloading-sync-worker/DEBUG] [ne.ne.fm.co.ConfigTracker/CONFIG]: Loaded TOML config file /home/runner/work/AntikytheraMechanism/AntikytheraMechanism/run/config/antikytheramechanism-common.toml
[15:55:26] [modloading-sync-worker/DEBUG] [ne.ne.fm.co.ConfigTracker/CONFIG]: Watching TOML config file /home/runner/work/AntikytheraMechanism/AntikytheraMechanism/run/config/antikytheramechanism-common.toml for changes
[15:55:26] [modloading-sync-worker/DEBUG] [ne.ne.fm.DeferredWorkQueue/LOADING]: Dispatching synchronous work for work queue Common setup: 1 jobs
[15:55:26] [modloading-sync-worker/DEBUG] [ne.ne.fm.DeferredWorkQueue/LOADING]: Synchronous work queue completed in 1.038 ms
[15:55:26] [main/ERROR] [minecraft/Settings]: Failed to load properties from file: server.properties
java.nio.file.NoSuchFileException: server.properties
	at java.base/sun.nio.fs.UnixException.translateToIOException(UnixException.java:92) ~[?:?] {}
	at java.base/sun.nio.fs.UnixException.rethrowAsIOException(UnixException.java:106) ~[?:?] {}
	at java.base/sun.nio.fs.UnixException.rethrowAsIOException(UnixException.java:111) ~[?:?] {}
	at java.base/sun.nio.fs.UnixFileSystemProvider.newByteChannel(UnixFileSystemProvider.java:261) ~[?:?] {}
	at java.base/java.nio.file.Files.newByteChannel(Files.java:380) ~[?:?] {}
	at java.base/java.nio.file.Files.newByteChannel(Files.java:432) ~[?:?] {}
	at java.base/java.nio.file.spi.FileSystemProvider.newInputStream(FileSystemProvider.java:420) ~[?:?] {}
	at java.base/java.nio.file.Files.newInputStream(Files.java:160) ~[?:?] {}
	at TRANSFORMER/minecraft@1.21.1/net.minecraft.server.dedicated.Settings.loadFromFile(Settings.java:38) ~[neoforge-21.1.228.jar%23125!/:?] {re:classloading}
	at TRANSFORMER/minecraft@1.21.1/net.minecraft.server.dedicated.DedicatedServerProperties.fromFile(DedicatedServerProperties.java:132) ~[neoforge-21.1.228.jar%23125!/:?] {re:classloading}
	at TRANSFORMER/minecraft@1.21.1/net.minecraft.server.dedicated.DedicatedServerSettings.<init>(DedicatedServerSettings.java:12) ~[neoforge-21.1.228.jar%23125!/:?] {re:classloading}
	at TRANSFORMER/minecraft@1.21.1/net.minecraft.server.Main.main(Main.java:125) ~[neoforge-21.1.228.jar%23125!/:?] {re:classloading}
	at java.base/jdk.internal.reflect.DirectMethodHandleAccessor.invoke(DirectMethodHandleAccessor.java:103) ~[?:?] {}
	at java.base/java.lang.reflect.Method.invoke(Method.java:580) ~[?:?] {}
	at MC-BOOTSTRAP/fml_loader@4.0.42/net.neoforged.fml.loading.targets.CommonLaunchHandler.runTarget(CommonLaunchHandler.java:136) ~[loader-4.0.42.jar%23102!/:4.0] {}
	at MC-BOOTSTRAP/fml_loader@4.0.42/net.neoforged.fml.loading.targets.CommonLaunchHandler.serverService(CommonLaunchHandler.java:128) ~[loader-4.0.42.jar%23102!/:4.0] {}
	at MC-BOOTSTRAP/fml_loader@4.0.42/net.neoforged.fml.loading.targets.NeoForgeServerDevLaunchHandler.runService(NeoForgeServerDevLaunchHandler.java:23) ~[loader-4.0.42.jar%23102!/:4.0] {}
	at MC-BOOTSTRAP/fml_loader@4.0.42/net.neoforged.fml.loading.targets.CommonLaunchHandler.lambda$launchService$4(CommonLaunchHandler.java:118) ~[loader-4.0.42.jar%23102!/:4.0] {}
	at MC-BOOTSTRAP/cpw.mods.modlauncher@11.0.5/cpw.mods.modlauncher.LaunchServiceHandlerDecorator.launch(LaunchServiceHandlerDecorator.java:30) [modlauncher-11.0.5.jar%2382!/:?] {}
	at MC-BOOTSTRAP/cpw.mods.modlauncher@11.0.5/cpw.mods.modlauncher.LaunchServiceHandler.launch(LaunchServiceHandler.java:53) [modlauncher-11.0.5.jar%2382!/:?] {}
	at MC-BOOTSTRAP/cpw.mods.modlauncher@11.0.5/cpw.mods.modlauncher.LaunchServiceHandler.launch(LaunchServiceHandler.java:71) [modlauncher-11.0.5.jar%2382!/:?] {}
	at MC-BOOTSTRAP/cpw.mods.modlauncher@11.0.5/cpw.mods.modlauncher.Launcher.run(Launcher.java:103) [modlauncher-11.0.5.jar%2382!/:?] {}
	at MC-BOOTSTRAP/cpw.mods.modlauncher@11.0.5/cpw.mods.modlauncher.Launcher.main(Launcher.java:74) [modlauncher-11.0.5.jar%2382!/:?] {}
	at MC-BOOTSTRAP/cpw.mods.modlauncher@11.0.5/cpw.mods.modlauncher.BootstrapLaunchConsumer.accept(BootstrapLaunchConsumer.java:26) [modlauncher-11.0.5.jar%2382!/:?] {}
	at MC-BOOTSTRAP/cpw.mods.modlauncher@11.0.5/cpw.mods.modlauncher.BootstrapLaunchConsumer.accept(BootstrapLaunchConsumer.java:23) [modlauncher-11.0.5.jar%2382!/:?] {}
	at cpw.mods.bootstraplauncher@2.0.2/cpw.mods.bootstraplauncher.BootstrapLauncher.run(BootstrapLauncher.java:210) [bootstraplauncher-2.0.2.jar:?] {}
	at cpw.mods.bootstraplauncher@2.0.2/cpw.mods.bootstraplauncher.BootstrapLauncher.main(BootstrapLauncher.java:69) [bootstraplauncher-2.0.2.jar:?] {}
	at java.base/jdk.internal.reflect.DirectMethodHandleAccessor.invoke(DirectMethodHandleAccessor.java:103) ~[?:?] {}
	at java.base/java.lang.reflect.Method.invoke(Method.java:580) ~[?:?] {}
	at net.neoforged.devlaunch.Main.main(Main.java:57) [DevLaunch-1.0.2.jar:?] {}
[15:55:26] [main/INFO] [mojang/YggdrasilAuthenticationService]: Environment: Environment[sessionHost=https://sessionserver.mojang.com, servicesHost=https://api.minecraftservices.com, name=PROD]
[15:55:27] [main/DEBUG] [mixin/]: Mixing ResourceVanillaPackResourcesMixin from veil.resource.mixins.json into net.minecraft.server.packs.VanillaPackResources
[15:55:27] [main/WARN] [minecraft/VanillaPackResourcesBuilder]: Assets URL 'union:/home/runner/work/AntikytheraMechanism/AntikytheraMechanism/build/moddev/artifacts/neoforge-21.1.228.jar%23125!/assets/.mcassetsroot' uses unexpected schema
[15:55:27] [main/WARN] [minecraft/VanillaPackResourcesBuilder]: Assets URL 'union:/home/runner/work/AntikytheraMechanism/AntikytheraMechanism/build/moddev/artifacts/neoforge-21.1.228.jar%23125!/data/.mcassetsroot' uses unexpected schema
[15:55:27] [main/INFO] [ne.ne.ne.ga.GameTestHooks/]: Enabled Gametest Namespaces: [antikytheramechanism]
[15:55:27] [main/DEBUG] [mixin/]: Mixing MechanismAssemblyManagerAccessor from antikytheramechanism.mixins.json into dev.antikytheramechanism.assembly.MechanismAssemblyManager
[15:55:27] [main/DEBUG] [mixin/]: Mixing MechanismAssemblyOriginInvariantMixin from antikytheramechanism.mixins.json into dev.antikytheramechanism.assembly.MechanismAssemblyManager
[15:55:27] [main/DEBUG] [mixin/]: Mixing MechanismAssemblyManagerDeferredRemovalMixin from antikytheramechanism.mixins.json into dev.antikytheramechanism.assembly.MechanismAssemblyManager
[15:55:27] [main/DEBUG] [mixin/]: antikytheramechanism.mixins.json:MechanismAssemblyOriginInvariantMixin from mod antikytheramechanism->@Inject::antikytheramechanism$repairRetainedOrigin(Lnet/minecraft/server/level/ServerLevel;Ldev/antikytheramechanism/assembly/MechanismAssembly;Lorg/spongepowered/asm/mixin/injection/callback/CallbackInfo;)V doesn't use it's CallbackInfo
[15:55:27] [main/DEBUG] [mixin/]: antikytheramechanism.mixins.json:MechanismAssemblyOriginInvariantMixin from mod antikytheramechanism->@Inject::antikytheramechanism$repairRetainedOrigin(Lnet/minecraft/server/level/ServerLevel;Ldev/antikytheramechanism/assembly/MechanismAssembly;Lorg/spongepowered/asm/mixin/injection/callback/CallbackInfo;)V doesn't use it's CallbackInfo
[15:55:27] [main/DEBUG] [mixin/]: antikytheramechanism.mixins.json:MechanismAssemblyOriginInvariantMixin from mod antikytheramechanism->@Inject::antikytheramechanism$repairRetainedOrigin(Lnet/minecraft/server/level/ServerLevel;Ldev/antikytheramechanism/assembly/MechanismAssembly;Lorg/spongepowered/asm/mixin/injection/callback/CallbackInfo;)V doesn't use it's CallbackInfo
[15:55:27] [main/DEBUG] [mixin/]: antikytheramechanism.mixins.json:MechanismAssemblyOriginInvariantMixin from mod antikytheramechanism->@Inject::antikytheramechanism$repairRetainedOrigin(Lnet/minecraft/server/level/ServerLevel;Ldev/antikytheramechanism/assembly/MechanismAssembly;Lorg/spongepowered/asm/mixin/injection/callback/CallbackInfo;)V doesn't use it's CallbackInfo
[15:55:27] [main/DEBUG] [mixin/]: antikytheramechanism.mixins.json:MechanismAssemblyManagerDeferredRemovalMixin from mod antikytheramechanism->@Inject::antikytheramechanism$processDeferredFrameRemovals(Lnet/minecraft/server/level/ServerLevel;Lorg/spongepowered/asm/mixin/injection/callback/CallbackInfo;)V doesn't use it's CallbackInfo
[15:55:27] [main/DEBUG] [mixin/]: Mixing game_test.StructureUtilsMixin from sable.mixins.json into net.minecraft.gametest.framework.StructureUtils
[15:55:27] [main/DEBUG] [mixin/]: sable.mixins.json:game_test.StructureUtilsMixin from mod sable->@Inject::clearSpaceForStructure(Lnet/minecraft/world/level/levelgen/structure/BoundingBox;Lnet/minecraft/server/level/ServerLevel;Lorg/spongepowered/asm/mixin/injection/callback/CallbackInfo;)V doesn't use it's CallbackInfo
[15:55:27] [main/DEBUG] [mixin/]: Mixing player_freezing.PlayerListMixin from sable.mixins.json into net.minecraft.server.players.PlayerList
[15:55:27] [main/DEBUG] [mixin/]: Mixing plot.PlayerListMixin from sable.mixins.json into net.minecraft.server.players.PlayerList
[15:55:27] [main/DEBUG] [mixin/]: Mixing udp.PlayerListMixin from sable.mixins.json into net.minecraft.server.players.PlayerList
[15:55:27] [main/DEBUG] [mixin/]: sable.mixins.json:player_freezing.PlayerListMixin from mod sable->@Inject::sable$player(Lnet/minecraft/network/Connection;Lnet/minecraft/server/level/ServerPlayer;Lnet/minecraft/server/network/CommonListenerCookie;Lorg/spongepowered/asm/mixin/injection/callback/CallbackInfo;)V doesn't use it's CallbackInfo
[15:55:27] [main/DEBUG] [mixin/]: sable.mixins.json:player_freezing.PlayerListMixin from mod sable->@Inject::sable$player(Lnet/minecraft/network/Connection;Lnet/minecraft/server/level/ServerPlayer;Lnet/minecraft/server/network/CommonListenerCookie;Lorg/spongepowered/asm/mixin/injection/callback/CallbackInfo;)V has 0 override(s) in child classes
[15:55:27] [main/DEBUG] [mixin/]: sable.mixins.json:player_freezing.PlayerListMixin from mod sable->@Inject::sable$player(Lnet/minecraft/network/Connection;Lnet/minecraft/server/level/ServerPlayer;Lnet/minecraft/server/network/CommonListenerCookie;Lorg/spongepowered/asm/mixin/injection/callback/CallbackInfo;)V won't be passed a CallbackInfo as a result
[15:55:27] [main/DEBUG] [mixin/]: sable.mixins.json:player_freezing.PlayerListMixin from mod sable->@Inject::sable$respawn(Lnet/minecraft/server/level/ServerPlayer;ZLnet/minecraft/world/entity/Entity$RemovalReason;Lorg/spongepowered/asm/mixin/injection/callback/CallbackInfoReturnable;)V does use it's CallbackInfoReturnable
[15:55:27] [main/DEBUG] [mixin/]: sable.mixins.json:udp.PlayerListMixin from mod sable->@Inject::onPlayerJoin(Lnet/minecraft/network/Connection;Lnet/minecraft/server/level/ServerPlayer;Lnet/minecraft/server/network/CommonListenerCookie;Lorg/spongepowered/asm/mixin/injection/callback/CallbackInfo;)V doesn't use it's CallbackInfo
[15:55:27] [main/DEBUG] [mixin/]: sable.mixins.json:udp.PlayerListMixin from mod sable->@Inject::onPlayerJoin(Lnet/minecraft/network/Connection;Lnet/minecraft/server/level/ServerPlayer;Lnet/minecraft/server/network/CommonListenerCookie;Lorg/spongepowered/asm/mixin/injection/callback/CallbackInfo;)V has 0 override(s) in child classes
[15:55:27] [main/DEBUG] [mixin/]: sable.mixins.json:udp.PlayerListMixin from mod sable->@Inject::onPlayerJoin(Lnet/minecraft/network/Connection;Lnet/minecraft/server/level/ServerPlayer;Lnet/minecraft/server/network/CommonListenerCookie;Lorg/spongepowered/asm/mixin/injection/callback/CallbackInfo;)V won't be passed a CallbackInfo as a result
[15:55:27] [main/DEBUG] [mixin/]: Mixing resources.PathPackResourcesMixin from veil.neoforge.mixins.json into net.minecraft.server.packs.PathPackResources
[15:55:28] [Worker-Main-2/DEBUG] [mixin/]: Mixing SableInfoMassScaleMixin from sablescale.mixins.json into dev.ryanhcode.sable.command.SableCommand
[15:55:28] [Worker-Main-2/DEBUG] [mixin/]: Mixing SimpleReloadInstanceMixin from veil.debug.mixins.json into net.minecraft.server.packs.resources.SimpleReloadInstance
[15:55:28] [main/INFO] [minecraft/RecipeManager]: Loaded 1292 recipes
[15:55:28] [main/INFO] [minecraft/AdvancementTree]: Loaded 1400 advancements
[15:55:29] [main/DEBUG] [mixin/]: Mixing udp.ServerConnectionListenerMixin from sable.mixins.json into net.minecraft.server.network.ServerConnectionListener
[15:55:29] [main/DEBUG] [mixin/]: sable.mixins.json:udp.ServerConnectionListenerMixin from mod sable->@Inject::sable$startTcpServerListener(Ljava/net/InetAddress;ILorg/spongepowered/asm/mixin/injection/callback/CallbackInfo;)V doesn't use it's CallbackInfo
[15:55:29] [main/DEBUG] [mixin/]: sable.mixins.json:udp.ServerConnectionListenerMixin from mod sable->@Inject::sable$startTcpServerListener(Ljava/net/InetAddress;ILorg/spongepowered/asm/mixin/injection/callback/CallbackInfo;)V has 0 override(s) in child classes
[15:55:29] [main/DEBUG] [mixin/]: sable.mixins.json:udp.ServerConnectionListenerMixin from mod sable->@Inject::sable$startTcpServerListener(Ljava/net/InetAddress;ILorg/spongepowered/asm/mixin/injection/callback/CallbackInfo;)V won't be passed a CallbackInfo as a result
[15:55:29] [main/DEBUG] [mixin/]: sable.mixins.json:udp.ServerConnectionListenerMixin from mod sable->@Inject::sable$startMemoryChannel(Lorg/spongepowered/asm/mixin/injection/callback/CallbackInfoReturnable;)V doesn't use it's CallbackInfoReturnable
[15:55:29] [main/DEBUG] [mixin/]: sable.mixins.json:udp.ServerConnectionListenerMixin from mod sable->@Inject::sable$startMemoryChannel(Lorg/spongepowered/asm/mixin/injection/callback/CallbackInfoReturnable;)V has 0 override(s) in child classes
[15:55:29] [main/DEBUG] [mixin/]: sable.mixins.json:udp.ServerConnectionListenerMixin from mod sable->@Inject::sable$startMemoryChannel(Lorg/spongepowered/asm/mixin/injection/callback/CallbackInfoReturnable;)V won't be passed a CallbackInfoReturnable as a result
[15:55:29] [main/DEBUG] [mixin/]: sable.mixins.json:udp.ServerConnectionListenerMixin from mod sable->@Inject::sable$stop(Lorg/spongepowered/asm/mixin/injection/callback/CallbackInfo;)V doesn't use it's CallbackInfo
[15:55:29] [main/DEBUG] [mixin/]: sable.mixins.json:udp.ServerConnectionListenerMixin from mod sable->@Inject::sable$stop(Lorg/spongepowered/asm/mixin/injection/callback/CallbackInfo;)V has 0 override(s) in child classes
[15:55:29] [main/DEBUG] [mixin/]: sable.mixins.json:udp.ServerConnectionListenerMixin from mod sable->@Inject::sable$stop(Lorg/spongepowered/asm/mixin/injection/callback/CallbackInfo;)V won't be passed a CallbackInfo as a result
[15:55:29] [Server thread/DEBUG] [ne.ne.fm.co.ConfigTracker/CONFIG]: Loading configs type SERVER
[15:55:29] [Server thread/DEBUG] [ne.ne.ne.co.NeoForgeConfig/FORGEMOD]: Loaded NeoForge config file neoforge-server.toml
[15:55:29] [Server thread/DEBUG] [ne.ne.fm.co.ConfigTracker/CONFIG]: Loaded TOML config file /home/runner/work/AntikytheraMechanism/AntikytheraMechanism/run/config/neoforge-server.toml
[15:55:29] [Server thread/DEBUG] [ne.ne.fm.co.ConfigTracker/CONFIG]: Watching TOML config file /home/runner/work/AntikytheraMechanism/AntikytheraMechanism/run/config/neoforge-server.toml for changes
[15:55:29] [Server thread/WARN] [de.an.AntikytheraMechanism/]: [FREEZE-WATCHDOG] Armed 3min bootstrap window after server/world bootstrap on thread Server thread (stall threshold=20000ms, generation=1)
[15:55:29] [Server thread/INFO] [de.ry.sa.Sable/]: Creating physics pipeline for ResourceKey[minecraft:dimension / minecraft:overworld] using RapierPhysicsPipelineProvider
[15:55:29] [Server thread/DEBUG] [mixin/]: Mixing RapierPhysicsPipelineMixin from sablescale.mixins.json into dev.ryanhcode.sable.physics.impl.rapier.RapierPhysicsPipeline
[15:55:29] [Server thread/DEBUG] [mixin/]: Mixing RapierActuatorForceScaleMixin from sablescale.mixins.json into dev.ryanhcode.sable.physics.impl.rapier.RapierPhysicsPipeline
[15:55:29] [Server thread/DEBUG] [mixin/]: Mixing RapierConstraintScaleMixin from sablescale.mixins.json into dev.ryanhcode.sable.physics.impl.rapier.RapierPhysicsPipeline
[15:55:29] [Server thread/DEBUG] [mixin/]: sablescale.mixins.json:RapierPhysicsPipelineMixin from mod sablescale->@Inject::sablescale$register(Lnet/minecraft/server/level/ServerLevel;Lorg/spongepowered/asm/mixin/injection/callback/CallbackInfo;)V doesn't use it's CallbackInfo
[15:55:29] [Server thread/DEBUG] [mixin/]: sablescale.mixins.json:RapierPhysicsPipelineMixin from mod sablescale->@Inject::sablescale$register(Lnet/minecraft/server/level/ServerLevel;Lorg/spongepowered/asm/mixin/injection/callback/CallbackInfo;)V has 0 override(s) in child classes
[15:55:29] [Server thread/DEBUG] [mixin/]: sablescale.mixins.json:RapierPhysicsPipelineMixin from mod sablescale->@Inject::sablescale$register(Lnet/minecraft/server/level/ServerLevel;Lorg/spongepowered/asm/mixin/injection/callback/CallbackInfo;)V won't be passed a CallbackInfo as a result
[15:55:29] [Server thread/DEBUG] [mixin/]: sablescale.mixins.json:RapierPhysicsPipelineMixin from mod sablescale->@Inject::sablescale$correctWaterDrag(Lorg/spongepowered/asm/mixin/injection/callback/CallbackInfo;)V doesn't use it's CallbackInfo
[15:55:29] [Server thread/DEBUG] [mixin/]: sablescale.mixins.json:RapierPhysicsPipelineMixin from mod sablescale->@Inject::sablescale$correctWaterDrag(Lorg/spongepowered/asm/mixin/injection/callback/CallbackInfo;)V has 0 override(s) in child classes
[15:55:29] [Server thread/DEBUG] [mixin/]: sablescale.mixins.json:RapierPhysicsPipelineMixin from mod sablescale->@Inject::sablescale$correctWaterDrag(Lorg/spongepowered/asm/mixin/injection/callback/CallbackInfo;)V won't be passed a CallbackInfo as a result
[15:55:29] [Server thread/DEBUG] [mixin/]: sablescale.mixins.json:RapierPhysicsPipelineMixin from mod sablescale->@Inject::sablescale$speedCeiling(DLorg/spongepowered/asm/mixin/injection/callback/CallbackInfo;)V doesn't use it's CallbackInfo
[15:55:29] [Server thread/DEBUG] [mixin/]: sablescale.mixins.json:RapierPhysicsPipelineMixin from mod sablescale->@Inject::sablescale$speedCeiling(DLorg/spongepowered/asm/mixin/injection/callback/CallbackInfo;)V has 0 override(s) in child classes
[15:55:29] [Server thread/DEBUG] [mixin/]: sablescale.mixins.json:RapierPhysicsPipelineMixin from mod sablescale->@Inject::sablescale$speedCeiling(DLorg/spongepowered/asm/mixin/injection/callback/CallbackInfo;)V won't be passed a CallbackInfo as a result
[15:55:29] [Server thread/DEBUG] [mixin/]: sablescale.mixins.json:RapierPhysicsPipelineMixin from mod sablescale->@Inject::sablescale$interceptSectionAdd(Lnet/minecraft/world/level/chunk/LevelChunkSection;IIIZLorg/spongepowered/asm/mixin/injection/callback/CallbackInfo;)V does use it's CallbackInfo
[15:55:29] [Server thread/DEBUG] [mixin/]: sablescale.mixins.json:RapierPhysicsPipelineMixin from mod sablescale->@Inject::sablescale$interceptSectionRemove(IIILorg/spongepowered/asm/mixin/injection/callback/CallbackInfo;)V does use it's CallbackInfo
[15:55:29] [Server thread/DEBUG] [mixin/]: sablescale.mixins.json:RapierPhysicsPipelineMixin from mod sablescale->@Inject::sablescale$interceptBlockChange(Lnet/minecraft/core/SectionPos;Lnet/minecraft/world/level/chunk/LevelChunkSection;IIILnet/minecraft/world/level/block/state/BlockState;Lnet/minecraft/world/level/block/state/BlockState;Lorg/spongepowered/asm/mixin/injection/callback/CallbackInfo;)V does use it's CallbackInfo
[15:55:29] [Server thread/DEBUG] [mixin/]: sablescale.mixins.json:RapierPhysicsPipelineMixin from mod sablescale->@Inject::sablescale$onBodyAdded(Ldev/ryanhcode/sable/sublevel/ServerSubLevel;Ldev/ryanhcode/sable/companion/math/Pose3dc;Lorg/spongepowered/asm/mixin/injection/callback/CallbackInfo;)V doesn't use it's CallbackInfo
[15:55:29] [Server thread/DEBUG] [mixin/]: sablescale.mixins.json:RapierPhysicsPipelineMixin from mod sablescale->@Inject::sablescale$onBodyAdded(Ldev/ryanhcode/sable/sublevel/ServerSubLevel;Ldev/ryanhcode/sable/companion/math/Pose3dc;Lorg/spongepowered/asm/mixin/injection/callback/CallbackInfo;)V has 0 override(s) in child classes
[15:55:29] [Server thread/DEBUG] [mixin/]: sablescale.mixins.json:RapierPhysicsPipelineMixin from mod sablescale->@Inject::sablescale$onBodyAdded(Ldev/ryanhcode/sable/sublevel/ServerSubLevel;Ldev/ryanhcode/sable/companion/math/Pose3dc;Lorg/spongepowered/asm/mixin/injection/callback/CallbackInfo;)V won't be passed a CallbackInfo as a result
[15:55:29] [Server thread/DEBUG] [mixin/]: sablescale.mixins.json:RapierPhysicsPipelineMixin from mod sablescale->@Inject::sablescale$onBodyRemoved(Ldev/ryanhcode/sable/sublevel/ServerSubLevel;Lorg/spongepowered/asm/mixin/injection/callback/CallbackInfo;)V doesn't use it's CallbackInfo
[15:55:29] [Server thread/DEBUG] [mixin/]: sablescale.mixins.json:RapierPhysicsPipelineMixin from mod sablescale->@Inject::sablescale$onBodyRemoved(Ldev/ryanhcode/sable/sublevel/ServerSubLevel;Lorg/spongepowered/asm/mixin/injection/callback/CallbackInfo;)V has 0 override(s) in child classes
[15:55:29] [Server thread/DEBUG] [mixin/]: sablescale.mixins.json:RapierPhysicsPipelineMixin from mod sablescale->@Inject::sablescale$onBodyRemoved(Ldev/ryanhcode/sable/sublevel/ServerSubLevel;Lorg/spongepowered/asm/mixin/injection/callback/CallbackInfo;)V won't be passed a CallbackInfo as a result
[15:55:29] [Server thread/DEBUG] [mixin/]: Mixing LevelAcceleratorSableMoveRoutingMixin from antikytheramechanism.mixins.json into dev.ryanhcode.sable.util.LevelAccelerator
[15:55:29] [Server thread/DEBUG] [mixin/]: antikytheramechanism.mixins.json:LevelAcceleratorSableMoveRoutingMixin from mod antikytheramechanism->@Inject::antikytheramechanism$routeMovedPlotChunk(IILorg/spongepowered/asm/mixin/injection/callback/CallbackInfoReturnable;)V does use it's CallbackInfoReturnable
[15:55:29] [Server thread/DEBUG] [mixin/]: Mixing ScaledCollidersManagedEmptyBoundsMixin from antikytheramechanism.mixins.json into dev.sablescale.scale.ScaledColliders
[15:55:29] [Server thread/DEBUG] [mixin/]: antikytheramechanism.mixins.json:ScaledCollidersManagedEmptyBoundsMixin from mod antikytheramechanism->@Inject::antikytheramechanism$finiteManagedEmptyBounds(Ldev/ryanhcode/sable/sublevel/ServerSubLevel;Lorg/spongepowered/asm/mixin/injection/callback/CallbackInfoReturnable;)V does use it's CallbackInfoReturnable
[15:55:29] [Server thread/DEBUG] [mixin/]: Mixing Rapier3DAccessor from sablescale.mixins.json into dev.ryanhcode.sable.physics.impl.rapier.Rapier3D
[15:55:29] [Server thread/DEBUG] [mixin/]: Renaming @Invoker method sablescale$addChunk(JIII[IZI)V to addChunk$sablescale_$md$2dbef1$0 in sablescale.mixins.json:Rapier3DAccessor from mod sablescale
[15:55:29] [Server thread/DEBUG] [mixin/]: Renaming @Invoker method sablescale$removeChunk(JIIIZ)V to removeChunk$sablescale_$md$2dbef1$1 in sablescale.mixins.json:Rapier3DAccessor from mod sablescale
[15:55:29] [Server thread/DEBUG] [mixin/]: Renaming @Invoker method sablescale$setLocalBounds(JIIIIIII)V to setLocalBounds$sablescale_$md$2dbef1$2 in sablescale.mixins.json:Rapier3DAccessor from mod sablescale
[15:55:29] [Server thread/DEBUG] [mixin/]: Renaming @Invoker method sablescale$setMassProperties(JID[D[D)V to setMassProperties$sablescale_$md$2dbef1$3 in sablescale.mixins.json:Rapier3DAccessor from mod sablescale
[15:55:29] [Server thread/DEBUG] [mixin/]: Renaming @Invoker method sablescale$setMassPropertiesFrom(JILdev/ryanhcode/sable/api/physics/mass/MassData;)V to setMassPropertiesFrom$sablescale_$md$2dbef1$4 in sablescale.mixins.json:Rapier3DAccessor from mod sablescale
[15:55:29] [Server thread/DEBUG] [mixin/]: Renaming @Invoker method sablescale$applyForceAndTorque(JIDDDDDDZ)V to applyForceAndTorque$sablescale_$md$2dbef1$5 in sablescale.mixins.json:Rapier3DAccessor from mod sablescale
[15:55:29] [Server thread/DEBUG] [mixin/]: Renaming @Invoker method sablescale$applyForce(JIDDDDDDZ)V to applyForce$sablescale_$md$2dbef1$6 in sablescale.mixins.json:Rapier3DAccessor from mod sablescale
[15:55:29] [Server thread/DEBUG] [mixin/]: Renaming @Invoker method sablescale$setConstraintFrame(JJIDDDDDDD)V to setConstraintFrame$sablescale_$md$2dbef1$7 in sablescale.mixins.json:Rapier3DAccessor from mod sablescale
[15:55:29] [Server thread/DEBUG] [mixin/]: Renaming @Invoker method sablescale$isConstraintValid(JJ)Z to isConstraintValid$sablescale_$md$2dbef1$8 in sablescale.mixins.json:Rapier3DAccessor from mod sablescale
[15:55:29] [Server thread/DEBUG] [mixin/]: Renaming @Invoker method sablescale$addLinearAngularVelocities(JIDDDDDDZ)V to addLinearAngularVelocities$sablescale_$md$2dbef1$9 in sablescale.mixins.json:Rapier3DAccessor from mod sablescale
[15:55:29] [Server thread/DEBUG] [mixin/]: Mixing Rapier3DInvoker from antikytheramechanism.mixins.json into dev.ryanhcode.sable.physics.impl.rapier.Rapier3D
[15:55:29] [Server thread/DEBUG] [mixin/]: Renaming @Invoker method antikytheramechanism$getSceneHandle(Lnet/minecraft/server/level/ServerLevel;)J to getSceneHandle$antikytheramechanism_$md$2dbef1$a in antikytheramechanism.mixins.json:Rapier3DInvoker from mod antikytheramechanism
[15:55:29] [Server thread/DEBUG] [mixin/]: Renaming @Invoker method antikytheramechanism$newVoxelCollider(DDDZLdev/ryanhcode/sable/api/physics/callback/BlockSubLevelCollisionCallback;)I to newVoxelCollider$antikytheramechanism_$md$2dbef1$b in antikytheramechanism.mixins.json:Rapier3DInvoker from mod antikytheramechanism
[15:55:29] [Server thread/DEBUG] [mixin/]: Renaming @Invoker method antikytheramechanism$addVoxelColliderBox(I[D)V to addVoxelColliderBox$antikytheramechanism_$md$2dbef1$c in antikytheramechanism.mixins.json:Rapier3DInvoker from mod antikytheramechanism
[15:55:29] [Server thread/DEBUG] [mixin/]: Renaming @Invoker method antikytheramechanism$createKinematicContraption(JII[D)V to createKinematicContraption$antikytheramechanism_$md$2dbef1$d in antikytheramechanism.mixins.json:Rapier3DInvoker from mod antikytheramechanism
[15:55:29] [Server thread/DEBUG] [mixin/]: Renaming @Invoker method antikytheramechanism$removeKinematicContraption(JI)V to removeKinematicContraption$antikytheramechanism_$md$2dbef1$e in antikytheramechanism.mixins.json:Rapier3DInvoker from mod antikytheramechanism
[15:55:29] [Server thread/DEBUG] [mixin/]: Renaming @Invoker method antikytheramechanism$setKinematicContraptionTransform(JI[D[D[D)V to setKinematicContraptionTransform$antikytheramechanism_$md$2dbef1$f in antikytheramechanism.mixins.json:Rapier3DInvoker from mod antikytheramechanism
[15:55:29] [Server thread/DEBUG] [mixin/]: Renaming @Invoker method antikytheramechanism$addKinematicContraptionChunkSection(JIIII[I)V to addKinematicContraptionChunkSection$antikytheramechanism_$md$2dbef1$10 in antikytheramechanism.mixins.json:Rapier3DInvoker from mod antikytheramechanism
[15:55:29] [Server thread/DEBUG] [mixin/]: Renaming @Invoker method antikytheramechanism$setLocalBounds(JIIIIIII)V to setLocalBounds$antikytheramechanism_$md$2dbef1$11 in antikytheramechanism.mixins.json:Rapier3DInvoker from mod antikytheramechanism
[2026-08-18T15:55:29.529305297Z] [[32mINFO[0m] (sable_rapier) Rapier scene initialized
[15:55:29] [Server thread/ERROR] [de.ry.sa.Sable/]: Failed to apply tag physics properties. Unknown block: create:flywheel
[15:55:29] [Server thread/DEBUG] [mixin/]: Mixing LevelTicksAccessor from antikytheramechanism.mixins.json into net.minecraft.world.ticks.LevelTicks
[15:55:29] [Server thread/DEBUG] [mixin/]: Mixing plot.serialization.LevelChunkTicksMixin from sable.mixins.json into net.minecraft.world.ticks.LevelChunkTicks
[15:55:29] [Server thread/DEBUG] [mixin/]: Mixing entity.entity_unloading.PersistentEntitySectionManagerMixin from sable.mixins.json into net.minecraft.world.level.entity.PersistentEntitySectionManager
[15:55:29] [Server thread/DEBUG] [mixin/]: sable.mixins.json:entity.entity_unloading.PersistentEntitySectionManagerMixin from mod sable->@Inject::processChunkUnload(JLorg/spongepowered/asm/mixin/injection/callback/CallbackInfoReturnable;)V doesn't use it's CallbackInfoReturnable
[15:55:29] [Server thread/DEBUG] [mixin/]: sable.mixins.json:entity.entity_unloading.PersistentEntitySectionManagerMixin from mod sable->@Inject::processChunkUnload(JLorg/spongepowered/asm/mixin/injection/callback/CallbackInfoReturnable;)V has 0 override(s) in child classes
[15:55:29] [Server thread/DEBUG] [mixin/]: sable.mixins.json:entity.entity_unloading.PersistentEntitySectionManagerMixin from mod sable->@Inject::processChunkUnload(JLorg/spongepowered/asm/mixin/injection/callback/CallbackInfoReturnable;)V won't be passed a CallbackInfoReturnable as a result
[15:55:29] [Server thread/DEBUG] [mixin/]: Mixing entity.server_entities_tick.ChunkMapMixin from sable.mixins.json into net.minecraft.server.level.ChunkMap
[15:55:29] [Server thread/DEBUG] [mixin/]: Mixing plot.ChunkMapMixin from sable.mixins.json into net.minecraft.server.level.ChunkMap
[15:55:29] [Server thread/DEBUG] [mixin/]: Renaming synthetic method lambda$sable$hasWork$0(Lnet/minecraft/server/level/ChunkHolder;)Z to md2dbef1$sable$lambda$sable$hasWork$0$0 in sable.mixins.json:plot.ChunkMapMixin from mod sable
[15:55:29] [Server thread/DEBUG] [mixin/]: Mixing plot.serialization.ChunkMapMixin from sable.mixins.json into net.minecraft.server.level.ChunkMap
[15:55:29] [Server thread/DEBUG] [mixin/]: sable.mixins.json:plot.ChunkMapMixin from mod sable->@Inject::sable$getPlayers(Lnet/minecraft/world/level/ChunkPos;ZLorg/spongepowered/asm/mixin/injection/callback/CallbackInfoReturnable;)V does use it's CallbackInfoReturnable
[15:55:29] [Server thread/DEBUG] [mixin/]: sable.mixins.json:plot.ChunkMapMixin from mod sable->@Inject::sable$saveChunkIfNeeded(Lnet/minecraft/server/level/ChunkHolder;Lorg/spongepowered/asm/mixin/injection/callback/CallbackInfoReturnable;)V does use it's CallbackInfoReturnable
[15:55:29] [Server thread/DEBUG] [mixin/]: sable.mixins.json:plot.ChunkMapMixin from mod sable->@Inject::sable$isChunkTracked(Lnet/minecraft/server/level/ServerPlayer;IILorg/spongepowered/asm/mixin/injection/callback/CallbackInfoReturnable;)V does use it's CallbackInfoReturnable
[15:55:29] [Server thread/DEBUG] [mixin/]: sable.mixins.json:plot.ChunkMapMixin from mod sable->@Inject::sable$anyPlayerCloseEnoughForSpawning(Lnet/minecraft/world/level/ChunkPos;Lorg/spongepowered/asm/mixin/injection/callback/CallbackInfoReturnable;)V does use it's CallbackInfoReturnable
[15:55:29] [Server thread/DEBUG] [mixin/]: sable.mixins.json:plot.serialization.ChunkMapMixin from mod sable->@Inject::sable$init(Lnet/minecraft/server/level/ServerLevel;Lnet/minecraft/world/level/storage/LevelStorageSource$LevelStorageAccess;Lcom/mojang/datafixers/DataFixer;Lnet/minecraft/world/level/levelgen/structure/templatesystem/StructureTemplateManager;Ljava/util/concurrent/Executor;Lnet/minecraft/util/thread/BlockableEventLoop;Lnet/minecraft/world/level/chunk/LightChunkGetter;Lnet/minecraft/world/level/chunk/ChunkGenerator;Lnet/minecraft/server/level/progress/ChunkProgressListener;Lnet/minecraft/world/level/entity/ChunkStatusUpdateListener;Ljava/util/function/Supplier;IZLorg/spongepowered/asm/mixin/injection/callback/CallbackInfo;)V doesn't use it's CallbackInfo
[15:55:29] [Server thread/DEBUG] [mixin/]: sable.mixins.json:plot.serialization.ChunkMapMixin from mod sable->@Inject::sable$init(Lnet/minecraft/server/level/ServerLevel;Lnet/minecraft/world/level/storage/LevelStorageSource$LevelStorageAccess;Lcom/mojang/datafixers/DataFixer;Lnet/minecraft/world/level/levelgen/structure/templatesystem/StructureTemplateManager;Ljava/util/concurrent/Executor;Lnet/minecraft/util/thread/BlockableEventLoop;Lnet/minecraft/world/level/chunk/LightChunkGetter;Lnet/minecraft/world/level/chunk/ChunkGenerator;Lnet/minecraft/server/level/progress/ChunkProgressListener;Lnet/minecraft/world/level/entity/ChunkStatusUpdateListener;Ljava/util/function/Supplier;IZLorg/spongepowered/asm/mixin/injection/callback/CallbackInfo;)V has 0 override(s) in child classes
[15:55:29] [Server thread/DEBUG] [mixin/]: sable.mixins.json:plot.serialization.ChunkMapMixin from mod sable->@Inject::sable$init(Lnet/minecraft/server/level/ServerLevel;Lnet/minecraft/world/level/storage/LevelStorageSource$LevelStorageAccess;Lcom/mojang/datafixers/DataFixer;Lnet/minecraft/world/level/levelgen/structure/templatesystem/StructureTemplateManager;Ljava/util/concurrent/Executor;Lnet/minecraft/util/thread/BlockableEventLoop;Lnet/minecraft/world/level/chunk/LightChunkGetter;Lnet/minecraft/world/level/chunk/ChunkGenerator;Lnet/minecraft/server/level/progress/ChunkProgressListener;Lnet/minecraft/world/level/entity/ChunkStatusUpdateListener;Ljava/util/function/Supplier;IZLorg/spongepowered/asm/mixin/injection/callback/CallbackInfo;)V won't be passed a CallbackInfo as a result
[15:55:29] [Server thread/DEBUG] [mixin/]: sable.mixins.json:plot.serialization.ChunkMapMixin from mod sable->@Inject::sable$onStatusChange(Lnet/minecraft/world/level/ChunkPos;Lnet/minecraft/server/level/FullChunkStatus;Lorg/spongepowered/asm/mixin/injection/callback/CallbackInfo;)V doesn't use it's CallbackInfo
[15:55:29] [Server thread/DEBUG] [mixin/]: sable.mixins.json:plot.serialization.ChunkMapMixin from mod sable->@Inject::sable$onStatusChange(Lnet/minecraft/world/level/ChunkPos;Lnet/minecraft/server/level/FullChunkStatus;Lorg/spongepowered/asm/mixin/injection/callback/CallbackInfo;)V has 0 override(s) in child classes
[15:55:29] [Server thread/DEBUG] [mixin/]: sable.mixins.json:plot.serialization.ChunkMapMixin from mod sable->@Inject::sable$onStatusChange(Lnet/minecraft/world/level/ChunkPos;Lnet/minecraft/server/level/FullChunkStatus;Lorg/spongepowered/asm/mixin/injection/callback/CallbackInfo;)V won't be passed a CallbackInfo as a result
[15:55:29] [Server thread/DEBUG] [mixin/]: Mixing chunk_container_replacement.LevelChunkSectionMixin from sable.mixins.json into net.minecraft.world.level.chunk.LevelChunkSection
[15:55:29] [Server thread/DEBUG] [mixin/]: Mixing sculk_vibrations.GameEventDispatcherMixin from sable.mixins.json into net.minecraft.world.level.gameevent.GameEventDispatcher
[15:55:29] [Server thread/DEBUG] [mixin/]: Renaming synthetic method lambda$sable$visitShipListeners$0(Ldev/ryanhcode/sable/companion/math/BoundingBox3dc;Lcom/llamalad7/mixinextras/sugar/ref/LocalRef;Ldev/ryanhcode/sable/companion/math/BoundingBox3i;Lcom/llamalad7/mixinextras/injector/wrapoperation/Operation;Lnet/minecraft/core/Holder;Lnet/minecraft/world/phys/Vec3;Lnet/minecraft/world/level/gameevent/GameEvent$Context;Ldev/ryanhcode/sable/sublevel/SubLevel;)V to md2dbef1$sable$lambda$sable$visitShipListeners$0$0 in sable.mixins.json:sculk_vibrations.GameEventDispatcherMixin from mod sable
[15:55:29] [Server thread/DEBUG] [mixin/]: sable.mixins.json:sculk_vibrations.GameEventDispatcherMixin from mod sable->@Inject::sable$useBBIntersection(Lnet/minecraft/core/Holder;Lnet/minecraft/world/phys/Vec3;Lnet/minecraft/world/level/gameevent/GameEvent$Context;Lorg/spongepowered/asm/mixin/injection/callback/CallbackInfo;)V doesn't use it's CallbackInfo
[15:55:29] [Server thread/DEBUG] [mixin/]: sable.mixins.json:sculk_vibrations.GameEventDispatcherMixin from mod sable->@Inject::sable$useBBIntersection(Lnet/minecraft/core/Holder;Lnet/minecraft/world/phys/Vec3;Lnet/minecraft/world/level/gameevent/GameEvent$Context;Lorg/spongepowered/asm/mixin/injection/callback/CallbackInfo;)V has 0 override(s) in child classes
[15:55:29] [Server thread/DEBUG] [mixin/]: sable.mixins.json:sculk_vibrations.GameEventDispatcherMixin from mod sable->@Inject::sable$useBBIntersection(Lnet/minecraft/core/Holder;Lnet/minecraft/world/phys/Vec3;Lnet/minecraft/world/level/gameevent/GameEvent$Context;Lorg/spongepowered/asm/mixin/injection/callback/CallbackInfo;)V won't be passed a CallbackInfo as a result
[15:55:30] [Server thread/INFO] [de.ry.sa.Sable/]: Creating physics pipeline for ResourceKey[minecraft:dimension / minecraft:the_nether] using RapierPhysicsPipelineProvider
[2026-08-18T15:55:30.105938258Z] [[32mINFO[0m] (sable_rapier) Rapier scene initialized
[15:55:30] [Server thread/ERROR] [de.ry.sa.Sable/]: Failed to apply tag physics properties. Unknown block: create:flywheel
[15:55:30] [Server thread/INFO] [de.ry.sa.Sable/]: Creating physics pipeline for ResourceKey[minecraft:dimension / minecraft:the_end] using RapierPhysicsPipelineProvider
[2026-08-18T15:55:30.121936865Z] [[32mINFO[0m] (sable_rapier) Rapier scene initialized
[15:55:30] [Server thread/ERROR] [de.ry.sa.Sable/]: Failed to apply tag physics properties. Unknown block: create:flywheel
[15:55:30] [Server thread/INFO] [minecraft/MinecraftServer]: Preparing start region for dimension minecraft:overworld
[15:55:30] [worldgen/INFO] [minecraft/LoggerChunkProgressListener]: Preparing spawn area: 2%
[15:55:30] [Server thread/INFO] [minecraft/LoggerChunkProgressListener]: Time elapsed: 297 ms
[15:55:30] [Server thread/DEBUG] [mixin/]: Mixing game_test.GameTestInfoMixin from sable.mixins.json into net.minecraft.gametest.framework.GameTestInfo
[15:55:30] [Server thread/DEBUG] [mixin/]: sable.mixins.json:game_test.GameTestInfoMixin from mod sable->@Inject::removeSublevels(Lorg/spongepowered/asm/mixin/injection/callback/CallbackInfo;)V doesn't use it's CallbackInfo
[15:55:30] [Server thread/DEBUG] [mixin/]: sable.mixins.json:game_test.GameTestInfoMixin from mod sable->@Inject::removeSublevels(Lorg/spongepowered/asm/mixin/injection/callback/CallbackInfo;)V has 0 override(s) in child classes
[15:55:30] [Server thread/DEBUG] [mixin/]: sable.mixins.json:game_test.GameTestInfoMixin from mod sable->@Inject::removeSublevels(Lorg/spongepowered/asm/mixin/injection/callback/CallbackInfo;)V won't be passed a CallbackInfo as a result
[15:55:30] [Server thread/INFO] [minecraft/GameTestServer]: Started game test server
[15:55:30] [Server thread/DEBUG] [ne.ne.ne.se.LanguageHook/]: Loaded 8 language files for en_us
[15:55:30] [Server thread/INFO] [ne.ne.ne.se.pe.PermissionAPI/]: Successfully initialized permission handler neoforge:default_handler
[15:55:30] [Server thread/INFO] [minecraft/GameTestServer]: 84 tests are now running at position -7679553, -59, -10866270!
[15:55:30] [Server thread/DEBUG] [mixin/]: Mixing PhysicsBlockPropertyHelperFrameMassMixin from antikytheramechanism.mixins.json into dev.ryanhcode.sable.physics.config.block_properties.PhysicsBlockPropertyHelper
[15:55:30] [Server thread/DEBUG] [mixin/]: antikytheramechanism.mixins.json:PhysicsBlockPropertyHelperFrameMassMixin from mod antikytheramechanism->@Inject::antikytheramechanism$useManagedFrameMass(Lnet/minecraft/world/level/BlockGetter;Lnet/minecraft/core/BlockPos;Lnet/minecraft/world/level/block/state/BlockState;Lorg/spongepowered/asm/mixin/injection/callback/CallbackInfoReturnable;)V does use it's CallbackInfoReturnable
[15:55:33] [Server thread/INFO] [minecraft/GameTestRunner]: Running test batch 'defaultBatch:0' (50 tests)...
[15:55:33] [Server thread/WARN] [minecraft/MinecraftServer]: Can't keep up! Is the server overloaded? Running 2511ms or 50 ticks behind
[15:55:33] [Server thread/INFO] [minecraft/GameTestServer]: [                                                                                    ]
[15:55:33] [Server thread/WARN] [de.an.AntikytheraMechanism/]: [FREEZE-WATCHDOG] Armed 30s after Mechanism Frame placement at BlockPos{x=-7679551, y=-57, z=-10866268} in minecraft:overworld on thread Server thread (stall threshold=2000ms, generation=2)
[15:55:33] [Server thread/DEBUG] [mixin/]: Mixing FloatingBlockControllerAccessor from antikytheramechanism.mixins.json into dev.ryanhcode.sable.physics.floating_block.FloatingBlockController
[15:55:33] [Server thread/DEBUG] [mixin/]: Mixing FloatingBlockControllerHostedMiniMixin from antikytheramechanism.mixins.json into dev.ryanhcode.sable.physics.floating_block.FloatingBlockController
[15:55:33] [Server thread/DEBUG] [mixin/]: antikytheramechanism.mixins.json:FloatingBlockControllerHostedMiniMixin from mod antikytheramechanism->@Inject::antikytheramechanism$wakeForHostedMiniMaterials(Lorg/spongepowered/asm/mixin/injection/callback/CallbackInfoReturnable;)V does use it's CallbackInfoReturnable
[15:55:33] [Server thread/DEBUG] [mixin/]: antikytheramechanism.mixins.json:FloatingBlockControllerHostedMiniMixin from mod antikytheramechanism->@Inject::antikytheramechanism$wakeForHostedMiniMaterials(Lorg/spongepowered/asm/mixin/injection/callback/CallbackInfoReturnable;)V does use it's CallbackInfoReturnable
[15:55:33] [Server thread/DEBUG] [mixin/]: antikytheramechanism.mixins.json:FloatingBlockControllerHostedMiniMixin from mod antikytheramechanism->@Inject::antikytheramechanism$wakeForHostedMiniMaterials(Lorg/spongepowered/asm/mixin/injection/callback/CallbackInfoReturnable;)V does use it's CallbackInfoReturnable
[15:55:33] [Server thread/DEBUG] [mixin/]: antikytheramechanism.mixins.json:FloatingBlockControllerHostedMiniMixin from mod antikytheramechanism->@Inject::antikytheramechanism$appendHostedMiniMaterials(DDLorg/joml/Vector3dc;Lorg/joml/Vector3dc;Lorg/joml/Vector3d;Lorg/joml/Vector3d;Lorg/spongepowered/asm/mixin/injection/callback/CallbackInfo;)V doesn't use it's CallbackInfo
[15:55:33] [Server thread/DEBUG] [mixin/]: antikytheramechanism.mixins.json:FloatingBlockControllerHostedMiniMixin from mod antikytheramechanism->@Inject::antikytheramechanism$appendHostedMiniMaterials(DDLorg/joml/Vector3dc;Lorg/joml/Vector3dc;Lorg/joml/Vector3d;Lorg/joml/Vector3d;Lorg/spongepowered/asm/mixin/injection/callback/CallbackInfo;)V has 0 override(s) in child classes
[15:55:33] [Server thread/DEBUG] [mixin/]: antikytheramechanism.mixins.json:FloatingBlockControllerHostedMiniMixin from mod antikytheramechanism->@Inject::antikytheramechanism$appendHostedMiniMaterials(DDLorg/joml/Vector3dc;Lorg/joml/Vector3dc;Lorg/joml/Vector3d;Lorg/joml/Vector3d;Lorg/spongepowered/asm/mixin/injection/callback/CallbackInfo;)V won't be passed a CallbackInfo as a result
[15:55:33] [Server thread/DEBUG] [mixin/]: antikytheramechanism.mixins.json:FloatingBlockControllerHostedMiniMixin from mod antikytheramechanism->@Inject::antikytheramechanism$clearHostedMiniMaterialCache(DDLorg/joml/Vector3dc;Lorg/joml/Vector3dc;Lorg/joml/Vector3d;Lorg/joml/Vector3d;Lorg/spongepowered/asm/mixin/injection/callback/CallbackInfo;)V doesn't use it's CallbackInfo
[15:55:33] [Server thread/DEBUG] [mixin/]: antikytheramechanism.mixins.json:FloatingBlockControllerHostedMiniMixin from mod antikytheramechanism->@Inject::antikytheramechanism$clearHostedMiniMaterialCache(DDLorg/joml/Vector3dc;Lorg/joml/Vector3dc;Lorg/joml/Vector3d;Lorg/joml/Vector3d;Lorg/spongepowered/asm/mixin/injection/callback/CallbackInfo;)V has 0 override(s) in child classes
[15:55:33] [Server thread/DEBUG] [mixin/]: antikytheramechanism.mixins.json:FloatingBlockControllerHostedMiniMixin from mod antikytheramechanism->@Inject::antikytheramechanism$clearHostedMiniMaterialCache(DDLorg/joml/Vector3dc;Lorg/joml/Vector3dc;Lorg/joml/Vector3d;Lorg/joml/Vector3d;Lorg/spongepowered/asm/mixin/injection/callback/CallbackInfo;)V won't be passed a CallbackInfo as a result
[15:55:33] [Server thread/DEBUG] [mixin/]: antikytheramechanism.mixins.json:FloatingBlockControllerHostedMiniMixin from mod antikytheramechanism->@Inject::antikytheramechanism$clearHostedMiniMaterialCache(DDLorg/joml/Vector3dc;Lorg/joml/Vector3dc;Lorg/joml/Vector3d;Lorg/joml/Vector3d;Lorg/spongepowered/asm/mixin/injection/callback/CallbackInfo;)V doesn't use it's CallbackInfo
[15:55:33] [Server thread/DEBUG] [mixin/]: antikytheramechanism.mixins.json:FloatingBlockControllerHostedMiniMixin from mod antikytheramechanism->@Inject::antikytheramechanism$clearHostedMiniMaterialCache(DDLorg/joml/Vector3dc;Lorg/joml/Vector3dc;Lorg/joml/Vector3d;Lorg/joml/Vector3d;Lorg/spongepowered/asm/mixin/injection/callback/CallbackInfo;)V has 0 override(s) in child classes
[15:55:33] [Server thread/DEBUG] [mixin/]: antikytheramechanism.mixins.json:FloatingBlockControllerHostedMiniMixin from mod antikytheramechanism->@Inject::antikytheramechanism$clearHostedMiniMaterialCache(DDLorg/joml/Vector3dc;Lorg/joml/Vector3dc;Lorg/joml/Vector3d;Lorg/joml/Vector3d;Lorg/spongepowered/asm/mixin/injection/callback/CallbackInfo;)V won't be passed a CallbackInfo as a result
[15:55:33] [Server thread/DEBUG] [mixin/]: Mixing MergedMassTrackerMixin from sablescale.mixins.json into dev.ryanhcode.sable.api.physics.mass.MergedMassTracker
[15:55:33] [Server thread/DEBUG] [mixin/]: Mixing MergedMassTrackerHostedMiniMixin from antikytheramechanism.mixins.json into dev.ryanhcode.sable.api.physics.mass.MergedMassTracker
[15:55:33] [Server thread/DEBUG] [mixin/]: antikytheramechanism.mixins.json:MergedMassTrackerHostedMiniMixin from mod antikytheramechanism->@Inject::antikytheramechanism$mergeHostedMiniMass(FLorg/spongepowered/asm/mixin/injection/callback/CallbackInfo;)V doesn't use it's CallbackInfo
[15:55:33] [Server thread/DEBUG] [mixin/]: antikytheramechanism.mixins.json:MergedMassTrackerHostedMiniMixin from mod antikytheramechanism->@Inject::antikytheramechanism$mergeHostedMiniMass(FLorg/spongepowered/asm/mixin/injection/callback/CallbackInfo;)V has 0 override(s) in child classes
[15:55:33] [Server thread/DEBUG] [mixin/]: antikytheramechanism.mixins.json:MergedMassTrackerHostedMiniMixin from mod antikytheramechanism->@Inject::antikytheramechanism$mergeHostedMiniMass(FLorg/spongepowered/asm/mixin/injection/callback/CallbackInfo;)V won't be passed a CallbackInfo as a result
[15:55:33] [Server thread/DEBUG] [de.an.AntikytheraMechanism/]: Staged Sable SubLevel 1050aec5-7bdb-4251-a660-876739340654 for content in assembly 0ce26851-b869-4c6e-b235-bb52375b89ca
[15:55:33] [Server thread/DEBUG] [de.an.AntikytheraMechanism/]: Staged Sable SubLevel 723dc359-26ef-4825-a702-31f20b474f46 for content in assembly 1b6963ba-b352-42d2-8038-6e5f82ae0bb5
[15:55:33] [Server thread/WARN] [de.an.AntikytheraMechanism/]: Managed Sable SubLevel 723dc359-26ef-4825-a702-31f20b474f46 for assembly 1b6963ba-b352-42d2-8038-6e5f82ae0bb5 was removed (REMOVED)
[15:55:33] [Server thread/WARN] [de.an.AntikytheraMechanism/]: Managed Sable SubLevel 1050aec5-7bdb-4251-a660-876739340654 for assembly 0ce26851-b869-4c6e-b235-bb52375b89ca was removed (REMOVED)
[15:55:33] [Server thread/WARN] [de.an.AntikytheraMechanism/]: [FREEZE-WATCHDOG] Armed 30s after Mechanism Frame placement at BlockPos{x=-7679513, y=-57, z=-10866265} in minecraft:overworld on thread Server thread (stall threshold=2000ms, generation=3)
[15:55:33] [Server thread/WARN] [de.an.AntikytheraMechanism/]: [FREEZE-WATCHDOG] Armed 30s after Mechanism Frame placement at BlockPos{x=-7679512, y=-57, z=-10866265} in minecraft:overworld on thread Server thread (stall threshold=2000ms, generation=4)
[15:55:33] [Server thread/WARN] [de.an.AntikytheraMechanism/]: [FREEZE-WATCHDOG] Armed 30s after Mechanism Frame placement at BlockPos{x=-7679511, y=-57, z=-10866265} in minecraft:overworld on thread Server thread (stall threshold=2000ms, generation=5)
[15:55:33] [Server thread/DEBUG] [de.an.AntikytheraMechanism/]: Staged Sable SubLevel 634e82ca-d1f4-4627-ab7b-18557549c35f for content in assembly 2d8a9be3-32b3-4fa3-91f7-7bbe10e52142
[15:55:33] [Server thread/DEBUG] [de.an.AntikytheraMechanism/]: Frame onRemove at BlockPos{x=-7679513, y=-57, z=-10866265} movedByPiston=false relocationJournal=false
[15:55:33] [Server thread/ERROR] [de.an.AntikytheraMechanism/]: Assembly lifecycle listener antikytheramechanism:gametest_origin_rebase_outbound_before rejected beforeAssemblyTransfer
[15:55:33] [Server thread/ERROR] [de.an.AntikytheraMechanism/]: Locked assembly 2d8a9be3-32b3-4fa3-91f7-7bbe10e52142 after stale-origin repair failed: staging the retained payload for origin rebase rolled back. Its existing assembly and physical payload were retained.
[15:55:33] [Server thread/DEBUG] [mixin/]: Mixing sculk_vibrations.EuclideanGameEventListenerRegistryMixin from sable.mixins.json into net.minecraft.world.level.gameevent.EuclideanGameEventListenerRegistry
[15:55:33] [Server thread/WARN] [de.an.AntikytheraMechanism/]: Managed Sable SubLevel 634e82ca-d1f4-4627-ab7b-18557549c35f for assembly 2d8a9be3-32b3-4fa3-91f7-7bbe10e52142 was removed (REMOVED)
[15:55:33] [Server thread/WARN] [de.an.AntikytheraMechanism/]: [FREEZE-WATCHDOG] Armed 30s after Mechanism Frame placement at BlockPos{x=-7679438, y=-57, z=-10866266} in minecraft:overworld on thread Server thread (stall threshold=2000ms, generation=6)
[15:55:33] [Server thread/DEBUG] [de.an.AntikytheraMechanism/]: Staged Sable SubLevel 96649549-8dcf-4c60-8bdd-12c257f2d622 for content in assembly 5a6b1b02-f457-4963-8057-8ee7e90c5347
[15:55:33] [Server thread/WARN] [de.an.AntikytheraMechanism/]: Managed Sable SubLevel 96649549-8dcf-4c60-8bdd-12c257f2d622 for assembly 5a6b1b02-f457-4963-8057-8ee7e90c5347 was removed (REMOVED)
[15:55:33] [Server thread/WARN] [de.an.AntikytheraMechanism/]: [FREEZE-WATCHDOG] Armed 30s after Mechanism Frame placement at BlockPos{x=-7679365, y=-57, z=-10866265} in minecraft:overworld on thread Server thread (stall threshold=2000ms, generation=7)
[15:55:33] [Server thread/WARN] [de.an.AntikytheraMechanism/]: [FREEZE-WATCHDOG] Armed 30s after Mechanism Frame placement at BlockPos{x=-7679364, y=-57, z=-10866265} in minecraft:overworld on thread Server thread (stall threshold=2000ms, generation=8)
[15:55:33] [Server thread/WARN] [de.an.AntikytheraMechanism/]: [FREEZE-WATCHDOG] Armed 30s after Mechanism Frame placement at BlockPos{x=-7679363, y=-57, z=-10866265} in minecraft:overworld on thread Server thread (stall threshold=2000ms, generation=9)
[15:55:33] [Server thread/DEBUG] [de.an.AntikytheraMechanism/]: Staged Sable SubLevel 2fcca284-5037-466b-a92d-07f8139e5ad4 for content in assembly 3a545b25-5169-4a3c-96c6-1ab51427e19c
[15:55:33] [Server thread/DEBUG] [de.an.AntikytheraMechanism/]: Frame onRemove at BlockPos{x=-7679365, y=-57, z=-10866265} movedByPiston=false relocationJournal=false
[15:55:33] [Server thread/DEBUG] [de.an.AntikytheraMechanism/]: Staged Sable SubLevel f6f28539-ec59-4a54-aa34-3c7b0a2a7db6 for content in assembly 9ca50287-e0ff-4834-95a5-445c4d99ba28
[15:55:33] [Server thread/DEBUG] [mixin/]: Mixing SubLevelAssemblyHelperScaleMixin from sablescale.mixins.json into dev.ryanhcode.sable.api.SubLevelAssemblyHelper
[15:55:33] [Server thread/DEBUG] [mixin/]: Mixing SubLevelAssemblyMoveContextMixin from antikytheramechanism.mixins.json into dev.ryanhcode.sable.api.SubLevelAssemblyHelper
[15:55:33] [Server thread/DEBUG] [mixin/]: Renaming synthetic method lambda$antikytheramechanism$propagateDetachedMiniIdentity$0(Lcom/llamalad7/mixinextras/injector/wrapoperation/Operation;Lnet/minecraft/server/level/ServerLevel;Lnet/minecraft/core/BlockPos;Ljava/util/List;Ldev/ryanhcode/sable/companion/math/BoundingBox3ic;)Ldev/ryanhcode/sable/sublevel/ServerSubLevel; to md2dbef1$antikytheramechanism$lambda$antikytheramechanism$propagateDetachedMiniIdentity$0$0 in antikytheramechanism.mixins.json:SubLevelAssemblyMoveContextMixin from mod antikytheramechanism
[15:55:33] [Server thread/ERROR] [de.an.AntikytheraMechanism/]: Assembly lifecycle listener antikytheramechanism:gametest_origin_rebase_outbound_rolled_back rejected afterAssemblyTransfer
[15:55:33] [Server thread/WARN] [de.an.AntikytheraMechanism/]: Managed Sable SubLevel f6f28539-ec59-4a54-aa34-3c7b0a2a7db6 for assembly 9ca50287-e0ff-4834-95a5-445c4d99ba28 was removed (REMOVED)
[15:55:33] [Server thread/ERROR] [de.an.AntikytheraMechanism/]: Locked assembly 3a545b25-5169-4a3c-96c6-1ab51427e19c after stale-origin repair failed: staging the retained payload for origin rebase rolled back. Its existing assembly and physical payload were retained.
[15:55:33] [Server thread/WARN] [de.an.AntikytheraMechanism/]: Managed Sable SubLevel 2fcca284-5037-466b-a92d-07f8139e5ad4 for assembly 3a545b25-5169-4a3c-96c6-1ab51427e19c was removed (REMOVED)
[15:55:33] [Server thread/DEBUG] [de.an.AntikytheraMechanism/]: Marked Sable SubLevel 956fdc43-2d31-4869-94cf-d2241b82f640 as detached Antikythera half-scale physics body
[15:55:33] [Server thread/WARN] [de.an.AntikytheraMechanism/]: Rejected Sable mixed-scale assembly before move: detached Antikythera 0.5 content was selected with incompatible block BlockPos{x=-7679510, y=-57, z=-10866242} in root world
[15:55:33] [Server thread/WARN] [de.an.AntikytheraMechanism/]: [FREEZE-WATCHDOG] Armed 30s after Mechanism Frame placement at BlockPos{x=-7679477, y=-58, z=-10866246} in minecraft:overworld on thread Server thread (stall threshold=2000ms, generation=10)
[15:55:33] [Server thread/WARN] [de.an.AntikytheraMechanism/]: [FREEZE-WATCHDOG] Armed 30s after Mechanism Frame placement at BlockPos{x=-7679477, y=-58, z=-10866245} in minecraft:overworld on thread Server thread (stall threshold=2000ms, generation=11)
[15:55:33] [Server thread/WARN] [de.an.AntikytheraMechanism/]: [FREEZE-WATCHDOG] Armed 30s after Mechanism Frame placement at BlockPos{x=-7679440, y=-58, z=-10866246} in minecraft:overworld on thread Server thread (stall threshold=2000ms, generation=12)
[15:55:33] [Server thread/WARN] [de.an.AntikytheraMechanism/]: [FREEZE-WATCHDOG] Armed 30s after Mechanism Frame placement at BlockPos{x=-7679440, y=-57, z=-10866245} in minecraft:overworld on thread Server thread (stall threshold=2000ms, generation=13)
[15:55:33] [Server thread/DEBUG] [de.an.AntikytheraMechanism/]: Staged Sable SubLevel e17b828e-cb64-43ea-b78a-b5ba54d34208 for content in assembly be67f918-952e-438e-bbc1-958963f242f3
[15:55:33] [Server thread/DEBUG] [de.an.AntikytheraMechanism/]: Staged Sable SubLevel 2ae0d9d1-8175-462a-b1e3-8adbf418936b for content in assembly 818b5f7b-7769-4b43-b56b-ee6700681326
[15:55:33] [Server thread/WARN] [de.an.AntikytheraMechanism/]: Managed Sable SubLevel e17b828e-cb64-43ea-b78a-b5ba54d34208 for assembly be67f918-952e-438e-bbc1-958963f242f3 was removed (REMOVED)
[15:55:33] [Server thread/WARN] [de.an.AntikytheraMechanism/]: [FREEZE-WATCHDOG] Armed 30s after Mechanism Frame placement at BlockPos{x=-7679401, y=-57, z=-10866244} in minecraft:overworld on thread Server thread (stall threshold=2000ms, generation=14)
[15:55:33] [Server thread/DEBUG] [de.an.AntikytheraMechanism/]: Staged Sable SubLevel 1a6db995-5193-40f9-9260-4042efe478ad for content in assembly b7320803-b4c4-4dcf-be8d-c5eb18eb9526
[15:55:33] [Server thread/WARN] [de.an.AntikytheraMechanism/]: [FREEZE-WATCHDOG] Armed 30s after Mechanism Frame placement at BlockPos{x=-7679360, y=-57, z=-10866241} in minecraft:overworld on thread Server thread (stall threshold=2000ms, generation=15)
[15:55:33] [Server thread/WARN] [de.an.AntikytheraMechanism/]: [FREEZE-WATCHDOG] Armed 30s after Mechanism Frame placement at BlockPos{x=-7679359, y=-57, z=-10866241} in minecraft:overworld on thread Server thread (stall threshold=2000ms, generation=16)
[15:55:33] [Server thread/DEBUG] [de.an.AntikytheraMechanism/]: Staged Sable SubLevel 77eafd89-7716-4662-9868-0dde35edc626 for content in assembly e2090147-a5e4-4303-97ec-f455e939c9fd
[15:55:33] [Server thread/DEBUG] [de.an.AntikytheraMechanism/]: Frame onRemove at BlockPos{x=-7679360, y=-57, z=-10866241} movedByPiston=false relocationJournal=false
[15:55:33] [Server thread/DEBUG] [de.an.AntikytheraMechanism/]: Staged Sable SubLevel 6f08ec66-3cc7-4dad-a63a-a743205aa2c7 for content in assembly c0912708-4eba-4df1-b4a7-a0f636472882
[15:55:33] [Server thread/WARN] [de.an.AntikytheraMechanism/]: Managed Sable SubLevel 6f08ec66-3cc7-4dad-a63a-a743205aa2c7 for assembly c0912708-4eba-4df1-b4a7-a0f636472882 was removed (REMOVED)
[15:55:33] [Server thread/DEBUG] [de.an.AntikytheraMechanism/]: Rebased assembly e2090147-a5e4-4303-97ec-f455e939c9fd after topology change: stale origin BlockPos{x=-7679360, y=-57, z=-10866241} -> BlockPos{x=-7679359, y=-57, z=-10866241} over 1 retained Frames
[15:55:33] [Server thread/WARN] [de.an.AntikytheraMechanism/]: Managed Sable SubLevel 77eafd89-7716-4662-9868-0dde35edc626 for assembly e2090147-a5e4-4303-97ec-f455e939c9fd was removed (REMOVED)
[15:55:33] [Server thread/WARN] [de.an.AntikytheraMechanism/]: [FREEZE-WATCHDOG] Armed 30s after Mechanism Frame placement at BlockPos{x=-7679328, y=-57, z=-10866245} in minecraft:overworld on thread Server thread (stall threshold=2000ms, generation=17)
[15:55:33] [Server thread/WARN] [de.an.AntikytheraMechanism/]: [FREEZE-WATCHDOG] Armed 30s after Mechanism Frame placement at BlockPos{x=-7679328, y=-56, z=-10866244} in minecraft:overworld on thread Server thread (stall threshold=2000ms, generation=18)
[15:55:33] [Server thread/DEBUG] [de.an.AntikytheraMechanism/]: Frame onRemove at BlockPos{x=-7679328, y=-57, z=-10866245} movedByPiston=true relocationJournal=true
[15:55:33] [Server thread/DEBUG] [de.an.AntikytheraMechanism/]: Frame onRemove at BlockPos{x=-7679328, y=-56, z=-10866244} movedByPiston=true relocationJournal=true
[15:55:33] [Server thread/DEBUG] [de.an.AntikytheraMechanism/]: Adopted complete Sable relocation for assembly b0ce3706-37a5-4ab9-adb4-6afd753cdcca by BlockPos{x=28160360, y=185, z=31351373} into host FOREIGN
[15:55:33] [Server thread/DEBUG] [de.an.AntikytheraMechanism/]: Adopted complete Sable relocation for assembly 861edab0-64a7-49d3-9d9a-3e875b70f9f8 by BlockPos{x=28160360, y=185, z=31351373} into host FOREIGN
[15:55:33] [Server thread/WARN] [de.an.AntikytheraMechanism/]: [FREEZE-WATCHDOG] Armed 30s after Mechanism Frame placement at BlockPos{x=-7679514, y=-58, z=-10866224} in minecraft:overworld on thread Server thread (stall threshold=2000ms, generation=19)
[15:55:33] [Server thread/WARN] [de.an.AntikytheraMechanism/]: [FREEZE-WATCHDOG] Armed 30s after Mechanism Frame placement at BlockPos{x=-7679512, y=-58, z=-10866224} in minecraft:overworld on thread Server thread (stall threshold=2000ms, generation=20)
[15:55:33] [Server thread/WARN] [de.an.AntikytheraMechanism/]: [FREEZE-WATCHDOG] Armed 30s after Mechanism Frame placement at BlockPos{x=-7679513, y=-58, z=-10866224} in minecraft:overworld on thread Server thread (stall threshold=2000ms, generation=21)
[15:55:33] [Server thread/WARN] [de.an.AntikytheraMechanism/]: [FREEZE-WATCHDOG] Armed 30s after Mechanism Frame placement at BlockPos{x=-7679439, y=-57, z=-10866223} in minecraft:overworld on thread Server thread (stall threshold=2000ms, generation=22)
[15:55:33] [Server thread/DEBUG] [de.an.AntikytheraMechanism/]: Staged Sable SubLevel 78a891d8-8448-4190-9064-af2a535070c6 for content in assembly 5cb00b79-fec0-4174-b6bc-22f9919b195f
[15:55:33] [Server thread/DEBUG] [de.an.AntikytheraMechanism/]: Frame onRemove at BlockPos{x=-7679439, y=-57, z=-10866223} movedByPiston=true relocationJournal=true
[15:55:33] [Server thread/DEBUG] [de.an.AntikytheraMechanism/]: Adopted complete Sable relocation for assembly 5cb00b79-fec0-4174-b6bc-22f9919b195f by BlockPos{x=28160471, y=185, z=31355447} into host FOREIGN
[15:55:33] [Server thread/WARN] [de.an.AntikytheraMechanism/]: Managed Sable SubLevel 78a891d8-8448-4190-9064-af2a535070c6 for assembly 5cb00b79-fec0-4174-b6bc-22f9919b195f was removed (REMOVED)
[15:55:33] [Server thread/WARN] [de.an.AntikytheraMechanism/]: [FREEZE-WATCHDOG] Armed 30s after Mechanism Frame placement at BlockPos{x=-7679401, y=-56, z=-10866222} in minecraft:overworld on thread Server thread (stall threshold=2000ms, generation=23)
[15:55:33] [Server thread/DEBUG] [de.an.AntikytheraMechanism/]: Staged Sable SubLevel 1b4206e9-b020-4cf7-82ab-57bf04131bcc for content in assembly eb7c0e50-df1c-48b5-9f45-49eb51632f0e
[15:55:33] [Server thread/WARN] [de.an.AntikytheraMechanism/]: [FREEZE-WATCHDOG] Armed 30s after Mechanism Frame placement at BlockPos{x=-7679365, y=-57, z=-10866223} in minecraft:overworld on thread Server thread (stall threshold=2000ms, generation=24)
[15:55:33] [Server thread/WARN] [de.an.AntikytheraMechanism/]: [FREEZE-WATCHDOG] Armed 30s after Mechanism Frame placement at BlockPos{x=-7679328, y=-57, z=-10866223} in minecraft:overworld on thread Server thread (stall threshold=2000ms, generation=25)
[15:55:33] [Server thread/DEBUG] [de.an.AntikytheraMechanism/]: Staged Sable SubLevel 625d4150-80c2-4997-9e03-76a77d7a8124 for content in assembly e0fcdb03-6ff9-4bda-b1e4-5ed89cb27000
[15:55:33] [Server thread/DEBUG] [de.an.AntikytheraMechanism/]: Marked Sable SubLevel 7139231b-98ba-4854-9c4b-c483cc905c73 as detached Antikythera half-scale physics body
[15:55:33] [Server thread/WARN] [de.an.AntikytheraMechanism/]: Managed Sable SubLevel 625d4150-80c2-4997-9e03-76a77d7a8124 for assembly e0fcdb03-6ff9-4bda-b1e4-5ed89cb27000 was removed (REMOVED)
[15:55:33] [Server thread/DEBUG] [de.an.AntikytheraMechanism/]: Marked Sable SubLevel 80858eb2-6ab8-471f-8b62-95713596714b as detached Antikythera half-scale physics body
[15:55:33] [Server thread/WARN] [de.an.AntikytheraMechanism/]: [FREEZE-WATCHDOG] Armed 30s after Mechanism Frame placement at BlockPos{x=-7679477, y=-58, z=-10866202} in minecraft:overworld on thread Server thread (stall threshold=2000ms, generation=26)
[15:55:33] [Server thread/WARN] [de.an.AntikytheraMechanism/]: [FREEZE-WATCHDOG] Armed 30s after Mechanism Frame placement at BlockPos{x=-7679476, y=-58, z=-10866202} in minecraft:overworld on thread Server thread (stall threshold=2000ms, generation=27)
[15:55:33] [Server thread/WARN] [de.an.AntikytheraMechanism/]: [FREEZE-WATCHDOG] Armed 30s after Mechanism Frame placement at BlockPos{x=-7679437, y=-57, z=-10866202} in minecraft:overworld on thread Server thread (stall threshold=2000ms, generation=28)
[15:55:33] [Server thread/DEBUG] [de.an.AntikytheraMechanism/]: Staged Sable SubLevel 8d470597-5162-47b2-b2e5-1a33a6e31b48 for content in assembly e3862e43-3a80-43fa-9add-5c1095ba3b1c
[15:55:33] [Server thread/DEBUG] [de.an.AntikytheraMechanism/]: Staged Sable SubLevel c16767b8-b559-41ca-9054-6e12dd563edd for content in assembly 3a133993-04de-4700-a8be-7c11cd87de3f
[15:55:33] [Server thread/WARN] [de.an.AntikytheraMechanism/]: Managed Sable SubLevel c16767b8-b559-41ca-9054-6e12dd563edd for assembly 3a133993-04de-4700-a8be-7c11cd87de3f was removed (REMOVED)
[15:55:33] [Server thread/WARN] [de.an.AntikytheraMechanism/]: Managed Sable SubLevel 8d470597-5162-47b2-b2e5-1a33a6e31b48 for assembly e3862e43-3a80-43fa-9add-5c1095ba3b1c was removed (REMOVED)
[15:55:33] [Server thread/WARN] [de.an.AntikytheraMechanism/]: [FREEZE-WATCHDOG] Armed 30s after Mechanism Frame placement at BlockPos{x=-7679401, y=-57, z=-10866200} in minecraft:overworld on thread Server thread (stall threshold=2000ms, generation=29)
[15:55:33] [Server thread/DEBUG] [de.an.AntikytheraMechanism/]: Staged Sable SubLevel 04bc1a52-4328-4778-adc0-e8a772fdd017 for content in assembly 2827d4e0-707a-490a-a791-eca85d39ebbb
[15:55:33] [Server thread/WARN] [de.an.AntikytheraMechanism/]: [FREEZE-WATCHDOG] Armed 30s after Mechanism Frame placement at BlockPos{x=-7679364, y=-57, z=-10866200} in minecraft:overworld on thread Server thread (stall threshold=2000ms, generation=30)
[15:55:33] [Server thread/DEBUG] [de.an.AntikytheraMechanism/]: Staged Sable SubLevel a8df16e3-ad1a-47bc-afd2-0d5d51be7866 for content in assembly 79992c14-6072-498c-acd5-d034e8f68003
[15:55:33] [Server thread/WARN] [de.an.AntikytheraMechanism/]: Managed Sable SubLevel a8df16e3-ad1a-47bc-afd2-0d5d51be7866 for assembly 79992c14-6072-498c-acd5-d034e8f68003 was removed (REMOVED)
[15:55:33] [Server thread/WARN] [de.an.AntikytheraMechanism/]: [FREEZE-WATCHDOG] Armed 30s after Mechanism Frame placement at BlockPos{x=-7679329, y=-57, z=-10866202} in minecraft:overworld on thread Server thread (stall threshold=2000ms, generation=31)
[15:55:33] [Server thread/DEBUG] [de.an.AntikytheraMechanism/]: Staged Sable SubLevel 30e1d7c1-6c61-41be-ac37-add47e4a880b for content in assembly 2b4890d1-0f2a-4e86-a576-02775741e533
[15:55:33] [Server thread/DEBUG] [de.an.AntikytheraMechanism/]: Frame onRemove at BlockPos{x=-7679329, y=-57, z=-10866202} movedByPiston=false relocationJournal=true
[15:55:33] [Server thread/WARN] [de.an.AntikytheraMechanism/]: Managed Sable SubLevel 30e1d7c1-6c61-41be-ac37-add47e4a880b for assembly 2b4890d1-0f2a-4e86-a576-02775741e533 was removed (REMOVED)
[15:55:33] [Server thread/WARN] [de.an.AntikytheraMechanism/]: [FREEZE-WATCHDOG] Armed 30s after Mechanism Frame placement at BlockPos{x=-7679512, y=-57, z=-10866178} in minecraft:overworld on thread Server thread (stall threshold=2000ms, generation=32)
[15:55:33] [Server thread/DEBUG] [de.an.AntikytheraMechanism/]: Staged Sable SubLevel 1b48dab5-8896-4a49-aff9-d0d59569f3ae for content in assembly 69863b33-52e2-4e6e-948b-04e688e519bd
[15:55:33] [Server thread/WARN] [de.an.AntikytheraMechanism/]: Managed Sable SubLevel 1b48dab5-8896-4a49-aff9-d0d59569f3ae for assembly 69863b33-52e2-4e6e-948b-04e688e519bd was removed (REMOVED)
[15:55:33] [Server thread/WARN] [de.an.AntikytheraMechanism/]: [FREEZE-WATCHDOG] Armed 30s after Mechanism Frame placement at BlockPos{x=-7679476, y=-57, z=-10866177} in minecraft:overworld on thread Server thread (stall threshold=2000ms, generation=33)
[15:55:33] [Server thread/WARN] [de.an.AntikytheraMechanism/]: [FREEZE-WATCHDOG] Armed 30s after Mechanism Frame placement at BlockPos{x=-7679475, y=-57, z=-10866177} in minecraft:overworld on thread Server thread (stall threshold=2000ms, generation=34)
[15:55:33] [Server thread/WARN] [de.an.AntikytheraMechanism/]: [FREEZE-WATCHDOG] Armed 30s after Mechanism Frame placement at BlockPos{x=-7679474, y=-57, z=-10866177} in minecraft:overworld on thread Server thread (stall threshold=2000ms, generation=35)
[15:55:33] [Server thread/DEBUG] [de.an.AntikytheraMechanism/]: Staged Sable SubLevel c68eb88b-fd71-4658-a929-7ea10514fd3e for content in assembly 4288d1b8-6759-4fa9-9fe3-06f7a310d76e
[15:55:33] [Server thread/DEBUG] [de.an.AntikytheraMechanism/]: Frame onRemove at BlockPos{x=-7679476, y=-57, z=-10866177} movedByPiston=false relocationJournal=false
[15:55:33] [Server thread/DEBUG] [de.an.AntikytheraMechanism/]: Staged Sable SubLevel b93bd161-c249-446c-a8df-2e9f3b38ec43 for content in assembly 9ce501ca-71de-4c25-8546-d436e18db12a
[15:55:33] [Server thread/ERROR] [de.an.AntikytheraMechanism/]: Assembly lifecycle listener antikytheramechanism:gametest_origin_rebase_outbound_recovery rejected afterAssemblyTransfer
[15:55:33] [Server thread/ERROR] [de.an.AntikytheraMechanism/]: Assembly lifecycle listener antikytheramechanism:gametest_origin_rebase_outbound_recovery rejected onAssemblyTransferRollback
[15:55:33] [Server thread/ERROR] [de.an.AntikytheraMechanism/]: Locked assemblies 4288d1b8-6759-4fa9-9fe3-06f7a310d76e and 9ce501ca-71de-4c25-8546-d436e18db12a after stale-origin repair failed: staging the retained payload for origin rebase requires recovery. Both managed payload references were retained for recovery.
[15:55:33] [Server thread/WARN] [de.an.AntikytheraMechanism/]: Managed Sable SubLevel c68eb88b-fd71-4658-a929-7ea10514fd3e for assembly 4288d1b8-6759-4fa9-9fe3-06f7a310d76e was removed (REMOVED)
[15:55:33] [Server thread/WARN] [de.an.AntikytheraMechanism/]: [FREEZE-WATCHDOG] Armed 30s after Mechanism Frame placement at BlockPos{x=-7679439, y=-56, z=-10866179} in minecraft:overworld on thread Server thread (stall threshold=2000ms, generation=36)
[15:55:33] [Server thread/DEBUG] [de.an.AntikytheraMechanism/]: Staged Sable SubLevel 88625340-442c-48a3-8349-cf7afd2dc221 for content in assembly 30c9072c-686b-4056-b048-db29dac2dccf
[15:55:33] [Server thread/DEBUG] [de.an.AntikytheraMechanism/]: Frame onRemove at BlockPos{x=-7679439, y=-56, z=-10866179} movedByPiston=true relocationJournal=true
[15:55:33] [Server thread/DEBUG] [de.an.AntikytheraMechanism/]: Adopted complete Sable relocation for assembly 30c9072c-686b-4056-b048-db29dac2dccf by BlockPos{x=28160471, y=184, z=31365643} into host FOREIGN
[15:55:33] [Server thread/WARN] [de.an.AntikytheraMechanism/]: Managed Sable SubLevel 88625340-442c-48a3-8349-cf7afd2dc221 for assembly 30c9072c-686b-4056-b048-db29dac2dccf was removed (REMOVED)
[15:55:33] [Server thread/WARN] [de.an.AntikytheraMechanism/]: [FREEZE-WATCHDOG] Armed 30s after Mechanism Frame placement at BlockPos{x=-7679402, y=-57, z=-10866179} in minecraft:overworld on thread Server thread (stall threshold=2000ms, generation=37)
[15:55:33] [Server thread/DEBUG] [de.an.AntikytheraMechanism/]: Staged Sable SubLevel 082bbf24-2e0a-4847-aaf5-6d84d17c239b for content in assembly 976b0e50-da3e-426c-88e6-433e0d804f4d
[15:55:33] [Server thread/DEBUG] [de.an.AntikytheraMechanism/]: Frame onRemove at BlockPos{x=-7679402, y=-57, z=-10866179} movedByPiston=true relocationJournal=true
[15:55:33] [Server thread/DEBUG] [de.an.AntikytheraMechanism/]: Adopted complete Sable relocation for assembly 976b0e50-da3e-426c-88e6-433e0d804f4d by BlockPos{x=28160434, y=185, z=31367691} into host FOREIGN
[15:55:33] [Server thread/WARN] [de.an.AntikytheraMechanism/]: Managed Sable SubLevel 082bbf24-2e0a-4847-aaf5-6d84d17c239b for assembly 976b0e50-da3e-426c-88e6-433e0d804f4d was removed (REMOVED)
[15:55:33] [Server thread/DEBUG] [mixin/]: Mixing RapierConstraintHandleScaleMixin from sablescale.mixins.json into dev.ryanhcode.sable.physics.impl.rapier.constraint.RapierConstraintHandle
[15:55:33] [Server thread/WARN] [de.an.AntikytheraMechanism/]: Managed Sable SubLevel 2ae0d9d1-8175-462a-b1e3-8adbf418936b for assembly 818b5f7b-7769-4b43-b56b-ee6700681326 was removed (REMOVED)
[15:55:33] [Server thread/DEBUG] [de.an.AntikytheraMechanism/]: Retired empty Sable SubLevel 2ae0d9d1-8175-462a-b1e3-8adbf418936b while keeping assembly 818b5f7b-7769-4b43-b56b-ee6700681326
[15:55:33] [Server thread/DEBUG] [de.an.AntikytheraMechanism/]: Frame onRemove at BlockPos{x=-7679401, y=-57, z=-10866244} movedByPiston=false relocationJournal=true
[15:55:33] [Server thread/WARN] [de.an.AntikytheraMechanism/]: Managed Sable SubLevel 1a6db995-5193-40f9-9260-4042efe478ad for assembly b7320803-b4c4-4dcf-be8d-c5eb18eb9526 was removed (REMOVED)
[15:55:33] [Server thread/DEBUG] [de.an.AntikytheraMechanism/]: Frame onRemove at BlockPos{x=-7679401, y=-57, z=-10866200} movedByPiston=false relocationJournal=true
[15:55:33] [Server thread/WARN] [de.an.AntikytheraMechanism/]: Managed Sable SubLevel 04bc1a52-4328-4778-adc0-e8a772fdd017 for assembly 2827d4e0-707a-490a-a791-eca85d39ebbb was removed (REMOVED)
[15:55:33] [Server thread/WARN] [de.an.AntikytheraMechanism/]: Managed Sable SubLevel 1b4206e9-b020-4cf7-82ab-57bf04131bcc for assembly eb7c0e50-df1c-48b5-9f45-49eb51632f0e was removed (REMOVED)
[15:55:33] [Server thread/INFO] [minecraft/GameTestServer]: [++++++   ++++++  ++++++  ++++++  ++++++                                             ]
[15:55:33] [Server thread/DEBUG] [mixin/]: Mixing entity.entity_tracking.TrackedEntityMixin from sable.mixins.json into net.minecraft.server.level.ChunkMap$TrackedEntity
[15:55:33] [Server thread/DEBUG] [mixin/]: Mixing entity.entities_stick_sublevels.ServerEntityMixin from sable.mixins.json into net.minecraft.server.level.ServerEntity
[15:55:33] [Server thread/DEBUG] [mixin/]: Mixing entity.entity_rotations_and_riding.ServerEntityMixin from sable.mixins.json into net.minecraft.server.level.ServerEntity
[15:55:33] [Server thread/DEBUG] [mixin/]: sable.mixins.json:entity.entities_stick_sublevels.ServerEntityMixin from mod sable->@Inject::sable$pre(Lorg/spongepowered/asm/mixin/injection/callback/CallbackInfo;)V doesn't use it's CallbackInfo
[15:55:33] [Server thread/DEBUG] [mixin/]: sable.mixins.json:entity.entities_stick_sublevels.ServerEntityMixin from mod sable->@Inject::sable$pre(Lorg/spongepowered/asm/mixin/injection/callback/CallbackInfo;)V has 0 override(s) in child classes
[15:55:33] [Server thread/DEBUG] [mixin/]: sable.mixins.json:entity.entities_stick_sublevels.ServerEntityMixin from mod sable->@Inject::sable$pre(Lorg/spongepowered/asm/mixin/injection/callback/CallbackInfo;)V won't be passed a CallbackInfo as a result
[15:55:33] [Server thread/DEBUG] [mixin/]: sable.mixins.json:entity.entities_stick_sublevels.ServerEntityMixin from mod sable->@Inject::sable$pre(Lorg/spongepowered/asm/mixin/injection/callback/CallbackInfo;)V doesn't use it's CallbackInfo
[15:55:33] [Server thread/DEBUG] [mixin/]: sable.mixins.json:entity.entities_stick_sublevels.ServerEntityMixin from mod sable->@Inject::sable$pre(Lorg/spongepowered/asm/mixin/injection/callback/CallbackInfo;)V has 0 override(s) in child classes
[15:55:33] [Server thread/DEBUG] [mixin/]: sable.mixins.json:entity.entities_stick_sublevels.ServerEntityMixin from mod sable->@Inject::sable$pre(Lorg/spongepowered/asm/mixin/injection/callback/CallbackInfo;)V won't be passed a CallbackInfo as a result
[15:55:33] [Server thread/DEBUG] [mixin/]: sable.mixins.json:entity.entities_stick_sublevels.ServerEntityMixin from mod sable->@Inject::sable$postTransform(Lorg/spongepowered/asm/mixin/injection/callback/CallbackInfo;)V doesn't use it's CallbackInfo
[15:55:33] [Server thread/DEBUG] [mixin/]: sable.mixins.json:entity.entities_stick_sublevels.ServerEntityMixin from mod sable->@Inject::sable$postTransform(Lorg/spongepowered/asm/mixin/injection/callback/CallbackInfo;)V has 0 override(s) in child classes
[15:55:33] [Server thread/DEBUG] [mixin/]: sable.mixins.json:entity.entities_stick_sublevels.ServerEntityMixin from mod sable->@Inject::sable$postTransform(Lorg/spongepowered/asm/mixin/injection/callback/CallbackInfo;)V won't be passed a CallbackInfo as a result
[15:55:33] [Server thread/DEBUG] [mixin/]: sable.mixins.json:entity.entity_rotations_and_riding.ServerEntityMixin from mod sable->@Inject::sable$beforeSendChanges(Lorg/spongepowered/asm/mixin/injection/callback/CallbackInfo;)V doesn't use it's CallbackInfo
[15:55:33] [Server thread/DEBUG] [mixin/]: sable.mixins.json:entity.entity_rotations_and_riding.ServerEntityMixin from mod sable->@Inject::sable$beforeSendChanges(Lorg/spongepowered/asm/mixin/injection/callback/CallbackInfo;)V has 0 override(s) in child classes
[15:55:33] [Server thread/DEBUG] [mixin/]: sable.mixins.json:entity.entity_rotations_and_riding.ServerEntityMixin from mod sable->@Inject::sable$beforeSendChanges(Lorg/spongepowered/asm/mixin/injection/callback/CallbackInfo;)V won't be passed a CallbackInfo as a result
[15:55:33] [Server thread/DEBUG] [mixin/]: sable.mixins.json:entity.entity_rotations_and_riding.ServerEntityMixin from mod sable->@Inject::sable$beforeSendChanges(Lorg/spongepowered/asm/mixin/injection/callback/CallbackInfo;)V doesn't use it's CallbackInfo
[15:55:33] [Server thread/DEBUG] [mixin/]: sable.mixins.json:entity.entity_rotations_and_riding.ServerEntityMixin from mod sable->@Inject::sable$beforeSendChanges(Lorg/spongepowered/asm/mixin/injection/callback/CallbackInfo;)V has 0 override(s) in child classes
[15:55:33] [Server thread/DEBUG] [mixin/]: sable.mixins.json:entity.entity_rotations_and_riding.ServerEntityMixin from mod sable->@Inject::sable$beforeSendChanges(Lorg/spongepowered/asm/mixin/injection/callback/CallbackInfo;)V won't be passed a CallbackInfo as a result
[15:55:33] [Server thread/DEBUG] [mixin/]: sable.mixins.json:entity.entity_rotations_and_riding.ServerEntityMixin from mod sable->@Inject::sable$beforeSendChanges(Lorg/spongepowered/asm/mixin/injection/callback/CallbackInfo;)V doesn't use it's CallbackInfo
[15:55:33] [Server thread/DEBUG] [mixin/]: sable.mixins.json:entity.entity_rotations_and_riding.ServerEntityMixin from mod sable->@Inject::sable$beforeSendChanges(Lorg/spongepowered/asm/mixin/injection/callback/CallbackInfo;)V has 0 override(s) in child classes
[15:55:33] [Server thread/DEBUG] [mixin/]: sable.mixins.json:entity.entity_rotations_and_riding.ServerEntityMixin from mod sable->@Inject::sable$beforeSendChanges(Lorg/spongepowered/asm/mixin/injection/callback/CallbackInfo;)V won't be passed a CallbackInfo as a result
[15:55:33] [Server thread/DEBUG] [mixin/]: sable.mixins.json:entity.entity_rotations_and_riding.ServerEntityMixin from mod sable->@Inject::sable$beforeSendChanges(Lorg/spongepowered/asm/mixin/injection/callback/CallbackInfo;)V doesn't use it's CallbackInfo
[15:55:33] [Server thread/DEBUG] [mixin/]: sable.mixins.json:entity.entity_rotations_and_riding.ServerEntityMixin from mod sable->@Inject::sable$beforeSendChanges(Lorg/spongepowered/asm/mixin/injection/callback/CallbackInfo;)V has 0 override(s) in child classes
[15:55:33] [Server thread/DEBUG] [mixin/]: sable.mixins.json:entity.entity_rotations_and_riding.ServerEntityMixin from mod sable->@Inject::sable$beforeSendChanges(Lorg/spongepowered/asm/mixin/injection/callback/CallbackInfo;)V won't be passed a CallbackInfo as a result
[15:55:33] [Server thread/DEBUG] [mixin/]: sable.mixins.json:entity.entity_rotations_and_riding.ServerEntityMixin from mod sable->@Inject::sable$beforeSendChanges(Lorg/spongepowered/asm/mixin/injection/callback/CallbackInfo;)V doesn't use it's CallbackInfo
[15:55:33] [Server thread/DEBUG] [mixin/]: sable.mixins.json:entity.entity_rotations_and_riding.ServerEntityMixin from mod sable->@Inject::sable$beforeSendChanges(Lorg/spongepowered/asm/mixin/injection/callback/CallbackInfo;)V has 0 override(s) in child classes
[15:55:33] [Server thread/DEBUG] [mixin/]: sable.mixins.json:entity.entity_rotations_and_riding.ServerEntityMixin from mod sable->@Inject::sable$beforeSendChanges(Lorg/spongepowered/asm/mixin/injection/callback/CallbackInfo;)V won't be passed a CallbackInfo as a result
[15:55:33] [Server thread/DEBUG] [mixin/]: sable.mixins.json:entity.entity_rotations_and_riding.ServerEntityMixin from mod sable->@Inject::sable$beforeSendChanges(Lorg/spongepowered/asm/mixin/injection/callback/CallbackInfo;)V doesn't use it's CallbackInfo
[15:55:33] [Server thread/DEBUG] [mixin/]: sable.mixins.json:entity.entity_rotations_and_riding.ServerEntityMixin from mod sable->@Inject::sable$beforeSendChanges(Lorg/spongepowered/asm/mixin/injection/callback/CallbackInfo;)V has 0 override(s) in child classes
[15:55:33] [Server thread/DEBUG] [mixin/]: sable.mixins.json:entity.entity_rotations_and_riding.ServerEntityMixin from mod sable->@Inject::sable$beforeSendChanges(Lorg/spongepowered/asm/mixin/injection/callback/CallbackInfo;)V won't be passed a CallbackInfo as a result
[15:55:33] [Server thread/DEBUG] [mixin/]: Mixing entity.entities_stick_sublevels.packet_mixin.ClientboundMoveEntityPacketPosMixin from sable.mixins.json into net.minecraft.network.protocol.game.ClientboundMoveEntityPacket$Pos
[15:55:33] [Server thread/DEBUG] [mixin/]: sable.mixins.json:entity.entities_stick_sublevels.packet_mixin.ClientboundMoveEntityPacketPosMixin from mod sable->@Inject::sable$writeActuallyInSubLevel(Lnet/minecraft/network/FriendlyByteBuf;Lorg/spongepowered/asm/mixin/injection/callback/CallbackInfo;)V doesn't use it's CallbackInfo
[15:55:33] [Server thread/DEBUG] [mixin/]: sable.mixins.json:entity.entities_stick_sublevels.packet_mixin.ClientboundMoveEntityPacketPosMixin from mod sable->@Inject::sable$writeActuallyInSubLevel(Lnet/minecraft/network/FriendlyByteBuf;Lorg/spongepowered/asm/mixin/injection/callback/CallbackInfo;)V has 0 override(s) in child classes
[15:55:33] [Server thread/DEBUG] [mixin/]: sable.mixins.json:entity.entities_stick_sublevels.packet_mixin.ClientboundMoveEntityPacketPosMixin from mod sable->@Inject::sable$writeActuallyInSubLevel(Lnet/minecraft/network/FriendlyByteBuf;Lorg/spongepowered/asm/mixin/injection/callback/CallbackInfo;)V won't be passed a CallbackInfo as a result
[15:55:33] [Server thread/DEBUG] [mixin/]: sable.mixins.json:entity.entities_stick_sublevels.packet_mixin.ClientboundMoveEntityPacketPosMixin from mod sable->@Inject::sable$readActuallyInSubLevel(Lnet/minecraft/network/FriendlyByteBuf;Lorg/spongepowered/asm/mixin/injection/callback/CallbackInfoReturnable;)V does use it's CallbackInfoReturnable
[15:55:33] [Server thread/DEBUG] [mixin/]: Mixing SubLevelEntityCollisionMixin from sablescale.mixins.json into dev.ryanhcode.sable.sublevel.entity_collision.SubLevelEntityCollision
[15:55:33] [Server thread/DEBUG] [mixin/]: Renaming synthetic method lambda$static$0()Lorg/joml/Vector3d; to md2dbef1$sablescale$lambda$static$0$0 in sablescale.mixins.json:SubLevelEntityCollisionMixin from mod sablescale
[15:55:33] [Server thread/WARN] [de.an.AntikytheraMechanism/]: [FREEZE-WATCHDOG] Armed 30s after Mechanism Frame placement at BlockPos{x=-7679328, y=-57, z=-10866267} in minecraft:overworld on thread Server thread (stall threshold=2000ms, generation=38)
[15:55:33] [Server thread/DEBUG] [de.an.AntikytheraMechanism/]: Staged Sable SubLevel 76979f40-ed4f-4f8d-bebd-7d8de7d558e4 for content in assembly dc688ac1-4ce1-46bb-b27b-fb6392dd2328
[15:55:33] [Server thread/DEBUG] [de.an.AntikytheraMechanism/]: Frame onRemove at BlockPos{x=-7679328, y=-57, z=-10866267} movedByPiston=true relocationJournal=true
[15:55:33] [Server thread/DEBUG] [de.an.AntikytheraMechanism/]: Adopted complete Sable relocation for assembly dc688ac1-4ce1-46bb-b27b-fb6392dd2328 by BlockPos{x=28160360, y=185, z=31349347} into host FOREIGN
[15:55:33] [Server thread/DEBUG] [de.an.AntikytheraMechanism/]: Frame onRemove at BlockPos{x=20481032, y=128, z=20483080} movedByPiston=true relocationJournal=true
[15:55:33] [Server thread/DEBUG] [de.an.AntikytheraMechanism/]: Adopted complete Sable relocation for assembly dc688ac1-4ce1-46bb-b27b-fb6392dd2328 by BlockPos{x=-28160360, y=-185, z=-31349347} into host ROOT
[15:55:33] [Server thread/WARN] [de.an.AntikytheraMechanism/]: Managed Sable SubLevel 76979f40-ed4f-4f8d-bebd-7d8de7d558e4 for assembly dc688ac1-4ce1-46bb-b27b-fb6392dd2328 was removed (REMOVED)
[15:55:33] [Server thread/WARN] [de.an.AntikytheraMechanism/]: [FREEZE-WATCHDOG] Armed 30s after Mechanism Frame placement at BlockPos{x=-7679549, y=-57, z=-10866244} in minecraft:overworld on thread Server thread (stall threshold=2000ms, generation=39)
[15:55:33] [Server thread/DEBUG] [de.an.AntikytheraMechanism/]: Staged Sable SubLevel 9fdc2336-df60-4d8d-8faa-6fd954ba0238 for content in assembly 39201500-cfc7-4732-bda4-36175c0d7576
[15:55:33] [Server thread/DEBUG] [de.an.AntikytheraMechanism/]: Frame onRemove at BlockPos{x=-7679549, y=-57, z=-10866244} movedByPiston=false relocationJournal=true
[15:55:33] [Server thread/WARN] [de.an.AntikytheraMechanism/]: Managed Sable SubLevel 9fdc2336-df60-4d8d-8faa-6fd954ba0238 for assembly 39201500-cfc7-4732-bda4-36175c0d7576 was removed (REMOVED)
[15:55:33] [Server thread/WARN] [de.an.AntikytheraMechanism/]: [FREEZE-WATCHDOG] Armed 30s after Mechanism Frame placement at BlockPos{x=-7679292, y=-57, z=-10866246} in minecraft:overworld on thread Server thread (stall threshold=2000ms, generation=40)
[15:55:33] [Server thread/DEBUG] [de.an.AntikytheraMechanism/]: Staged Sable SubLevel 3d26bebc-021c-437b-ad7b-6d4728437993 for content in assembly 6876ec64-f460-4294-8030-187d3190c1b9
[15:55:34] [Server thread/DEBUG] [de.an.AntikytheraMechanism/]: Frame onRemove at BlockPos{x=-7679292, y=-57, z=-10866246} movedByPiston=false relocationJournal=true
[15:55:34] [Server thread/WARN] [de.an.AntikytheraMechanism/]: Managed Sable SubLevel 3d26bebc-021c-437b-ad7b-6d4728437993 for assembly 6876ec64-f460-4294-8030-187d3190c1b9 was removed (REMOVED)
[15:55:34] [Server thread/WARN] [de.an.AntikytheraMechanism/]: [FREEZE-WATCHDOG] Armed 30s after Mechanism Frame placement at BlockPos{x=-7679550, y=-57, z=-10866223} in minecraft:overworld on thread Server thread (stall threshold=2000ms, generation=41)
[15:55:34] [Server thread/DEBUG] [de.an.AntikytheraMechanism/]: Staged Sable SubLevel e3bb328e-f6f6-49c2-a7f3-1c600aaed079 for content in assembly 0b22929e-2081-408c-a565-242f7d44e9e6
[15:55:34] [Server thread/DEBUG] [de.an.AntikytheraMechanism/]: Frame onRemove at BlockPos{x=-7679550, y=-57, z=-10866223} movedByPiston=true relocationJournal=true
[15:55:34] [Server thread/DEBUG] [de.an.AntikytheraMechanism/]: Adopted complete Sable relocation for assembly 0b22929e-2081-408c-a565-242f7d44e9e6 by BlockPos{x=28160582, y=185, z=31349303} into host FOREIGN
[15:55:34] [Server thread/WARN] [de.an.AntikytheraMechanism/]: Managed Sable SubLevel e3bb328e-f6f6-49c2-a7f3-1c600aaed079 for assembly 0b22929e-2081-408c-a565-242f7d44e9e6 was removed (REMOVED)
[15:55:34] [Server thread/WARN] [de.an.AntikytheraMechanism/]: [FREEZE-WATCHDOG] Armed 30s after Mechanism Frame placement at BlockPos{x=-7679290, y=-57, z=-10866222} in minecraft:overworld on thread Server thread (stall threshold=2000ms, generation=42)
[15:55:34] [Server thread/WARN] [de.an.AntikytheraMechanism/]: [FREEZE-WATCHDOG] Armed 30s after Mechanism Frame placement at BlockPos{x=-7679550, y=-57, z=-10866201} in minecraft:overworld on thread Server thread (stall threshold=2000ms, generation=43)
[15:55:34] [Server thread/DEBUG] [de.an.AntikytheraMechanism/]: Staged Sable SubLevel 484f06c3-ea51-4c48-9fc1-0aa167518037 for content in assembly 79e03a13-ac89-4a26-b0c0-ecb8baa1d446
[15:55:34] [Server thread/DEBUG] [de.an.AntikytheraMechanism/]: Frame onRemove at BlockPos{x=-7679550, y=-57, z=-10866201} movedByPiston=true relocationJournal=true
[15:55:34] [Server thread/DEBUG] [de.an.AntikytheraMechanism/]: Adopted complete Sable relocation for assembly 79e03a13-ac89-4a26-b0c0-ecb8baa1d446 by BlockPos{x=28160582, y=185, z=31353377} into host FOREIGN
[15:55:34] [Server thread/DEBUG] [de.an.AntikytheraMechanism/]: Frame onRemove at BlockPos{x=20481032, y=128, z=20487176} movedByPiston=true relocationJournal=true
[15:55:34] [Server thread/DEBUG] [de.an.AntikytheraMechanism/]: Adopted complete Sable relocation for assembly 79e03a13-ac89-4a26-b0c0-ecb8baa1d446 by BlockPos{x=-28160582, y=-185, z=-31353377} into host ROOT
[15:55:34] [Server thread/WARN] [de.an.AntikytheraMechanism/]: Managed Sable SubLevel 484f06c3-ea51-4c48-9fc1-0aa167518037 for assembly 79e03a13-ac89-4a26-b0c0-ecb8baa1d446 was removed (REMOVED)
[15:55:34] [Server thread/WARN] [de.an.AntikytheraMechanism/]: [FREEZE-WATCHDOG] Armed 30s after Mechanism Frame placement at BlockPos{x=-7679292, y=-58, z=-10866180} in minecraft:overworld on thread Server thread (stall threshold=2000ms, generation=44)
[15:55:34] [Server thread/WARN] [de.an.AntikytheraMechanism/]: [FREEZE-WATCHDOG] Armed 30s after Mechanism Frame placement at BlockPos{x=-7679291, y=-58, z=-10866180} in minecraft:overworld on thread Server thread (stall threshold=2000ms, generation=45)
[15:55:34] [Server thread/WARN] [de.an.AntikytheraMechanism/]: [FREEZE-WATCHDOG] Armed 30s after Mechanism Frame placement at BlockPos{x=-7679290, y=-58, z=-10866180} in minecraft:overworld on thread Server thread (stall threshold=2000ms, generation=46)
[15:55:34] [Server thread/DEBUG] [de.an.AntikytheraMechanism/]: Frame onRemove at BlockPos{x=-7679291, y=-58, z=-10866180} movedByPiston=false relocationJournal=false
[15:55:34] [Server thread/WARN] [de.an.AntikytheraMechanism/]: [FREEZE-WATCHDOG] Armed 30s after Mechanism Frame placement at BlockPos{x=-7679551, y=-57, z=-10866153} in minecraft:overworld on thread Server thread (stall threshold=2000ms, generation=47)
[15:55:34] [Server thread/WARN] [de.an.AntikytheraMechanism/]: [FREEZE-WATCHDOG] Armed 30s after Mechanism Frame placement at BlockPos{x=-7679550, y=-57, z=-10866153} in minecraft:overworld on thread Server thread (stall threshold=2000ms, generation=48)
[15:55:34] [Server thread/DEBUG] [de.an.AntikytheraMechanism/]: Staged Sable SubLevel db4b89e8-579f-494e-a9b7-5a91bba8b352 for content in assembly 22e38fa4-10e1-48e6-8ba5-bba427516149
[15:55:34] [Server thread/DEBUG] [de.an.AntikytheraMechanism/]: Frame onRemove at BlockPos{x=-7679551, y=-57, z=-10866153} movedByPiston=false relocationJournal=false
[15:55:34] [Server thread/DEBUG] [de.an.AntikytheraMechanism/]: Staged Sable SubLevel 8f7bd07c-2edb-4c53-92fb-ee69e5baefa6 for content in assembly ed5a36cc-d5b8-405d-bcb9-00dd1fe44003
[15:55:34] [Server thread/WARN] [de.an.AntikytheraMechanism/]: Managed Sable SubLevel 8f7bd07c-2edb-4c53-92fb-ee69e5baefa6 for assembly ed5a36cc-d5b8-405d-bcb9-00dd1fe44003 was removed (REMOVED)
[15:55:34] [Server thread/DEBUG] [de.an.AntikytheraMechanism/]: Rebased assembly 22e38fa4-10e1-48e6-8ba5-bba427516149 after topology change: stale origin BlockPos{x=-7679551, y=-57, z=-10866153} -> BlockPos{x=-7679550, y=-57, z=-10866153} over 1 retained Frames
[15:55:34] [Server thread/WARN] [de.an.AntikytheraMechanism/]: Managed Sable SubLevel db4b89e8-579f-494e-a9b7-5a91bba8b352 for assembly 22e38fa4-10e1-48e6-8ba5-bba427516149 was removed (REMOVED)
[15:55:34] [Server thread/WARN] [de.an.AntikytheraMechanism/]: [FREEZE-WATCHDOG] Armed 30s after Mechanism Frame placement at BlockPos{x=-7679512, y=-57, z=-10866156} in minecraft:overworld on thread Server thread (stall threshold=2000ms, generation=49)
[15:55:34] [Server thread/DEBUG] [de.an.AntikytheraMechanism/]: Staged Sable SubLevel 6053d25d-f3a1-40b6-8337-f3d24c40b55a for content in assembly 4648c918-fd60-421b-b35f-c7c351e5dd42
[15:55:34] [Server thread/DEBUG] [de.an.AntikytheraMechanism/]: Frame onRemove at BlockPos{x=-7679512, y=-57, z=-10866156} movedByPiston=false relocationJournal=true
[15:55:34] [Server thread/WARN] [de.an.AntikytheraMechanism/]: [FREEZE-WATCHDOG] Armed 30s after Mechanism Frame placement at BlockPos{x=-7679476, y=-57, z=-10866157} in minecraft:overworld on thread Server thread (stall threshold=2000ms, generation=50)
[15:55:34] [Server thread/WARN] [de.an.AntikytheraMechanism/]: [FREEZE-WATCHDOG] Armed 30s after Mechanism Frame placement at BlockPos{x=-7679475, y=-57, z=-10866157} in minecraft:overworld on thread Server thread (stall threshold=2000ms, generation=51)
[15:55:34] [Server thread/DEBUG] [de.an.AntikytheraMechanism/]: Staged Sable SubLevel b903b620-f08e-4d94-b846-76be9e992827 for content in assembly e445b657-7401-4304-80c7-f3ba1c0a1499
[15:55:34] [Server thread/DEBUG] [de.an.AntikytheraMechanism/]: Frame onRemove at BlockPos{x=-7679476, y=-57, z=-10866157} movedByPiston=true relocationJournal=true
[15:55:34] [Server thread/DEBUG] [de.an.AntikytheraMechanism/]: Frame onRemove at BlockPos{x=-7679475, y=-57, z=-10866157} movedByPiston=true relocationJournal=true
[15:55:34] [Server thread/DEBUG] [de.an.AntikytheraMechanism/]: Adopted complete Sable relocation for assembly e445b657-7401-4304-80c7-f3ba1c0a1499 by BlockPos{x=28160508, y=185, z=31357429} into host FOREIGN
[15:55:34] [Server thread/DEBUG] [de.an.AntikytheraMechanism/]: Staged Sable SubLevel 9c7a8fbe-4540-44b4-a126-915834141753 for content in assembly 03bff052-cd9d-41e5-96fe-9dd7d5ae3b36
[15:55:34] [Server thread/DEBUG] [de.an.AntikytheraMechanism/]: Partitioned assembly e445b657-7401-4304-80c7-f3ba1c0a1499 before partial Sable host move: moving=[BlockPos{x=20481033, y=128, z=20491272}], retainedOriginal=[BlockPos{x=20481032, y=128, z=20491272}], split=03bff052-cd9d-41e5-96fe-9dd7d5ae3b36
[15:55:34] [Server thread/DEBUG] [de.an.AntikytheraMechanism/]: Frame onRemove at BlockPos{x=20481033, y=128, z=20491272} movedByPiston=true relocationJournal=true
[15:55:34] [Server thread/DEBUG] [de.an.AntikytheraMechanism/]: Adopted complete Sable relocation for assembly 03bff052-cd9d-41e5-96fe-9dd7d5ae3b36 by BlockPos{x=-1, y=0, z=2048} into host FOREIGN
[15:55:34] [Server thread/WARN] [de.an.AntikytheraMechanism/]: Managed Sable SubLevel b903b620-f08e-4d94-b846-76be9e992827 for assembly e445b657-7401-4304-80c7-f3ba1c0a1499 was removed (REMOVED)
[15:55:34] [Server thread/WARN] [de.an.AntikytheraMechanism/]: Managed Sable SubLevel 9c7a8fbe-4540-44b4-a126-915834141753 for assembly 03bff052-cd9d-41e5-96fe-9dd7d5ae3b36 was removed (REMOVED)
[15:55:34] [Server thread/WARN] [de.an.AntikytheraMechanism/]: [FREEZE-WATCHDOG] Armed 30s after Mechanism Frame placement at BlockPos{x=-7679433, y=-57, z=-10866156} in minecraft:overworld on thread Server thread (stall threshold=2000ms, generation=52)
[15:55:34] [Server thread/DEBUG] [de.an.AntikytheraMechanism/]: Marked Sable SubLevel d41f9fd9-77ce-44d1-ae68-d57abd08a4f7 as detached Antikythera half-scale physics body
[15:55:34] [Server thread/WARN] [de.an.AntikytheraMechanism/]: [FREEZE-WATCHDOG] Armed 30s after Mechanism Frame placement at BlockPos{x=-7679365, y=-57, z=-10866155} in minecraft:overworld on thread Server thread (stall threshold=2000ms, generation=53)
[15:55:34] [Server thread/WARN] [de.an.AntikytheraMechanism/]: [FREEZE-WATCHDOG] Armed 30s after Mechanism Frame placement at BlockPos{x=-7679364, y=-57, z=-10866155} in minecraft:overworld on thread Server thread (stall threshold=2000ms, generation=54)
[15:55:34] [Server thread/WARN] [de.an.AntikytheraMechanism/]: [FREEZE-WATCHDOG] Armed 30s after Mechanism Frame placement at BlockPos{x=-7679363, y=-57, z=-10866155} in minecraft:overworld on thread Server thread (stall threshold=2000ms, generation=55)
[15:55:34] [Server thread/DEBUG] [de.an.AntikytheraMechanism/]: Staged Sable SubLevel bad4ee0a-ae8f-4596-84f2-f5b25a4c8dc5 for content in assembly 2d7dea48-754d-4a65-8223-59ed010d95a9
[15:55:34] [Server thread/DEBUG] [de.an.AntikytheraMechanism/]: Frame onRemove at BlockPos{x=-7679365, y=-57, z=-10866155} movedByPiston=false relocationJournal=false
[15:55:34] [Server thread/DEBUG] [de.an.AntikytheraMechanism/]: Staged Sable SubLevel 946544e2-327a-443c-b8a7-d68fbb022b3a for content in assembly 06cb1150-ff7d-4f39-aeb6-c08525899607
[15:55:34] [Server thread/ERROR] [de.an.AntikytheraMechanism/]: Assembly lifecycle listener antikytheramechanism:gametest_origin_rebase_inbound_rolled_back rejected afterAssemblyTransfer
[15:55:34] [Server thread/ERROR] [de.an.AntikytheraMechanism/]: Locked assemblies 2d7dea48-754d-4a65-8223-59ed010d95a9 and 06cb1150-ff7d-4f39-aeb6-c08525899607 after stale-origin repair failed: restoring the rebased payload to the original assembly rolled back. Both managed payload references were retained for recovery.
[15:55:34] [Server thread/WARN] [de.an.AntikytheraMechanism/]: Managed Sable SubLevel bad4ee0a-ae8f-4596-84f2-f5b25a4c8dc5 for assembly 2d7dea48-754d-4a65-8223-59ed010d95a9 was removed (REMOVED)
[15:55:34] [Server thread/DEBUG] [de.an.AntikytheraMechanism/]: Staged Sable SubLevel 5cbcda0a-20fb-4f6b-a065-799013cd7d3d for content in assembly 82efb5de-e906-4b8f-9ef3-169affbb4818
[15:55:34] [Server thread/DEBUG] [de.an.AntikytheraMechanism/]: Frame onRemove at BlockPos{x=-7679433, y=-57, z=-10866156} movedByPiston=false relocationJournal=false
[15:55:34] [Server thread/WARN] [de.an.AntikytheraMechanism/]: Managed Sable SubLevel 5cbcda0a-20fb-4f6b-a065-799013cd7d3d for assembly 82efb5de-e906-4b8f-9ef3-169affbb4818 was removed (REMOVED)
[15:55:34] [Server thread/WARN] [de.an.AntikytheraMechanism/]: [FREEZE-WATCHDOG] Armed 30s after Mechanism Frame placement at BlockPos{x=-7679328, y=-57, z=-10866157} in minecraft:overworld on thread Server thread (stall threshold=2000ms, generation=56)
[15:55:34] [Server thread/DEBUG] [de.an.AntikytheraMechanism/]: Staged Sable SubLevel 9575f6fd-e8b0-48ea-a14e-e5a4a25663d0 for content in assembly cb0ebcc0-aeb9-4853-8350-666fda3970a2
[15:55:34] [Server thread/DEBUG] [de.an.AntikytheraMechanism/]: Frame onRemove at BlockPos{x=-7679328, y=-57, z=-10866157} movedByPiston=false relocationJournal=true
[15:55:34] [Server thread/WARN] [de.an.AntikytheraMechanism/]: Managed Sable SubLevel 9575f6fd-e8b0-48ea-a14e-e5a4a25663d0 for assembly cb0ebcc0-aeb9-4853-8350-666fda3970a2 was removed (REMOVED)
[15:55:34] [Server thread/INFO] [minecraft/GameTestServer]: [+++++++++++++++++++++++_+++++++++++++++++_+_+++                                     ]
[15:55:34] [Server thread/DEBUG] [mixin/]: Mixing entity.entities_stick_sublevels.packet_mixin.ClientboundTeleportEntityPacketMixin from sable.mixins.json into net.minecraft.network.protocol.game.ClientboundTeleportEntityPacket
[15:55:34] [Server thread/DEBUG] [mixin/]: sable.mixins.json:entity.entities_stick_sublevels.packet_mixin.ClientboundTeleportEntityPacketMixin from mod sable->@Inject::sable$readActuallyInSubLevel(Lnet/minecraft/network/FriendlyByteBuf;Lorg/spongepowered/asm/mixin/injection/callback/CallbackInfo;)V doesn't use it's CallbackInfo
[15:55:34] [Server thread/DEBUG] [mixin/]: sable.mixins.json:entity.entities_stick_sublevels.packet_mixin.ClientboundTeleportEntityPacketMixin from mod sable->@Inject::sable$readActuallyInSubLevel(Lnet/minecraft/network/FriendlyByteBuf;Lorg/spongepowered/asm/mixin/injection/callback/CallbackInfo;)V has 0 override(s) in child classes
[15:55:34] [Server thread/DEBUG] [mixin/]: sable.mixins.json:entity.entities_stick_sublevels.packet_mixin.ClientboundTeleportEntityPacketMixin from mod sable->@Inject::sable$readActuallyInSubLevel(Lnet/minecraft/network/FriendlyByteBuf;Lorg/spongepowered/asm/mixin/injection/callback/CallbackInfo;)V won't be passed a CallbackInfo as a result
[15:55:34] [Server thread/DEBUG] [mixin/]: sable.mixins.json:entity.entities_stick_sublevels.packet_mixin.ClientboundTeleportEntityPacketMixin from mod sable->@Inject::sable$writeActuallyInSubLevel(Lnet/minecraft/network/FriendlyByteBuf;Lorg/spongepowered/asm/mixin/injection/callback/CallbackInfo;)V doesn't use it's CallbackInfo
[15:55:34] [Server thread/DEBUG] [mixin/]: sable.mixins.json:entity.entities_stick_sublevels.packet_mixin.ClientboundTeleportEntityPacketMixin from mod sable->@Inject::sable$writeActuallyInSubLevel(Lnet/minecraft/network/FriendlyByteBuf;Lorg/spongepowered/asm/mixin/injection/callback/CallbackInfo;)V has 0 override(s) in child classes
[15:55:34] [Server thread/DEBUG] [mixin/]: sable.mixins.json:entity.entities_stick_sublevels.packet_mixin.ClientboundTeleportEntityPacketMixin from mod sable->@Inject::sable$writeActuallyInSubLevel(Lnet/minecraft/network/FriendlyByteBuf;Lorg/spongepowered/asm/mixin/injection/callback/CallbackInfo;)V won't be passed a CallbackInfo as a result
[15:55:34] [Server thread/WARN] [de.an.AntikytheraMechanism/]: Managed Sable SubLevel 6053d25d-f3a1-40b6-8337-f3d24c40b55a for assembly 4648c918-fd60-421b-b35f-c7c351e5dd42 was removed (REMOVED)
[15:55:34] [Server thread/WARN] [de.an.AntikytheraMechanism/]: [FREEZE-WATCHDOG] Armed 30s after Mechanism Frame placement at BlockPos{x=-7679433, y=-57, z=-10866156} in minecraft:overworld on thread Server thread (stall threshold=2000ms, generation=57)
[15:55:34] [Server thread/WARN] [de.an.AntikytheraMechanism/]: [FREEZE-WATCHDOG] Armed 30s after Mechanism Frame placement at BlockPos{x=-7679290, y=-57, z=-10866156} in minecraft:overworld on thread Server thread (stall threshold=2000ms, generation=58)
[15:55:34] [Server thread/DEBUG] [de.an.AntikytheraMechanism/]: Staged Sable SubLevel da6b8454-6622-4df9-b76c-880e1b2cdd09 for content in assembly e29eb5a6-23d1-4ba2-b446-62ae1de94c29
[15:55:34] [Server thread/DEBUG] [de.an.AntikytheraMechanism/]: Frame onRemove at BlockPos{x=-7679290, y=-57, z=-10866156} movedByPiston=true relocationJournal=true
[15:55:34] [Server thread/DEBUG] [de.an.AntikytheraMechanism/]: Adopted complete Sable relocation for assembly e29eb5a6-23d1-4ba2-b446-62ae1de94c29 by BlockPos{x=28160322, y=185, z=31353332} into host FOREIGN
[15:55:34] [Server thread/WARN] [de.an.AntikytheraMechanism/]: Managed Sable SubLevel da6b8454-6622-4df9-b76c-880e1b2cdd09 for assembly e29eb5a6-23d1-4ba2-b446-62ae1de94c29 was removed (REMOVED)
[15:55:34] [Server thread/DEBUG] [de.an.AntikytheraMechanism/]: Staged Sable SubLevel 5d661f01-4918-4777-872a-e4181e254596 for content in assembly 5531ba30-fb12-42f0-aec6-e75f7495d3dd
[15:55:34] [Server thread/DEBUG] [de.an.AntikytheraMechanism/]: Frame onRemove at BlockPos{x=-7679433, y=-57, z=-10866156} movedByPiston=false relocationJournal=false
[15:55:34] [Server thread/WARN] [de.an.AntikytheraMechanism/]: Managed Sable SubLevel 5d661f01-4918-4777-872a-e4181e254596 for assembly 5531ba30-fb12-42f0-aec6-e75f7495d3dd was removed (REMOVED)
[15:55:34] [Server thread/WARN] [de.an.AntikytheraMechanism/]: [FREEZE-WATCHDOG] Armed 30s after Mechanism Frame placement at BlockPos{x=-7679433, y=-57, z=-10866156} in minecraft:overworld on thread Server thread (stall threshold=2000ms, generation=59)
[15:55:34] [Server thread/DEBUG] [de.an.AntikytheraMechanism/]: Staged Sable SubLevel 35ec2684-e9dd-421a-a8e3-c2e13c9c4235 for content in assembly a8a4f0da-6a38-4e88-b8bd-1292ad146a5e
[15:55:34] [Server thread/DEBUG] [de.an.AntikytheraMechanism/]: Frame onRemove at BlockPos{x=-7679433, y=-57, z=-10866156} movedByPiston=false relocationJournal=false
[15:55:34] [Server thread/WARN] [de.an.AntikytheraMechanism/]: Managed Sable SubLevel 35ec2684-e9dd-421a-a8e3-c2e13c9c4235 for assembly a8a4f0da-6a38-4e88-b8bd-1292ad146a5e was removed (REMOVED)
[15:55:34] [Server thread/DEBUG] [de.an.AntikytheraMechanism/]: Marked Sable SubLevel f085b67e-1288-4fce-86fd-40ae681d0f09 as detached Antikythera half-scale physics body
[15:55:34] [Server thread/DEBUG] [de.an.AntikytheraMechanism/]: Rejected non-miniaturizable placement Block{minecraft:tnt} in detached mini physics body f085b67e-1288-4fce-86fd-40ae681d0f09 at BlockPos{x=20481033, y=128, z=20481032}
[15:55:34] [Server thread/WARN] [de.an.AntikytheraMechanism/]: Rejected nested Mechanism Frame write in detached mini physics SubLevel f085b67e-1288-4fce-86fd-40ae681d0f09 at BlockPos{x=20481033, y=129, z=20481032}
[15:55:34] [Server thread/DEBUG] [de.an.AntikytheraMechanism/]: Marked Sable SubLevel d41d5cdb-dccc-42dc-886c-d38056e8cd55 as detached Antikythera half-scale physics body
[15:55:34] [Server thread/WARN] [de.an.AntikytheraMechanism/]: [FREEZE-WATCHDOG] Armed 30s after Mechanism Frame placement at BlockPos{x=-7679514, y=-57, z=-10866131} in minecraft:overworld on thread Server thread (stall threshold=2000ms, generation=60)
[15:55:34] [Server thread/WARN] [de.an.AntikytheraMechanism/]: [FREEZE-WATCHDOG] Armed 30s after Mechanism Frame placement at BlockPos{x=-7679507, y=-57, z=-10866131} in minecraft:overworld on thread Server thread (stall threshold=2000ms, generation=61)
[15:55:34] [Server thread/DEBUG] [de.an.AntikytheraMechanism/]: Staged Sable SubLevel f2ea4096-7210-4cf7-b31f-887b8e3fc316 for content in assembly 5927dfc3-589c-4330-b921-63d19856ba56
[15:55:34] [Server thread/DEBUG] [de.an.AntikytheraMechanism/]: Frame onRemove at BlockPos{x=-7679514, y=-57, z=-10866131} movedByPiston=false relocationJournal=true
[15:55:34] [Server thread/DEBUG] [de.an.AntikytheraMechanism/]: Frame onRemove at BlockPos{x=-7679507, y=-57, z=-10866131} movedByPiston=false relocationJournal=true
[15:55:34] [Server thread/WARN] [de.an.AntikytheraMechanism/]: Managed Sable SubLevel f2ea4096-7210-4cf7-b31f-887b8e3fc316 for assembly 5927dfc3-589c-4330-b921-63d19856ba56 was removed (REMOVED)
[15:55:34] [Server thread/INFO] [minecraft/GameTestServer]: [+++++++++++++++++++++++_++++++++++++++++++++++++++                                  ]
[15:55:36] [Server thread/INFO] [minecraft/GameTestRunner]: Running test batch 'defaultBatch:1' (34 tests)...
[15:55:36] [Server thread/DEBUG] [mixin/]: Mixing SubLevelSerializerManagedLoadMixin from antikytheramechanism.mixins.json into dev.ryanhcode.sable.sublevel.storage.serialization.SubLevelSerializer
[15:55:36] [Server thread/DEBUG] [mixin/]: Mixing SableNBTUtilsMixin from sablescale.mixins.json into dev.ryanhcode.sable.util.SableNBTUtils
[15:55:36] [Server thread/DEBUG] [mixin/]: sablescale.mixins.json:SableNBTUtilsMixin from mod sablescale->@Inject::sablescale$writeScale(Ldev/ryanhcode/sable/companion/math/Pose3d;Lorg/spongepowered/asm/mixin/injection/callback/CallbackInfoReturnable;)V does use it's CallbackInfoReturnable
[15:55:36] [Server thread/DEBUG] [mixin/]: sablescale.mixins.json:SableNBTUtilsMixin from mod sablescale->@Inject::sablescale$readScale(Lnet/minecraft/nbt/CompoundTag;Lorg/spongepowered/asm/mixin/injection/callback/CallbackInfoReturnable;)V does use it's CallbackInfoReturnable
[15:55:36] [Server thread/INFO] [minecraft/GameTestServer]: [++++++++++++++++++++++++++++++++++++++++++++++++++                                  ]
[15:55:36] [Server thread/WARN] [de.an.AntikytheraMechanism/]: [FREEZE-WATCHDOG] Armed 30s after Mechanism Frame placement at BlockPos{x=-7679475, y=-57, z=-10866134} in minecraft:overworld on thread Server thread (stall threshold=2000ms, generation=62)
[15:55:36] [Server thread/DEBUG] [de.an.AntikytheraMechanism/]: Staged Sable SubLevel 23eb701e-cb28-4c0f-9433-0bbd451f1344 for content in assembly b728e0a6-bc70-43fc-9dc9-6f5a143ccfd8
[15:55:36] [Server thread/WARN] [de.an.AntikytheraMechanism/]: Managed Sable SubLevel 23eb701e-cb28-4c0f-9433-0bbd451f1344 for assembly b728e0a6-bc70-43fc-9dc9-6f5a143ccfd8 was removed (REMOVED)
[15:55:36] [Server thread/WARN] [de.an.AntikytheraMechanism/]: [FREEZE-WATCHDOG] Armed 30s after Mechanism Frame placement at BlockPos{x=-7679438, y=-57, z=-10866134} in minecraft:overworld on thread Server thread (stall threshold=2000ms, generation=63)
[15:55:36] [Server thread/DEBUG] [de.an.AntikytheraMechanism/]: Staged Sable SubLevel 1178396e-4b13-493a-a747-e5fc281843e1 for content in assembly 87e53484-9b9e-43e2-b9dd-e2c4e9c8b006
[15:55:36] [Server thread/DEBUG] [de.an.AntikytheraMechanism/]: Frame onRemove at BlockPos{x=-7679438, y=-57, z=-10866134} movedByPiston=false relocationJournal=true
[15:55:36] [Server thread/WARN] [de.an.AntikytheraMechanism/]: [FREEZE-WATCHDOG] Armed 30s after Mechanism Frame placement at BlockPos{x=-7679402, y=-57, z=-10866133} in minecraft:overworld on thread Server thread (stall threshold=2000ms, generation=64)
[15:55:36] [Server thread/WARN] [de.an.AntikytheraMechanism/]: [FREEZE-WATCHDOG] Armed 30s after Mechanism Frame placement at BlockPos{x=-7679401, y=-57, z=-10866133} in minecraft:overworld on thread Server thread (stall threshold=2000ms, generation=65)
[15:55:36] [Server thread/WARN] [de.an.AntikytheraMechanism/]: [FREEZE-WATCHDOG] Armed 30s after Mechanism Frame placement at BlockPos{x=-7679400, y=-57, z=-10866133} in minecraft:overworld on thread Server thread (stall threshold=2000ms, generation=66)
[15:55:36] [Server thread/DEBUG] [de.an.AntikytheraMechanism/]: Staged Sable SubLevel e54bb4fd-b019-4385-901c-c5b23a968ec5 for content in assembly d030620a-faa7-45e9-a747-3641b46a4087
[15:55:36] [Server thread/DEBUG] [de.an.AntikytheraMechanism/]: Frame onRemove at BlockPos{x=-7679402, y=-57, z=-10866133} movedByPiston=false relocationJournal=false
[15:55:36] [Server thread/DEBUG] [de.an.AntikytheraMechanism/]: Staged Sable SubLevel d09b9f39-37c4-4fe6-b99a-914972b8e2ed for content in assembly c3150ece-7b67-4845-b3b2-1acede5ffe05
[15:55:36] [Server thread/ERROR] [de.an.AntikytheraMechanism/]: Assembly lifecycle listener antikytheramechanism:gametest_origin_rebase_inbound_recovery rejected afterAssemblyTransfer
[15:55:36] [Server thread/ERROR] [de.an.AntikytheraMechanism/]: Assembly lifecycle listener antikytheramechanism:gametest_origin_rebase_inbound_recovery rejected onAssemblyTransferRollback
[15:55:36] [Server thread/ERROR] [de.an.AntikytheraMechanism/]: Locked assemblies d030620a-faa7-45e9-a747-3641b46a4087 and c3150ece-7b67-4845-b3b2-1acede5ffe05 after stale-origin repair failed: restoring the rebased payload to the original assembly requires recovery. Both managed payload references were retained for recovery.
[15:55:36] [Server thread/WARN] [de.an.AntikytheraMechanism/]: Managed Sable SubLevel e54bb4fd-b019-4385-901c-c5b23a968ec5 for assembly d030620a-faa7-45e9-a747-3641b46a4087 was removed (REMOVED)
[15:55:36] [Server thread/WARN] [de.an.AntikytheraMechanism/]: [FREEZE-WATCHDOG] Armed 30s after Mechanism Frame placement at BlockPos{x=-7679512, y=-57, z=-10866112} in minecraft:overworld on thread Server thread (stall threshold=2000ms, generation=67)
[15:55:36] [Server thread/DEBUG] [de.an.AntikytheraMechanism/]: Staged Sable SubLevel f34bc7e2-f76e-4083-974d-7f8d2bd5d307 for content in assembly be8a4925-9393-401a-9690-faafe62a660a
[15:55:36] [Server thread/WARN] [de.an.AntikytheraMechanism/]: [FREEZE-WATCHDOG] Armed 30s after Mechanism Frame placement at BlockPos{x=-7679476, y=-58, z=-10866114} in minecraft:overworld on thread Server thread (stall threshold=2000ms, generation=68)
[15:55:36] [Server thread/WARN] [de.an.AntikytheraMechanism/]: [FREEZE-WATCHDOG] Armed 30s after Mechanism Frame placement at BlockPos{x=-7679477, y=-58, z=-10866113} in minecraft:overworld on thread Server thread (stall threshold=2000ms, generation=69)
[15:55:36] [Server thread/WARN] [de.an.AntikytheraMechanism/]: [FREEZE-WATCHDOG] Armed 30s after Mechanism Frame placement at BlockPos{x=-7679476, y=-58, z=-10866113} in minecraft:overworld on thread Server thread (stall threshold=2000ms, generation=70)
[15:55:36] [Server thread/WARN] [de.an.AntikytheraMechanism/]: [FREEZE-WATCHDOG] Armed 30s after Mechanism Frame placement at BlockPos{x=-7679477, y=-58, z=-10866114} in minecraft:overworld on thread Server thread (stall threshold=2000ms, generation=71)
[15:55:36] [Server thread/DEBUG] [de.an.AntikytheraMechanism/]: Frame onRemove at BlockPos{x=-7679476, y=-58, z=-10866114} movedByPiston=false relocationJournal=true
[15:55:36] [Server thread/DEBUG] [de.an.AntikytheraMechanism/]: Frame onRemove at BlockPos{x=-7679476, y=-58, z=-10866113} movedByPiston=false relocationJournal=true
[15:55:36] [Server thread/DEBUG] [de.an.AntikytheraMechanism/]: Frame onRemove at BlockPos{x=-7679477, y=-58, z=-10866113} movedByPiston=false relocationJournal=true
[15:55:36] [Server thread/DEBUG] [de.an.AntikytheraMechanism/]: Frame onRemove at BlockPos{x=-7679477, y=-58, z=-10866114} movedByPiston=false relocationJournal=true
[15:55:36] [Server thread/DEBUG] [de.an.AntikytheraMechanism/]: Frame onRemove at BlockPos{x=-7679471, y=-58, z=-10866111} movedByPiston=false relocationJournal=true
[15:55:36] [Server thread/DEBUG] [de.an.AntikytheraMechanism/]: Frame onRemove at BlockPos{x=-7679471, y=-58, z=-10866110} movedByPiston=false relocationJournal=true
[15:55:36] [Server thread/DEBUG] [de.an.AntikytheraMechanism/]: Frame onRemove at BlockPos{x=-7679472, y=-58, z=-10866110} movedByPiston=false relocationJournal=true
[15:55:36] [Server thread/DEBUG] [de.an.AntikytheraMechanism/]: Frame onRemove at BlockPos{x=-7679472, y=-58, z=-10866111} movedByPiston=false relocationJournal=true
[15:55:36] [Server thread/DEBUG] [de.an.AntikytheraMechanism/]: Frame onRemove at BlockPos{x=-7679466, y=-58, z=-10866110} movedByPiston=false relocationJournal=true
[15:55:36] [Server thread/DEBUG] [de.an.AntikytheraMechanism/]: Frame onRemove at BlockPos{x=-7679466, y=-58, z=-10866111} movedByPiston=false relocationJournal=true
[15:55:36] [Server thread/DEBUG] [de.an.AntikytheraMechanism/]: Frame onRemove at BlockPos{x=-7679465, y=-58, z=-10866111} movedByPiston=false relocationJournal=true
[15:55:36] [Server thread/DEBUG] [de.an.AntikytheraMechanism/]: Frame onRemove at BlockPos{x=-7679465, y=-58, z=-10866110} movedByPiston=false relocationJournal=true
[15:55:36] [Server thread/DEBUG] [de.an.AntikytheraMechanism/]: Frame onRemove at BlockPos{x=-7679461, y=-58, z=-10866110} movedByPiston=false relocationJournal=true
[15:55:36] [Server thread/DEBUG] [de.an.AntikytheraMechanism/]: Frame onRemove at BlockPos{x=-7679460, y=-58, z=-10866110} movedByPiston=false relocationJournal=true
[15:55:36] [Server thread/DEBUG] [de.an.AntikytheraMechanism/]: Frame onRemove at BlockPos{x=-7679460, y=-58, z=-10866109} movedByPiston=false relocationJournal=true
[15:55:36] [Server thread/DEBUG] [de.an.AntikytheraMechanism/]: Frame onRemove at BlockPos{x=-7679461, y=-58, z=-10866109} movedByPiston=false relocationJournal=true
[15:55:36] [Server thread/WARN] [de.an.AntikytheraMechanism/]: [FREEZE-WATCHDOG] Armed 30s after Mechanism Frame placement at BlockPos{x=-7679439, y=-57, z=-10866113} in minecraft:overworld on thread Server thread (stall threshold=2000ms, generation=72)
[15:55:36] [Server thread/DEBUG] [de.an.AntikytheraMechanism/]: Staged Sable SubLevel b15278ec-0037-4dac-9ced-da75e238192b for content in assembly 49907ba0-bcfe-47d5-8d21-08ff3e65e932
[15:55:36] [Server thread/DEBUG] [de.an.AntikytheraMechanism/]: Frame onRemove at BlockPos{x=-7679439, y=-57, z=-10866113} movedByPiston=false relocationJournal=true
[15:55:36] [Server thread/WARN] [de.an.AntikytheraMechanism/]: Managed Sable SubLevel b15278ec-0037-4dac-9ced-da75e238192b for assembly 49907ba0-bcfe-47d5-8d21-08ff3e65e932 was removed (REMOVED)
[15:55:36] [Server thread/WARN] [de.an.AntikytheraMechanism/]: [FREEZE-WATCHDOG] Armed 30s after Mechanism Frame placement at BlockPos{x=-7679365, y=-57, z=-10866111} in minecraft:overworld on thread Server thread (stall threshold=2000ms, generation=73)
[15:55:36] [Server thread/WARN] [de.an.AntikytheraMechanism/]: [FREEZE-WATCHDOG] Armed 30s after Mechanism Frame placement at BlockPos{x=-7679364, y=-57, z=-10866111} in minecraft:overworld on thread Server thread (stall threshold=2000ms, generation=74)
[15:55:36] [Server thread/WARN] [de.an.AntikytheraMechanism/]: [FREEZE-WATCHDOG] Armed 30s after Mechanism Frame placement at BlockPos{x=-7679363, y=-57, z=-10866111} in minecraft:overworld on thread Server thread (stall threshold=2000ms, generation=75)
[15:55:36] [Server thread/DEBUG] [de.an.AntikytheraMechanism/]: Staged Sable SubLevel e65b1c7f-8b5b-4dca-bd16-c954686f241e for content in assembly 0b17b372-36f5-4967-9a77-a16404d97611
[15:55:36] [Server thread/DEBUG] [de.an.AntikytheraMechanism/]: Frame onRemove at BlockPos{x=-7679365, y=-57, z=-10866111} movedByPiston=false relocationJournal=false
[15:55:36] [Server thread/DEBUG] [de.an.AntikytheraMechanism/]: Staged Sable SubLevel ec13b35e-aef8-4652-adbc-40b74bf121ff for content in assembly 7b8f3df4-9d55-4c25-8457-60bcc271386d
[15:55:36] [Server thread/ERROR] [de.an.AntikytheraMechanism/]: Assembly lifecycle listener antikytheramechanism:gametest_origin_rebase_inbound_before rejected beforeAssemblyTransfer
[15:55:36] [Server thread/ERROR] [de.an.AntikytheraMechanism/]: Locked assemblies 0b17b372-36f5-4967-9a77-a16404d97611 and 7b8f3df4-9d55-4c25-8457-60bcc271386d after stale-origin repair failed: restoring the rebased payload to the original assembly rolled back. Both managed payload references were retained for recovery.
[15:55:36] [Server thread/WARN] [de.an.AntikytheraMechanism/]: Managed Sable SubLevel e65b1c7f-8b5b-4dca-bd16-c954686f241e for assembly 0b17b372-36f5-4967-9a77-a16404d97611 was removed (REMOVED)
[15:55:36] [Server thread/WARN] [de.an.AntikytheraMechanism/]: [FREEZE-WATCHDOG] Armed 30s after Mechanism Frame placement at BlockPos{x=-7679326, y=-57, z=-10866106} in minecraft:overworld on thread Server thread (stall threshold=2000ms, generation=76)
[15:55:36] [Server thread/WARN] [de.an.AntikytheraMechanism/]: [FREEZE-WATCHDOG] Armed 30s after Mechanism Frame placement at BlockPos{x=-7679327, y=-57, z=-10866106} in minecraft:overworld on thread Server thread (stall threshold=2000ms, generation=77)
[15:55:36] [Server thread/WARN] [de.an.AntikytheraMechanism/]: [FREEZE-WATCHDOG] Armed 30s after Mechanism Frame placement at BlockPos{x=-7679325, y=-57, z=-10866106} in minecraft:overworld on thread Server thread (stall threshold=2000ms, generation=78)
[15:55:36] [Server thread/DEBUG] [de.an.AntikytheraMechanism/]: Staged Sable SubLevel d24a32ca-dab8-470d-89bf-913d53e771c2 for content in assembly 181ced0c-8d62-4125-a383-8fd841a9f4a1
[15:55:36] [Server thread/DEBUG] [de.an.AntikytheraMechanism/]: Frame onRemove at BlockPos{x=-7679326, y=-57, z=-10866106} movedByPiston=false relocationJournal=false
[15:55:36] [Server thread/DEBUG] [de.an.AntikytheraMechanism/]: Staged Sable SubLevel 6dc366bc-c24f-43fb-9f10-bc1d73b3a06d for content in assembly 9319b6c7-cbeb-42da-92b2-f798d3e0f481
[15:55:36] [Server thread/DEBUG] [de.an.AntikytheraMechanism/]: Staged Sable SubLevel 76b110bc-944f-4440-a46d-f66171a1c718 for content in assembly f9aec4ff-0eb8-4a41-aff5-6790bb2ac2f0
[15:55:36] [Server thread/WARN] [de.an.AntikytheraMechanism/]: Managed Sable SubLevel 76b110bc-944f-4440-a46d-f66171a1c718 for assembly f9aec4ff-0eb8-4a41-aff5-6790bb2ac2f0 was removed (REMOVED)
[15:55:36] [Server thread/DEBUG] [de.an.AntikytheraMechanism/]: Rebased assembly 181ced0c-8d62-4125-a383-8fd841a9f4a1 after topology change: stale origin BlockPos{x=-7679326, y=-57, z=-10866106} -> BlockPos{x=-7679327, y=-57, z=-10866106} over 1 retained Frames
[15:55:36] [Server thread/WARN] [de.an.AntikytheraMechanism/]: [FREEZE-WATCHDOG] Armed 30s after Mechanism Frame placement at BlockPos{x=-7679512, y=-57, z=-10866090} in minecraft:overworld on thread Server thread (stall threshold=2000ms, generation=79)
[15:55:36] [Server thread/DEBUG] [de.an.AntikytheraMechanism/]: Staged Sable SubLevel 12577794-1f3c-4b97-a7a4-6b75c4f953e2 for content in assembly 4c8fad63-8950-4baf-8ad4-5083191f2254
[15:55:36] [Server thread/WARN] [de.an.AntikytheraMechanism/]: [FREEZE-WATCHDOG] Armed 30s after Mechanism Frame placement at BlockPos{x=-7679476, y=-57, z=-10866091} in minecraft:overworld on thread Server thread (stall threshold=2000ms, generation=80)
[15:55:36] [Server thread/DEBUG] [de.an.AntikytheraMechanism/]: Staged Sable SubLevel 32ee1856-a890-46e6-9176-317654baaca0 for content in assembly 367dc9a6-2058-46e8-bc96-c185b65cf469
[15:55:36] [Server thread/DEBUG] [de.an.AntikytheraMechanism/]: Frame onRemove at BlockPos{x=-7679476, y=-57, z=-10866091} movedByPiston=true relocationJournal=true
[15:55:36] [Server thread/DEBUG] [de.an.AntikytheraMechanism/]: Adopted complete Sable relocation for assembly 367dc9a6-2058-46e8-bc96-c185b65cf469 by BlockPos{x=28160508, y=185, z=31388083} into host FOREIGN
[15:55:36] [Server thread/DEBUG] [mixin/]: Mixing FloatingBlockDataAccessor from antikytheramechanism.mixins.json into dev.ryanhcode.sable.physics.floating_block.FloatingBlockData
[15:55:36] [Server thread/WARN] [de.an.AntikytheraMechanism/]: Managed Sable SubLevel 32ee1856-a890-46e6-9176-317654baaca0 for assembly 367dc9a6-2058-46e8-bc96-c185b65cf469 was removed (REMOVED)
[15:55:36] [Server thread/WARN] [de.an.AntikytheraMechanism/]: [FREEZE-WATCHDOG] Armed 30s after Mechanism Frame placement at BlockPos{x=-7679403, y=-57, z=-10866092} in minecraft:overworld on thread Server thread (stall threshold=2000ms, generation=81)
[15:55:36] [Server thread/DEBUG] [de.an.AntikytheraMechanism/]: Staged Sable SubLevel a3c47c94-9e92-470b-84f6-02a5f0cc80e7 for content in assembly c8849a2f-18fa-4979-84e3-64f776d3ac51
[15:55:36] [Server thread/DEBUG] [de.an.AntikytheraMechanism/]: Frame onRemove at BlockPos{x=-7679403, y=-57, z=-10866092} movedByPiston=false relocationJournal=true
[15:55:36] [Server thread/WARN] [de.an.AntikytheraMechanism/]: [FREEZE-WATCHDOG] Armed 30s after Mechanism Frame placement at BlockPos{x=-7679397, y=-57, z=-10866092} in minecraft:overworld on thread Server thread (stall threshold=2000ms, generation=82)
[15:55:36] [Server thread/DEBUG] [de.an.AntikytheraMechanism/]: Staged Sable SubLevel b504a742-1b9b-4c32-beb9-9e4dc7f10983 for content in assembly 982b4871-0ae3-4d58-9405-f9b96491f181
[15:55:36] [Server thread/DEBUG] [de.an.AntikytheraMechanism/]: Frame onRemove at BlockPos{x=-7679397, y=-57, z=-10866092} movedByPiston=false relocationJournal=true
[15:55:36] [Server thread/WARN] [de.an.AntikytheraMechanism/]: [FREEZE-WATCHDOG] Armed 30s after Mechanism Frame placement at BlockPos{x=-7679403, y=-57, z=-10866086} in minecraft:overworld on thread Server thread (stall threshold=2000ms, generation=83)
[15:55:36] [Server thread/DEBUG] [de.an.AntikytheraMechanism/]: Staged Sable SubLevel 92f92a17-ed89-4c2c-8d35-8277f2f672ce for content in assembly 121f73d3-d6f6-4fd7-90c8-f61f544be2cc
[15:55:36] [Server thread/DEBUG] [de.an.AntikytheraMechanism/]: Frame onRemove at BlockPos{x=-7679403, y=-57, z=-10866086} movedByPiston=false relocationJournal=true
[15:55:36] [Server thread/WARN] [de.an.AntikytheraMechanism/]: [FREEZE-WATCHDOG] Armed 30s after Mechanism Frame placement at BlockPos{x=-7679397, y=-57, z=-10866086} in minecraft:overworld on thread Server thread (stall threshold=2000ms, generation=84)
[15:55:36] [Server thread/DEBUG] [de.an.AntikytheraMechanism/]: Staged Sable SubLevel c5cb82aa-c779-47fa-b33e-41d9a61d41b0 for content in assembly 0418c973-b1b4-46ca-af27-caa9d029f50e
[15:55:36] [Server thread/DEBUG] [de.an.AntikytheraMechanism/]: Frame onRemove at BlockPos{x=-7679397, y=-57, z=-10866086} movedByPiston=false relocationJournal=true
[15:55:36] [Server thread/WARN] [de.an.AntikytheraMechanism/]: [FREEZE-WATCHDOG] Armed 30s after Mechanism Frame placement at BlockPos{x=-7679364, y=-57, z=-10866090} in minecraft:overworld on thread Server thread (stall threshold=2000ms, generation=85)
[15:55:36] [Server thread/DEBUG] [de.an.AntikytheraMechanism/]: Staged Sable SubLevel 352950bc-1f7c-434e-ac49-a17ffce10168 for content in assembly 3af1cb15-a7fd-4421-a02b-d46027875bc3
[15:55:36] [Server thread/DEBUG] [mixin/]: Mixing death_message.CombatTrackerMixin from sable.mixins.json into net.minecraft.world.damagesource.CombatTracker
[15:55:36] [Server thread/WARN] [de.an.AntikytheraMechanism/]: [FREEZE-WATCHDOG] Armed 30s after Mechanism Frame placement at BlockPos{x=-7679329, y=-57, z=-10866091} in minecraft:overworld on thread Server thread (stall threshold=2000ms, generation=86)
[15:55:36] [Server thread/WARN] [de.an.AntikytheraMechanism/]: [FREEZE-WATCHDOG] Armed 30s after Mechanism Frame placement at BlockPos{x=-7679328, y=-57, z=-10866091} in minecraft:overworld on thread Server thread (stall threshold=2000ms, generation=87)
[15:55:36] [Server thread/WARN] [de.an.AntikytheraMechanism/]: [FREEZE-WATCHDOG] Armed 30s after Mechanism Frame placement at BlockPos{x=-7679327, y=-57, z=-10866091} in minecraft:overworld on thread Server thread (stall threshold=2000ms, generation=88)
[15:55:36] [Server thread/DEBUG] [de.an.AntikytheraMechanism/]: Staged Sable SubLevel fe67185f-02c4-412a-9d42-d77b05d779fc for content in assembly fa68a4a1-0af1-4c9c-8bdd-c80790af95a1
[15:55:36] [Server thread/DEBUG] [de.an.AntikytheraMechanism/]: Frame onRemove at BlockPos{x=-7679329, y=-57, z=-10866091} movedByPiston=false relocationJournal=true
[15:55:36] [Server thread/DEBUG] [de.an.AntikytheraMechanism/]: Frame onRemove at BlockPos{x=-7679328, y=-57, z=-10866091} movedByPiston=false relocationJournal=true
[15:55:36] [Server thread/DEBUG] [de.an.AntikytheraMechanism/]: Frame onRemove at BlockPos{x=-7679327, y=-57, z=-10866091} movedByPiston=false relocationJournal=true
[15:55:36] [Server thread/DEBUG] [de.an.AntikytheraMechanism/]: Staged Sable SubLevel 9fcc3faa-a79c-4235-96dd-0eff5acf4fa8 for content in assembly 521c9d98-98eb-4d74-ad13-c778665c7e32
[15:55:36] [Server thread/DEBUG] [de.an.AntikytheraMechanism/]: Staged Sable SubLevel f62cb722-3093-41a5-8d9a-b99ace364eac for content in assembly 26468b39-fcba-4b15-bc37-f25e088c438b
[15:55:36] [Server thread/WARN] [de.an.AntikytheraMechanism/]: Managed Sable SubLevel f62cb722-3093-41a5-8d9a-b99ace364eac for assembly 26468b39-fcba-4b15-bc37-f25e088c438b was removed (REMOVED)
[15:55:36] [Server thread/DEBUG] [de.an.AntikytheraMechanism/]: Rebased assembly fa68a4a1-0af1-4c9c-8bdd-c80790af95a1 after topology change: stale origin BlockPos{x=-7679323, y=-57, z=-10866091} -> BlockPos{x=-7679325, y=-57, z=-10866091} over 1 retained Frames
[15:55:37] [Server thread/WARN] [de.an.AntikytheraMechanism/]: Managed Sable SubLevel 352950bc-1f7c-434e-ac49-a17ffce10168 for assembly 3af1cb15-a7fd-4421-a02b-d46027875bc3 was removed (REMOVED)
[15:55:37] [Server thread/DEBUG] [de.an.AntikytheraMechanism/]: Retired empty Sable SubLevel 352950bc-1f7c-434e-ac49-a17ffce10168 while keeping assembly 3af1cb15-a7fd-4421-a02b-d46027875bc3
[15:55:37] [Server thread/DEBUG] [de.an.AntikytheraMechanism/]: Frame onRemove at BlockPos{x=-7679512, y=-57, z=-10866112} movedByPiston=false relocationJournal=true
[15:55:37] [Server thread/DEBUG] [de.an.AntikytheraMechanism/]: Frame onRemove at BlockPos{x=-7679512, y=-57, z=-10866090} movedByPiston=false relocationJournal=true
[15:55:37] [Server thread/WARN] [de.an.AntikytheraMechanism/]: [FREEZE-WATCHDOG] Armed 30s after Mechanism Frame placement at BlockPos{x=-7679551, y=-58, z=-10866114} in minecraft:overworld on thread Server thread (stall threshold=2000ms, generation=89)
[15:55:37] [Server thread/WARN] [de.an.AntikytheraMechanism/]: [FREEZE-WATCHDOG] Armed 30s after Mechanism Frame placement at BlockPos{x=-7679550, y=-58, z=-10866114} in minecraft:overworld on thread Server thread (stall threshold=2000ms, generation=90)
[15:55:37] [Server thread/WARN] [de.an.AntikytheraMechanism/]: [FREEZE-WATCHDOG] Armed 30s after Mechanism Frame placement at BlockPos{x=-7679551, y=-58, z=-10866113} in minecraft:overworld on thread Server thread (stall threshold=2000ms, generation=91)
[15:55:37] [Server thread/DEBUG] [de.an.AntikytheraMechanism/]: Frame onRemove at BlockPos{x=-7679551, y=-58, z=-10866114} movedByPiston=false relocationJournal=true
[15:55:37] [Server thread/DEBUG] [de.an.AntikytheraMechanism/]: Frame onRemove at BlockPos{x=-7679550, y=-58, z=-10866114} movedByPiston=false relocationJournal=true
[15:55:37] [Server thread/DEBUG] [de.an.AntikytheraMechanism/]: Frame onRemove at BlockPos{x=-7679551, y=-58, z=-10866113} movedByPiston=false relocationJournal=true
[15:55:37] [Server thread/ERROR] [de.an.AntikytheraMechanism/]: Could not commit Create contraption placement; assembly, index, Frame BlockEntity mappings and block states were rolled back and journals retained
java.lang.IllegalStateException: intentional mid-commit GameTest fault
	at TRANSFORMER/antikytheramechanism@0.1.0/dev.antikytheramechanism.assembly.MechanismAssemblyRotationGameTests.lambda$partialCommitFailureRollsBackMappingsAndKeepsJournal$6(MechanismAssemblyRotationGameTests.java:136) ~[%23127!/:?] {re:classloading}
	at TRANSFORMER/antikytheramechanism@0.1.0/dev.antikytheramechanism.assembly.MechanismAssemblyManager.finalizeContraptionPlacement(MechanismAssemblyManager.java:400) ~[%23127!/:?] {re:mixin,re:classloading,pl:mixin:APP:antikytheramechanism.mixins.json:MechanismAssemblyManagerAccessor from mod antikytheramechanism,pl:mixin:APP:antikytheramechanism.mixins.json:MechanismAssemblyOriginInvariantMixin from mod antikytheramechanism,pl:mixin:APP:antikytheramechanism.mixins.json:MechanismAssemblyManagerDeferredRemovalMixin from mod antikytheramechanism,pl:mixin:A}
	at TRANSFORMER/antikytheramechanism@0.1.0/dev.antikytheramechanism.assembly.MechanismAssemblyRotationGameTests.partialCommitFailureRollsBackMappingsAndKeepsJournal(MechanismAssemblyRotationGameTests.java:138) ~[%23127!/:?] {re:classloading}
	at java.base/jdk.internal.reflect.DirectMethodHandleAccessor.invoke(DirectMethodHandleAccessor.java:103) ~[?:?] {}
	at java.base/java.lang.reflect.Method.invoke(Method.java:580) ~[?:?] {}
	at TRANSFORMER/minecraft@1.21.1/net.minecraft.gametest.framework.GameTestRegistry.lambda$turnMethodIntoConsumer$5(GameTestRegistry.java:157) ~[neoforge-21.1.228.jar%23125!/:?] {re:classloading}
	at TRANSFORMER/minecraft@1.21.1/net.minecraft.gametest.framework.TestFunction.run(TestFunction.java:22) ~[neoforge-21.1.228.jar%23125!/:?] {re:classloading}
	at TRANSFORMER/minecraft@1.21.1/net.minecraft.gametest.framework.GameTestInfo.startTest(GameTestInfo.java:162) ~[neoforge-21.1.228.jar%23125!/:?] {re:mixin,pl:accesstransformer:B,re:classloading,pl:accesstransformer:B,pl:mixin:APP:sable.mixins.json:game_test.GameTestInfoMixin from mod sable,pl:mixin:A}
	at TRANSFORMER/minecraft@1.21.1/net.minecraft.gametest.framework.GameTestInfo.tickInternal(GameTestInfo.java:124) ~[neoforge-21.1.228.jar%23125!/:?] {re:mixin,pl:accesstransformer:B,re:classloading,pl:accesstransformer:B,pl:mixin:APP:sable.mixins.json:game_test.GameTestInfoMixin from mod sable,pl:mixin:A}
	at TRANSFORMER/minecraft@1.21.1/net.minecraft.gametest.framework.GameTestInfo.tick(GameTestInfo.java:107) ~[neoforge-21.1.228.jar%23125!/:?] {re:mixin,pl:accesstransformer:B,re:classloading,pl:accesstransformer:B,pl:mixin:APP:sable.mixins.json:game_test.GameTestInfoMixin from mod sable,pl:mixin:A}
	at TRANSFORMER/minecraft@1.21.1/net.minecraft.gametest.framework.GameTestTicker.lambda$tick$0(GameTestTicker.java:42) ~[neoforge-21.1.228.jar%23125!/:?] {re:classloading}
	at java.base/java.util.concurrent.CopyOnWriteArrayList.forEach(CopyOnWriteArrayList.java:891) ~[?:?] {}
	at TRANSFORMER/minecraft@1.21.1/net.minecraft.gametest.framework.GameTestTicker.tick(GameTestTicker.java:42) ~[neoforge-21.1.228.jar%23125!/:?] {re:classloading}
	at TRANSFORMER/minecraft@1.21.1/net.minecraft.server.MinecraftServer.tickChildren(MinecraftServer.java:1055) ~[neoforge-21.1.228.jar%23125!/:?] {re:mixin,pl:accesstransformer:B,re:classloading,pl:accesstransformer:B,pl:mixin:APP:veil.network.mixins.json:NetworkMinecraftServerMixin from mod veil,pl:mixin:APP:veil.scheduler.mixins.json:MinecraftServerMixin from mod veil,pl:mixin:APP:sable.mixins.json:udp.MinecraftServerMixin from mod sable,pl:mixin:A}
	at TRANSFORMER/minecraft@1.21.1/net.minecraft.server.MinecraftServer.tickServer(MinecraftServer.java:917) ~[neoforge-21.1.228.jar%23125!/:?] {re:mixin,pl:accesstransformer:B,re:classloading,pl:accesstransformer:B,pl:mixin:APP:veil.network.mixins.json:NetworkMinecraftServerMixin from mod veil,pl:mixin:APP:veil.scheduler.mixins.json:MinecraftServerMixin from mod veil,pl:mixin:APP:sable.mixins.json:udp.MinecraftServerMixin from mod sable,pl:mixin:A}
	at TRANSFORMER/minecraft@1.21.1/net.minecraft.gametest.framework.GameTestServer.tickServer(GameTestServer.java:168) ~[neoforge-21.1.228.jar%23125!/:?] {re:classloading}
	at TRANSFORMER/minecraft@1.21.1/net.minecraft.server.MinecraftServer.runServer(MinecraftServer.java:707) ~[neoforge-21.1.228.jar%23125!/:?] {re:mixin,pl:accesstransformer:B,re:classloading,pl:accesstransformer:B,pl:mixin:APP:veil.network.mixins.json:NetworkMinecraftServerMixin from mod veil,pl:mixin:APP:veil.scheduler.mixins.json:MinecraftServerMixin from mod veil,pl:mixin:APP:sable.mixins.json:udp.MinecraftServerMixin from mod sable,pl:mixin:A}
	at TRANSFORMER/minecraft@1.21.1/net.minecraft.server.MinecraftServer.lambda$spin$2(MinecraftServer.java:267) ~[neoforge-21.1.228.jar%23125!/:?] {re:mixin,pl:accesstransformer:B,re:classloading,pl:accesstransformer:B,pl:mixin:APP:veil.network.mixins.json:NetworkMinecraftServerMixin from mod veil,pl:mixin:APP:veil.scheduler.mixins.json:MinecraftServerMixin from mod veil,pl:mixin:APP:sable.mixins.json:udp.MinecraftServerMixin from mod sable,pl:mixin:A}
	at java.base/java.lang.Thread.run(Thread.java:1583) [?:?] {re:mixin}
[15:55:37] [Server thread/WARN] [de.an.AntikytheraMechanism/]: Managed Sable SubLevel fe67185f-02c4-412a-9d42-d77b05d779fc for assembly fa68a4a1-0af1-4c9c-8bdd-c80790af95a1 was removed (REMOVED)
[15:55:37] [Server thread/WARN] [de.an.AntikytheraMechanism/]: [FREEZE-WATCHDOG] Armed 30s after Mechanism Frame placement at BlockPos{x=-7679326, y=-57, z=-10866106} in minecraft:overworld on thread Server thread (stall threshold=2000ms, generation=92)
[15:55:37] [Server thread/WARN] [de.an.AntikytheraMechanism/]: Managed Sable SubLevel d24a32ca-dab8-470d-89bf-913d53e771c2 for assembly 181ced0c-8d62-4125-a383-8fd841a9f4a1 was removed (REMOVED)
[15:55:37] [Server thread/WARN] [de.an.AntikytheraMechanism/]: [FREEZE-WATCHDOG] Armed 30s after Mechanism Frame placement at BlockPos{x=-7679291, y=-57, z=-10866135} in minecraft:overworld on thread Server thread (stall threshold=2000ms, generation=93)
[15:55:37] [Server thread/DEBUG] [de.an.AntikytheraMechanism/]: Staged Sable SubLevel 5549627c-c00b-44b7-b6f0-a6eeaf1b6922 for content in assembly 2aa5fc0c-2ed6-4b37-8dd4-8c13f2cb0456
[15:55:37] [Server thread/DEBUG] [de.an.AntikytheraMechanism/]: Frame onRemove at BlockPos{x=-7679291, y=-57, z=-10866135} movedByPiston=false relocationJournal=true
[15:55:37] [Server thread/WARN] [de.an.AntikytheraMechanism/]: Managed Sable SubLevel 5549627c-c00b-44b7-b6f0-a6eeaf1b6922 for assembly 2aa5fc0c-2ed6-4b37-8dd4-8c13f2cb0456 was removed (REMOVED)
[15:55:37] [Server thread/DEBUG] [de.an.AntikytheraMechanism/]: Frame onRemove at BlockPos{x=-7679326, y=-57, z=-10866106} movedByPiston=false relocationJournal=false
[15:55:37] [Server thread/DEBUG] [de.an.AntikytheraMechanism/]: Staged Sable SubLevel 8ec7b4a4-8a92-4622-8e91-1cfd0a103477 for content in assembly 04d05892-bcf5-4df9-b35d-3948a3645495
[15:55:37] [Server thread/DEBUG] [de.an.AntikytheraMechanism/]: Staged Sable SubLevel c06f22bc-38e7-4412-ab3b-3b1d19aa2d99 for content in assembly 4ad1a222-7fc4-436e-a444-b476d4f6547c
[15:55:37] [Server thread/WARN] [de.an.AntikytheraMechanism/]: Managed Sable SubLevel c06f22bc-38e7-4412-ab3b-3b1d19aa2d99 for assembly 4ad1a222-7fc4-436e-a444-b476d4f6547c was removed (REMOVED)
[15:55:37] [Server thread/DEBUG] [de.an.AntikytheraMechanism/]: Rebased assembly 9319b6c7-cbeb-42da-92b2-f798d3e0f481 after topology change: stale origin BlockPos{x=-7679325, y=-57, z=-10866106} -> BlockPos{x=-7679327, y=-57, z=-10866106} over 1 retained Frames
[15:55:37] [Server thread/WARN] [de.an.AntikytheraMechanism/]: Managed Sable SubLevel f34bc7e2-f76e-4083-974d-7f8d2bd5d307 for assembly be8a4925-9393-401a-9690-faafe62a660a was removed (REMOVED)
[15:55:37] [Server thread/WARN] [de.an.AntikytheraMechanism/]: [FREEZE-WATCHDOG] Armed 30s after Mechanism Frame placement at BlockPos{x=-7679292, y=-58, z=-10866114} in minecraft:overworld on thread Server thread (stall threshold=2000ms, generation=94)
[15:55:37] [Server thread/WARN] [de.an.AntikytheraMechanism/]: [FREEZE-WATCHDOG] Armed 30s after Mechanism Frame placement at BlockPos{x=-7679291, y=-58, z=-10866114} in minecraft:overworld on thread Server thread (stall threshold=2000ms, generation=95)
[15:55:37] [Server thread/DEBUG] [de.an.AntikytheraMechanism/]: Staged Sable SubLevel 97afef18-19ae-4a41-8ba9-a49bd3b93b9f for content in assembly a78220d1-e30e-4b01-bac0-4a867c7f39ba
[15:55:37] [Server thread/DEBUG] [de.an.AntikytheraMechanism/]: Staged Sable SubLevel 32093ec4-3149-4a7c-9f9c-de80cfe5be76 for content in assembly 7f4981c7-fe8d-487e-bcb6-9311a9a808e2
[15:55:37] [Server thread/WARN] [de.an.AntikytheraMechanism/]: Managed Sable SubLevel 97afef18-19ae-4a41-8ba9-a49bd3b93b9f for assembly a78220d1-e30e-4b01-bac0-4a867c7f39ba was removed (REMOVED)
[15:55:37] [Server thread/WARN] [de.an.AntikytheraMechanism/]: Managed Sable SubLevel 12577794-1f3c-4b97-a7a4-6b75c4f953e2 for assembly 4c8fad63-8950-4baf-8ad4-5083191f2254 was removed (REMOVED)
[15:55:37] [Server thread/WARN] [de.an.AntikytheraMechanism/]: Managed Sable SubLevel 32093ec4-3149-4a7c-9f9c-de80cfe5be76 for assembly 7f4981c7-fe8d-487e-bcb6-9311a9a808e2 was removed (REMOVED)
[15:55:37] [Server thread/DEBUG] [de.an.AntikytheraMechanism/]: Retired empty Sable SubLevel 32093ec4-3149-4a7c-9f9c-de80cfe5be76 while keeping assembly 7f4981c7-fe8d-487e-bcb6-9311a9a808e2
[15:55:37] [Server thread/WARN] [de.an.AntikytheraMechanism/]: Managed Sable SubLevel 6dc366bc-c24f-43fb-9f10-bc1d73b3a06d for assembly 9319b6c7-cbeb-42da-92b2-f798d3e0f481 was removed (REMOVED)
[15:55:37] [Server thread/WARN] [de.an.AntikytheraMechanism/]: Managed Sable SubLevel 8ec7b4a4-8a92-4622-8e91-1cfd0a103477 for assembly 04d05892-bcf5-4df9-b35d-3948a3645495 was removed (REMOVED)
[15:55:37] [Server thread/WARN] [de.an.AntikytheraMechanism/]: Managed Sable SubLevel 1178396e-4b13-493a-a747-e5fc281843e1 for assembly 87e53484-9b9e-43e2-b9dd-e2c4e9c8b006 was removed (REMOVED)
[15:55:37] [Server thread/WARN] [de.an.AntikytheraMechanism/]: [FREEZE-WATCHDOG] Armed 30s after Mechanism Frame placement at BlockPos{x=-7679549, y=-57, z=-10866090} in minecraft:overworld on thread Server thread (stall threshold=2000ms, generation=96)
[15:55:37] [Server thread/DEBUG] [de.an.AntikytheraMechanism/]: Staged Sable SubLevel 7ff31107-c8ce-4c1d-a51f-5123a79f4554 for content in assembly 5f4ef0c5-1021-4a62-971c-aee2f6cf6402
[15:55:37] [Server thread/DEBUG] [de.an.AntikytheraMechanism/]: Frame onRemove at BlockPos{x=-7679549, y=-57, z=-10866090} movedByPiston=false relocationJournal=false
[15:55:37] [Server thread/WARN] [de.an.AntikytheraMechanism/]: Managed Sable SubLevel 7ff31107-c8ce-4c1d-a51f-5123a79f4554 for assembly 5f4ef0c5-1021-4a62-971c-aee2f6cf6402 was removed (REMOVED)
[15:55:37] [Server thread/WARN] [de.an.AntikytheraMechanism/]: [FREEZE-WATCHDOG] Armed 30s after Mechanism Frame placement at BlockPos{x=-7679549, y=-57, z=-10866090} in minecraft:overworld on thread Server thread (stall threshold=2000ms, generation=97)
[15:55:37] [Server thread/WARN] [de.an.AntikytheraMechanism/]: [FREEZE-WATCHDOG] Armed 30s after Mechanism Frame placement at BlockPos{x=-7679549, y=-57, z=-10866068} in minecraft:overworld on thread Server thread (stall threshold=2000ms, generation=98)
[15:55:37] [Server thread/DEBUG] [de.an.AntikytheraMechanism/]: Staged Sable SubLevel c497ad23-a8f5-4107-a8b6-bc00e238f3c8 for content in assembly 3c212ecb-7ecd-4615-850e-379c466d0eb7
[15:55:37] [Server thread/DEBUG] [de.an.AntikytheraMechanism/]: Frame onRemove at BlockPos{x=-7679549, y=-57, z=-10866068} movedByPiston=false relocationJournal=true
[15:55:37] [Server thread/DEBUG] [de.an.AntikytheraMechanism/]: Frame onRemove at BlockPos{x=-7679549, y=-57, z=-10866090} movedByPiston=false relocationJournal=false
[15:55:37] [Server thread/WARN] [de.an.AntikytheraMechanism/]: [FREEZE-WATCHDOG] Armed 30s after Mechanism Frame placement at BlockPos{x=-7679440, y=-57, z=-10866060} in minecraft:overworld on thread Server thread (stall threshold=2000ms, generation=99)
[15:55:37] [Server thread/WARN] [de.an.AntikytheraMechanism/]: [FREEZE-WATCHDOG] Armed 30s after Mechanism Frame placement at BlockPos{x=-7679439, y=-57, z=-10866060} in minecraft:overworld on thread Server thread (stall threshold=2000ms, generation=100)
[15:55:37] [Server thread/WARN] [de.an.AntikytheraMechanism/]: [FREEZE-WATCHDOG] Armed 30s after Mechanism Frame placement at BlockPos{x=-7679438, y=-57, z=-10866060} in minecraft:overworld on thread Server thread (stall threshold=2000ms, generation=101)
[15:55:37] [Server thread/WARN] [de.an.AntikytheraMechanism/]: [FREEZE-WATCHDOG] Armed 30s after Mechanism Frame placement at BlockPos{x=-7679437, y=-57, z=-10866060} in minecraft:overworld on thread Server thread (stall threshold=2000ms, generation=102)
[15:55:37] [Server thread/DEBUG] [de.an.AntikytheraMechanism/]: Staged Sable SubLevel 7c6a3438-8987-4850-8497-642f3713c3c8 for content in assembly b36859b8-c74e-48b6-9b72-ffd653086c1b
[15:55:37] [Server thread/DEBUG] [de.an.AntikytheraMechanism/]: Frame onRemove at BlockPos{x=-7679439, y=-57, z=-10866060} movedByPiston=false relocationJournal=false
[15:55:37] [Server thread/DEBUG] [de.an.AntikytheraMechanism/]: Staged Sable SubLevel 55956bf1-1351-4d9e-a0c7-184a49d3385d for content in assembly 66d7afe5-6eeb-4071-9ab7-2e9cbfcfb358
[15:55:37] [Server thread/DEBUG] [de.an.AntikytheraMechanism/]: Staged Sable SubLevel 0e9c81fb-58b2-45b9-9a3d-ba5eb2719deb for content in assembly 63874656-af50-49f5-b852-3f525e2fa37f
[15:55:37] [Server thread/WARN] [de.an.AntikytheraMechanism/]: Managed Sable SubLevel 0e9c81fb-58b2-45b9-9a3d-ba5eb2719deb for assembly 63874656-af50-49f5-b852-3f525e2fa37f was removed (REMOVED)
[15:55:37] [Server thread/DEBUG] [de.an.AntikytheraMechanism/]: Rebased assembly b36859b8-c74e-48b6-9b72-ffd653086c1b after topology change: stale origin BlockPos{x=-7679440, y=-57, z=-10866060} -> BlockPos{x=-7679438, y=-57, z=-10866060} over 2 retained Frames
[15:55:37] [Server thread/WARN] [de.an.AntikytheraMechanism/]: Managed Sable SubLevel 7c6a3438-8987-4850-8497-642f3713c3c8 for assembly b36859b8-c74e-48b6-9b72-ffd653086c1b was removed (REMOVED)
[15:55:37] [Server thread/INFO] [minecraft/GameTestServer]: [++++++++++++++++++++++++++++++++++++++++++++++++++++++++++++++++_++++++ _+++        ]
[15:55:37] [Server thread/DEBUG] [de.an.AntikytheraMechanism/]: Marked Sable SubLevel 91b8d5dc-a514-458a-9104-6215dcfaefb9 as detached Antikythera half-scale physics body
[15:55:37] [Server thread/WARN] [de.an.AntikytheraMechanism/]: Rejected Sable mixed-scale assembly before move: detached Antikythera 0.5 content was selected with incompatible block BlockPos{x=20481032, y=128, z=20515848} in SubLevel 1d6d54b0-6295-4e21-8098-00b84d4b6acf scale=( 1.000E+0  1.000E+0  1.000E+0)
[15:55:37] [Server thread/WARN] [de.an.AntikytheraMechanism/]: [FREEZE-WATCHDOG] Armed 30s after Mechanism Frame placement at BlockPos{x=-7679364, y=-57, z=-10866068} in minecraft:overworld on thread Server thread (stall threshold=2000ms, generation=103)
[15:55:37] [Server thread/WARN] [de.an.AntikytheraMechanism/]: [FREEZE-WATCHDOG] Armed 30s after Mechanism Frame placement at BlockPos{x=-7679365, y=-57, z=-10866068} in minecraft:overworld on thread Server thread (stall threshold=2000ms, generation=104)
[15:55:37] [Server thread/WARN] [de.an.AntikytheraMechanism/]: [FREEZE-WATCHDOG] Armed 30s after Mechanism Frame placement at BlockPos{x=-7679363, y=-57, z=-10866068} in minecraft:overworld on thread Server thread (stall threshold=2000ms, generation=105)
[15:55:37] [Server thread/DEBUG] [de.an.AntikytheraMechanism/]: Staged Sable SubLevel b85ed20c-4160-4a75-a079-f4782e92490b for content in assembly eb9181b6-3e09-4993-b861-1073134418b6
[15:55:37] [Server thread/DEBUG] [de.an.AntikytheraMechanism/]: Frame onRemove at BlockPos{x=-7679364, y=-57, z=-10866068} movedByPiston=false relocationJournal=false
[15:55:37] [Server thread/DEBUG] [de.an.AntikytheraMechanism/]: Staged Sable SubLevel f62cad9b-c147-4b99-a95c-b2e9889b3021 for content in assembly c2d068ad-6ed8-404e-be90-75ee48b093a3
[15:55:37] [Server thread/DEBUG] [de.an.AntikytheraMechanism/]: Staged Sable SubLevel 5b5c84fc-1141-4b31-aade-379c4446fe1b for content in assembly 4d532d66-6e7d-4b53-ab4c-c3b3f47dd042
[15:55:37] [Server thread/WARN] [de.an.AntikytheraMechanism/]: Managed Sable SubLevel 5b5c84fc-1141-4b31-aade-379c4446fe1b for assembly 4d532d66-6e7d-4b53-ab4c-c3b3f47dd042 was removed (REMOVED)
[15:55:37] [Server thread/DEBUG] [de.an.AntikytheraMechanism/]: Rebased assembly eb9181b6-3e09-4993-b861-1073134418b6 after topology change: stale origin BlockPos{x=-7679364, y=-57, z=-10866068} -> BlockPos{x=-7679365, y=-57, z=-10866068} over 1 retained Frames
[15:55:37] [Server thread/WARN] [de.an.AntikytheraMechanism/]: Managed Sable SubLevel b85ed20c-4160-4a75-a079-f4782e92490b for assembly eb9181b6-3e09-4993-b861-1073134418b6 was removed (REMOVED)
[15:55:37] [Server thread/WARN] [de.an.AntikytheraMechanism/]: [FREEZE-WATCHDOG] Armed 30s after Mechanism Frame placement at BlockPos{x=-7679329, y=-57, z=-10866070} in minecraft:overworld on thread Server thread (stall threshold=2000ms, generation=106)
[15:55:37] [Server thread/DEBUG] [de.an.AntikytheraMechanism/]: Frame onRemove at BlockPos{x=-7679329, y=-57, z=-10866070} movedByPiston=false relocationJournal=true
[15:55:37] [Server thread/DEBUG] [de.an.AntikytheraMechanism/]: Staged Sable SubLevel 8faba376-bad0-4c1e-8f03-dc58e4f542bd for content in assembly d23641d1-865b-4043-ba97-2d3ac321c36c
[15:55:37] [Server thread/WARN] [de.an.AntikytheraMechanism/]: Managed Sable SubLevel 8faba376-bad0-4c1e-8f03-dc58e4f542bd for assembly d23641d1-865b-4043-ba97-2d3ac321c36c was removed (REMOVED)
[15:55:37] [Server thread/WARN] [de.an.AntikytheraMechanism/]: [FREEZE-WATCHDOG] Armed 30s after Mechanism Frame placement at BlockPos{x=-7679291, y=-57, z=-10866064} in minecraft:overworld on thread Server thread (stall threshold=2000ms, generation=107)
[15:55:37] [Server thread/WARN] [de.an.AntikytheraMechanism/]: [FREEZE-WATCHDOG] Armed 30s after Mechanism Frame placement at BlockPos{x=-7679290, y=-57, z=-10866064} in minecraft:overworld on thread Server thread (stall threshold=2000ms, generation=108)
[15:55:37] [Server thread/WARN] [de.an.AntikytheraMechanism/]: [FREEZE-WATCHDOG] Armed 30s after Mechanism Frame placement at BlockPos{x=-7679289, y=-57, z=-10866064} in minecraft:overworld on thread Server thread (stall threshold=2000ms, generation=109)
[15:55:37] [Server thread/DEBUG] [de.an.AntikytheraMechanism/]: Staged Sable SubLevel de15ceed-ee5e-4eee-8b01-d6308eb94e8f for content in assembly 2c7eb8a7-362d-4bac-bca4-bfcb39a0fa6b
[15:55:37] [Server thread/DEBUG] [de.an.AntikytheraMechanism/]: Frame onRemove at BlockPos{x=-7679291, y=-57, z=-10866064} movedByPiston=false relocationJournal=false
[15:55:37] [Server thread/DEBUG] [de.an.AntikytheraMechanism/]: Staged Sable SubLevel 30f132a6-6e86-477f-a2cd-d6b9470577b2 for content in assembly 1ea69d5f-82b9-49ea-a889-0e3a8e60f9a6
[15:55:37] [Server thread/WARN] [de.an.AntikytheraMechanism/]: Managed Sable SubLevel 30f132a6-6e86-477f-a2cd-d6b9470577b2 for assembly 1ea69d5f-82b9-49ea-a889-0e3a8e60f9a6 was removed (REMOVED)
[15:55:37] [Server thread/DEBUG] [de.an.AntikytheraMechanism/]: Rebased assembly 2c7eb8a7-362d-4bac-bca4-bfcb39a0fa6b after topology change: stale origin BlockPos{x=-7679291, y=-57, z=-10866064} -> BlockPos{x=-7679290, y=-57, z=-10866064} over 2 retained Frames
[15:55:37] [Server thread/WARN] [de.an.AntikytheraMechanism/]: Managed Sable SubLevel de15ceed-ee5e-4eee-8b01-d6308eb94e8f for assembly 2c7eb8a7-362d-4bac-bca4-bfcb39a0fa6b was removed (REMOVED)
[15:55:37] [Server thread/WARN] [de.an.AntikytheraMechanism/]: [FREEZE-WATCHDOG] Armed 30s after Mechanism Frame placement at BlockPos{x=-7679550, y=-57, z=-10866047} in minecraft:overworld on thread Server thread (stall threshold=2000ms, generation=110)
[15:55:37] [Server thread/WARN] [de.an.AntikytheraMechanism/]: [FREEZE-WATCHDOG] Armed 30s after Mechanism Frame placement at BlockPos{x=-7679514, y=-58, z=-10866048} in minecraft:overworld on thread Server thread (stall threshold=2000ms, generation=111)
[15:55:37] [Server thread/DEBUG] [de.an.AntikytheraMechanism/]: Frame onRemove at BlockPos{x=-7679514, y=-58, z=-10866048} movedByPiston=false relocationJournal=true
[15:55:37] [Server thread/WARN] [de.an.AntikytheraMechanism/]: [FREEZE-WATCHDOG] Armed 30s after Mechanism Frame placement at BlockPos{x=-7679470, y=-57, z=-10866047} in minecraft:overworld on thread Server thread (stall threshold=2000ms, generation=112)
[15:55:37] [Server thread/DEBUG] [de.an.AntikytheraMechanism/]: Frame onRemove at BlockPos{x=-7679470, y=-57, z=-10866047} movedByPiston=true relocationJournal=true
[15:55:37] [Server thread/DEBUG] [de.an.AntikytheraMechanism/]: Adopted complete Sable relocation for assembly 35be97c4-8b0c-4a42-b62a-f5711b587acf by BlockPos{x=28160502, y=185, z=31373703} into host FOREIGN
[15:55:37] [Server thread/DEBUG] [de.an.AntikytheraMechanism/]: Frame onRemove at BlockPos{x=20481032, y=128, z=20507656} movedByPiston=true relocationJournal=true
[15:55:37] [Server thread/DEBUG] [de.an.AntikytheraMechanism/]: Adopted complete Sable relocation for assembly 35be97c4-8b0c-4a42-b62a-f5711b587acf by BlockPos{x=-28160499, y=-185, z=-31373697} into host ROOT
[15:55:37] [Server thread/WARN] [de.an.AntikytheraMechanism/]: [FREEZE-WATCHDOG] Armed 30s after Mechanism Frame placement at BlockPos{x=-7679438, y=-57, z=-10866046} in minecraft:overworld on thread Server thread (stall threshold=2000ms, generation=113)
[15:55:37] [Server thread/DEBUG] [de.an.AntikytheraMechanism/]: Staged Sable SubLevel 879c2d64-268c-4a06-8a79-2ae2eff084ba for content in assembly ef79b517-4451-478f-bc9a-54fd518faf12
[15:55:38] [Server thread/WARN] [de.an.AntikytheraMechanism/]: Managed Sable SubLevel c497ad23-a8f5-4107-a8b6-bc00e238f3c8 for assembly 3c212ecb-7ecd-4615-850e-379c466d0eb7 was removed (REMOVED)
[15:55:38] [Server thread/WARN] [de.an.AntikytheraMechanism/]: Managed Sable SubLevel 879c2d64-268c-4a06-8a79-2ae2eff084ba for assembly ef79b517-4451-478f-bc9a-54fd518faf12 was removed (REMOVED)
[15:55:38] [Server thread/INFO] [minecraft/GameTestServer]: [++++++++++++++++++++++++++++++++++++++++++++++++++++++++++++++++++++++++++++++++++++]
[15:55:38] [Server thread/INFO] [minecraft/GameTestServer]: ========= 84 GAME TESTS COMPLETE IN 7.768 s ======================
[15:55:38] [Server thread/INFO] [minecraft/GameTestServer]: All 84 required tests passed :)
[15:55:38] [Server thread/INFO] [minecraft/GameTestServer]: ====================================================
[15:55:38] [Server thread/WARN] [de.an.AntikytheraMechanism/]: [FREEZE-WATCHDOG] Armed 5min shutdown/save window after server/world shutdown and save on thread Server thread (stall threshold=30000ms, generation=114)
[15:55:38] [Server thread/INFO] [minecraft/MinecraftServer]: Stopping server
[15:55:38] [Server thread/INFO] [minecraft/MinecraftServer]: Saving players
[15:55:38] [Server thread/INFO] [minecraft/MinecraftServer]: Saving worlds
[15:55:40] [Server thread/INFO] [minecraft/MinecraftServer]: Saving chunks for level 'ServerLevel[Test Level]'/minecraft:overworld
[15:55:40] [Server thread/INFO] [de.ry.sa.Sable/]: Saving sub-levels for level 'ServerLevel[Test Level]'/minecraft:overworld
[15:55:43] [Server thread/INFO] [minecraft/MinecraftServer]: Saving chunks for level 'ServerLevel[Test Level]'/minecraft:the_nether
[15:55:43] [Server thread/INFO] [de.ry.sa.Sable/]: Saving sub-levels for level 'ServerLevel[Test Level]'/minecraft:the_nether
[15:55:43] [Server thread/INFO] [minecraft/MinecraftServer]: Saving chunks for level 'ServerLevel[Test Level]'/minecraft:the_end
[15:55:43] [Server thread/INFO] [de.ry.sa.Sable/]: Saving sub-levels for level 'ServerLevel[Test Level]'/minecraft:the_end
[15:55:43] [Server thread/DEBUG] [ne.ne.ne.co.CommonHooks/WP]: Gathered mod list to write to world save Test Level
[15:55:43] [Server thread/INFO] [minecraft/MinecraftServer]: ThreadedAnvilChunkStorage (world): All chunks are saved
[15:55:43] [Server thread/INFO] [minecraft/MinecraftServer]: ThreadedAnvilChunkStorage (DIM-1): All chunks are saved
[15:55:43] [Server thread/INFO] [minecraft/MinecraftServer]: ThreadedAnvilChunkStorage (DIM1): All chunks are saved
[15:55:43] [Server thread/INFO] [minecraft/MinecraftServer]: ThreadedAnvilChunkStorage: All dimensions are saved
[15:55:44] [Server thread/DEBUG] [de.an.AntikytheraMechanism/]: Managed Sable SubLevel b93bd161-c249-446c-a8df-2e9f3b38ec43 for assembly 9ce501ca-71de-4c25-8546-d436e18db12a unloaded normally
[15:55:44] [Server thread/DEBUG] [de.an.AntikytheraMechanism/]: Managed Sable SubLevel 946544e2-327a-443c-b8a7-d68fbb022b3a for assembly 06cb1150-ff7d-4f39-aeb6-c08525899607 unloaded normally
[15:55:44] [Server thread/DEBUG] [de.an.AntikytheraMechanism/]: Managed Sable SubLevel d09b9f39-37c4-4fe6-b99a-914972b8e2ed for assembly c3150ece-7b67-4845-b3b2-1acede5ffe05 unloaded normally
[15:55:44] [Server thread/DEBUG] [de.an.AntikytheraMechanism/]: Managed Sable SubLevel ec13b35e-aef8-4652-adbc-40b74bf121ff for assembly 7b8f3df4-9d55-4c25-8457-60bcc271386d unloaded normally
[15:55:44] [Server thread/DEBUG] [de.an.AntikytheraMechanism/]: Managed Sable SubLevel a3c47c94-9e92-470b-84f6-02a5f0cc80e7 for assembly c8849a2f-18fa-4979-84e3-64f776d3ac51 unloaded normally
[15:55:44] [Server thread/DEBUG] [de.an.AntikytheraMechanism/]: Managed Sable SubLevel b504a742-1b9b-4c32-beb9-9e4dc7f10983 for assembly 982b4871-0ae3-4d58-9405-f9b96491f181 unloaded normally
[15:55:44] [Server thread/DEBUG] [de.an.AntikytheraMechanism/]: Managed Sable SubLevel 92f92a17-ed89-4c2c-8d35-8277f2f672ce for assembly 121f73d3-d6f6-4fd7-90c8-f61f544be2cc unloaded normally
[15:55:44] [Server thread/DEBUG] [de.an.AntikytheraMechanism/]: Managed Sable SubLevel c5cb82aa-c779-47fa-b33e-41d9a61d41b0 for assembly 0418c973-b1b4-46ca-af27-caa9d029f50e unloaded normally
[15:55:44] [Server thread/DEBUG] [de.an.AntikytheraMechanism/]: Managed Sable SubLevel 9fcc3faa-a79c-4235-96dd-0eff5acf4fa8 for assembly 521c9d98-98eb-4d74-ad13-c778665c7e32 unloaded normally
[15:55:44] [Server thread/DEBUG] [de.an.AntikytheraMechanism/]: Managed Sable SubLevel 55956bf1-1351-4d9e-a0c7-184a49d3385d for assembly 66d7afe5-6eeb-4071-9ab7-2e9cbfcfb358 unloaded normally
[15:55:44] [Server thread/DEBUG] [de.an.AntikytheraMechanism/]: Managed Sable SubLevel f62cad9b-c147-4b99-a95c-b2e9889b3021 for assembly c2d068ad-6ed8-404e-be90-75ee48b093a3 unloaded normally
[15:55:44] [Server thread/INFO] [de.an.AntikytheraMechanism/]: [FREEZE-WATCHDOG] Disarmed after server/world shutdown completed (generation=115)
[15:55:44] [Server thread/DEBUG] [ne.ne.fm.co.ConfigTracker/CONFIG]: Unloading configs type SERVER
[15:55:44] [Server thread/INFO] [minecraft/GameTestServer]: Game test server shutting down
gradle/actions: Writing build results to /home/runner/work/_temp/.gradle-actions/build-results/__run-1787068486708.json

[Incubating] Problems report is available at: file:///home/runner/work/AntikytheraMechanism/AntikytheraMechanism/build/reports/problems/problems-report.html

Deprecated Gradle features were used in this build, making it incompatible with Gradle 10.

You can use '--warning-mode all' to show the individual deprecation warnings and determine if they come from your own scripts or plugins.

For more on this, please refer to https://docs.gradle.org/9.2.1/userguide/command_line_interface.html#sec:command_line_warnings in the Gradle documentation.

BUILD SUCCESSFUL in 1m 3s
8 actionable tasks: 8 executed
Configuration cache entry stored.
