To honour the JVM settings for this build a single-use Daemon process will be forked. For more on this, please refer to https://docs.gradle.org/9.2.1/userguide/gradle_daemon.html#sec:disabling_the_daemon in the Gradle documentation.
Daemon will be stopped at the end of the build 
Calculating task graph as configuration cache cannot be reused because the set of Gradle properties has changed: the value of 'gametest_namespace' was changed.

> Configure project :
Creating Minecraft artifacts without recompilation.

> Task :writeGameTestServerLegacyClasspath UP-TO-DATE
> Task :generateModMetadata UP-TO-DATE
> Task :createMinecraftArtifacts UP-TO-DATE
> Task :downloadAssets UP-TO-DATE
> Task :processResources UP-TO-DATE
> Task :prepareGameTestServerRun
> Task :compileJava UP-TO-DATE
> Task :classes UP-TO-DATE

> Task :runGameTestServer
WARN StatusConsoleListener Advanced terminal features are not available in this environment
[10:16:14] [main/INFO] [cp.mo.mo.Launcher/MODLAUNCHER]: ModLauncher running: args [--launchTarget, forgeserverdev, --gameDir, ., --fml.fmlVersion, 4.0.42, --fml.mcVersion, 1.21.1, --fml.neoForgeVersion, 21.1.228, --fml.neoFormVersion, 20240808.144430]
[10:16:14] [main/INFO] [cp.mo.mo.Launcher/MODLAUNCHER]: JVM identified as Eclipse Adoptium OpenJDK 64-Bit Server VM 21.0.12+8-LTS
[10:16:14] [main/INFO] [cp.mo.mo.Launcher/MODLAUNCHER]: ModLauncher 11.0.5+main.901c6ea8 starting: java version 21.0.12 by Eclipse Adoptium; OS Linux arch amd64 version 6.17.0-1022-azure
[10:16:14] [main/DEBUG] [cp.mo.mo.LaunchServiceHandler/MODLAUNCHER]: Found launch services [minecraft,forgeclient,forgedatauserdev,testharness,forgeserverdev,forgeserveruserdev,forgejunitdev,forgeclientdev,forgeclientuserdev,forgeserver,forgejunituserdev,forgedatadev]
[10:16:14] [main/DEBUG] [cp.mo.mo.LaunchPluginHandler/MODLAUNCHER]: Found launch plugins: [mixin,slf4jfixer,runtime_enum_extender,accesstransformer,runtimedistcleaner]
[10:16:14] [main/DEBUG] [cp.mo.mo.TransformationServicesHandler/MODLAUNCHER]: Discovering transformation services
[10:16:14] [main/DEBUG] [ne.ne.fm.lo.FMLPaths/CORE]: Path GAMEDIR is /home/runner/work/AntikytheraMechanism/AntikytheraMechanism/run
[10:16:14] [main/DEBUG] [ne.ne.fm.lo.FMLPaths/CORE]: Path MODSDIR is /home/runner/work/AntikytheraMechanism/AntikytheraMechanism/run/mods
[10:16:14] [main/DEBUG] [ne.ne.fm.lo.FMLPaths/CORE]: Path CONFIGDIR is /home/runner/work/AntikytheraMechanism/AntikytheraMechanism/run/config
[10:16:14] [main/DEBUG] [ne.ne.fm.lo.FMLPaths/CORE]: Path FMLCONFIG is /home/runner/work/AntikytheraMechanism/AntikytheraMechanism/run/config/fml.toml
[10:16:14] [main/DEBUG] [ne.ne.fm.lo.ta.CommonLaunchHandler/CORE]: Got mod coordinates antikytheramechanism%%/home/runner/work/AntikytheraMechanism/AntikytheraMechanism/build/classes/java/main:antikytheramechanism%%/home/runner/work/AntikytheraMechanism/AntikytheraMechanism/build/resources/main from env
[10:16:14] [main/DEBUG] [ne.ne.fm.lo.ta.CommonLaunchHandler/CORE]: Found supplied mod coordinates [{antikytheramechanism=[/home/runner/work/AntikytheraMechanism/AntikytheraMechanism/build/classes/java/main, /home/runner/work/AntikytheraMechanism/AntikytheraMechanism/build/resources/main]}]
[10:16:14] [main/DEBUG] [cp.mo.mo.TransformationServicesHandler/MODLAUNCHER]: Found additional transformation services from discovery services: 
[10:16:14] [main/INFO] [ne.ne.fm.lo.ImmediateWindowHandler/]: ImmediateWindowProvider not loading because launch target is forgeserverdev
[10:16:14] [main/DEBUG] [cp.mo.mo.TransformationServicesHandler/MODLAUNCHER]: Found transformer services : [mixin,fml]
[10:16:14] [main/DEBUG] [cp.mo.mo.TransformationServicesHandler/MODLAUNCHER]: Transformation services loading
[10:16:14] [main/DEBUG] [cp.mo.mo.TransformationServiceDecorator/MODLAUNCHER]: Loading service mixin
[10:16:14] [main/DEBUG] [cp.mo.mo.TransformationServiceDecorator/MODLAUNCHER]: Loaded service mixin
[10:16:14] [main/DEBUG] [cp.mo.mo.TransformationServiceDecorator/MODLAUNCHER]: Loading service fml
[10:16:14] [main/DEBUG] [ne.ne.fm.lo.FMLLoader/CORE]: FML 4.0.42 loading
[10:16:14] [main/DEBUG] [ne.ne.fm.lo.FMLLoader/CORE]: FML found ModLauncher version : 11.0.5+main.901c6ea8
[10:16:14] [main/DEBUG] [ne.ne.fm.lo.FMLLoader/CORE]: FML found AccessTransformer version : 10.0.1+139da711
[10:16:14] [main/DEBUG] [ne.ne.fm.lo.FMLLoader/CORE]: FML found EventBus version : null
[10:16:14] [main/DEBUG] [ne.ne.fm.lo.FMLLoader/CORE]: Found Runtime Dist Cleaner
[10:16:14] [main/DEBUG] [cp.mo.mo.TransformationServiceDecorator/MODLAUNCHER]: Loaded service fml
[10:16:14] [main/DEBUG] [cp.mo.mo.TransformationServicesHandler/MODLAUNCHER]: Configuring option handling for services
[10:16:14] [main/DEBUG] [ne.ne.fm.lo.FMLServiceProvider/CORE]: Received command line version data  : VersionInfo[neoForgeVersion=21.1.228, fmlVersion=4.0.42, mcVersion=1.21.1, neoFormVersion=20240808.144430]
[10:16:14] [main/DEBUG] [cp.mo.mo.TransformationServicesHandler/MODLAUNCHER]: Transformation services initializing
[10:16:14] [main/DEBUG] [cp.mo.mo.TransformationServiceDecorator/MODLAUNCHER]: Initializing transformation service mixin
[10:16:14] [main/DEBUG] [mixin/]: MixinService [ModLauncher] was successfully booted in cpw.mods.cl.ModuleClassLoader@167fdd33
[10:16:14] [main/INFO] [mixin/]: SpongePowered MIXIN Subsystem Version=0.8.7 Source=union:/home/runner/.gradle/caches/modules-2/files-2.1/net.fabricmc/sponge-mixin/0.15.2+mixin.0.8.7/2af2f021d8e02a0220dc27a7a72b4666d66d44ca/sponge-mixin-0.15.2+mixin.0.8.7.jar%2394!/ Service=ModLauncher Env=SERVER
[10:16:14] [main/DEBUG] [mixin/]: Initialising Mixin Platform Manager
[10:16:14] [main/DEBUG] [mixin/]: Adding mixin platform agents for container ModLauncher Root Container(ModLauncher:4f56a0a2)
[10:16:14] [main/DEBUG] [mixin/]: Instancing new MixinPlatformAgentMinecraftForge for ModLauncher Root Container(ModLauncher:4f56a0a2)
[10:16:14] [main/DEBUG] [mixin/]: MixinPlatformAgentMinecraftForge rejected container ModLauncher Root Container(ModLauncher:4f56a0a2)
[10:16:14] [main/DEBUG] [mixin/]: Instancing new MixinPlatformAgentDefault for ModLauncher Root Container(ModLauncher:4f56a0a2)
[10:16:14] [main/DEBUG] [mixin/]: MixinPlatformAgentDefault accepted container ModLauncher Root Container(ModLauncher:4f56a0a2)
[10:16:14] [main/DEBUG] [cp.mo.mo.TransformationServiceDecorator/MODLAUNCHER]: Initialized transformation service mixin
[10:16:14] [main/DEBUG] [cp.mo.mo.TransformationServiceDecorator/MODLAUNCHER]: Initializing transformation service fml
[10:16:14] [main/DEBUG] [ne.ne.fm.lo.FMLServiceProvider/CORE]: Setting up basic FML game directories
[10:16:14] [main/DEBUG] [ne.ne.fm.lo.FMLPaths/CORE]: Path GAMEDIR is /home/runner/work/AntikytheraMechanism/AntikytheraMechanism/run
[10:16:14] [main/DEBUG] [ne.ne.fm.lo.FMLPaths/CORE]: Path MODSDIR is /home/runner/work/AntikytheraMechanism/AntikytheraMechanism/run/mods
[10:16:14] [main/DEBUG] [ne.ne.fm.lo.FMLPaths/CORE]: Path CONFIGDIR is /home/runner/work/AntikytheraMechanism/AntikytheraMechanism/run/config
[10:16:14] [main/DEBUG] [ne.ne.fm.lo.FMLPaths/CORE]: Path FMLCONFIG is /home/runner/work/AntikytheraMechanism/AntikytheraMechanism/run/config/fml.toml
[10:16:14] [main/DEBUG] [ne.ne.fm.lo.FMLServiceProvider/CORE]: Loading configuration
[10:16:14] [main/DEBUG] [ne.ne.fm.lo.FMLServiceProvider/CORE]: Preparing launch handler
[10:16:14] [main/DEBUG] [ne.ne.fm.lo.FMLLoader/CORE]: Using forgeserverdev as launch service
[10:16:14] [main/DEBUG] [cp.mo.mo.TransformationServiceDecorator/MODLAUNCHER]: Initialized transformation service fml
[10:16:14] [main/DEBUG] [cp.mo.mo.TransformationServicesHandler/MODLAUNCHER]: Transformation services begin scanning
[10:16:14] [main/DEBUG] [cp.mo.mo.TransformationServiceDecorator/MODLAUNCHER]: Beginning scan trigger - transformation service mixin
[10:16:14] [main/DEBUG] [cp.mo.mo.TransformationServiceDecorator/MODLAUNCHER]: End scan trigger - transformation service mixin
[10:16:14] [main/DEBUG] [cp.mo.mo.TransformationServiceDecorator/MODLAUNCHER]: Beginning scan trigger - transformation service fml
[10:16:14] [main/DEBUG] [ne.ne.fm.lo.FMLServiceProvider/CORE]: Initiating mod scan
[10:16:14] [main/DEBUG] [ne.ne.fm.lo.ta.CommonLaunchHandler/CORE]: Got mod coordinates antikytheramechanism%%/home/runner/work/AntikytheraMechanism/AntikytheraMechanism/build/classes/java/main:antikytheramechanism%%/home/runner/work/AntikytheraMechanism/AntikytheraMechanism/build/resources/main from env
[10:16:14] [main/DEBUG] [ne.ne.fm.lo.ta.CommonLaunchHandler/CORE]: Found supplied mod coordinates [{antikytheramechanism=[/home/runner/work/AntikytheraMechanism/AntikytheraMechanism/build/classes/java/main, /home/runner/work/AntikytheraMechanism/AntikytheraMechanism/build/resources/main]}]
[10:16:14] [main/DEBUG] [ne.ne.fm.lo.ta.CommonDevLaunchHandler/]: Launching with NeoForge from /home/runner/work/AntikytheraMechanism/AntikytheraMechanism/build/moddev/artifacts/neoforge-21.1.228.jar
[10:16:14] [main/DEBUG] [ne.ne.fm.ut.ServiceLoaderUtil/CORE]: Found 4 implementations of IModFileCandidateLocator:
[10:16:14] [main/DEBUG] [ne.ne.fm.ut.ServiceLoaderUtil/CORE]: 	       0 - [built-in] net.neoforged.fml.loading.moddiscovery.locators.NeoForgeDevProvider from loader-4.0.42.jar
[10:16:14] [main/DEBUG] [ne.ne.fm.ut.ServiceLoaderUtil/CORE]: 	       0 - net.neoforged.fml.loading.moddiscovery.locators.ModsFolderLocator from loader-4.0.42.jar
[10:16:14] [main/DEBUG] [ne.ne.fm.ut.ServiceLoaderUtil/CORE]: 	       0 - net.neoforged.fml.loading.moddiscovery.locators.MavenDirectoryLocator from loader-4.0.42.jar
[10:16:14] [main/DEBUG] [ne.ne.fm.ut.ServiceLoaderUtil/CORE]: 	   -1000 - [built-in] net.neoforged.fml.loading.moddiscovery.locators.UserdevLocator from loader-4.0.42.jar
[10:16:14] [main/DEBUG] [ne.ne.fm.ut.ServiceLoaderUtil/CORE]: Found 2 implementations of IModFileReader:
[10:16:14] [main/DEBUG] [ne.ne.fm.ut.ServiceLoaderUtil/CORE]: 	       0 - net.neoforged.fml.loading.moddiscovery.readers.JarModsDotTomlModFileReader from loader-4.0.42.jar
[10:16:14] [main/DEBUG] [ne.ne.fm.ut.ServiceLoaderUtil/CORE]: 	   -1000 - net.neoforged.fml.loading.moddiscovery.readers.NestedLibraryModReader from loader-4.0.42.jar
[10:16:14] [main/DEBUG] [ne.ne.fm.ut.ServiceLoaderUtil/CORE]: Found 1 implementations of IDependencyLocator:
[10:16:14] [main/DEBUG] [ne.ne.fm.ut.ServiceLoaderUtil/CORE]: 	       0 - net.neoforged.fml.loading.moddiscovery.locators.JarInJarDependencyLocator from loader-4.0.42.jar
[10:16:14] [main/DEBUG] [ne.ne.fm.lo.mo.ModFileInfo/LOADING]: Found valid mod file neoforge-21.1.228.jar with {minecraft} mods - versions {1.21.1}
[10:16:14] [main/DEBUG] [ne.ne.fm.lo.mo.ModFileParser/LOADING]: Considering mod file candidate /home/runner/work/AntikytheraMechanism/AntikytheraMechanism/build/moddev/artifacts/neoforge-21.1.228.jar
[10:16:14] [main/DEBUG] [ne.ne.fm.lo.mo.ModFileInfo/LOADING]: Found valid mod file neoforge-21.1.228.jar with {neoforge} mods - versions {21.1.228}
[10:16:14] [main/DEBUG] [ne.ne.fm.lo.mo.ModListHandler/CORE]: Found mod coordinates from lists: []
[10:16:14] [main/DEBUG] [ne.ne.fm.lo.mo.ModFileParser/LOADING]: Considering mod file candidate /home/runner/work/AntikytheraMechanism/AntikytheraMechanism/build/classes/java/main
[10:16:14] [main/DEBUG] [ne.ne.fm.lo.mo.ModFileInfo/LOADING]: Found valid mod file main with {antikytheramechanism} mods - versions {0.1.0}
[10:16:14] [main/DEBUG] [ne.ne.fm.lo.mo.ModFileParser/LOADING]: Considering mod file candidate /home/runner/work/AntikytheraMechanism/AntikytheraMechanism/build/moddev/artifacts/neoforge-21.1.228.jar
[10:16:14] [main/DEBUG] [ne.ne.fm.lo.mo.ModFileInfo/LOADING]: Found valid mod file neoforge-21.1.228.jar with {neoforge} mods - versions {21.1.228}
[10:16:14] [main/DEBUG] [ne.ne.fm.lo.mo.ModFileParser/LOADING]: Considering mod file candidate /home/runner/.gradle/caches/modules-2/files-2.1/dev.simulated_team.simulated/simulated-neoforge-1.21.1/1.3.0/4c8ed098f2ecec41c87fdbeb96d38d8b82a929c3/simulated-neoforge-1.21.1-1.3.0.jar
[10:16:14] [main/DEBUG] [ne.ne.fm.lo.mo.ModFileInfo/LOADING]: Found valid mod file simulated-neoforge-1.21.1-1.3.0.jar with {simulated} mods - versions {1.3.0}
[10:16:14] [main/DEBUG] [ne.ne.fm.lo.mo.ModFileParser/LOADING]: Considering mod file candidate /home/runner/.gradle/caches/modules-2/files-2.1/dev.eriksonn.aeronautics/aeronautics-neoforge-1.21.1/1.3.0/98c9ad19d4af0cad19283084c0ae921a148c1c04/aeronautics-neoforge-1.21.1-1.3.0.jar
[10:16:14] [main/DEBUG] [ne.ne.fm.lo.mo.ModFileInfo/LOADING]: Found valid mod file aeronautics-neoforge-1.21.1-1.3.0.jar with {aeronautics} mods - versions {1.3.0}
[10:16:14] [main/DEBUG] [ne.ne.fm.lo.mo.ModFileParser/LOADING]: Considering mod file candidate /home/runner/.gradle/caches/modules-2/files-2.1/dev.ryanhcode.offroad/offroad-neoforge-1.21.1/1.3.0/1ec91b1e10f03effbd475a47c2d79ce96b3f84e9/offroad-neoforge-1.21.1-1.3.0.jar
[10:16:14] [main/DEBUG] [ne.ne.fm.lo.mo.ModFileInfo/LOADING]: Found valid mod file offroad-neoforge-1.21.1-1.3.0.jar with {offroad} mods - versions {1.3.0}
[10:16:14] [main/DEBUG] [ne.ne.fm.lo.mo.ModFileParser/LOADING]: Considering mod file candidate /home/runner/.gradle/caches/modules-2/files-2.1/dev.ryanhcode.sable/sable-neoforge-1.21.1/2.0.3/f3ba9a497122ba29d9e94ebe6f9a3a3aaa5fa756/sable-neoforge-1.21.1-2.0.3.jar
[10:16:14] [main/DEBUG] [ne.ne.fm.lo.mo.ModFileInfo/LOADING]: Found valid mod file sable-neoforge-1.21.1-2.0.3.jar with {sable} mods - versions {2.0.3}
[10:16:14] [main/DEBUG] [ne.ne.fm.lo.mo.ModFileParser/LOADING]: Considering mod file candidate /home/runner/.gradle/caches/modules-2/files-2.1/curse.maven/sable-scaling-1607775/8564797/9d0ab34cc09e71fbca4129f725e072bbea03cf1c/sable-scaling-1607775-8564797.jar
[10:16:14] [main/DEBUG] [ne.ne.fm.lo.mo.ModFileInfo/LOADING]: Found valid mod file sable-scaling-1607775-8564797.jar with {sablescale} mods - versions {1.2.0}
[10:16:14] [main/DEBUG] [ne.ne.fm.lo.mo.ModFileParser/LOADING]: Considering mod file candidate /home/runner/.gradle/caches/modules-2/files-2.1/com.simibubi.create/create-1.21.1/6.0.10-280/62c085fd48fc84b62f88d7bc98b7c4206492c080/create-1.21.1-6.0.10-280.jar
[10:16:14] [main/DEBUG] [ne.ne.fm.lo.mo.ModFileInfo/LOADING]: Found valid mod file create-1.21.1-6.0.10-280.jar with {create} mods - versions {6.0.10}
[10:16:14] [main/DEBUG] [ne.ne.fm.lo.mo.ModFileParser/LOADING]: Considering mod file candidate /home/runner/.gradle/caches/modules-2/files-2.1/net.createmod.ponder/ponder-neoforge/1.0.82+mc1.21.1/b10a04f40b9d6d33c346fb38df33f10f7e51b713/ponder-neoforge-1.0.82+mc1.21.1.jar
[10:16:14] [main/DEBUG] [ne.ne.fm.lo.mo.ModFileInfo/LOADING]: Found valid mod file ponder-neoforge-1.0.82+mc1.21.1.jar with {ponder} mods - versions {1.0.82+mc1.21.1}
[10:16:14] [main/DEBUG] [ne.ne.fm.lo.mo.ModFileParser/LOADING]: Considering mod file candidate /home/runner/.gradle/caches/modules-2/files-2.1/dev.engine-room.flywheel/flywheel-neoforge-1.21.1/1.0.6/a943872ad0bdd4458d818d8d7dc123fb250eb744/flywheel-neoforge-1.21.1-1.0.6.jar
[10:16:14] [main/DEBUG] [ne.ne.fm.lo.mo.ModFileInfo/LOADING]: Found valid mod file flywheel-neoforge-1.21.1-1.0.6.jar with {flywheel} mods - versions {1.0.6}
[10:16:14] [main/DEBUG] [ne.ne.fm.lo.mo.ModFileParser/LOADING]: Considering mod file candidate /home/runner/.gradle/caches/modules-2/files-2.1/dev.ryanhcode.sable-companion/sable-companion-common-1.21.1/1.6.0/370be7db705926176e05c0215ed676150c45daae/sable-companion-common-1.21.1-1.6.0.jar
[10:16:14] [main/DEBUG] [ne.ne.fm.lo.mo.ModFileInfo/LOADING]: Found valid mod file sable-companion-common-1.21.1-1.6.0.jar with {sablecompanion} mods - versions {1.6.0}
[10:16:14] [main/DEBUG] [ne.ne.fm.lo.mo.ModFileParser/LOADING]: Considering mod file candidate /home/runner/.gradle/caches/modules-2/files-2.1/foundry.veil/veil-neoforge-1.21.1/4.1.4/642ec0bd02213ee087d86eda553d6d79c6a04d2b/veil-neoforge-1.21.1-4.1.4.jar
[10:16:14] [main/DEBUG] [ne.ne.fm.lo.mo.ModFileInfo/LOADING]: Found valid mod file veil-neoforge-1.21.1-4.1.4.jar with {veil} mods - versions {4.1.4}
[10:16:14] [main/DEBUG] [ne.ne.fm.lo.mo.ModFileParser/LOADING]: Considering mod file candidate /home/runner/.gradle/caches/modules-2/files-2.1/maven.modrinth/natures-compass/1.21.1-3.4.0-neoforge/e19721873bebc4dbc1674bb101af39d0ea406b95/natures-compass-1.21.1-3.4.0-neoforge.jar
[10:16:14] [main/DEBUG] [ne.ne.fm.lo.mo.ModFileInfo/LOADING]: Found valid mod file natures-compass-1.21.1-3.4.0-neoforge.jar with {naturescompass} mods - versions {1.21.1-3.4.0-neoforge}
[10:16:14] [main/DEBUG] [ne.ne.fm.lo.mo.ModFileParser/LOADING]: Considering mod file candidate /home/runner/.gradle/caches/modules-2/files-2.1/maven.modrinth/explorers-compass/1.21.1-3.4.0-neoforge/9f62af344988a6e2d855b113e61cf0e1611c7e0f/explorers-compass-1.21.1-3.4.0-neoforge.jar
[10:16:14] [main/DEBUG] [ne.ne.fm.lo.mo.ModFileInfo/LOADING]: Found valid mod file explorers-compass-1.21.1-3.4.0-neoforge.jar with {explorerscompass} mods - versions {1.21.1-3.4.0-neoforge}
[10:16:14] [main/DEBUG] [ne.ne.fm.lo.mo.ModFileParser/LOADING]: Considering mod file candidate /home/runner/.gradle/caches/modules-2/files-2.1/top.theillusivec4.curios/curios-neoforge/9.2.2+1.21.1/b9afdecfa72c6824a6e980712609ddc7e0362f37/curios-neoforge-9.2.2+1.21.1.jar
[10:16:14] [main/DEBUG] [ne.ne.fm.lo.mo.ModFileInfo/LOADING]: Found valid mod file curios-neoforge-9.2.2+1.21.1.jar with {curios} mods - versions {9.2.2+1.21.1}
[10:16:14] [main/DEBUG] [ne.ne.fm.lo.mo.ModFileParser/LOADING]: Considering mod file candidate /home/runner/.gradle/caches/modules-2/files-2.1/mezz.jei/jei-1.21.1-neoforge/19.21.0.247/4d9ed6b03c67148ffe7406a84deb168a632e0a60/jei-1.21.1-neoforge-19.21.0.247.jar
[10:16:14] [main/DEBUG] [ne.ne.fm.lo.mo.ModFileInfo/LOADING]: Found valid mod file jei-1.21.1-neoforge-19.21.0.247.jar with {jei} mods - versions {19.21.0.247}
[10:16:14] [main/DEBUG] [ne.ne.fm.lo.mo.ModFileParser/LOADING]: Considering mod file candidate /home/runner/.gradle/caches/modules-2/files-2.1/cc.tweaked/cc-tweaked-1.21.1-forge/1.115.1/3fcea43ed79139a7d6f69f2a2ad93db021760171/cc-tweaked-1.21.1-forge-1.115.1.jar
[10:16:14] [main/DEBUG] [ne.ne.fm.lo.mo.ModFileInfo/LOADING]: Found valid mod file cc-tweaked-1.21.1-forge-1.115.1.jar with {computercraft} mods - versions {1.115.1}
[10:16:14] [main/DEBUG] [ne.ne.fm.lo.mo.ModDiscoverer/]: Skipping /home/runner/.gradle/caches/modules-2/files-2.1/net.neoforged.fancymodloader/earlydisplay/4.0.42/46555dbfff14e9e052f1f693aed14d542a74e111/earlydisplay-4.0.42.jar because it was already located earlier
[10:16:14] [main/DEBUG] [ne.ne.fm.lo.mo.ModDiscoverer/]: Skipping /home/runner/.gradle/caches/modules-2/files-2.1/net.neoforged.fancymodloader/loader/4.0.42/76e15f98bf676fb44b36c5e776f52a55581ec43a/loader-4.0.42.jar because it was already located earlier
[10:16:14] [main/DEBUG] [ne.ne.fm.lo.mo.ModDiscoverer/]: Skipping /home/runner/.gradle/caches/modules-2/files-2.1/net.neoforged.accesstransformers/at-modlauncher/10.0.1/5aba50202aceead086bc09fbc2751c9f05cb4890/at-modlauncher-10.0.1.jar because it was already located earlier
[10:16:14] [main/DEBUG] [ne.ne.fm.lo.mo.ModDiscoverer/]: Skipping /home/runner/.gradle/caches/modules-2/files-2.1/net.neoforged/accesstransformers/10.0.1/fd83b5725f76eae9115e9355fa1c456a6a441400/accesstransformers-10.0.1.jar because it was already located earlier
[10:16:14] [main/DEBUG] [ne.ne.fm.lo.mo.ModDiscoverer/]: Skipping /home/runner/.gradle/caches/modules-2/files-2.1/net.neoforged/bus/8.0.5/5b2d33285ab5d1554e9798ad98c40d6ea3868bd5/bus-8.0.5.jar because it was already located earlier
[10:16:14] [main/DEBUG] [ne.ne.fm.lo.mo.ModDiscoverer/]: Skipping /home/runner/.gradle/caches/modules-2/files-2.1/net.neoforged/coremods/7.0.3/9147e6f638b4272b3bd5fc8f92ad37802512c6c/coremods-7.0.3.jar because it was already located earlier
[10:16:14] [main/DEBUG] [ne.ne.fm.lo.mo.ModDiscoverer/]: Skipping /home/runner/.gradle/caches/modules-2/files-2.1/cpw.mods/modlauncher/11.0.5/b8f0d49294f733fdb6173931b263553e943dc950/modlauncher-11.0.5.jar because it was already located earlier
[10:16:14] [main/DEBUG] [ne.ne.fm.lo.mo.ModDiscoverer/]: Skipping /home/runner/.gradle/caches/modules-2/files-2.1/net.neoforged/mergetool/2.0.0/52fe1949be64e3303aabaaa21e315f551db9c9f4/mergetool-2.0.0-api.jar because it was already located earlier
[10:16:14] [main/DEBUG] [ne.ne.fm.lo.mo.ModDiscoverer/]: Skipping /home/runner/.gradle/caches/modules-2/files-2.1/com.electronwill.night-config/toml/3.8.3/90b2fd6efcb4a7d5b9810cf78f9d824994d717f2/toml-3.8.3.jar because it was already located earlier
[10:16:14] [main/DEBUG] [ne.ne.fm.lo.mo.ModDiscoverer/]: Skipping /home/runner/.gradle/caches/modules-2/files-2.1/com.electronwill.night-config/core/3.8.3/b442a95f09e349927f5a945ecb594455870fcf4f/core-3.8.3.jar because it was already located earlier
[10:16:14] [main/DEBUG] [ne.ne.fm.lo.mo.ModDiscoverer/]: Skipping /home/runner/.gradle/caches/modules-2/files-2.1/net.neoforged/JarJarSelector/0.4.1/fb3cc7a58af22ad2880adb98af6d518128c47dae/JarJarSelector-0.4.1.jar because it was already located earlier
[10:16:14] [main/DEBUG] [ne.ne.fm.lo.mo.ModDiscoverer/]: Skipping /home/runner/.gradle/caches/modules-2/files-2.1/net.neoforged/JarJarMetadata/0.4.1/f8da03683dc81694556dc3e177c5e3bb77ae6fcb/JarJarMetadata-0.4.1.jar because it was already located earlier
[10:16:14] [main/DEBUG] [ne.ne.fm.lo.mo.ModDiscoverer/]: Skipping /home/runner/.gradle/caches/modules-2/files-2.1/org.apache.maven/maven-artifact/3.8.5/4433f50c07debefaed0553bd0068f4f48d449313/maven-artifact-3.8.5.jar because it was already located earlier
[10:16:14] [main/DEBUG] [ne.ne.fm.lo.mo.ModDiscoverer/]: Skipping /home/runner/.gradle/caches/modules-2/files-2.1/net.jodah/typetools/0.6.3/a01aaa6ddaea9ec07ec4f209487b7a46a526283a/typetools-0.6.3.jar because it was already located earlier
[10:16:14] [main/DEBUG] [ne.ne.fm.lo.mo.ModDiscoverer/]: Skipping /home/runner/.gradle/caches/modules-2/files-2.1/net.minecrell/terminalconsoleappender/1.3.0/b562e9bb61235c9520e26282cdee71f8f802d1fc/terminalconsoleappender-1.3.0.jar because it was already located earlier
[10:16:14] [main/DEBUG] [ne.ne.fm.lo.mo.ModDiscoverer/]: Skipping /home/runner/.gradle/caches/modules-2/files-2.1/net.fabricmc/sponge-mixin/0.15.2+mixin.0.8.7/2af2f021d8e02a0220dc27a7a72b4666d66d44ca/sponge-mixin-0.15.2+mixin.0.8.7.jar because it was already located earlier
[10:16:14] [main/DEBUG] [ne.ne.fm.lo.mo.ModDiscoverer/]: Skipping /home/runner/.gradle/caches/modules-2/files-2.1/org.openjdk.nashorn/nashorn-core/15.4/f67f5ffaa5f5130cf6fb9b133da00c7df3b532a5/nashorn-core-15.4.jar because it was already located earlier
[10:16:14] [main/DEBUG] [ne.ne.fm.lo.mo.ModDiscoverer/]: Skipping /home/runner/.gradle/caches/modules-2/files-2.1/org.apache.commons/commons-lang3/3.14.0/1ed471194b02f2c6cb734a0cd6f6f107c673afae/commons-lang3-3.14.0.jar because it was already located earlier
[10:16:14] [main/DEBUG] [ne.ne.fm.lo.mo.ModDiscoverer/]: Skipping /home/runner/.gradle/caches/modules-2/files-2.1/net.sf.jopt-simple/jopt-simple/5.0.4/4fdac2fbe92dfad86aa6e9301736f6b4342a3f5c/jopt-simple-5.0.4.jar because it was already located earlier
[10:16:14] [main/DEBUG] [ne.ne.fm.lo.mo.ModDiscoverer/]: Skipping /home/runner/.gradle/caches/modules-2/files-2.1/commons-io/commons-io/2.15.1/f11560da189ab563a5c8e351941415430e9304ea/commons-io-2.15.1.jar because it was already located earlier
[10:16:14] [main/DEBUG] [ne.ne.fm.lo.mo.ModDiscoverer/]: Skipping /home/runner/.gradle/caches/modules-2/files-2.1/com.mojang/logging/1.2.7/24cb95ffb0e3433fd6e844c04e68009e504ca1c0/logging-1.2.7.jar because it was already located earlier
[10:16:14] [main/DEBUG] [ne.ne.fm.lo.mo.ModDiscoverer/]: Skipping /home/runner/.gradle/caches/modules-2/files-2.1/org.apache.logging.log4j/log4j-slf4j2-impl/2.22.1/d7e6693c2606cb7e7335047d7bb96dec52db5665/log4j-slf4j2-impl-2.22.1.jar because it was already located earlier
[10:16:14] [main/DEBUG] [ne.ne.fm.lo.mo.ModDiscoverer/]: Skipping /home/runner/.gradle/caches/modules-2/files-2.1/org.apache.logging.log4j/log4j-core/2.22.1/7183a25510a02ad00cc6a95d3b3d2a7d3c5a8dc4/log4j-core-2.22.1.jar because it was already located earlier
[10:16:14] [main/DEBUG] [ne.ne.fm.lo.mo.ModDiscoverer/]: Skipping /home/runner/.gradle/caches/modules-2/files-2.1/org.apache.logging.log4j/log4j-api/2.22.1/bea6fede6328fabafd7e68363161a7ea6605abd1/log4j-api-2.22.1.jar because it was already located earlier
[10:16:14] [main/DEBUG] [ne.ne.fm.lo.mo.ModDiscoverer/]: Skipping /home/runner/.gradle/caches/modules-2/files-2.1/com.google.guava/guava/32.1.2-jre/5e64ec7e056456bef3a4bc4c6fdaef71e8ab6318/guava-32.1.2-jre.jar because it was already located earlier
[10:16:14] [main/DEBUG] [ne.ne.fm.lo.mo.ModDiscoverer/]: Skipping /home/runner/.gradle/caches/modules-2/files-2.1/com.google.code.gson/gson/2.10.1/b3add478d4382b78ea20b1671390a858002feb6c/gson-2.10.1.jar because it was already located earlier
[10:16:14] [main/DEBUG] [ne.ne.fm.lo.mo.ModDiscoverer/]: Skipping /home/runner/.gradle/caches/modules-2/files-2.1/org.slf4j/slf4j-api/2.0.9/7cf2726fdcfbc8610f9a71fb3ed639871f315340/slf4j-api-2.0.9.jar because it was already located earlier
[10:16:14] [main/DEBUG] [ne.ne.fm.lo.mo.ModDiscoverer/]: Skipping /home/runner/.gradle/caches/modules-2/files-2.1/org.antlr/antlr4-runtime/4.13.1/17125bae1d965624e265ef49552f6465a2bfa307/antlr4-runtime-4.13.1.jar because it was already located earlier
[10:16:14] [main/DEBUG] [ne.ne.fm.lo.mo.ModDiscoverer/]: Skipping /home/runner/.gradle/caches/modules-2/files-2.1/net.minecraftforge/srgutils/0.4.15/ca408b131759478f164e010fae0d73997e125fb5/srgutils-0.4.15.jar because it was already located earlier
[10:16:14] [main/DEBUG] [ne.ne.fm.lo.mo.ModDiscoverer/]: Skipping /home/runner/.gradle/caches/modules-2/files-2.1/org.codehaus.plexus/plexus-utils/3.3.0/cf43b5391de623b36fe066a21127baef82c64022/plexus-utils-3.3.0.jar because it was already located earlier
[10:16:14] [main/DEBUG] [ne.ne.fm.lo.mo.ModDiscoverer/]: Skipping /home/runner/.gradle/caches/modules-2/files-2.1/org.jline/jline-reader/3.20.0/8f15415b022a25b473e8e16c28ae913186ffb9c4/jline-reader-3.20.0.jar because it was already located earlier
[10:16:14] [main/DEBUG] [ne.ne.fm.lo.mo.ModDiscoverer/]: Skipping /home/runner/.gradle/caches/modules-2/files-2.1/com.machinezoo.noexception/noexception/1.7.1/b65330c98e38a1f915fa54a6e5eca496505e3f0a/noexception-1.7.1.jar because it was already located earlier
[10:16:14] [main/DEBUG] [ne.ne.fm.lo.mo.ModDiscoverer/]: Skipping /home/runner/.gradle/caches/modules-2/files-2.1/com.github.oshi/oshi-core/6.4.10/b1d8ab82d11d92fd639b56d639f8f46f739dd5fa/oshi-core-6.4.10.jar because it was already located earlier
[10:16:14] [main/DEBUG] [ne.ne.fm.lo.mo.ModDiscoverer/]: Skipping /home/runner/.gradle/caches/modules-2/files-2.1/com.google.guava/failureaccess/1.0.1/1dcf1de382a0bf95a3d8b0849546c88bac1292c9/failureaccess-1.0.1.jar because it was already located earlier
[10:16:14] [main/DEBUG] [ne.ne.fm.lo.mo.ModDiscoverer/]: Skipping /home/runner/.gradle/caches/modules-2/files-2.1/com.mojang/authlib/6.0.54/de8bc95660e1b2fe8793fd427a7a10dcec5b3ea7/authlib-6.0.54.jar because it was already located earlier
[10:16:14] [main/DEBUG] [ne.ne.fm.lo.mo.ModDiscoverer/]: Skipping /home/runner/.gradle/caches/modules-2/files-2.1/com.mojang/brigadier/1.3.10/d15b53a14cf20fdcaa98f731af5dda654452c010/brigadier-1.3.10.jar because it was already located earlier
[10:16:14] [main/DEBUG] [ne.ne.fm.lo.mo.ModDiscoverer/]: Skipping /home/runner/.gradle/caches/modules-2/files-2.1/com.mojang/datafixerupper/8.0.16/67d4de6d7f95d89bcf5862995fb854ebaec02a34/datafixerupper-8.0.16.jar because it was already located earlier
[10:16:14] [main/DEBUG] [ne.ne.fm.lo.mo.ModDiscoverer/]: Skipping /home/runner/.gradle/caches/modules-2/files-2.1/io.netty/netty-buffer/4.1.97.Final/f8f3d8644afa5e6e1a40a3a6aeb9d9aa970ecb4f/netty-buffer-4.1.97.Final.jar because it was already located earlier
[10:16:14] [main/DEBUG] [ne.ne.fm.lo.mo.ModDiscoverer/]: Skipping /home/runner/.gradle/caches/modules-2/files-2.1/io.netty/netty-codec/4.1.97.Final/384ba4d75670befbedb45c4d3b497a93639c206d/netty-codec-4.1.97.Final.jar because it was already located earlier
[10:16:14] [main/DEBUG] [ne.ne.fm.lo.mo.ModDiscoverer/]: Skipping /home/runner/.gradle/caches/modules-2/files-2.1/io.netty/netty-common/4.1.97.Final/7cceacaf11df8dc63f23d0fb58e9d4640fc88404/netty-common-4.1.97.Final.jar because it was already located earlier
[10:16:14] [main/DEBUG] [ne.ne.fm.lo.mo.ModDiscoverer/]: Skipping /home/runner/.gradle/caches/modules-2/files-2.1/io.netty/netty-handler/4.1.97.Final/abb86c6906bf512bf2b797a41cd7d2e8d3cd7c36/netty-handler-4.1.97.Final.jar because it was already located earlier
[10:16:14] [main/DEBUG] [ne.ne.fm.lo.mo.ModDiscoverer/]: Skipping /home/runner/.gradle/caches/modules-2/files-2.1/io.netty/netty-resolver/4.1.97.Final/cec8348108dc76c47cf87c669d514be52c922144/netty-resolver-4.1.97.Final.jar because it was already located earlier
[10:16:14] [main/DEBUG] [ne.ne.fm.lo.mo.ModDiscoverer/]: Skipping /home/runner/.gradle/caches/modules-2/files-2.1/io.netty/netty-transport-classes-epoll/4.1.97.Final/795da37ded759e862457a82d9d92c4d39ce8ecee/netty-transport-classes-epoll-4.1.97.Final.jar because it was already located earlier
[10:16:14] [main/DEBUG] [ne.ne.fm.lo.mo.ModDiscoverer/]: Skipping /home/runner/.gradle/caches/modules-2/files-2.1/io.netty/netty-transport-native-unix-common/4.1.97.Final/d469d84265ab70095b01b40886cabdd433b6e664/netty-transport-native-unix-common-4.1.97.Final.jar because it was already located earlier
[10:16:14] [main/DEBUG] [ne.ne.fm.lo.mo.ModDiscoverer/]: Skipping /home/runner/.gradle/caches/modules-2/files-2.1/io.netty/netty-transport/4.1.97.Final/f37380d23c9bb079bc702910833b2fd532c9abd0/netty-transport-4.1.97.Final.jar because it was already located earlier
[10:16:14] [main/DEBUG] [ne.ne.fm.lo.mo.ModDiscoverer/]: Skipping /home/runner/.gradle/caches/modules-2/files-2.1/it.unimi.dsi/fastutil/8.5.12/c24946d46824bd528054bface3231d2ecb7e95e8/fastutil-8.5.12.jar because it was already located earlier
[10:16:14] [main/DEBUG] [ne.ne.fm.lo.mo.ModDiscoverer/]: Skipping /home/runner/.gradle/caches/modules-2/files-2.1/net.java.dev.jna/jna-platform/5.14.0/28934d48aed814f11e4c584da55c49fa7032b31b/jna-platform-5.14.0.jar because it was already located earlier
[10:16:14] [main/DEBUG] [ne.ne.fm.lo.mo.ModDiscoverer/]: Skipping /home/runner/.gradle/caches/modules-2/files-2.1/net.java.dev.jna/jna/5.14.0/67bf3eaea4f0718cb376a181a629e5f88fa1c9dd/jna-5.14.0.jar because it was already located earlier
[10:16:14] [main/DEBUG] [ne.ne.fm.lo.mo.ModDiscoverer/]: Skipping /home/runner/.gradle/caches/modules-2/files-2.1/org.joml/joml/1.10.5/22566d58af70ad3d72308bab63b8339906deb649/joml-1.10.5.jar because it was already located earlier
[10:16:14] [main/DEBUG] [ne.ne.fm.lo.mo.ModDiscoverer/]: Skipping /home/runner/.gradle/caches/modules-2/files-2.1/org.lz4/lz4-java/1.8.0/4b986a99445e49ea5fbf5d149c4b63f6ed6c6780/lz4-java-1.8.0.jar because it was already located earlier
[10:16:14] [main/DEBUG] [ne.ne.fm.lo.mo.ModDiscoverer/]: Skipping /home/runner/.gradle/caches/modules-2/files-2.1/org.jline/jline-terminal/3.20.0/d0ddcc708ddf527a3454c941b7b9225cc83a15ff/jline-terminal-3.20.0.jar because it was already located earlier
[10:16:14] [main/DEBUG] [ne.ne.fm.lo.mo.ModDiscoverer/]: Skipping /home/runner/.gradle/caches/modules-2/files-2.1/io.netty/netty-transport-native-epoll/4.1.97.Final/5514744c588190ffda076b35a9b8c9f24946a960/netty-transport-native-epoll-4.1.97.Final-linux-aarch_64.jar because it was already located earlier
[10:16:14] [main/DEBUG] [ne.ne.fm.lo.mo.ModDiscoverer/]: Skipping /home/runner/.gradle/caches/modules-2/files-2.1/io.netty/netty-transport-native-epoll/4.1.97.Final/54188f271e388e7f313aea995e82f58ce2cdb809/netty-transport-native-epoll-4.1.97.Final-linux-x86_64.jar because it was already located earlier
[10:16:14] [main/DEBUG] [ne.ne.fm.lo.mo.ModDiscoverer/]: Skipping /home/runner/.gradle/caches/modules-2/files-2.1/com.google.guava/listenablefuture/9999.0-empty-to-avoid-conflict-with-guava/b421526c5f297295adef1c886e5246c39d4ac629/listenablefuture-9999.0-empty-to-avoid-conflict-with-guava.jar because it was already located earlier
[10:16:14] [main/DEBUG] [ne.ne.fm.lo.mo.ModDiscoverer/]: Skipping /home/runner/.gradle/caches/modules-2/files-2.1/com.google.code.findbugs/jsr305/3.0.2/25ea2e8b0c338a877313bd4672d3fe056ea78f0d/jsr305-3.0.2.jar because it was already located earlier
[10:16:14] [main/DEBUG] [ne.ne.fm.lo.mo.ModDiscoverer/]: Skipping /home/runner/.gradle/caches/modules-2/files-2.1/org.checkerframework/checker-qual/3.33.0/de2b60b62da487644fc11f734e73c8b0b431238f/checker-qual-3.33.0.jar because it was already located earlier
[10:16:14] [main/DEBUG] [ne.ne.fm.lo.mo.ModDiscoverer/]: Skipping /home/runner/.gradle/caches/modules-2/files-2.1/com.google.errorprone/error_prone_annotations/2.18.0/89b684257096f548fa39a7df9fdaa409d4d4df91/error_prone_annotations-2.18.0.jar because it was already located earlier
[10:16:14] [main/DEBUG] [ne.ne.fm.lo.mo.ModDiscoverer/]: Skipping /home/runner/.gradle/caches/modules-2/files-2.1/com.google.j2objc/j2objc-annotations/2.8/c85270e307e7b822f1086b93689124b89768e273/j2objc-annotations-2.8.jar because it was already located earlier
[10:16:14] [main/DEBUG] [ne.ne.fm.lo.UniqueModListBuilder/]: Found 2 mods for first modid neoforge, selecting most recent based on version data
[10:16:14] [main/DEBUG] [ne.ne.fm.lo.UniqueModListBuilder/]: Selected file neoforge-21.1.228.jar for modid neoforge with version 21.1.228
[10:16:14] [main/DEBUG] [ne.ne.fm.lo.mo.ModFileParser/LOADING]: Considering mod file candidate 
[10:16:14] [main/DEBUG] [ne.ne.fm.lo.mo.ModFileInfo/LOADING]: Found valid mod file sable-companion-common-1.21.1-1.6.0.jar with {sablecompanion} mods - versions {1.6.0}
[10:16:14] [main/DEBUG] [ne.ne.fm.lo.mo.ModFileParser/LOADING]: Considering mod file candidate 
[10:16:14] [main/DEBUG] [ne.ne.fm.lo.mo.ModFileInfo/LOADING]: Found valid mod file veil-neoforge-1.21.1-4.1.4.jar with {veil} mods - versions {4.1.4}
[10:16:14] [main/DEBUG] [ne.ne.fm.lo.mo.ModFileParser/LOADING]: Considering mod file candidate 
[10:16:14] [main/DEBUG] [ne.ne.fm.lo.mo.ModFileInfo/LOADING]: Found valid mod file flywheel-neoforge-1.21.1-1.0.6.jar with {flywheel} mods - versions {1.0.6}
[10:16:14] [main/DEBUG] [ne.ne.fm.lo.mo.ModFileParser/LOADING]: Considering mod file candidate 
[10:16:14] [main/DEBUG] [ne.ne.fm.lo.mo.ModFileInfo/LOADING]: Found valid mod file ponder-neoforge-1.0.82+mc1.21.1.jar with {ponder} mods - versions {1.0.82+mc1.21.1}
[10:16:14] [main/DEBUG] [ne.ne.fm.lo.mo.ModFileParser/LOADING]: Considering mod file candidate 
[10:16:14] [main/DEBUG] [ne.ne.fm.lo.mo.ModFileInfo/LOADING]: Found valid mod file flywheel-neoforge-1.21.1-1.0.6.jar with {flywheel} mods - versions {1.0.6}
[10:16:14] [main/DEBUG] [ne.ne.fm.lo.mo.ModFileParser/LOADING]: Considering mod file candidate 
[10:16:14] [main/DEBUG] [ne.ne.fm.lo.mo.ModFileInfo/LOADING]: Found valid mod file sable-companion-common-1.21.1-1.6.0.jar with {sablecompanion} mods - versions {1.6.0}
[10:16:15] [main/DEBUG] [ne.ne.fm.lo.mo.ModFileParser/LOADING]: Considering mod file candidate 
[10:16:15] [main/DEBUG] [ne.ne.fm.lo.mo.ModFileInfo/LOADING]: Found valid mod file veil-neoforge-1.21.1-4.1.4.jar with {veil} mods - versions {4.1.4}
[10:16:15] [main/DEBUG] [ne.ne.fm.lo.mo.ModFileParser/LOADING]: Considering mod file candidate 
[10:16:15] [main/DEBUG] [ne.ne.fm.lo.mo.ModFileInfo/LOADING]: Found valid mod file ponder-neoforge-1.0.82+mc1.21.1.jar with {ponder} mods - versions {1.0.82+mc1.21.1}
[10:16:15] [main/WARN] [ne.ne.ja.se.JarSelector/]: Attempted to select a dependency jar for JarJar which was passed in as source: veil. Using Mod File: /home/runner/.gradle/caches/modules-2/files-2.1/foundry.veil/veil-neoforge-1.21.1/4.1.4/642ec0bd02213ee087d86eda553d6d79c6a04d2b/veil-neoforge-1.21.1-4.1.4.jar
[10:16:15] [main/WARN] [ne.ne.ja.se.JarSelector/]: Attempted to select a dependency jar for JarJar which was passed in as source: library:sable_rapier. Using Mod File: /home/runner/.gradle/caches/modules-2/files-2.1/dev.ryanhcode.sable/sable-sable_rapier-1.21.1/2.0.3/a88c0860320890144b6b44c332a2a2db3a61e189/sable-sable_rapier-1.21.1-2.0.3.jar
[10:16:15] [main/WARN] [ne.ne.ja.se.JarSelector/]: Attempted to select a dependency jar for JarJar which was passed in as source: ponder. Using Mod File: /home/runner/.gradle/caches/modules-2/files-2.1/net.createmod.ponder/ponder-neoforge/1.0.82+mc1.21.1/b10a04f40b9d6d33c346fb38df33f10f7e51b713/ponder-neoforge-1.0.82+mc1.21.1.jar
[10:16:15] [main/WARN] [ne.ne.ja.se.JarSelector/]: Attempted to select a dependency jar for JarJar which was passed in as source: library:Registrate.MC1._21._67. Using Mod File: /home/runner/.gradle/caches/modules-2/files-2.1/com.tterrag.registrate/Registrate/MC1.21-1.3.0+67/66ddc4cd56472fea1ea1a24182901e6c92a51c0a/Registrate-MC1.21-1.3.0+67.jar
[10:16:15] [main/WARN] [ne.ne.ja.se.JarSelector/]: Attempted to select a dependency jar for JarJar which was passed in as source: sablecompanion. Using Mod File: /home/runner/.gradle/caches/modules-2/files-2.1/dev.ryanhcode.sable-companion/sable-companion-common-1.21.1/1.6.0/370be7db705926176e05c0215ed676150c45daae/sable-companion-common-1.21.1-1.6.0.jar
[10:16:15] [main/WARN] [ne.ne.ja.se.JarSelector/]: Attempted to select a dependency jar for JarJar which was passed in as source: flywheel. Using Mod File: /home/runner/.gradle/caches/modules-2/files-2.1/dev.engine-room.flywheel/flywheel-neoforge-1.21.1/1.0.6/a943872ad0bdd4458d818d8d7dc123fb250eb744/flywheel-neoforge-1.21.1-1.0.6.jar
[10:16:15] [main/INFO] [ne.ne.fm.lo.mo.lo.JarInJarDependencyLocator/]: Found 8 dependencies adding them to mods collection
[10:16:15] [main/INFO] [ne.ne.fm.lo.mo.ModDiscoverer/]: 
     Mod List:
		Name Version (Mod Id)

		Antikythera Mechanism 0.1.0 (antikytheramechanism)
		CC: Tweaked 1.115.1 (computercraft)
		Create 6.0.10 (create)
		Create Aeronautics 1.3.0 (aeronautics)
		Create Offroad 1.3.0 (offroad)
		Create Simulated 1.3.0 (simulated)
		Curios API 9.2.2+1.21.1 (curios)
		Explorer's Compass 1.21.1-3.4.0-neoforge (explorerscompass)
		Flywheel 1.0.6 (flywheel)
		Just Enough Items 19.21.0.247 (jei)
		Minecraft 1.21.1 (minecraft)
		Nature's Compass 1.21.1-3.4.0-neoforge (naturescompass)
		NeoForge 21.1.228 (neoforge)
		Ponder 1.0.82+mc1.21.1 (ponder)
		Sable 2.0.3 (sable)
		Sable Companion 1.6.0 (sablecompanion)
		Sable Scale 1.2.0 (sablescale)
		Veil 4.1.4 (veil)
[10:16:15] [main/DEBUG] [ne.ne.fm.lo.mo.ModFileInfo/LOADING]: Found valid mod file neoforge-21.1.228.jar with {minecraft} mods - versions {1.21.1}
[10:16:15] [main/DEBUG] [ne.ne.fm.lo.mo.ModFile/LOADING]: Loading mod file /home/runner/work/AntikytheraMechanism/AntikytheraMechanism/build/moddev/artifacts/neoforge-21.1.228.jar with languages [LanguageSpec[languageName=minecraft, acceptedVersions=1]]
[10:16:15] [main/DEBUG] [ne.ne.fm.lo.mo.ModFileParser/LOADING]: Considering mod file candidate /home/runner/.gradle/caches/modules-2/files-2.1/curse.maven/sable-scaling-1607775/8564797/9d0ab34cc09e71fbca4129f725e072bbea03cf1c/sable-scaling-1607775-8564797.jar
[10:16:15] [main/DEBUG] [ne.ne.fm.lo.mo.ModFileInfo/LOADING]: Found valid mod file sable-scaling-1607775-8564797.jar with {sablescale} mods - versions {1.2.0}
[10:16:15] [main/DEBUG] [ne.ne.fm.lo.mo.ModFile/LOADING]: Loading mod file /home/runner/.gradle/caches/modules-2/files-2.1/curse.maven/sable-scaling-1607775/8564797/9d0ab34cc09e71fbca4129f725e072bbea03cf1c/sable-scaling-1607775-8564797.jar with languages [LanguageSpec[languageName=javafml, acceptedVersions=[1,)]]
[10:16:15] [main/DEBUG] [ne.ne.fm.lo.mo.ModFile/LOADING]: Found mixin config MixinConfig[config=sablescale.mixins.json, requiredMods=[]]
[10:16:15] [main/DEBUG] [ne.ne.fm.lo.mo.ModFile/LOADING]: Found mixin config MixinConfig[config=sablescale.flywheel.mixins.json, requiredMods=[]]
[10:16:15] [main/DEBUG] [ne.ne.fm.lo.mo.ModFile/LOADING]: Found mixin config MixinConfig[config=sablescale.simulated.mixins.json, requiredMods=[]]
[10:16:15] [main/DEBUG] [ne.ne.fm.lo.mo.ModFileParser/LOADING]: Considering mod file candidate /home/runner/.gradle/caches/modules-2/files-2.1/net.createmod.ponder/ponder-neoforge/1.0.82+mc1.21.1/b10a04f40b9d6d33c346fb38df33f10f7e51b713/ponder-neoforge-1.0.82+mc1.21.1.jar
[10:16:15] [main/DEBUG] [ne.ne.fm.lo.mo.ModFileInfo/LOADING]: Found valid mod file ponder-neoforge-1.0.82+mc1.21.1.jar with {ponder} mods - versions {1.0.82+mc1.21.1}
[10:16:15] [main/DEBUG] [ne.ne.fm.lo.mo.ModFile/LOADING]: Loading mod file /home/runner/.gradle/caches/modules-2/files-2.1/net.createmod.ponder/ponder-neoforge/1.0.82+mc1.21.1/b10a04f40b9d6d33c346fb38df33f10f7e51b713/ponder-neoforge-1.0.82+mc1.21.1.jar with languages [LanguageSpec[languageName=javafml, acceptedVersions=[0,)]]
[10:16:15] [main/DEBUG] [ne.ne.fm.lo.mo.ModFile/LOADING]: Found mixin config MixinConfig[config=ponder.mixins.json, requiredMods=[]]
[10:16:15] [main/DEBUG] [ne.ne.fm.lo.mo.ModFile/LOADING]: Found mixin config MixinConfig[config=ponder-common.mixins.json, requiredMods=[]]
[10:16:15] [main/DEBUG] [ne.ne.fm.lo.mo.ModFileParser/LOADING]: Considering mod file candidate /home/runner/.gradle/caches/modules-2/files-2.1/dev.ryanhcode.sable/sable-neoforge-1.21.1/2.0.3/f3ba9a497122ba29d9e94ebe6f9a3a3aaa5fa756/sable-neoforge-1.21.1-2.0.3.jar
[10:16:15] [main/DEBUG] [ne.ne.fm.lo.mo.ModFileInfo/LOADING]: Found valid mod file sable-neoforge-1.21.1-2.0.3.jar with {sable} mods - versions {2.0.3}
[10:16:15] [main/DEBUG] [ne.ne.fm.lo.mo.ModFile/LOADING]: Loading mod file /home/runner/.gradle/caches/modules-2/files-2.1/dev.ryanhcode.sable/sable-neoforge-1.21.1/2.0.3/f3ba9a497122ba29d9e94ebe6f9a3a3aaa5fa756/sable-neoforge-1.21.1-2.0.3.jar with languages [LanguageSpec[languageName=javafml, acceptedVersions=[4,)]]
[10:16:15] [main/DEBUG] [ne.ne.fm.lo.mo.ModFile/LOADING]: Found mixin config MixinConfig[config=sable.mixins.json, requiredMods=[]]
[10:16:15] [main/DEBUG] [ne.ne.fm.lo.mo.ModFile/LOADING]: Found mixin config MixinConfig[config=sable-neoforge.mixins.json, requiredMods=[]]
[10:16:15] [main/DEBUG] [ne.ne.fm.lo.mo.ModFileParser/LOADING]: Considering mod file candidate /home/runner/.gradle/caches/modules-2/files-2.1/mezz.jei/jei-1.21.1-neoforge/19.21.0.247/4d9ed6b03c67148ffe7406a84deb168a632e0a60/jei-1.21.1-neoforge-19.21.0.247.jar
[10:16:15] [main/DEBUG] [ne.ne.fm.lo.mo.ModFileInfo/LOADING]: Found valid mod file jei-1.21.1-neoforge-19.21.0.247.jar with {jei} mods - versions {19.21.0.247}
[10:16:15] [main/DEBUG] [ne.ne.fm.lo.mo.ModFile/LOADING]: Loading mod file /home/runner/.gradle/caches/modules-2/files-2.1/mezz.jei/jei-1.21.1-neoforge/19.21.0.247/4d9ed6b03c67148ffe7406a84deb168a632e0a60/jei-1.21.1-neoforge-19.21.0.247.jar with languages [LanguageSpec[languageName=javafml, acceptedVersions=[4,)]]
[10:16:15] [main/DEBUG] [ne.ne.fm.lo.mo.ModFileParser/LOADING]: Considering mod file candidate /home/runner/.gradle/caches/modules-2/files-2.1/dev.eriksonn.aeronautics/aeronautics-neoforge-1.21.1/1.3.0/98c9ad19d4af0cad19283084c0ae921a148c1c04/aeronautics-neoforge-1.21.1-1.3.0.jar
[10:16:15] [main/DEBUG] [ne.ne.fm.lo.mo.ModFileInfo/LOADING]: Found valid mod file aeronautics-neoforge-1.21.1-1.3.0.jar with {aeronautics} mods - versions {1.3.0}
[10:16:15] [main/DEBUG] [ne.ne.fm.lo.mo.ModFile/LOADING]: Loading mod file /home/runner/.gradle/caches/modules-2/files-2.1/dev.eriksonn.aeronautics/aeronautics-neoforge-1.21.1/1.3.0/98c9ad19d4af0cad19283084c0ae921a148c1c04/aeronautics-neoforge-1.21.1-1.3.0.jar with languages [LanguageSpec[languageName=javafml, acceptedVersions=[4,)]]
[10:16:15] [main/DEBUG] [ne.ne.fm.lo.mo.ModFile/LOADING]: Found mixin config MixinConfig[config=aeronautics.mixins.json, requiredMods=[]]
[10:16:15] [main/DEBUG] [ne.ne.fm.lo.mo.ModFile/LOADING]: Found mixin config MixinConfig[config=aeronautics.neoforge.mixins.json, requiredMods=[]]
[10:16:15] [main/DEBUG] [ne.ne.fm.lo.mo.ModFileParser/LOADING]: Considering mod file candidate /home/runner/.gradle/caches/modules-2/files-2.1/dev.engine-room.flywheel/flywheel-neoforge-1.21.1/1.0.6/a943872ad0bdd4458d818d8d7dc123fb250eb744/flywheel-neoforge-1.21.1-1.0.6.jar
[10:16:15] [main/DEBUG] [ne.ne.fm.lo.mo.ModFileInfo/LOADING]: Found valid mod file flywheel-neoforge-1.21.1-1.0.6.jar with {flywheel} mods - versions {1.0.6}
[10:16:15] [main/DEBUG] [ne.ne.fm.lo.mo.ModFile/LOADING]: Loading mod file /home/runner/.gradle/caches/modules-2/files-2.1/dev.engine-room.flywheel/flywheel-neoforge-1.21.1/1.0.6/a943872ad0bdd4458d818d8d7dc123fb250eb744/flywheel-neoforge-1.21.1-1.0.6.jar with languages [LanguageSpec[languageName=javafml, acceptedVersions=[0,)]]
[10:16:15] [main/DEBUG] [ne.ne.fm.lo.mo.ModFile/LOADING]: Found mixin config MixinConfig[config=flywheel.backend.mixins.json, requiredMods=[]]
[10:16:15] [main/DEBUG] [ne.ne.fm.lo.mo.ModFile/LOADING]: Found mixin config MixinConfig[config=flywheel.impl.mixins.json, requiredMods=[]]
[10:16:15] [main/DEBUG] [ne.ne.fm.lo.mo.ModFile/LOADING]: Found mixin config MixinConfig[config=flywheel.impl.neoforge.mixins.json, requiredMods=[]]
[10:16:15] [main/DEBUG] [ne.ne.fm.lo.mo.ModFileParser/LOADING]: Considering mod file candidate /home/runner/.gradle/caches/modules-2/files-2.1/dev.ryanhcode.sable-companion/sable-companion-common-1.21.1/1.6.0/370be7db705926176e05c0215ed676150c45daae/sable-companion-common-1.21.1-1.6.0.jar
[10:16:15] [main/DEBUG] [ne.ne.fm.lo.mo.ModFileInfo/LOADING]: Found valid mod file sable-companion-common-1.21.1-1.6.0.jar with {sablecompanion} mods - versions {1.6.0}
[10:16:15] [main/DEBUG] [ne.ne.fm.lo.mo.ModFile/LOADING]: Loading mod file /home/runner/.gradle/caches/modules-2/files-2.1/dev.ryanhcode.sable-companion/sable-companion-common-1.21.1/1.6.0/370be7db705926176e05c0215ed676150c45daae/sable-companion-common-1.21.1-1.6.0.jar with languages [LanguageSpec[languageName=javafml, acceptedVersions=[4,)]]
[10:16:15] [main/DEBUG] [ne.ne.fm.lo.mo.ModFileParser/LOADING]: Considering mod file candidate /home/runner/.gradle/caches/modules-2/files-2.1/top.theillusivec4.curios/curios-neoforge/9.2.2+1.21.1/b9afdecfa72c6824a6e980712609ddc7e0362f37/curios-neoforge-9.2.2+1.21.1.jar
[10:16:15] [main/DEBUG] [ne.ne.fm.lo.mo.ModFileInfo/LOADING]: Found valid mod file curios-neoforge-9.2.2+1.21.1.jar with {curios} mods - versions {9.2.2+1.21.1}
[10:16:15] [main/DEBUG] [ne.ne.fm.lo.mo.ModFile/LOADING]: Loading mod file /home/runner/.gradle/caches/modules-2/files-2.1/top.theillusivec4.curios/curios-neoforge/9.2.2+1.21.1/b9afdecfa72c6824a6e980712609ddc7e0362f37/curios-neoforge-9.2.2+1.21.1.jar with languages [LanguageSpec[languageName=javafml, acceptedVersions=[1,)]]
[10:16:15] [main/DEBUG] [ne.ne.fm.lo.mo.ModFile/LOADING]: Found mixin config MixinConfig[config=curios.neoforge.mixins.json, requiredMods=[]]
[10:16:15] [main/DEBUG] [ne.ne.fm.lo.mo.ModFile/LOADING]: Found mixin config MixinConfig[config=curios.mixins.json, requiredMods=[]]
[10:16:15] [main/DEBUG] [ne.ne.fm.lo.mo.ModFileParser/LOADING]: Considering mod file candidate /home/runner/.gradle/caches/modules-2/files-2.1/com.simibubi.create/create-1.21.1/6.0.10-280/62c085fd48fc84b62f88d7bc98b7c4206492c080/create-1.21.1-6.0.10-280.jar
[10:16:15] [main/DEBUG] [ne.ne.fm.lo.mo.ModFileInfo/LOADING]: Found valid mod file create-1.21.1-6.0.10-280.jar with {create} mods - versions {6.0.10}
[10:16:15] [main/DEBUG] [ne.ne.fm.lo.mo.ModFile/LOADING]: Loading mod file /home/runner/.gradle/caches/modules-2/files-2.1/com.simibubi.create/create-1.21.1/6.0.10-280/62c085fd48fc84b62f88d7bc98b7c4206492c080/create-1.21.1-6.0.10-280.jar with languages [LanguageSpec[languageName=javafml, acceptedVersions=[0,)]]
[10:16:15] [main/DEBUG] [ne.ne.fm.lo.mo.ModFile/LOADING]: Found mixin config MixinConfig[config=create.mixins.json, requiredMods=[]]
[10:16:15] [main/DEBUG] [ne.ne.fm.lo.mo.ModFileParser/LOADING]: Considering mod file candidate /home/runner/work/AntikytheraMechanism/AntikytheraMechanism/build/moddev/artifacts/neoforge-21.1.228.jar
[10:16:15] [main/DEBUG] [ne.ne.fm.lo.mo.ModFileInfo/LOADING]: Found valid mod file neoforge-21.1.228.jar with {neoforge} mods - versions {21.1.228}
[10:16:15] [main/DEBUG] [ne.ne.fm.lo.mo.ModFile/LOADING]: Loading mod file /home/runner/work/AntikytheraMechanism/AntikytheraMechanism/build/moddev/artifacts/neoforge-21.1.228.jar with languages [LanguageSpec[languageName=javafml, acceptedVersions=[3,]]]
[10:16:15] [main/DEBUG] [ne.ne.fm.lo.mo.ModFile/LOADING]: Found mixin config MixinConfig[config=neoforge.mixins.json, requiredMods=[]]
[10:16:15] [main/DEBUG] [ne.ne.fm.lo.mo.ModFileParser/LOADING]: Considering mod file candidate /home/runner/.gradle/caches/modules-2/files-2.1/maven.modrinth/natures-compass/1.21.1-3.4.0-neoforge/e19721873bebc4dbc1674bb101af39d0ea406b95/natures-compass-1.21.1-3.4.0-neoforge.jar
[10:16:15] [main/DEBUG] [ne.ne.fm.lo.mo.ModFileInfo/LOADING]: Found valid mod file natures-compass-1.21.1-3.4.0-neoforge.jar with {naturescompass} mods - versions {1.21.1-3.4.0-neoforge}
[10:16:15] [main/DEBUG] [ne.ne.fm.lo.mo.ModFile/LOADING]: Loading mod file /home/runner/.gradle/caches/modules-2/files-2.1/maven.modrinth/natures-compass/1.21.1-3.4.0-neoforge/e19721873bebc4dbc1674bb101af39d0ea406b95/natures-compass-1.21.1-3.4.0-neoforge.jar with languages [LanguageSpec[languageName=javafml, acceptedVersions=[4,)]]
[10:16:15] [main/DEBUG] [ne.ne.fm.lo.mo.ModFileParser/LOADING]: Considering mod file candidate /home/runner/.gradle/caches/modules-2/files-2.1/foundry.veil/veil-neoforge-1.21.1/4.1.4/642ec0bd02213ee087d86eda553d6d79c6a04d2b/veil-neoforge-1.21.1-4.1.4.jar
[10:16:15] [main/DEBUG] [ne.ne.fm.lo.mo.ModFileInfo/LOADING]: Found valid mod file veil-neoforge-1.21.1-4.1.4.jar with {veil} mods - versions {4.1.4}
[10:16:15] [main/DEBUG] [ne.ne.fm.lo.mo.ModFile/LOADING]: Loading mod file /home/runner/.gradle/caches/modules-2/files-2.1/foundry.veil/veil-neoforge-1.21.1/4.1.4/642ec0bd02213ee087d86eda553d6d79c6a04d2b/veil-neoforge-1.21.1-4.1.4.jar with languages [LanguageSpec[languageName=javafml, acceptedVersions=[4,)]]
[10:16:15] [main/DEBUG] [ne.ne.fm.lo.mo.ModFile/LOADING]: Found mixin config MixinConfig[config=veil.command.mixins.json, requiredMods=[]]
[10:16:15] [main/DEBUG] [ne.ne.fm.lo.mo.ModFile/LOADING]: Found mixin config MixinConfig[config=veil.debug.mixins.json, requiredMods=[]]
[10:16:15] [main/DEBUG] [ne.ne.fm.lo.mo.ModFile/LOADING]: Found mixin config MixinConfig[config=veil.dynamicbuffer.mixins.json, requiredMods=[]]
[10:16:15] [main/DEBUG] [ne.ne.fm.lo.mo.ModFile/LOADING]: Found mixin config MixinConfig[config=veil.fix.mixins.json, requiredMods=[]]
[10:16:15] [main/DEBUG] [ne.ne.fm.lo.mo.ModFile/LOADING]: Found mixin config MixinConfig[config=veil.framebuffer.mixins.json, requiredMods=[]]
[10:16:15] [main/DEBUG] [ne.ne.fm.lo.mo.ModFile/LOADING]: Found mixin config MixinConfig[config=veil.necromancer.mixins.json, requiredMods=[]]
[10:16:15] [main/DEBUG] [ne.ne.fm.lo.mo.ModFile/LOADING]: Found mixin config MixinConfig[config=veil.network.mixins.json, requiredMods=[]]
[10:16:15] [main/DEBUG] [ne.ne.fm.lo.mo.ModFile/LOADING]: Found mixin config MixinConfig[config=veil.performance.mixins.json, requiredMods=[]]
[10:16:15] [main/DEBUG] [ne.ne.fm.lo.mo.ModFile/LOADING]: Found mixin config MixinConfig[config=veil.perspective.mixins.json, requiredMods=[]]
[10:16:15] [main/DEBUG] [ne.ne.fm.lo.mo.ModFile/LOADING]: Found mixin config MixinConfig[config=veil.pipeline.mixins.json, requiredMods=[]]
[10:16:15] [main/DEBUG] [ne.ne.fm.lo.mo.ModFile/LOADING]: Found mixin config MixinConfig[config=veil.quasar.mixins.json, requiredMods=[]]
[10:16:15] [main/DEBUG] [ne.ne.fm.lo.mo.ModFile/LOADING]: Found mixin config MixinConfig[config=veil.registry.mixins.json, requiredMods=[]]
[10:16:15] [main/DEBUG] [ne.ne.fm.lo.mo.ModFile/LOADING]: Found mixin config MixinConfig[config=veil.rendertype.mixins.json, requiredMods=[]]
[10:16:15] [main/DEBUG] [ne.ne.fm.lo.mo.ModFile/LOADING]: Found mixin config MixinConfig[config=veil.resource.mixins.json, requiredMods=[]]
[10:16:15] [main/DEBUG] [ne.ne.fm.lo.mo.ModFile/LOADING]: Found mixin config MixinConfig[config=veil.scheduler.mixins.json, requiredMods=[]]
[10:16:15] [main/DEBUG] [ne.ne.fm.lo.mo.ModFile/LOADING]: Found mixin config MixinConfig[config=veil.shader.mixins.json, requiredMods=[]]
[10:16:15] [main/DEBUG] [ne.ne.fm.lo.mo.ModFile/LOADING]: Found mixin config MixinConfig[config=veil.neoforge.mixins.json, requiredMods=[]]
[10:16:15] [main/DEBUG] [ne.ne.fm.lo.mo.ModFileParser/LOADING]: Considering mod file candidate /home/runner/.gradle/caches/modules-2/files-2.1/dev.simulated_team.simulated/simulated-neoforge-1.21.1/1.3.0/4c8ed098f2ecec41c87fdbeb96d38d8b82a929c3/simulated-neoforge-1.21.1-1.3.0.jar
[10:16:15] [main/DEBUG] [ne.ne.fm.lo.mo.ModFileInfo/LOADING]: Found valid mod file simulated-neoforge-1.21.1-1.3.0.jar with {simulated} mods - versions {1.3.0}
[10:16:15] [main/DEBUG] [ne.ne.fm.lo.mo.ModFile/LOADING]: Loading mod file /home/runner/.gradle/caches/modules-2/files-2.1/dev.simulated_team.simulated/simulated-neoforge-1.21.1/1.3.0/4c8ed098f2ecec41c87fdbeb96d38d8b82a929c3/simulated-neoforge-1.21.1-1.3.0.jar with languages [LanguageSpec[languageName=javafml, acceptedVersions=[4,)]]
[10:16:15] [main/DEBUG] [ne.ne.fm.lo.mo.ModFile/LOADING]: Found mixin config MixinConfig[config=simulated.mixins.json, requiredMods=[]]
[10:16:15] [main/DEBUG] [ne.ne.fm.lo.mo.ModFile/LOADING]: Found mixin config MixinConfig[config=simulated-neoforge.mixins.json, requiredMods=[]]
[10:16:15] [main/DEBUG] [ne.ne.fm.lo.mo.ModFileParser/LOADING]: Considering mod file candidate /home/runner/.gradle/caches/modules-2/files-2.1/maven.modrinth/explorers-compass/1.21.1-3.4.0-neoforge/9f62af344988a6e2d855b113e61cf0e1611c7e0f/explorers-compass-1.21.1-3.4.0-neoforge.jar
[10:16:15] [main/DEBUG] [ne.ne.fm.lo.mo.ModFileInfo/LOADING]: Found valid mod file explorers-compass-1.21.1-3.4.0-neoforge.jar with {explorerscompass} mods - versions {1.21.1-3.4.0-neoforge}
[10:16:15] [main/DEBUG] [ne.ne.fm.lo.mo.ModFile/LOADING]: Loading mod file /home/runner/.gradle/caches/modules-2/files-2.1/maven.modrinth/explorers-compass/1.21.1-3.4.0-neoforge/9f62af344988a6e2d855b113e61cf0e1611c7e0f/explorers-compass-1.21.1-3.4.0-neoforge.jar with languages [LanguageSpec[languageName=javafml, acceptedVersions=[4,)]]
[10:16:15] [main/DEBUG] [ne.ne.fm.lo.mo.ModFileParser/LOADING]: Considering mod file candidate /home/runner/.gradle/caches/modules-2/files-2.1/cc.tweaked/cc-tweaked-1.21.1-forge/1.115.1/3fcea43ed79139a7d6f69f2a2ad93db021760171/cc-tweaked-1.21.1-forge-1.115.1.jar
[10:16:15] [main/DEBUG] [ne.ne.fm.lo.mo.ModFileInfo/LOADING]: Found valid mod file cc-tweaked-1.21.1-forge-1.115.1.jar with {computercraft} mods - versions {1.115.1}
[10:16:15] [main/DEBUG] [ne.ne.fm.lo.mo.ModFile/LOADING]: Loading mod file /home/runner/.gradle/caches/modules-2/files-2.1/cc.tweaked/cc-tweaked-1.21.1-forge/1.115.1/3fcea43ed79139a7d6f69f2a2ad93db021760171/cc-tweaked-1.21.1-forge-1.115.1.jar with languages [LanguageSpec[languageName=javafml, acceptedVersions=[1,)]]
[10:16:15] [main/DEBUG] [ne.ne.fm.lo.mo.ModFile/LOADING]: Found mixin config MixinConfig[config=computercraft.mixins.json, requiredMods=[]]
[10:16:15] [main/DEBUG] [ne.ne.fm.lo.mo.ModFile/LOADING]: Found mixin config MixinConfig[config=computercraft.forge.mixins.json, requiredMods=[]]
[10:16:15] [main/DEBUG] [ne.ne.fm.lo.mo.ModFile/LOADING]: Found mixin config MixinConfig[config=computercraft-client.forge.mixins.json, requiredMods=[]]
[10:16:15] [main/DEBUG] [ne.ne.fm.lo.mo.ModFileParser/LOADING]: Considering mod file candidate /home/runner/work/AntikytheraMechanism/AntikytheraMechanism/build/classes/java/main
[10:16:15] [main/DEBUG] [ne.ne.fm.lo.mo.ModFileInfo/LOADING]: Found valid mod file main with {antikytheramechanism} mods - versions {0.1.0}
[10:16:15] [main/DEBUG] [ne.ne.fm.lo.mo.ModFile/LOADING]: Loading mod file /home/runner/work/AntikytheraMechanism/AntikytheraMechanism/build/classes/java/main with languages [LanguageSpec[languageName=javafml, acceptedVersions=[1,)]]
[10:16:15] [main/DEBUG] [ne.ne.fm.lo.mo.ModFile/LOADING]: Found mixin config MixinConfig[config=antikytheramechanism.mixins.json, requiredMods=[]]
[10:16:15] [main/DEBUG] [ne.ne.fm.lo.mo.ModFile/LOADING]: Found mixin config MixinConfig[config=antikytheramechanism.client.mixins.json, requiredMods=[]]
[10:16:15] [main/DEBUG] [ne.ne.fm.lo.mo.ModFileParser/LOADING]: Considering mod file candidate /home/runner/.gradle/caches/modules-2/files-2.1/dev.ryanhcode.offroad/offroad-neoforge-1.21.1/1.3.0/1ec91b1e10f03effbd475a47c2d79ce96b3f84e9/offroad-neoforge-1.21.1-1.3.0.jar
[10:16:15] [main/DEBUG] [ne.ne.fm.lo.mo.ModFileInfo/LOADING]: Found valid mod file offroad-neoforge-1.21.1-1.3.0.jar with {offroad} mods - versions {1.3.0}
[10:16:15] [main/DEBUG] [ne.ne.fm.lo.mo.ModFile/LOADING]: Loading mod file /home/runner/.gradle/caches/modules-2/files-2.1/dev.ryanhcode.offroad/offroad-neoforge-1.21.1/1.3.0/1ec91b1e10f03effbd475a47c2d79ce96b3f84e9/offroad-neoforge-1.21.1-1.3.0.jar with languages [LanguageSpec[languageName=javafml, acceptedVersions=[4,)]]
[10:16:15] [main/DEBUG] [ne.ne.fm.lo.mo.ModFile/LOADING]: Found mixin config MixinConfig[config=offroad.mixins.json, requiredMods=[]]
[10:16:15] [main/DEBUG] [ne.ne.fm.lo.mo.ModFile/LOADING]: Found mixin config MixinConfig[config=offroad.neoforge.mixins.json, requiredMods=[]]
[10:16:15] [main/DEBUG] [ne.ne.fm.lo.mo.ModFile/LOADING]: Loading mod file /home/runner/.gradle/caches/modules-2/files-2.1/com.tterrag.registrate/Registrate/MC1.21-1.3.0+67/66ddc4cd56472fea1ea1a24182901e6c92a51c0a/Registrate-MC1.21-1.3.0+67.jar with languages []
[10:16:15] [main/DEBUG] [ne.ne.fm.lo.mo.ModFile/LOADING]: Loading mod file /home/runner/.gradle/caches/modules-2/files-2.1/dev.ryanhcode.sable/sable-sable_rapier-1.21.1/2.0.3/a88c0860320890144b6b44c332a2a2db3a61e189/sable-sable_rapier-1.21.1-2.0.3.jar with languages []
[10:16:15] [main/DEBUG] [ne.ne.fm.lo.mo.ModFile/LOADING]: Loading mod file  with languages []
[10:16:15] [main/DEBUG] [ne.ne.fm.lo.mo.ModFile/LOADING]: Loading mod file  with languages []
[10:16:15] [main/DEBUG] [cp.mo.mo.TransformationServiceDecorator/MODLAUNCHER]: End scan trigger - transformation service fml
[10:16:15] [main/DEBUG] [ne.ne.fm.ut.ServiceLoaderUtil/CORE]: Found 3 implementations of IModLanguageLoader:
[10:16:15] [main/DEBUG] [ne.ne.fm.ut.ServiceLoaderUtil/CORE]: 	net.neoforged.fml.javafmlmod.FMLJavaModLanguageProvider from loader-4.0.42.jar
[10:16:15] [main/DEBUG] [ne.ne.fm.ut.ServiceLoaderUtil/CORE]: 	net.neoforged.fml.lowcodemod.LowCodeModLanguageProvider from loader-4.0.42.jar
[10:16:15] [main/DEBUG] [ne.ne.fm.ut.ServiceLoaderUtil/CORE]: 	net.neoforged.fml.mclanguageprovider.MinecraftModLanguageProvider from loader-4.0.42.jar
[10:16:15] [main/DEBUG] [ne.ne.fm.lo.LanguageProviderLoader/CORE]: Found language provider javafml, version 4.0.42
[10:16:15] [main/DEBUG] [ne.ne.fm.lo.LanguageProviderLoader/CORE]: Found language provider lowcodefml, version 4.0.42
[10:16:15] [main/DEBUG] [ne.ne.fm.lo.LanguageProviderLoader/CORE]: Found language provider minecraft, version 4.0.42
[10:16:15] [main/DEBUG] [ne.ne.fm.lo.ModSorter/]: Configured system mods: [minecraft, neoforge]
[10:16:15] [main/DEBUG] [ne.ne.fm.lo.ModSorter/]: Found system mod: minecraft
[10:16:15] [main/DEBUG] [ne.ne.fm.lo.ModSorter/]: Found system mod: neoforge
[10:16:15] [main/DEBUG] [ne.ne.fm.lo.ModSorter/LOADING]: Found 52 mod requirements (40 mandatory, 12 optional)
[10:16:15] [main/DEBUG] [ne.ne.fm.lo.ModSorter/LOADING]: Found 0 mod requirements missing (0 mandatory, 0 optional)
[10:16:15] [main/DEBUG] [mixin/]: Adding mixin platform agents for container net.neoforged.fml.loading.mixin.FMLMixinContainerHandle@3bb8aabc
[10:16:15] [main/DEBUG] [mixin/]: Instancing new MixinPlatformAgentMinecraftForge for net.neoforged.fml.loading.mixin.FMLMixinContainerHandle@3bb8aabc
[10:16:15] [main/DEBUG] [mixin/]: MixinPlatformAgentMinecraftForge rejected container net.neoforged.fml.loading.mixin.FMLMixinContainerHandle@3bb8aabc
[10:16:15] [main/DEBUG] [mixin/]: Instancing new MixinPlatformAgentDefault for net.neoforged.fml.loading.mixin.FMLMixinContainerHandle@3bb8aabc
[10:16:15] [main/DEBUG] [mixin/]: MixinPlatformAgentDefault accepted container net.neoforged.fml.loading.mixin.FMLMixinContainerHandle@3bb8aabc
[10:16:15] [main/DEBUG] [mixin/]: Instancing new FMLMixinPlatformAgent for net.neoforged.fml.loading.mixin.FMLMixinContainerHandle@3bb8aabc
[10:16:15] [main/DEBUG] [mixin/]: FMLMixinPlatformAgent accepted container net.neoforged.fml.loading.mixin.FMLMixinContainerHandle@3bb8aabc
[10:16:15] [main/DEBUG] [cp.mo.mo.TransformationServicesHandler/MODLAUNCHER]: Transformation services loading transformers
[10:16:15] [main/DEBUG] [cp.mo.mo.TransformationServiceDecorator/MODLAUNCHER]: Initializing transformers for transformation service mixin
[10:16:15] [main/DEBUG] [cp.mo.mo.TransformationServiceDecorator/MODLAUNCHER]: Initialized transformers for transformation service mixin
[10:16:15] [main/DEBUG] [cp.mo.mo.TransformationServiceDecorator/MODLAUNCHER]: Initializing transformers for transformation service fml
[10:16:15] [main/DEBUG] [ne.ne.fm.lo.FMLServiceProvider/LOADING]: Loading coremod transformers
[10:16:15] [main/DEBUG] [ne.ne.fm.lo.FMLServiceProvider/CORE]: Not loading coremod script-engine since no mod requested it
[10:16:15] [main/DEBUG] [ne.ne.fm.ut.ServiceLoaderUtil/CORE]: Found 1 implementations of ICoreMod:
[10:16:15] [main/DEBUG] [ne.ne.fm.ut.ServiceLoaderUtil/CORE]: 	net.neoforged.neoforge.coremods.NeoForgeCoreMod from neoforge-21.1.228.jar > net.neoforged.neoforge-coremods-21.1.228.jar
[10:16:15] [main/DEBUG] [ne.ne.fm.lo.FMLServiceProvider/CORE]: Adding [Target[className=net.minecraft.world.level.biome.Biome, elementName=, elementDescriptor=, targetType=cpw.mods.modlauncher.api.TargetType@5d9b7a8a]] transformer from core-mod net.neoforged.neoforge.coremods.NeoForgeCoreMod@4a0df195 in neoforge-21.1.228.jar > net.neoforged.neoforge-coremods-21.1.228.jar
[10:16:15] [main/DEBUG] [ne.ne.fm.lo.FMLServiceProvider/CORE]: Adding [Target[className=net.minecraft.world.level.levelgen.structure.Structure, elementName=, elementDescriptor=, targetType=cpw.mods.modlauncher.api.TargetType@5d9b7a8a]] transformer from core-mod net.neoforged.neoforge.coremods.NeoForgeCoreMod@4a0df195 in neoforge-21.1.228.jar > net.neoforged.neoforge-coremods-21.1.228.jar
[10:16:15] [main/DEBUG] [ne.ne.fm.lo.FMLServiceProvider/CORE]: Adding [Target[className=net.minecraft.world.level.block.FlowerPotBlock, elementName=, elementDescriptor=, targetType=cpw.mods.modlauncher.api.TargetType@5d9b7a8a]] transformer from core-mod net.neoforged.neoforge.coremods.NeoForgeCoreMod@4a0df195 in neoforge-21.1.228.jar > net.neoforged.neoforge-coremods-21.1.228.jar
[10:16:15] [main/DEBUG] [ne.ne.fm.lo.FMLServiceProvider/CORE]: Adding [Target[className=net/minecraft/world/entity/raid/Raid, elementName=, elementDescriptor=, targetType=cpw.mods.modlauncher.api.TargetType@5d9b7a8a], Target[className=net/minecraft/world/level/levelgen/structure/templatesystem/StructureTemplate, elementName=, elementDescriptor=, targetType=cpw.mods.modlauncher.api.TargetType@5d9b7a8a], Target[className=net/minecraft/world/entity/EntityType, elementName=, elementDescriptor=, targetType=cpw.mods.modlauncher.api.TargetType@5d9b7a8a], Target[className=net/minecraft/world/entity/animal/horse/SkeletonTrapGoal, elementName=, elementDescriptor=, targetType=cpw.mods.modlauncher.api.TargetType@5d9b7a8a], Target[className=net/minecraft/world/entity/monster/Strider, elementName=, elementDescriptor=, targetType=cpw.mods.modlauncher.api.TargetType@5d9b7a8a], Target[className=net/minecraft/world/level/levelgen/structure/structures/SwampHutPiece, elementName=, elementDescriptor=, targetType=cpw.mods.modlauncher.api.TargetType@5d9b7a8a], Target[className=net/minecraft/world/entity/animal/frog/Tadpole, elementName=, elementDescriptor=, targetType=cpw.mods.modlauncher.api.TargetType@5d9b7a8a], Target[className=net/minecraft/world/entity/npc/Villager, elementName=, elementDescriptor=, targetType=cpw.mods.modlauncher.api.TargetType@5d9b7a8a], Target[className=net/minecraft/world/entity/monster/Spider, elementName=, elementDescriptor=, targetType=cpw.mods.modlauncher.api.TargetType@5d9b7a8a], Target[className=net/minecraft/world/entity/monster/Zombie, elementName=, elementDescriptor=, targetType=cpw.mods.modlauncher.api.TargetType@5d9b7a8a], Target[className=net/minecraft/world/entity/monster/ZombieVillager, elementName=, elementDescriptor=, targetType=cpw.mods.modlauncher.api.TargetType@5d9b7a8a], Target[className=net/minecraft/world/level/levelgen/structure/structures/OceanMonumentPieces$OceanMonumentPiece, elementName=, elementDescriptor=, targetType=cpw.mods.modlauncher.api.TargetType@5d9b7a8a], Target[className=net/minecraft/world/entity/ai/village/VillageSiege, elementName=, elementDescriptor=, targetType=cpw.mods.modlauncher.api.TargetType@5d9b7a8a], Target[className=net/minecraft/world/level/NaturalSpawner, elementName=, elementDescriptor=, targetType=cpw.mods.modlauncher.api.TargetType@5d9b7a8a], Target[className=net/minecraft/server/commands/RaidCommand, elementName=, elementDescriptor=, targetType=cpw.mods.modlauncher.api.TargetType@5d9b7a8a], Target[className=net/minecraft/world/level/levelgen/structure/structures/WoodlandMansionPieces$WoodlandMansionPiece, elementName=, elementDescriptor=, targetType=cpw.mods.modlauncher.api.TargetType@5d9b7a8a], Target[className=net/minecraft/server/commands/SummonCommand, elementName=, elementDescriptor=, targetType=cpw.mods.modlauncher.api.TargetType@5d9b7a8a], Target[className=net/minecraft/world/entity/npc/CatSpawner, elementName=, elementDescriptor=, targetType=cpw.mods.modlauncher.api.TargetType@5d9b7a8a], Target[className=net/minecraft/world/level/levelgen/PhantomSpawner, elementName=, elementDescriptor=, targetType=cpw.mods.modlauncher.api.TargetType@5d9b7a8a], Target[className=net/minecraft/world/entity/monster/Evoker$EvokerSummonSpellGoal, elementName=, elementDescriptor=, targetType=cpw.mods.modlauncher.api.TargetType@5d9b7a8a], Target[className=net/minecraft/world/level/levelgen/structure/structures/OceanRuinPieces$OceanRuinPiece, elementName=, elementDescriptor=, targetType=cpw.mods.modlauncher.api.TargetType@5d9b7a8a], Target[className=net/minecraft/world/level/levelgen/PatrolSpawner, elementName=, elementDescriptor=, targetType=cpw.mods.modlauncher.api.TargetType@5d9b7a8a]] transformer from core-mod net.neoforged.neoforge.coremods.NeoForgeCoreMod@4a0df195 in neoforge-21.1.228.jar > net.neoforged.neoforge-coremods-21.1.228.jar
[10:16:15] [main/DEBUG] [cp.mo.mo.TransformStore/MODLAUNCHER]: Adding transformer net.neoforged.neoforge.coremods.ReplaceFieldWithGetterAccess@2ff95fc6 to Target : cpw.mods.modlauncher.api.TargetType@5d9b7a8a {Lnet/minecraft/world/level/biome/Biome;} {} {V}
[10:16:15] [main/DEBUG] [cp.mo.mo.TransformStore/MODLAUNCHER]: Adding transformer net.neoforged.neoforge.coremods.ReplaceFieldWithGetterAccess@486bc9a4 to Target : cpw.mods.modlauncher.api.TargetType@5d9b7a8a {Lnet/minecraft/world/level/levelgen/structure/Structure;} {} {V}
[10:16:15] [main/DEBUG] [cp.mo.mo.TransformStore/MODLAUNCHER]: Adding transformer net.neoforged.neoforge.coremods.ReplaceFieldWithGetterAccess@7965a51c to Target : cpw.mods.modlauncher.api.TargetType@5d9b7a8a {Lnet/minecraft/world/level/block/FlowerPotBlock;} {} {V}
[10:16:15] [main/DEBUG] [cp.mo.mo.TransformStore/MODLAUNCHER]: Adding transformer net.neoforged.neoforge.coremods.MethodRedirector@3eee3e2b to Target : cpw.mods.modlauncher.api.TargetType@5d9b7a8a {Lnet/minecraft/world/entity/raid/Raid;} {} {V}
[10:16:15] [main/DEBUG] [cp.mo.mo.TransformStore/MODLAUNCHER]: Adding transformer net.neoforged.neoforge.coremods.MethodRedirector@3eee3e2b to Target : cpw.mods.modlauncher.api.TargetType@5d9b7a8a {Lnet/minecraft/world/level/levelgen/structure/templatesystem/StructureTemplate;} {} {V}
[10:16:15] [main/DEBUG] [cp.mo.mo.TransformStore/MODLAUNCHER]: Adding transformer net.neoforged.neoforge.coremods.MethodRedirector@3eee3e2b to Target : cpw.mods.modlauncher.api.TargetType@5d9b7a8a {Lnet/minecraft/world/entity/EntityType;} {} {V}
[10:16:15] [main/DEBUG] [cp.mo.mo.TransformStore/MODLAUNCHER]: Adding transformer net.neoforged.neoforge.coremods.MethodRedirector@3eee3e2b to Target : cpw.mods.modlauncher.api.TargetType@5d9b7a8a {Lnet/minecraft/world/entity/animal/horse/SkeletonTrapGoal;} {} {V}
[10:16:15] [main/DEBUG] [cp.mo.mo.TransformStore/MODLAUNCHER]: Adding transformer net.neoforged.neoforge.coremods.MethodRedirector@3eee3e2b to Target : cpw.mods.modlauncher.api.TargetType@5d9b7a8a {Lnet/minecraft/world/entity/monster/Strider;} {} {V}
[10:16:15] [main/DEBUG] [cp.mo.mo.TransformStore/MODLAUNCHER]: Adding transformer net.neoforged.neoforge.coremods.MethodRedirector@3eee3e2b to Target : cpw.mods.modlauncher.api.TargetType@5d9b7a8a {Lnet/minecraft/world/level/levelgen/structure/structures/SwampHutPiece;} {} {V}
[10:16:15] [main/DEBUG] [cp.mo.mo.TransformStore/MODLAUNCHER]: Adding transformer net.neoforged.neoforge.coremods.MethodRedirector@3eee3e2b to Target : cpw.mods.modlauncher.api.TargetType@5d9b7a8a {Lnet/minecraft/world/entity/animal/frog/Tadpole;} {} {V}
[10:16:15] [main/DEBUG] [cp.mo.mo.TransformStore/MODLAUNCHER]: Adding transformer net.neoforged.neoforge.coremods.MethodRedirector@3eee3e2b to Target : cpw.mods.modlauncher.api.TargetType@5d9b7a8a {Lnet/minecraft/world/entity/npc/Villager;} {} {V}
[10:16:15] [main/DEBUG] [cp.mo.mo.TransformStore/MODLAUNCHER]: Adding transformer net.neoforged.neoforge.coremods.MethodRedirector@3eee3e2b to Target : cpw.mods.modlauncher.api.TargetType@5d9b7a8a {Lnet/minecraft/world/entity/monster/Spider;} {} {V}
[10:16:15] [main/DEBUG] [cp.mo.mo.TransformStore/MODLAUNCHER]: Adding transformer net.neoforged.neoforge.coremods.MethodRedirector@3eee3e2b to Target : cpw.mods.modlauncher.api.TargetType@5d9b7a8a {Lnet/minecraft/world/entity/monster/Zombie;} {} {V}
[10:16:15] [main/DEBUG] [cp.mo.mo.TransformStore/MODLAUNCHER]: Adding transformer net.neoforged.neoforge.coremods.MethodRedirector@3eee3e2b to Target : cpw.mods.modlauncher.api.TargetType@5d9b7a8a {Lnet/minecraft/world/entity/monster/ZombieVillager;} {} {V}
[10:16:15] [main/DEBUG] [cp.mo.mo.TransformStore/MODLAUNCHER]: Adding transformer net.neoforged.neoforge.coremods.MethodRedirector@3eee3e2b to Target : cpw.mods.modlauncher.api.TargetType@5d9b7a8a {Lnet/minecraft/world/level/levelgen/structure/structures/OceanMonumentPieces$OceanMonumentPiece;} {} {V}
[10:16:15] [main/DEBUG] [cp.mo.mo.TransformStore/MODLAUNCHER]: Adding transformer net.neoforged.neoforge.coremods.MethodRedirector@3eee3e2b to Target : cpw.mods.modlauncher.api.TargetType@5d9b7a8a {Lnet/minecraft/world/entity/ai/village/VillageSiege;} {} {V}
[10:16:15] [main/DEBUG] [cp.mo.mo.TransformStore/MODLAUNCHER]: Adding transformer net.neoforged.neoforge.coremods.MethodRedirector@3eee3e2b to Target : cpw.mods.modlauncher.api.TargetType@5d9b7a8a {Lnet/minecraft/world/level/NaturalSpawner;} {} {V}
[10:16:15] [main/DEBUG] [cp.mo.mo.TransformStore/MODLAUNCHER]: Adding transformer net.neoforged.neoforge.coremods.MethodRedirector@3eee3e2b to Target : cpw.mods.modlauncher.api.TargetType@5d9b7a8a {Lnet/minecraft/server/commands/RaidCommand;} {} {V}
[10:16:15] [main/DEBUG] [cp.mo.mo.TransformStore/MODLAUNCHER]: Adding transformer net.neoforged.neoforge.coremods.MethodRedirector@3eee3e2b to Target : cpw.mods.modlauncher.api.TargetType@5d9b7a8a {Lnet/minecraft/world/level/levelgen/structure/structures/WoodlandMansionPieces$WoodlandMansionPiece;} {} {V}
[10:16:15] [main/DEBUG] [cp.mo.mo.TransformStore/MODLAUNCHER]: Adding transformer net.neoforged.neoforge.coremods.MethodRedirector@3eee3e2b to Target : cpw.mods.modlauncher.api.TargetType@5d9b7a8a {Lnet/minecraft/server/commands/SummonCommand;} {} {V}
[10:16:15] [main/DEBUG] [cp.mo.mo.TransformStore/MODLAUNCHER]: Adding transformer net.neoforged.neoforge.coremods.MethodRedirector@3eee3e2b to Target : cpw.mods.modlauncher.api.TargetType@5d9b7a8a {Lnet/minecraft/world/entity/npc/CatSpawner;} {} {V}
[10:16:15] [main/DEBUG] [cp.mo.mo.TransformStore/MODLAUNCHER]: Adding transformer net.neoforged.neoforge.coremods.MethodRedirector@3eee3e2b to Target : cpw.mods.modlauncher.api.TargetType@5d9b7a8a {Lnet/minecraft/world/level/levelgen/PhantomSpawner;} {} {V}
[10:16:15] [main/DEBUG] [cp.mo.mo.TransformStore/MODLAUNCHER]: Adding transformer net.neoforged.neoforge.coremods.MethodRedirector@3eee3e2b to Target : cpw.mods.modlauncher.api.TargetType@5d9b7a8a {Lnet/minecraft/world/entity/monster/Evoker$EvokerSummonSpellGoal;} {} {V}
[10:16:15] [main/DEBUG] [cp.mo.mo.TransformStore/MODLAUNCHER]: Adding transformer net.neoforged.neoforge.coremods.MethodRedirector@3eee3e2b to Target : cpw.mods.modlauncher.api.TargetType@5d9b7a8a {Lnet/minecraft/world/level/levelgen/structure/structures/OceanRuinPieces$OceanRuinPiece;} {} {V}
[10:16:15] [main/DEBUG] [cp.mo.mo.TransformStore/MODLAUNCHER]: Adding transformer net.neoforged.neoforge.coremods.MethodRedirector@3eee3e2b to Target : cpw.mods.modlauncher.api.TargetType@5d9b7a8a {Lnet/minecraft/world/level/levelgen/PatrolSpawner;} {} {V}
[10:16:15] [main/DEBUG] [cp.mo.mo.TransformationServiceDecorator/MODLAUNCHER]: Initialized transformers for transformation service fml
[10:16:15] [main/DEBUG] [mixin/]: Processing prepare() for PlatformAgent[MixinPlatformAgentDefault:ModLauncher Root Container(ModLauncher:4f56a0a2)]
[10:16:15] [main/DEBUG] [mixin/]: Processing prepare() for PlatformAgent[MixinPlatformAgentDefault:net.neoforged.fml.loading.mixin.FMLMixinContainerHandle@3bb8aabc]
[10:16:15] [main/DEBUG] [mixin/]: Processing prepare() for PlatformAgent[FMLMixinPlatformAgent:null]
[10:16:15] [main/DEBUG] [mixin/]: Compatibility level JAVA_21 specified by veil.command.mixins.json is higher than the maximum level supported by this version of mixin (JAVA_13).
[10:16:15] [main/INFO] [mixin/]: Compatibility level set to JAVA_21
[10:16:16] [main/DEBUG] [mixin/]: Compatibility level JAVA_18 specified by aeronautics.mixins.json is higher than the maximum level supported by this version of mixin (JAVA_13).
[10:16:16] [main/DEBUG] [mixin/]: Compatibility level JAVA_17 specified by flywheel.impl.neoforge.mixins.json is higher than the maximum level supported by this version of mixin (JAVA_13).
[10:16:16] [main/DEBUG] [mixin/]: Compatibility level JAVA_17 specified by ponder.mixins.json is higher than the maximum level supported by this version of mixin (JAVA_13).
[10:16:16] [main/DEBUG] [mixin/]: Compatibility level JAVA_17 specified by ponder-common.mixins.json is higher than the maximum level supported by this version of mixin (JAVA_13).
[10:16:16] [main/DEBUG] [mixin/]: Compatibility level JAVA_18 specified by offroad.mixins.json is higher than the maximum level supported by this version of mixin (JAVA_13).
[10:16:16] [main/DEBUG] [mixin/]: Processing launch tasks for PlatformAgent[MixinPlatformAgentDefault:ModLauncher Root Container(ModLauncher:4f56a0a2)]
[10:16:16] [main/DEBUG] [mixin/]: Adding mixin platform agents for container SecureJarResource(mixin_synthetic)
[10:16:16] [main/DEBUG] [mixin/]: Instancing new MixinPlatformAgentMinecraftForge for SecureJarResource(mixin_synthetic)
[10:16:16] [main/DEBUG] [mixin/]: MixinPlatformAgentMinecraftForge rejected container SecureJarResource(mixin_synthetic)
[10:16:16] [main/DEBUG] [mixin/]: Instancing new MixinPlatformAgentDefault for SecureJarResource(mixin_synthetic)
[10:16:16] [main/DEBUG] [mixin/]: MixinPlatformAgentDefault accepted container SecureJarResource(mixin_synthetic)
[10:16:16] [main/DEBUG] [mixin/]: Instancing new FMLMixinPlatformAgent for SecureJarResource(mixin_synthetic)
[10:16:16] [main/DEBUG] [mixin/]: FMLMixinPlatformAgent rejected container SecureJarResource(mixin_synthetic)
[10:16:16] [main/DEBUG] [mixin/]: Processing prepare() for PlatformAgent[MixinPlatformAgentDefault:SecureJarResource(mixin_synthetic)]
[10:16:16] [main/DEBUG] [mixin/]: Adding mixin platform agents for container SecureJarResource(minecraft)
[10:16:16] [main/DEBUG] [mixin/]: Instancing new MixinPlatformAgentMinecraftForge for SecureJarResource(minecraft)
[10:16:16] [main/DEBUG] [mixin/]: MixinPlatformAgentMinecraftForge rejected container SecureJarResource(minecraft)
[10:16:16] [main/DEBUG] [mixin/]: Instancing new MixinPlatformAgentDefault for SecureJarResource(minecraft)
[10:16:16] [main/DEBUG] [mixin/]: MixinPlatformAgentDefault accepted container SecureJarResource(minecraft)
[10:16:16] [main/DEBUG] [mixin/]: Instancing new FMLMixinPlatformAgent for SecureJarResource(minecraft)
[10:16:16] [main/DEBUG] [mixin/]: FMLMixinPlatformAgent rejected container SecureJarResource(minecraft)
[10:16:16] [main/DEBUG] [mixin/]: Processing prepare() for PlatformAgent[MixinPlatformAgentDefault:SecureJarResource(minecraft)]
[10:16:16] [main/DEBUG] [mixin/]: Adding mixin platform agents for container SecureJarResource(veil)
[10:16:16] [main/DEBUG] [mixin/]: Instancing new MixinPlatformAgentMinecraftForge for SecureJarResource(veil)
[10:16:16] [main/DEBUG] [mixin/]: MixinPlatformAgentMinecraftForge rejected container SecureJarResource(veil)
[10:16:16] [main/DEBUG] [mixin/]: Instancing new MixinPlatformAgentDefault for SecureJarResource(veil)
[10:16:16] [main/DEBUG] [mixin/]: MixinPlatformAgentDefault accepted container SecureJarResource(veil)
[10:16:16] [main/DEBUG] [mixin/]: Instancing new FMLMixinPlatformAgent for SecureJarResource(veil)
[10:16:16] [main/DEBUG] [mixin/]: FMLMixinPlatformAgent rejected container SecureJarResource(veil)
[10:16:16] [main/DEBUG] [mixin/]: Processing prepare() for PlatformAgent[MixinPlatformAgentDefault:SecureJarResource(veil)]
[10:16:16] [main/DEBUG] [mixin/]: Adding mixin platform agents for container SecureJarResource(simulated)
[10:16:16] [main/DEBUG] [mixin/]: Instancing new MixinPlatformAgentMinecraftForge for SecureJarResource(simulated)
[10:16:16] [main/DEBUG] [mixin/]: MixinPlatformAgentMinecraftForge rejected container SecureJarResource(simulated)
[10:16:16] [main/DEBUG] [mixin/]: Instancing new MixinPlatformAgentDefault for SecureJarResource(simulated)
[10:16:16] [main/DEBUG] [mixin/]: MixinPlatformAgentDefault accepted container SecureJarResource(simulated)
[10:16:16] [main/DEBUG] [mixin/]: Instancing new FMLMixinPlatformAgent for SecureJarResource(simulated)
[10:16:16] [main/DEBUG] [mixin/]: FMLMixinPlatformAgent rejected container SecureJarResource(simulated)
[10:16:16] [main/DEBUG] [mixin/]: Processing prepare() for PlatformAgent[MixinPlatformAgentDefault:SecureJarResource(simulated)]
[10:16:16] [main/DEBUG] [mixin/]: Adding mixin platform agents for container SecureJarResource(explorerscompass)
[10:16:16] [main/DEBUG] [mixin/]: Instancing new MixinPlatformAgentMinecraftForge for SecureJarResource(explorerscompass)
[10:16:16] [main/DEBUG] [mixin/]: MixinPlatformAgentMinecraftForge rejected container SecureJarResource(explorerscompass)
[10:16:16] [main/DEBUG] [mixin/]: Instancing new MixinPlatformAgentDefault for SecureJarResource(explorerscompass)
[10:16:16] [main/DEBUG] [mixin/]: MixinPlatformAgentDefault accepted container SecureJarResource(explorerscompass)
[10:16:16] [main/DEBUG] [mixin/]: Instancing new FMLMixinPlatformAgent for SecureJarResource(explorerscompass)
[10:16:16] [main/DEBUG] [mixin/]: FMLMixinPlatformAgent rejected container SecureJarResource(explorerscompass)
[10:16:16] [main/DEBUG] [mixin/]: Processing prepare() for PlatformAgent[MixinPlatformAgentDefault:SecureJarResource(explorerscompass)]
[10:16:16] [main/DEBUG] [mixin/]: Adding mixin platform agents for container SecureJarResource(computercraft)
[10:16:16] [main/DEBUG] [mixin/]: Instancing new MixinPlatformAgentMinecraftForge for SecureJarResource(computercraft)
[10:16:16] [main/DEBUG] [mixin/]: MixinPlatformAgentMinecraftForge rejected container SecureJarResource(computercraft)
[10:16:16] [main/DEBUG] [mixin/]: Instancing new MixinPlatformAgentDefault for SecureJarResource(computercraft)
[10:16:16] [main/DEBUG] [mixin/]: MixinPlatformAgentDefault accepted container SecureJarResource(computercraft)
[10:16:16] [main/DEBUG] [mixin/]: Instancing new FMLMixinPlatformAgent for SecureJarResource(computercraft)
[10:16:16] [main/DEBUG] [mixin/]: FMLMixinPlatformAgent rejected container SecureJarResource(computercraft)
[10:16:16] [main/DEBUG] [mixin/]: Processing prepare() for PlatformAgent[MixinPlatformAgentDefault:SecureJarResource(computercraft)]
[10:16:16] [main/DEBUG] [mixin/]: Adding mixin platform agents for container SecureJarResource(jei)
[10:16:16] [main/DEBUG] [mixin/]: Instancing new MixinPlatformAgentMinecraftForge for SecureJarResource(jei)
[10:16:16] [main/DEBUG] [mixin/]: MixinPlatformAgentMinecraftForge rejected container SecureJarResource(jei)
[10:16:16] [main/DEBUG] [mixin/]: Instancing new MixinPlatformAgentDefault for SecureJarResource(jei)
[10:16:16] [main/DEBUG] [mixin/]: MixinPlatformAgentDefault accepted container SecureJarResource(jei)
[10:16:16] [main/DEBUG] [mixin/]: Instancing new FMLMixinPlatformAgent for SecureJarResource(jei)
[10:16:16] [main/DEBUG] [mixin/]: FMLMixinPlatformAgent rejected container SecureJarResource(jei)
[10:16:16] [main/DEBUG] [mixin/]: Processing prepare() for PlatformAgent[MixinPlatformAgentDefault:SecureJarResource(jei)]
[10:16:16] [main/DEBUG] [mixin/]: Adding mixin platform agents for container SecureJarResource(aeronautics)
[10:16:16] [main/DEBUG] [mixin/]: Instancing new MixinPlatformAgentMinecraftForge for SecureJarResource(aeronautics)
[10:16:16] [main/DEBUG] [mixin/]: MixinPlatformAgentMinecraftForge rejected container SecureJarResource(aeronautics)
[10:16:16] [main/DEBUG] [mixin/]: Instancing new MixinPlatformAgentDefault for SecureJarResource(aeronautics)
[10:16:16] [main/DEBUG] [mixin/]: MixinPlatformAgentDefault accepted container SecureJarResource(aeronautics)
[10:16:16] [main/DEBUG] [mixin/]: Instancing new FMLMixinPlatformAgent for SecureJarResource(aeronautics)
[10:16:16] [main/DEBUG] [mixin/]: FMLMixinPlatformAgent rejected container SecureJarResource(aeronautics)
[10:16:16] [main/DEBUG] [mixin/]: Processing prepare() for PlatformAgent[MixinPlatformAgentDefault:SecureJarResource(aeronautics)]
[10:16:16] [main/DEBUG] [mixin/]: Adding mixin platform agents for container SecureJarResource(curios)
[10:16:16] [main/DEBUG] [mixin/]: Instancing new MixinPlatformAgentMinecraftForge for SecureJarResource(curios)
[10:16:16] [main/DEBUG] [mixin/]: MixinPlatformAgentMinecraftForge rejected container SecureJarResource(curios)
[10:16:16] [main/DEBUG] [mixin/]: Instancing new MixinPlatformAgentDefault for SecureJarResource(curios)
[10:16:16] [main/DEBUG] [mixin/]: MixinPlatformAgentDefault accepted container SecureJarResource(curios)
[10:16:16] [main/DEBUG] [mixin/]: Instancing new FMLMixinPlatformAgent for SecureJarResource(curios)
[10:16:16] [main/DEBUG] [mixin/]: FMLMixinPlatformAgent rejected container SecureJarResource(curios)
[10:16:16] [main/DEBUG] [mixin/]: Processing prepare() for PlatformAgent[MixinPlatformAgentDefault:SecureJarResource(curios)]
[10:16:16] [main/DEBUG] [mixin/]: Adding mixin platform agents for container SecureJarResource(sablecompanion)
[10:16:16] [main/DEBUG] [mixin/]: Instancing new MixinPlatformAgentMinecraftForge for SecureJarResource(sablecompanion)
[10:16:16] [main/DEBUG] [mixin/]: MixinPlatformAgentMinecraftForge rejected container SecureJarResource(sablecompanion)
[10:16:16] [main/DEBUG] [mixin/]: Instancing new MixinPlatformAgentDefault for SecureJarResource(sablecompanion)
[10:16:16] [main/DEBUG] [mixin/]: MixinPlatformAgentDefault accepted container SecureJarResource(sablecompanion)
[10:16:16] [main/DEBUG] [mixin/]: Instancing new FMLMixinPlatformAgent for SecureJarResource(sablecompanion)
[10:16:16] [main/DEBUG] [mixin/]: FMLMixinPlatformAgent rejected container SecureJarResource(sablecompanion)
[10:16:16] [main/DEBUG] [mixin/]: Processing prepare() for PlatformAgent[MixinPlatformAgentDefault:SecureJarResource(sablecompanion)]
[10:16:16] [main/DEBUG] [mixin/]: Adding mixin platform agents for container SecureJarResource(flywheel)
[10:16:16] [main/DEBUG] [mixin/]: Instancing new MixinPlatformAgentMinecraftForge for SecureJarResource(flywheel)
[10:16:16] [main/DEBUG] [mixin/]: MixinPlatformAgentMinecraftForge rejected container SecureJarResource(flywheel)
[10:16:16] [main/DEBUG] [mixin/]: Instancing new MixinPlatformAgentDefault for SecureJarResource(flywheel)
[10:16:16] [main/DEBUG] [mixin/]: MixinPlatformAgentDefault accepted container SecureJarResource(flywheel)
[10:16:16] [main/DEBUG] [mixin/]: Instancing new FMLMixinPlatformAgent for SecureJarResource(flywheel)
[10:16:16] [main/DEBUG] [mixin/]: FMLMixinPlatformAgent rejected container SecureJarResource(flywheel)
[10:16:16] [main/DEBUG] [mixin/]: Processing prepare() for PlatformAgent[MixinPlatformAgentDefault:SecureJarResource(flywheel)]
[10:16:16] [main/DEBUG] [mixin/]: Adding mixin platform agents for container SecureJarResource(ponder)
[10:16:16] [main/DEBUG] [mixin/]: Instancing new MixinPlatformAgentMinecraftForge for SecureJarResource(ponder)
[10:16:16] [main/DEBUG] [mixin/]: MixinPlatformAgentMinecraftForge rejected container SecureJarResource(ponder)
[10:16:16] [main/DEBUG] [mixin/]: Instancing new MixinPlatformAgentDefault for SecureJarResource(ponder)
[10:16:16] [main/DEBUG] [mixin/]: MixinPlatformAgentDefault accepted container SecureJarResource(ponder)
[10:16:16] [main/DEBUG] [mixin/]: Instancing new FMLMixinPlatformAgent for SecureJarResource(ponder)
[10:16:16] [main/DEBUG] [mixin/]: FMLMixinPlatformAgent rejected container SecureJarResource(ponder)
[10:16:16] [main/DEBUG] [mixin/]: Processing prepare() for PlatformAgent[MixinPlatformAgentDefault:SecureJarResource(ponder)]
[10:16:16] [main/DEBUG] [mixin/]: Adding mixin platform agents for container SecureJarResource(create)
[10:16:16] [main/DEBUG] [mixin/]: Instancing new MixinPlatformAgentMinecraftForge for SecureJarResource(create)
[10:16:16] [main/DEBUG] [mixin/]: MixinPlatformAgentMinecraftForge rejected container SecureJarResource(create)
[10:16:16] [main/DEBUG] [mixin/]: Instancing new MixinPlatformAgentDefault for SecureJarResource(create)
[10:16:16] [main/DEBUG] [mixin/]: MixinPlatformAgentDefault accepted container SecureJarResource(create)
[10:16:16] [main/DEBUG] [mixin/]: Instancing new FMLMixinPlatformAgent for SecureJarResource(create)
[10:16:16] [main/DEBUG] [mixin/]: FMLMixinPlatformAgent rejected container SecureJarResource(create)
[10:16:16] [main/DEBUG] [mixin/]: Processing prepare() for PlatformAgent[MixinPlatformAgentDefault:SecureJarResource(create)]
[10:16:16] [main/DEBUG] [mixin/]: Registering mixin config: create.mixins.json source=SecureJarResource(create)
[10:16:16] [main/DEBUG] [mixin/]: Adding mixin platform agents for container SecureJarResource(sable)
[10:16:16] [main/DEBUG] [mixin/]: Instancing new MixinPlatformAgentMinecraftForge for SecureJarResource(sable)
[10:16:16] [main/DEBUG] [mixin/]: MixinPlatformAgentMinecraftForge rejected container SecureJarResource(sable)
[10:16:16] [main/DEBUG] [mixin/]: Instancing new MixinPlatformAgentDefault for SecureJarResource(sable)
[10:16:16] [main/DEBUG] [mixin/]: MixinPlatformAgentDefault accepted container SecureJarResource(sable)
[10:16:16] [main/DEBUG] [mixin/]: Instancing new FMLMixinPlatformAgent for SecureJarResource(sable)
[10:16:16] [main/DEBUG] [mixin/]: FMLMixinPlatformAgent rejected container SecureJarResource(sable)
[10:16:16] [main/DEBUG] [mixin/]: Processing prepare() for PlatformAgent[MixinPlatformAgentDefault:SecureJarResource(sable)]
[10:16:16] [main/DEBUG] [mixin/]: Adding mixin platform agents for container SecureJarResource(sablescale)
[10:16:16] [main/DEBUG] [mixin/]: Instancing new MixinPlatformAgentMinecraftForge for SecureJarResource(sablescale)
[10:16:16] [main/DEBUG] [mixin/]: MixinPlatformAgentMinecraftForge rejected container SecureJarResource(sablescale)
[10:16:16] [main/DEBUG] [mixin/]: Instancing new MixinPlatformAgentDefault for SecureJarResource(sablescale)
[10:16:16] [main/DEBUG] [mixin/]: MixinPlatformAgentDefault accepted container SecureJarResource(sablescale)
[10:16:16] [main/DEBUG] [mixin/]: Instancing new FMLMixinPlatformAgent for SecureJarResource(sablescale)
[10:16:16] [main/DEBUG] [mixin/]: FMLMixinPlatformAgent rejected container SecureJarResource(sablescale)
[10:16:16] [main/DEBUG] [mixin/]: Processing prepare() for PlatformAgent[MixinPlatformAgentDefault:SecureJarResource(sablescale)]
[10:16:16] [main/DEBUG] [mixin/]: Adding mixin platform agents for container SecureJarResource(antikytheramechanism)
[10:16:16] [main/DEBUG] [mixin/]: Instancing new MixinPlatformAgentMinecraftForge for SecureJarResource(antikytheramechanism)
[10:16:16] [main/DEBUG] [mixin/]: MixinPlatformAgentMinecraftForge rejected container SecureJarResource(antikytheramechanism)
[10:16:16] [main/DEBUG] [mixin/]: Instancing new MixinPlatformAgentDefault for SecureJarResource(antikytheramechanism)
[10:16:16] [main/DEBUG] [mixin/]: MixinPlatformAgentDefault accepted container SecureJarResource(antikytheramechanism)
[10:16:16] [main/DEBUG] [mixin/]: Instancing new FMLMixinPlatformAgent for SecureJarResource(antikytheramechanism)
[10:16:16] [main/DEBUG] [mixin/]: FMLMixinPlatformAgent rejected container SecureJarResource(antikytheramechanism)
[10:16:16] [main/DEBUG] [mixin/]: Processing prepare() for PlatformAgent[MixinPlatformAgentDefault:SecureJarResource(antikytheramechanism)]
[10:16:16] [main/DEBUG] [mixin/]: Adding mixin platform agents for container SecureJarResource(offroad)
[10:16:16] [main/DEBUG] [mixin/]: Instancing new MixinPlatformAgentMinecraftForge for SecureJarResource(offroad)
[10:16:16] [main/DEBUG] [mixin/]: MixinPlatformAgentMinecraftForge rejected container SecureJarResource(offroad)
[10:16:16] [main/DEBUG] [mixin/]: Instancing new MixinPlatformAgentDefault for SecureJarResource(offroad)
[10:16:16] [main/DEBUG] [mixin/]: MixinPlatformAgentDefault accepted container SecureJarResource(offroad)
[10:16:16] [main/DEBUG] [mixin/]: Instancing new FMLMixinPlatformAgent for SecureJarResource(offroad)
[10:16:16] [main/DEBUG] [mixin/]: FMLMixinPlatformAgent rejected container SecureJarResource(offroad)
[10:16:16] [main/DEBUG] [mixin/]: Processing prepare() for PlatformAgent[MixinPlatformAgentDefault:SecureJarResource(offroad)]
[10:16:16] [main/DEBUG] [mixin/]: Adding mixin platform agents for container SecureJarResource(naturescompass)
[10:16:16] [main/DEBUG] [mixin/]: Instancing new MixinPlatformAgentMinecraftForge for SecureJarResource(naturescompass)
[10:16:16] [main/DEBUG] [mixin/]: MixinPlatformAgentMinecraftForge rejected container SecureJarResource(naturescompass)
[10:16:16] [main/DEBUG] [mixin/]: Instancing new MixinPlatformAgentDefault for SecureJarResource(naturescompass)
[10:16:16] [main/DEBUG] [mixin/]: MixinPlatformAgentDefault accepted container SecureJarResource(naturescompass)
[10:16:16] [main/DEBUG] [mixin/]: Instancing new FMLMixinPlatformAgent for SecureJarResource(naturescompass)
[10:16:16] [main/DEBUG] [mixin/]: FMLMixinPlatformAgent rejected container SecureJarResource(naturescompass)
[10:16:16] [main/DEBUG] [mixin/]: Processing prepare() for PlatformAgent[MixinPlatformAgentDefault:SecureJarResource(naturescompass)]
[10:16:16] [main/DEBUG] [mixin/]: Adding mixin platform agents for container SecureJarResource(Registrate.MC1._21._67)
[10:16:16] [main/DEBUG] [mixin/]: Instancing new MixinPlatformAgentMinecraftForge for SecureJarResource(Registrate.MC1._21._67)
[10:16:16] [main/DEBUG] [mixin/]: MixinPlatformAgentMinecraftForge rejected container SecureJarResource(Registrate.MC1._21._67)
[10:16:16] [main/DEBUG] [mixin/]: Instancing new MixinPlatformAgentDefault for SecureJarResource(Registrate.MC1._21._67)
[10:16:16] [main/DEBUG] [mixin/]: MixinPlatformAgentDefault accepted container SecureJarResource(Registrate.MC1._21._67)
[10:16:16] [main/DEBUG] [mixin/]: Instancing new FMLMixinPlatformAgent for SecureJarResource(Registrate.MC1._21._67)
[10:16:16] [main/DEBUG] [mixin/]: FMLMixinPlatformAgent rejected container SecureJarResource(Registrate.MC1._21._67)
[10:16:16] [main/DEBUG] [mixin/]: Processing prepare() for PlatformAgent[MixinPlatformAgentDefault:SecureJarResource(Registrate.MC1._21._67)]
[10:16:16] [main/DEBUG] [mixin/]: Adding mixin platform agents for container SecureJarResource(sable_rapier)
[10:16:16] [main/DEBUG] [mixin/]: Instancing new MixinPlatformAgentMinecraftForge for SecureJarResource(sable_rapier)
[10:16:16] [main/DEBUG] [mixin/]: MixinPlatformAgentMinecraftForge rejected container SecureJarResource(sable_rapier)
[10:16:16] [main/DEBUG] [mixin/]: Instancing new MixinPlatformAgentDefault for SecureJarResource(sable_rapier)
[10:16:16] [main/DEBUG] [mixin/]: MixinPlatformAgentDefault accepted container SecureJarResource(sable_rapier)
[10:16:16] [main/DEBUG] [mixin/]: Instancing new FMLMixinPlatformAgent for SecureJarResource(sable_rapier)
[10:16:16] [main/DEBUG] [mixin/]: FMLMixinPlatformAgent rejected container SecureJarResource(sable_rapier)
[10:16:16] [main/DEBUG] [mixin/]: Processing prepare() for PlatformAgent[MixinPlatformAgentDefault:SecureJarResource(sable_rapier)]
[10:16:16] [main/DEBUG] [mixin/]: Adding mixin platform agents for container SecureJarResource(mixinsquared.neoforge)
[10:16:16] [main/DEBUG] [mixin/]: Instancing new MixinPlatformAgentMinecraftForge for SecureJarResource(mixinsquared.neoforge)
[10:16:16] [main/DEBUG] [mixin/]: MixinPlatformAgentMinecraftForge rejected container SecureJarResource(mixinsquared.neoforge)
[10:16:16] [main/DEBUG] [mixin/]: Instancing new MixinPlatformAgentDefault for SecureJarResource(mixinsquared.neoforge)
[10:16:16] [main/DEBUG] [mixin/]: MixinPlatformAgentDefault accepted container SecureJarResource(mixinsquared.neoforge)
[10:16:16] [main/DEBUG] [mixin/]: Instancing new FMLMixinPlatformAgent for SecureJarResource(mixinsquared.neoforge)
[10:16:16] [main/DEBUG] [mixin/]: FMLMixinPlatformAgent rejected container SecureJarResource(mixinsquared.neoforge)
[10:16:16] [main/DEBUG] [mixin/]: Processing prepare() for PlatformAgent[MixinPlatformAgentDefault:SecureJarResource(mixinsquared.neoforge)]
[10:16:16] [main/DEBUG] [mixin/]: Registering mixin config: mixinsquared.init.mixins.json source=SecureJarResource(mixinsquared.neoforge)
[10:16:16] [main/DEBUG] [mixin/]: Adding mixin platform agents for container SecureJarResource(mixinextras.neoforge)
[10:16:16] [main/DEBUG] [mixin/]: Instancing new MixinPlatformAgentMinecraftForge for SecureJarResource(mixinextras.neoforge)
[10:16:16] [main/DEBUG] [mixin/]: MixinPlatformAgentMinecraftForge rejected container SecureJarResource(mixinextras.neoforge)
[10:16:16] [main/DEBUG] [mixin/]: Instancing new MixinPlatformAgentDefault for SecureJarResource(mixinextras.neoforge)
[10:16:16] [main/DEBUG] [mixin/]: MixinPlatformAgentDefault accepted container SecureJarResource(mixinextras.neoforge)
[10:16:16] [main/DEBUG] [mixin/]: Instancing new FMLMixinPlatformAgent for SecureJarResource(mixinextras.neoforge)
[10:16:16] [main/DEBUG] [mixin/]: FMLMixinPlatformAgent rejected container SecureJarResource(mixinextras.neoforge)
[10:16:16] [main/DEBUG] [mixin/]: Processing prepare() for PlatformAgent[MixinPlatformAgentDefault:SecureJarResource(mixinextras.neoforge)]
[10:16:16] [main/DEBUG] [mixin/]: Registering mixin config: mixinextras.init.mixins.json source=SecureJarResource(mixinextras.neoforge)
[10:16:16] [main/DEBUG] [mixin/]: inject() running with 24 agents
[10:16:16] [main/DEBUG] [mixin/]: Processing inject() for PlatformAgent[MixinPlatformAgentDefault:ModLauncher Root Container(ModLauncher:4f56a0a2)]
[10:16:16] [main/DEBUG] [mixin/]: Processing inject() for PlatformAgent[MixinPlatformAgentDefault:net.neoforged.fml.loading.mixin.FMLMixinContainerHandle@3bb8aabc]
[10:16:16] [main/DEBUG] [mixin/]: Processing inject() for PlatformAgent[FMLMixinPlatformAgent:null]
[10:16:16] [main/DEBUG] [mixin/]: Processing inject() for PlatformAgent[MixinPlatformAgentDefault:SecureJarResource(mixin_synthetic)]
[10:16:16] [main/DEBUG] [mixin/]: Processing inject() for PlatformAgent[MixinPlatformAgentDefault:SecureJarResource(minecraft)]
[10:16:16] [main/DEBUG] [mixin/]: Processing inject() for PlatformAgent[MixinPlatformAgentDefault:SecureJarResource(veil)]
[10:16:16] [main/DEBUG] [mixin/]: Processing inject() for PlatformAgent[MixinPlatformAgentDefault:SecureJarResource(simulated)]
[10:16:16] [main/DEBUG] [mixin/]: Processing inject() for PlatformAgent[MixinPlatformAgentDefault:SecureJarResource(explorerscompass)]
[10:16:16] [main/DEBUG] [mixin/]: Processing inject() for PlatformAgent[MixinPlatformAgentDefault:SecureJarResource(computercraft)]
[10:16:16] [main/DEBUG] [mixin/]: Processing inject() for PlatformAgent[MixinPlatformAgentDefault:SecureJarResource(jei)]
[10:16:16] [main/DEBUG] [mixin/]: Processing inject() for PlatformAgent[MixinPlatformAgentDefault:SecureJarResource(aeronautics)]
[10:16:16] [main/DEBUG] [mixin/]: Processing inject() for PlatformAgent[MixinPlatformAgentDefault:SecureJarResource(curios)]
[10:16:16] [main/DEBUG] [mixin/]: Processing inject() for PlatformAgent[MixinPlatformAgentDefault:SecureJarResource(sablecompanion)]
[10:16:16] [main/DEBUG] [mixin/]: Processing inject() for PlatformAgent[MixinPlatformAgentDefault:SecureJarResource(flywheel)]
[10:16:16] [main/DEBUG] [mixin/]: Processing inject() for PlatformAgent[MixinPlatformAgentDefault:SecureJarResource(ponder)]
[10:16:16] [main/DEBUG] [mixin/]: Processing inject() for PlatformAgent[MixinPlatformAgentDefault:SecureJarResource(create)]
[10:16:16] [main/DEBUG] [mixin/]: Processing inject() for PlatformAgent[MixinPlatformAgentDefault:SecureJarResource(sable)]
[10:16:16] [main/DEBUG] [mixin/]: Processing inject() for PlatformAgent[MixinPlatformAgentDefault:SecureJarResource(sablescale)]
[10:16:16] [main/DEBUG] [mixin/]: Processing inject() for PlatformAgent[MixinPlatformAgentDefault:SecureJarResource(antikytheramechanism)]
[10:16:16] [main/DEBUG] [mixin/]: Processing inject() for PlatformAgent[MixinPlatformAgentDefault:SecureJarResource(offroad)]
[10:16:16] [main/DEBUG] [mixin/]: Processing inject() for PlatformAgent[MixinPlatformAgentDefault:SecureJarResource(naturescompass)]
[10:16:16] [main/DEBUG] [mixin/]: Processing inject() for PlatformAgent[MixinPlatformAgentDefault:SecureJarResource(Registrate.MC1._21._67)]
[10:16:16] [main/DEBUG] [mixin/]: Processing inject() for PlatformAgent[MixinPlatformAgentDefault:SecureJarResource(sable_rapier)]
[10:16:16] [main/DEBUG] [mixin/]: Processing inject() for PlatformAgent[MixinPlatformAgentDefault:SecureJarResource(mixinsquared.neoforge)]
[10:16:16] [main/DEBUG] [mixin/]: Processing inject() for PlatformAgent[MixinPlatformAgentDefault:SecureJarResource(mixinextras.neoforge)]
[10:16:16] [main/INFO] [cp.mo.mo.LaunchServiceHandler/MODLAUNCHER]: Launching target 'forgeserverdev' with arguments [--gameDir, .]
[10:16:16] [main/DEBUG] [mixin/]: Preparing mixins for MixinEnvironment[DEFAULT]
[10:16:16] [main/DEBUG] [mixin/]: Selecting config veil.command.mixins.json
[10:16:16] [main/DEBUG] [mixin/]: Selecting config veil.debug.mixins.json
[10:16:16] [main/DEBUG] [mixin/]: Selecting config veil.dynamicbuffer.mixins.json
[10:16:16] [main/DEBUG] [mixin/]: Selecting config veil.fix.mixins.json
[10:16:16] [main/DEBUG] [mixin/]: Selecting config veil.framebuffer.mixins.json
[10:16:16] [main/DEBUG] [mixin/]: Selecting config veil.necromancer.mixins.json
[10:16:16] [main/DEBUG] [mixin/]: Selecting config veil.network.mixins.json
[10:16:16] [main/DEBUG] [mixin/]: Selecting config veil.performance.mixins.json
[10:16:16] [main/DEBUG] [mixin/]: Selecting config veil.perspective.mixins.json
[10:16:16] [main/DEBUG] [mixin/]: Selecting config veil.pipeline.mixins.json
[10:16:16] [main/DEBUG] [mixin/]: Selecting config veil.quasar.mixins.json
[10:16:16] [main/DEBUG] [mixin/]: Selecting config veil.registry.mixins.json
[10:16:16] [main/DEBUG] [mixin/]: Selecting config veil.rendertype.mixins.json
[10:16:16] [main/DEBUG] [mixin/]: Selecting config veil.resource.mixins.json
[10:16:16] [main/DEBUG] [mixin/]: Selecting config veil.scheduler.mixins.json
[10:16:16] [main/DEBUG] [mixin/]: Selecting config veil.shader.mixins.json
[10:16:16] [main/DEBUG] [mixin/]: Selecting config veil.neoforge.mixins.json
[10:16:16] [main/DEBUG] [mixin/]: Selecting config simulated.mixins.json
[10:16:16] [main/WARN] [mixin/]: Reference map 'simulated.refmap.json' for simulated.mixins.json could not be read. If this is a development environment you can ignore this message
[10:16:16] [main/DEBUG] [mixin/]: Selecting config simulated-neoforge.mixins.json
[10:16:16] [main/DEBUG] [mixin/]: Selecting config computercraft.mixins.json
[10:16:16] [main/DEBUG] [mixin/]: Selecting config computercraft.forge.mixins.json
[10:16:16] [main/DEBUG] [mixin/]: Selecting config computercraft-client.forge.mixins.json
[10:16:16] [main/DEBUG] [mixin/]: Selecting config aeronautics.mixins.json
[10:16:16] [main/WARN] [mixin/]: Reference map 'aeronautics.refmap.json' for aeronautics.mixins.json could not be read. If this is a development environment you can ignore this message
[10:16:16] [main/DEBUG] [mixin/]: Selecting config aeronautics.neoforge.mixins.json
[10:16:16] [main/DEBUG] [mixin/]: Selecting config curios.neoforge.mixins.json
[10:16:16] [main/WARN] [mixin/]: Reference map 'curios.refmap.json' for curios.neoforge.mixins.json could not be read. If this is a development environment you can ignore this message
[10:16:16] [main/DEBUG] [mixin/]: Selecting config curios.mixins.json
[10:16:16] [main/WARN] [mixin/]: Reference map 'curios.refmap.json' for curios.mixins.json could not be read. If this is a development environment you can ignore this message
[10:16:16] [main/DEBUG] [mixin/]: Selecting config flywheel.backend.mixins.json
[10:16:16] [main/DEBUG] [mixin/]: Selecting config flywheel.impl.mixins.json
[10:16:16] [main/DEBUG] [mixin/]: Selecting config flywheel.impl.neoforge.mixins.json
[10:16:16] [main/DEBUG] [mixin/]: Selecting config ponder.mixins.json
[10:16:16] [main/DEBUG] [mixin/]: Selecting config ponder-common.mixins.json
[10:16:16] [main/WARN] [mixin/]: Reference map 'ponder.refmap.json' for ponder-common.mixins.json could not be read. If this is a development environment you can ignore this message
[10:16:16] [main/DEBUG] [mixin/]: Selecting config create.mixins.json
[10:16:16] [main/DEBUG] [mixin/]: Selecting config sable.mixins.json
[10:16:16] [main/INFO] [de.ry.sa.mi.AbstractSableMixinPlugin/]: Using Vanilla renderer mixins
[10:16:16] [main/DEBUG] [mixin/]: Selecting config sable-neoforge.mixins.json
[10:16:16] [main/INFO] [de.ry.sa.mi.AbstractSableMixinPlugin/]: Using Vanilla renderer mixins
[10:16:16] [main/DEBUG] [mixin/]: Selecting config sablescale.mixins.json
[10:16:16] [main/DEBUG] [mixin/]: Selecting config sablescale.flywheel.mixins.json
[10:16:16] [main/DEBUG] [mixin/]: Registering new target selector for @mixinsquared:handler with com.bawnorton.mixinsquared.selector.DynamicSelectorHandler
[10:16:16] [main/INFO] [de.sa.co.RequiredModsMixinPlugin/]: [Sable Scale] patch 'Flywheel sub-level scaling' active - bootstrapped MixinSquared.
[10:16:16] [main/DEBUG] [mixin/]: Selecting config sablescale.simulated.mixins.json
[10:16:16] [main/DEBUG] [mixin/]: Selecting config antikytheramechanism.mixins.json
[10:16:16] [main/DEBUG] [mixin/]: Selecting config antikytheramechanism.client.mixins.json
[10:16:16] [main/DEBUG] [mixin/]: Selecting config offroad.mixins.json
[10:16:16] [main/WARN] [mixin/]: Reference map 'offroad.refmap.json' for offroad.mixins.json could not be read. If this is a development environment you can ignore this message
[10:16:16] [main/DEBUG] [mixin/]: Selecting config offroad.neoforge.mixins.json
[10:16:16] [main/DEBUG] [mixin/]: Selecting config neoforge.mixins.json
[10:16:16] [main/DEBUG] [mixin/]: Selecting config mixinsquared.init.mixins.json
[10:16:16] [main/DEBUG] [mixin/]: Selecting config mixinextras.init.mixins.json
[10:16:16] [main/DEBUG] [MixinExtras|Service/]: com.llamalad7.mixinextras.service.MixinExtrasServiceImpl(version=0.5.3) is taking over from null
[10:16:16] [main/DEBUG] [mixin/]: Registering new injector for @Inject with org.spongepowered.asm.mixin.injection.struct.CallbackInjectionInfo
[10:16:16] [main/DEBUG] [mixin/]: Registering new injector for @ModifyArg with org.spongepowered.asm.mixin.injection.struct.ModifyArgInjectionInfo
[10:16:16] [main/DEBUG] [mixin/]: Registering new injector for @ModifyArgs with org.spongepowered.asm.mixin.injection.struct.ModifyArgsInjectionInfo
[10:16:16] [main/DEBUG] [mixin/]: Registering new injector for @Redirect with org.spongepowered.asm.mixin.injection.struct.RedirectInjectionInfo
[10:16:16] [main/DEBUG] [mixin/]: Registering new injector for @ModifyVariable with org.spongepowered.asm.mixin.injection.struct.ModifyVariableInjectionInfo
[10:16:16] [main/DEBUG] [mixin/]: Registering new injector for @ModifyConstant with org.spongepowered.asm.mixin.injection.struct.ModifyConstantInjectionInfo
[10:16:16] [main/DEBUG] [mixin/]: Preparing veil.command.mixins.json (1)
[10:16:16] [main/DEBUG] [mixin/]: Preparing veil.debug.mixins.json (15)
[10:16:16] [main/DEBUG] [mixin/]: Preparing veil.dynamicbuffer.mixins.json (5)
[10:16:16] [main/DEBUG] [mixin/]: Preparing veil.fix.mixins.json (3)
[10:16:16] [main/DEBUG] [mixin/]: Preparing veil.framebuffer.mixins.json (1)
[10:16:16] [main/DEBUG] [mixin/]: Preparing veil.necromancer.mixins.json (2)
[10:16:16] [main/DEBUG] [mixin/]: Preparing veil.network.mixins.json (3)
[10:16:16] [main/DEBUG] [mixin/]: Preparing veil.performance.mixins.json (4)
[10:16:16] [main/DEBUG] [mixin/]: Preparing veil.perspective.mixins.json (3)
[10:16:16] [main/DEBUG] [mixin/]: Preparing veil.pipeline.mixins.json (19)
[10:16:16] [main/DEBUG] [mixin/]: Preparing veil.quasar.mixins.json (2)
[10:16:16] [main/DEBUG] [mixin/]: Preparing veil.registry.mixins.json (1)
[10:16:16] [main/DEBUG] [mixin/]: Preparing veil.rendertype.mixins.json (6)
[10:16:16] [main/DEBUG] [mixin/]: Preparing veil.resource.mixins.json (6)
[10:16:16] [main/DEBUG] [mixin/]: Preparing veil.scheduler.mixins.json (1)
[10:16:16] [main/DEBUG] [mixin/]: Preparing veil.shader.mixins.json (4)
[10:16:16] [main/DEBUG] [mixin/]: Preparing veil.neoforge.mixins.json (34)
[10:16:16] [main/DEBUG] [mixin/]: Preparing simulated.mixins.json (86)
[10:16:16] [main/DEBUG] [mixin/]: Preparing simulated-neoforge.mixins.json (12)
[10:16:17] [main/DEBUG] [mixin/]: Preparing computercraft.mixins.json (3)
[10:16:17] [main/DEBUG] [mixin/]: Preparing computercraft.forge.mixins.json (1)
[10:16:17] [main/DEBUG] [mixin/]: Preparing computercraft-client.forge.mixins.json (2)
[10:16:17] [main/DEBUG] [mixin/]: Preparing aeronautics.mixins.json (29)
[10:16:17] [main/DEBUG] [mixin/]: Preparing aeronautics.neoforge.mixins.json (1)
[10:16:17] [main/DEBUG] [mixin/]: Preparing curios.neoforge.mixins.json (10)
[10:16:17] [main/DEBUG] [mixin/]: Preparing curios.mixins.json (3)
[10:16:17] [main/DEBUG] [mixin/]: Preparing flywheel.backend.mixins.json (9)
[10:16:17] [main/DEBUG] [mixin/]: Preparing flywheel.impl.mixins.json (14)
[10:16:17] [main/DEBUG] [mixin/]: Preparing flywheel.impl.neoforge.mixins.json (1)
[10:16:17] [main/DEBUG] [mixin/]: Preparing ponder.mixins.json (1)
[10:16:17] [main/DEBUG] [mixin/]: Preparing ponder-common.mixins.json (12)
[10:16:17] [main/DEBUG] [mixin/]: Preparing create.mixins.json (64)
[10:16:17] [main/DEBUG] [mixin/]: Preparing sable.mixins.json (215)
[10:16:17] [main/ERROR] [ne.ne.fm.co.as.RuntimeDistCleaner/DISTXFORM]: Attempted to load class net/minecraft/client/multiplayer/ClientLevel for invalid dist DEDICATED_SERVER
[10:16:17] [main/WARN] [mixin/]: Error loading class: net/minecraft/client/multiplayer/ClientLevel (java.lang.RuntimeException: Attempted to load class net/minecraft/client/multiplayer/ClientLevel for invalid dist DEDICATED_SERVER)
[10:16:17] [main/DEBUG] [mixin/]: Skipping virtual target net.minecraft.client.multiplayer.ClientLevel for sable.mixins.json:entity.entity_aabb_lookup.LevelsMixin from mod sable
[10:16:17] [main/ERROR] [ne.ne.fm.co.as.RuntimeDistCleaner/DISTXFORM]: Attempted to load class net/minecraft/client/multiplayer/ClientLevel for invalid dist DEDICATED_SERVER
[10:16:17] [main/WARN] [mixin/]: Error loading class: net/minecraft/client/multiplayer/ClientLevel (java.lang.RuntimeException: Attempted to load class net/minecraft/client/multiplayer/ClientLevel for invalid dist DEDICATED_SERVER)
[10:16:17] [main/DEBUG] [mixin/]: Skipping virtual target net.minecraft.client.multiplayer.ClientLevel for sable.mixins.json:plot.LevelsMixin from mod sable
[10:16:17] [main/ERROR] [ne.ne.fm.co.as.RuntimeDistCleaner/DISTXFORM]: Attempted to load class net/minecraft/client/multiplayer/ClientLevel for invalid dist DEDICATED_SERVER
[10:16:17] [main/WARN] [mixin/]: Error loading class: net/minecraft/client/multiplayer/ClientLevel (java.lang.RuntimeException: Attempted to load class net/minecraft/client/multiplayer/ClientLevel for invalid dist DEDICATED_SERVER)
[10:16:17] [main/DEBUG] [mixin/]: Skipping virtual target net.minecraft.client.multiplayer.ClientLevel for sable.mixins.json:water_occlusion.LevelsMixin from mod sable
[10:16:17] [main/DEBUG] [mixin/]: Preparing sable-neoforge.mixins.json (158)
[10:16:17] [main/DEBUG] [mixin/]: Preparing sablescale.mixins.json (25)
[10:16:17] [main/DEBUG] [mixin/]: Preparing sablescale.flywheel.mixins.json (1)
[10:16:17] [main/DEBUG] [mixin/]: Preparing sablescale.simulated.mixins.json (3)
[10:16:17] [main/DEBUG] [mixin/]: @Mixin target dev.simulated_team.simulated.content.blocks.swivel_bearing.SwivelBearingBlockEntity is public in sablescale.simulated.mixins.json:SwivelBearingAssemblyScaleMixin from mod sablescale and should be specified in value
[10:16:17] [main/DEBUG] [mixin/]: Preparing antikytheramechanism.mixins.json (51)
[10:16:17] [main/DEBUG] [mixin/]: Preparing antikytheramechanism.client.mixins.json (18)
[10:16:17] [main/DEBUG] [mixin/]: Preparing offroad.mixins.json (5)
[10:16:17] [main/DEBUG] [mixin/]: Preparing offroad.neoforge.mixins.json (1)
[10:16:17] [main/DEBUG] [mixin/]: Preparing neoforge.mixins.json (2)
[10:16:17] [main/DEBUG] [mixin/]: Preparing mixinsquared.init.mixins.json (0)
[10:16:17] [main/DEBUG] [mixin/]: Preparing mixinextras.init.mixins.json (0)
[10:16:17] [main/DEBUG] [mixin/]: Inner class foundry/veil/mixin/resource/ResourceVanillaPackResourcesMixin$1 in foundry/veil/mixin/resource/ResourceVanillaPackResourcesMixin on net/minecraft/server/packs/VanillaPackResources gets unique name net/minecraft/server/packs/VanillaPackResources$Anonymous$6790ee890ba14467a28adf7e5bb1280f
[10:16:17] [main/DEBUG] [mixin/]: Inner class foundry/veil/forge/mixin/resources/PathPackResourcesMixin$1 in foundry/veil/forge/mixin/resources/PathPackResourcesMixin on net/minecraft/server/packs/PathPackResources gets unique name net/minecraft/server/packs/PathPackResources$Anonymous$2da478bc3fa6473abdc3e4e9b159201c
[10:16:17] [main/WARN] [mixin/]: Error loading class: org/jetbrains/annotations/ApiStatus$ScheduledForRemoval (java.lang.ClassNotFoundException: org.jetbrains.annotations.ApiStatus$ScheduledForRemoval)
[10:16:17] [main/ERROR] [ne.ne.fm.co.as.RuntimeDistCleaner/DISTXFORM]: Attempted to load class net/minecraft/client/multiplayer/ClientLevel for invalid dist DEDICATED_SERVER
[10:16:17] [main/WARN] [mixin/]: Error loading class: net/minecraft/client/multiplayer/ClientLevel (java.lang.RuntimeException: Attempted to load class net/minecraft/client/multiplayer/ClientLevel for invalid dist DEDICATED_SERVER)
[10:16:17] [main/ERROR] [ne.ne.fm.co.as.RuntimeDistCleaner/DISTXFORM]: Attempted to load class net/minecraft/client/multiplayer/ClientLevel for invalid dist DEDICATED_SERVER
[10:16:17] [main/WARN] [mixin/]: Error loading class: net/minecraft/client/multiplayer/ClientLevel (java.lang.RuntimeException: Attempted to load class net/minecraft/client/multiplayer/ClientLevel for invalid dist DEDICATED_SERVER)
[10:16:17] [main/ERROR] [ne.ne.fm.co.as.RuntimeDistCleaner/DISTXFORM]: Attempted to load class net/minecraft/client/multiplayer/ClientLevel for invalid dist DEDICATED_SERVER
[10:16:17] [main/WARN] [mixin/]: Error loading class: net/minecraft/client/multiplayer/ClientLevel (java.lang.RuntimeException: Attempted to load class net/minecraft/client/multiplayer/ClientLevel for invalid dist DEDICATED_SERVER)
[10:16:17] [main/ERROR] [ne.ne.fm.co.as.RuntimeDistCleaner/DISTXFORM]: Attempted to load class net/minecraft/client/multiplayer/ClientLevel for invalid dist DEDICATED_SERVER
[10:16:17] [main/WARN] [mixin/]: Error loading class: net/minecraft/client/multiplayer/ClientLevel (java.lang.RuntimeException: Attempted to load class net/minecraft/client/multiplayer/ClientLevel for invalid dist DEDICATED_SERVER)
[10:16:17] [main/DEBUG] [mixin/]: Inner class dev/ryanhcode/sable/mixin/udp/ConnectionMixin$2 in dev/ryanhcode/sable/mixin/udp/ConnectionMixin on net/minecraft/network/Connection gets unique name net/minecraft/network/Connection$Anonymous$006f1e236dc74cf0855c29b791e5e570
[10:16:17] [main/DEBUG] [mixin/]: Inner class dev/ryanhcode/sable/mixin/udp/ConnectionMixin$1 in dev/ryanhcode/sable/mixin/udp/ConnectionMixin on net/minecraft/network/Connection gets unique name net/minecraft/network/Connection$Anonymous$c375bcc32f674f2ba18dbca2a4a3afa4
[10:16:17] [main/DEBUG] [mixin/]: Inner class dev/ryanhcode/sable/mixin/udp/ServerConnectionListenerMixin$2 in dev/ryanhcode/sable/mixin/udp/ServerConnectionListenerMixin on net/minecraft/server/network/ServerConnectionListener gets unique name net/minecraft/server/network/ServerConnectionListener$Anonymous$1f5c0fc84a7146349aa72c5736c912f0
[10:16:17] [main/DEBUG] [mixin/]: Inner class dev/ryanhcode/sable/mixin/udp/ServerConnectionListenerMixin$1 in dev/ryanhcode/sable/mixin/udp/ServerConnectionListenerMixin on net/minecraft/server/network/ServerConnectionListener gets unique name net/minecraft/server/network/ServerConnectionListener$Anonymous$cc6ff89577b642cb92438cf014425920
[10:16:17] [main/ERROR] [ne.ne.fm.co.as.RuntimeDistCleaner/DISTXFORM]: Attempted to load class net/minecraft/client/multiplayer/ClientLevel for invalid dist DEDICATED_SERVER
[10:16:17] [main/WARN] [mixin/]: Error loading class: net/minecraft/client/multiplayer/ClientLevel (java.lang.RuntimeException: Attempted to load class net/minecraft/client/multiplayer/ClientLevel for invalid dist DEDICATED_SERVER)
[10:16:17] [main/ERROR] [ne.ne.fm.co.as.RuntimeDistCleaner/DISTXFORM]: Attempted to load class net/minecraft/client/multiplayer/ClientLevel for invalid dist DEDICATED_SERVER
[10:16:17] [main/WARN] [mixin/]: Error loading class: net/minecraft/client/multiplayer/ClientLevel (java.lang.RuntimeException: Attempted to load class net/minecraft/client/multiplayer/ClientLevel for invalid dist DEDICATED_SERVER)
[10:16:17] [main/DEBUG] [mixin/]: Inner class dev/antikytheramechanism/mixin/PhysicsAssemblerMiniPhysicsMixin$MotionInheritance in dev/antikytheramechanism/mixin/PhysicsAssemblerMiniPhysicsMixin on dev/simulated_team/simulated/content/blocks/physics_assembler/PhysicsAssemblerBlockEntity gets unique name dev/simulated_team/simulated/content/blocks/physics_assembler/PhysicsAssemblerBlockEntity$MotionInheritance$bae3eaa065714717a6a29dba5a83f586
[10:16:17] [main/DEBUG] [mixin/]: Prepared 449 mixins in 1.531 sec (3.4ms avg) (0ms load, 0ms transform, 0ms plugin)
[10:16:17] [main/DEBUG] [io.ne.ut.in.lo.InternalLoggerFactory/]: Using SLF4J as the default logging framework
[10:16:17] [main/DEBUG] [io.ne.ut.ResourceLeakDetector/]: -Dio.netty.leakDetection.level: simple
[10:16:17] [main/DEBUG] [io.ne.ut.ResourceLeakDetector/]: -Dio.netty.leakDetection.targetRecords: 4
[10:16:17] [main/INFO] [MixinExtras|Service/]: Initializing MixinExtras via com.llamalad7.mixinextras.service.MixinExtrasServiceImpl(version=0.5.3).
[10:16:17] [main/DEBUG] [mixin/]: Registering new injector for @SugarWrapper with com.llamalad7.mixinextras.sugar.impl.SugarWrapperInjectionInfo
[10:16:17] [main/DEBUG] [mixin/]: Registering new injector for @FactoryRedirectWrapper with com.llamalad7.mixinextras.wrapper.factory.FactoryRedirectWrapperInjectionInfo
[10:16:17] [main/DEBUG] [mixin/]: Registering new injector for @ExpressionInjectorWrapper with com.llamalad7.mixinextras.expression.impl.wrapper.ExpressionInjectorWrapperInjectionInfo
[10:16:17] [main/DEBUG] [mixin/]: Mixing accessor.NbtAccounterAccessor from create.mixins.json into net.minecraft.nbt.NbtAccounter
[10:16:17] [main/DEBUG] [mixin/]: Mixing accessor.SystemReportAccessor from create.mixins.json into net.minecraft.SystemReport
[10:16:17] [main/DEBUG] [mixin/]: Renaming @Accessor method getOPERATING_SYSTEM()Ljava/lang/String; to getOPERATING_SYSTEM$create_$md$ded47a$0 in create.mixins.json:accessor.SystemReportAccessor from mod create
[10:16:17] [main/DEBUG] [mixin/]: Renaming @Accessor method getJAVA_VERSION()Ljava/lang/String; to getJAVA_VERSION$create_$md$ded47a$1 in create.mixins.json:accessor.SystemReportAccessor from mod create
[10:16:17] [main/DEBUG] [os.ut.FileUtil/]: No oshi.properties file found from ClassLoader cpw.mods.modlauncher.TransformingClassLoader@16073fa8
[10:16:18] [main/DEBUG] [os.ut.FileUtil/]: Reading file /proc/self/auxv
[10:16:18] [main/DEBUG] [os.ut.FileUtil/]: Reading file /proc/self/auxv
[10:16:18] [main/DEBUG] [os.ut.FileUtil/]: Reading file /proc/stat
[10:16:18] [main/DEBUG] [os.ut.FileUtil/]: Reading file /sys/devices/system/cpu/cpu0/topology/core_id
[10:16:18] [main/DEBUG] [os.ut.FileUtil/]: Reading file /sys/devices/system/cpu/cpu0/topology/core_id
[10:16:18] [main/DEBUG] [os.ut.FileUtil/]: Reading file /sys/devices/system/cpu/cpu0/topology/physical_package_id
[10:16:18] [main/DEBUG] [os.ut.FileUtil/]: Reading file /sys/devices/system/cpu/cpu0/topology/physical_package_id
[10:16:18] [main/DEBUG] [os.ut.FileUtil/]: Reading file /sys/devices/system/cpu/cpu0/cpu_capacity
[10:16:18] [main/DEBUG] [os.ut.FileUtil/]: Reading file /sys/devices/system/cpu/cpu0/cpu_capacity
[10:16:18] [main/DEBUG] [os.ut.FileUtil/]: Reading file /sys/devices/system/cpu/cpu0/cache/index2/level
[10:16:18] [main/DEBUG] [os.ut.FileUtil/]: Reading file /sys/devices/system/cpu/cpu0/cache/index2/level
[10:16:18] [main/DEBUG] [os.ut.FileUtil/]: Reading file /sys/devices/system/cpu/cpu0/cache/index2/type
[10:16:18] [main/DEBUG] [os.ut.FileUtil/]: Reading file /sys/devices/system/cpu/cpu0/cache/index2/type
[10:16:18] [main/DEBUG] [os.ut.FileUtil/]: Reading file /sys/devices/system/cpu/cpu0/cache/index2/ways_of_associativity
[10:16:18] [main/DEBUG] [os.ut.FileUtil/]: Reading file /sys/devices/system/cpu/cpu0/cache/index2/ways_of_associativity
[10:16:18] [main/DEBUG] [os.ut.FileUtil/]: Reading file /sys/devices/system/cpu/cpu0/cache/index2/coherency_line_size
[10:16:18] [main/DEBUG] [os.ut.FileUtil/]: Reading file /sys/devices/system/cpu/cpu0/cache/index2/coherency_line_size
[10:16:18] [main/DEBUG] [os.ut.FileUtil/]: Reading file /sys/devices/system/cpu/cpu0/cache/index2/size
[10:16:18] [main/DEBUG] [os.ut.FileUtil/]: Reading file /sys/devices/system/cpu/cpu0/cache/index2/size
[10:16:18] [main/DEBUG] [os.ut.FileUtil/]: Reading file /sys/devices/system/cpu/cpu0/cache/index0/level
[10:16:18] [main/DEBUG] [os.ut.FileUtil/]: Reading file /sys/devices/system/cpu/cpu0/cache/index0/level
[10:16:18] [main/DEBUG] [os.ut.FileUtil/]: Reading file /sys/devices/system/cpu/cpu0/cache/index0/type
[10:16:18] [main/DEBUG] [os.ut.FileUtil/]: Reading file /sys/devices/system/cpu/cpu0/cache/index0/type
[10:16:18] [main/DEBUG] [os.ut.FileUtil/]: Reading file /sys/devices/system/cpu/cpu0/cache/index0/ways_of_associativity
[10:16:18] [main/DEBUG] [os.ut.FileUtil/]: Reading file /sys/devices/system/cpu/cpu0/cache/index0/ways_of_associativity
[10:16:18] [main/DEBUG] [os.ut.FileUtil/]: Reading file /sys/devices/system/cpu/cpu0/cache/index0/coherency_line_size
[10:16:18] [main/DEBUG] [os.ut.FileUtil/]: Reading file /sys/devices/system/cpu/cpu0/cache/index0/coherency_line_size
[10:16:18] [main/DEBUG] [os.ut.FileUtil/]: Reading file /sys/devices/system/cpu/cpu0/cache/index0/size
[10:16:18] [main/DEBUG] [os.ut.FileUtil/]: Reading file /sys/devices/system/cpu/cpu0/cache/index0/size
[10:16:18] [main/DEBUG] [os.ut.FileUtil/]: Reading file /sys/devices/system/cpu/cpu0/cache/index3/level
[10:16:18] [main/DEBUG] [os.ut.FileUtil/]: Reading file /sys/devices/system/cpu/cpu0/cache/index3/level
[10:16:18] [main/DEBUG] [os.ut.FileUtil/]: Reading file /sys/devices/system/cpu/cpu0/cache/index3/type
[10:16:18] [main/DEBUG] [os.ut.FileUtil/]: Reading file /sys/devices/system/cpu/cpu0/cache/index3/type
[10:16:18] [main/DEBUG] [os.ut.FileUtil/]: Reading file /sys/devices/system/cpu/cpu0/cache/index3/ways_of_associativity
[10:16:18] [main/DEBUG] [os.ut.FileUtil/]: Reading file /sys/devices/system/cpu/cpu0/cache/index3/ways_of_associativity
[10:16:18] [main/DEBUG] [os.ut.FileUtil/]: Reading file /sys/devices/system/cpu/cpu0/cache/index3/coherency_line_size
[10:16:18] [main/DEBUG] [os.ut.FileUtil/]: Reading file /sys/devices/system/cpu/cpu0/cache/index3/coherency_line_size
[10:16:18] [main/DEBUG] [os.ut.FileUtil/]: Reading file /sys/devices/system/cpu/cpu0/cache/index3/size
[10:16:18] [main/DEBUG] [os.ut.FileUtil/]: Reading file /sys/devices/system/cpu/cpu0/cache/index3/size
[10:16:18] [main/DEBUG] [os.ut.FileUtil/]: Reading file /sys/devices/system/cpu/cpu0/cache/index1/level
[10:16:18] [main/DEBUG] [os.ut.FileUtil/]: Reading file /sys/devices/system/cpu/cpu0/cache/index1/level
[10:16:18] [main/DEBUG] [os.ut.FileUtil/]: Reading file /sys/devices/system/cpu/cpu0/cache/index1/type
[10:16:18] [main/DEBUG] [os.ut.FileUtil/]: Reading file /sys/devices/system/cpu/cpu0/cache/index1/type
[10:16:18] [main/DEBUG] [os.ut.FileUtil/]: Reading file /sys/devices/system/cpu/cpu0/cache/index1/ways_of_associativity
[10:16:18] [main/DEBUG] [os.ut.FileUtil/]: Reading file /sys/devices/system/cpu/cpu0/cache/index1/ways_of_associativity
[10:16:18] [main/DEBUG] [os.ut.FileUtil/]: Reading file /sys/devices/system/cpu/cpu0/cache/index1/coherency_line_size
[10:16:18] [main/DEBUG] [os.ut.FileUtil/]: Reading file /sys/devices/system/cpu/cpu0/cache/index1/coherency_line_size
[10:16:18] [main/DEBUG] [os.ut.FileUtil/]: Reading file /sys/devices/system/cpu/cpu0/cache/index1/size
[10:16:18] [main/DEBUG] [os.ut.FileUtil/]: Reading file /sys/devices/system/cpu/cpu0/cache/index1/size
[10:16:18] [main/DEBUG] [os.ut.FileUtil/]: Reading file /sys/devices/system/cpu/cpu1/topology/core_id
[10:16:18] [main/DEBUG] [os.ut.FileUtil/]: Reading file /sys/devices/system/cpu/cpu1/topology/core_id
[10:16:18] [main/DEBUG] [os.ut.FileUtil/]: Reading file /sys/devices/system/cpu/cpu1/topology/physical_package_id
[10:16:18] [main/DEBUG] [os.ut.FileUtil/]: Reading file /sys/devices/system/cpu/cpu1/topology/physical_package_id
[10:16:18] [main/DEBUG] [os.ut.FileUtil/]: Reading file /sys/devices/system/cpu/cpu1/cpu_capacity
[10:16:18] [main/DEBUG] [os.ut.FileUtil/]: Reading file /sys/devices/system/cpu/cpu1/cpu_capacity
[10:16:18] [main/DEBUG] [os.ut.FileUtil/]: Reading file /sys/devices/system/cpu/cpu1/cache/index2/level
[10:16:18] [main/DEBUG] [os.ut.FileUtil/]: Reading file /sys/devices/system/cpu/cpu1/cache/index2/level
[10:16:18] [main/DEBUG] [os.ut.FileUtil/]: Reading file /sys/devices/system/cpu/cpu1/cache/index2/type
[10:16:18] [main/DEBUG] [os.ut.FileUtil/]: Reading file /sys/devices/system/cpu/cpu1/cache/index2/type
[10:16:18] [main/DEBUG] [os.ut.FileUtil/]: Reading file /sys/devices/system/cpu/cpu1/cache/index2/ways_of_associativity
[10:16:18] [main/DEBUG] [os.ut.FileUtil/]: Reading file /sys/devices/system/cpu/cpu1/cache/index2/ways_of_associativity
[10:16:18] [main/DEBUG] [os.ut.FileUtil/]: Reading file /sys/devices/system/cpu/cpu1/cache/index2/coherency_line_size
[10:16:18] [main/DEBUG] [os.ut.FileUtil/]: Reading file /sys/devices/system/cpu/cpu1/cache/index2/coherency_line_size
[10:16:18] [main/DEBUG] [os.ut.FileUtil/]: Reading file /sys/devices/system/cpu/cpu1/cache/index2/size
[10:16:18] [main/DEBUG] [os.ut.FileUtil/]: Reading file /sys/devices/system/cpu/cpu1/cache/index2/size
[10:16:18] [main/DEBUG] [os.ut.FileUtil/]: Reading file /sys/devices/system/cpu/cpu1/cache/index0/level
[10:16:18] [main/DEBUG] [os.ut.FileUtil/]: Reading file /sys/devices/system/cpu/cpu1/cache/index0/level
[10:16:18] [main/DEBUG] [os.ut.FileUtil/]: Reading file /sys/devices/system/cpu/cpu1/cache/index0/type
[10:16:18] [main/DEBUG] [os.ut.FileUtil/]: Reading file /sys/devices/system/cpu/cpu1/cache/index0/type
[10:16:18] [main/DEBUG] [os.ut.FileUtil/]: Reading file /sys/devices/system/cpu/cpu1/cache/index0/ways_of_associativity
[10:16:18] [main/DEBUG] [os.ut.FileUtil/]: Reading file /sys/devices/system/cpu/cpu1/cache/index0/ways_of_associativity
[10:16:18] [main/DEBUG] [os.ut.FileUtil/]: Reading file /sys/devices/system/cpu/cpu1/cache/index0/coherency_line_size
[10:16:18] [main/DEBUG] [os.ut.FileUtil/]: Reading file /sys/devices/system/cpu/cpu1/cache/index0/coherency_line_size
[10:16:18] [main/DEBUG] [os.ut.FileUtil/]: Reading file /sys/devices/system/cpu/cpu1/cache/index0/size
[10:16:18] [main/DEBUG] [os.ut.FileUtil/]: Reading file /sys/devices/system/cpu/cpu1/cache/index0/size
[10:16:18] [main/DEBUG] [os.ut.FileUtil/]: Reading file /sys/devices/system/cpu/cpu1/cache/index3/level
[10:16:18] [main/DEBUG] [os.ut.FileUtil/]: Reading file /sys/devices/system/cpu/cpu1/cache/index3/level
[10:16:18] [main/DEBUG] [os.ut.FileUtil/]: Reading file /sys/devices/system/cpu/cpu1/cache/index3/type
[10:16:18] [main/DEBUG] [os.ut.FileUtil/]: Reading file /sys/devices/system/cpu/cpu1/cache/index3/type
[10:16:18] [main/DEBUG] [os.ut.FileUtil/]: Reading file /sys/devices/system/cpu/cpu1/cache/index3/ways_of_associativity
[10:16:18] [main/DEBUG] [os.ut.FileUtil/]: Reading file /sys/devices/system/cpu/cpu1/cache/index3/ways_of_associativity
[10:16:18] [main/DEBUG] [os.ut.FileUtil/]: Reading file /sys/devices/system/cpu/cpu1/cache/index3/coherency_line_size
[10:16:18] [main/DEBUG] [os.ut.FileUtil/]: Reading file /sys/devices/system/cpu/cpu1/cache/index3/coherency_line_size
[10:16:18] [main/DEBUG] [os.ut.FileUtil/]: Reading file /sys/devices/system/cpu/cpu1/cache/index3/size
[10:16:18] [main/DEBUG] [os.ut.FileUtil/]: Reading file /sys/devices/system/cpu/cpu1/cache/index3/size
[10:16:18] [main/DEBUG] [os.ut.FileUtil/]: Reading file /sys/devices/system/cpu/cpu1/cache/index1/level
[10:16:18] [main/DEBUG] [os.ut.FileUtil/]: Reading file /sys/devices/system/cpu/cpu1/cache/index1/level
[10:16:18] [main/DEBUG] [os.ut.FileUtil/]: Reading file /sys/devices/system/cpu/cpu1/cache/index1/type
[10:16:18] [main/DEBUG] [os.ut.FileUtil/]: Reading file /sys/devices/system/cpu/cpu1/cache/index1/type
[10:16:18] [main/DEBUG] [os.ut.FileUtil/]: Reading file /sys/devices/system/cpu/cpu1/cache/index1/ways_of_associativity
[10:16:18] [main/DEBUG] [os.ut.FileUtil/]: Reading file /sys/devices/system/cpu/cpu1/cache/index1/ways_of_associativity
[10:16:18] [main/DEBUG] [os.ut.FileUtil/]: Reading file /sys/devices/system/cpu/cpu1/cache/index1/coherency_line_size
[10:16:18] [main/DEBUG] [os.ut.FileUtil/]: Reading file /sys/devices/system/cpu/cpu1/cache/index1/coherency_line_size
[10:16:18] [main/DEBUG] [os.ut.FileUtil/]: Reading file /sys/devices/system/cpu/cpu1/cache/index1/size
[10:16:18] [main/DEBUG] [os.ut.FileUtil/]: Reading file /sys/devices/system/cpu/cpu1/cache/index1/size
[10:16:18] [main/DEBUG] [os.ut.FileUtil/]: Reading file /sys/devices/system/cpu/cpu2/topology/core_id
[10:16:18] [main/DEBUG] [os.ut.FileUtil/]: Reading file /sys/devices/system/cpu/cpu2/topology/core_id
[10:16:18] [main/DEBUG] [os.ut.FileUtil/]: Reading file /sys/devices/system/cpu/cpu2/topology/physical_package_id
[10:16:18] [main/DEBUG] [os.ut.FileUtil/]: Reading file /sys/devices/system/cpu/cpu2/topology/physical_package_id
[10:16:18] [main/DEBUG] [os.ut.FileUtil/]: Reading file /sys/devices/system/cpu/cpu2/cpu_capacity
[10:16:18] [main/DEBUG] [os.ut.FileUtil/]: Reading file /sys/devices/system/cpu/cpu2/cpu_capacity
[10:16:18] [main/DEBUG] [os.ut.FileUtil/]: Reading file /sys/devices/system/cpu/cpu2/cache/index2/level
[10:16:18] [main/DEBUG] [os.ut.FileUtil/]: Reading file /sys/devices/system/cpu/cpu2/cache/index2/level
[10:16:18] [main/DEBUG] [os.ut.FileUtil/]: Reading file /sys/devices/system/cpu/cpu2/cache/index2/type
[10:16:18] [main/DEBUG] [os.ut.FileUtil/]: Reading file /sys/devices/system/cpu/cpu2/cache/index2/type
[10:16:18] [main/DEBUG] [os.ut.FileUtil/]: Reading file /sys/devices/system/cpu/cpu2/cache/index2/ways_of_associativity
[10:16:18] [main/DEBUG] [os.ut.FileUtil/]: Reading file /sys/devices/system/cpu/cpu2/cache/index2/ways_of_associativity
[10:16:18] [main/DEBUG] [os.ut.FileUtil/]: Reading file /sys/devices/system/cpu/cpu2/cache/index2/coherency_line_size
[10:16:18] [main/DEBUG] [os.ut.FileUtil/]: Reading file /sys/devices/system/cpu/cpu2/cache/index2/coherency_line_size
[10:16:18] [main/DEBUG] [os.ut.FileUtil/]: Reading file /sys/devices/system/cpu/cpu2/cache/index2/size
[10:16:18] [main/DEBUG] [os.ut.FileUtil/]: Reading file /sys/devices/system/cpu/cpu2/cache/index2/size
[10:16:18] [main/DEBUG] [os.ut.FileUtil/]: Reading file /sys/devices/system/cpu/cpu2/cache/index0/level
[10:16:18] [main/DEBUG] [os.ut.FileUtil/]: Reading file /sys/devices/system/cpu/cpu2/cache/index0/level
[10:16:18] [main/DEBUG] [os.ut.FileUtil/]: Reading file /sys/devices/system/cpu/cpu2/cache/index0/type
[10:16:18] [main/DEBUG] [os.ut.FileUtil/]: Reading file /sys/devices/system/cpu/cpu2/cache/index0/type
[10:16:18] [main/DEBUG] [os.ut.FileUtil/]: Reading file /sys/devices/system/cpu/cpu2/cache/index0/ways_of_associativity
[10:16:18] [main/DEBUG] [os.ut.FileUtil/]: Reading file /sys/devices/system/cpu/cpu2/cache/index0/ways_of_associativity
[10:16:18] [main/DEBUG] [os.ut.FileUtil/]: Reading file /sys/devices/system/cpu/cpu2/cache/index0/coherency_line_size
[10:16:18] [main/DEBUG] [os.ut.FileUtil/]: Reading file /sys/devices/system/cpu/cpu2/cache/index0/coherency_line_size
[10:16:18] [main/DEBUG] [os.ut.FileUtil/]: Reading file /sys/devices/system/cpu/cpu2/cache/index0/size
[10:16:18] [main/DEBUG] [os.ut.FileUtil/]: Reading file /sys/devices/system/cpu/cpu2/cache/index0/size
[10:16:18] [main/DEBUG] [os.ut.FileUtil/]: Reading file /sys/devices/system/cpu/cpu2/cache/index3/level
[10:16:18] [main/DEBUG] [os.ut.FileUtil/]: Reading file /sys/devices/system/cpu/cpu2/cache/index3/level
[10:16:18] [main/DEBUG] [os.ut.FileUtil/]: Reading file /sys/devices/system/cpu/cpu2/cache/index3/type
[10:16:18] [main/DEBUG] [os.ut.FileUtil/]: Reading file /sys/devices/system/cpu/cpu2/cache/index3/type
[10:16:18] [main/DEBUG] [os.ut.FileUtil/]: Reading file /sys/devices/system/cpu/cpu2/cache/index3/ways_of_associativity
[10:16:18] [main/DEBUG] [os.ut.FileUtil/]: Reading file /sys/devices/system/cpu/cpu2/cache/index3/ways_of_associativity
[10:16:18] [main/DEBUG] [os.ut.FileUtil/]: Reading file /sys/devices/system/cpu/cpu2/cache/index3/coherency_line_size
[10:16:18] [main/DEBUG] [os.ut.FileUtil/]: Reading file /sys/devices/system/cpu/cpu2/cache/index3/coherency_line_size
[10:16:18] [main/DEBUG] [os.ut.FileUtil/]: Reading file /sys/devices/system/cpu/cpu2/cache/index3/size
[10:16:18] [main/DEBUG] [os.ut.FileUtil/]: Reading file /sys/devices/system/cpu/cpu2/cache/index3/size
[10:16:18] [main/DEBUG] [os.ut.FileUtil/]: Reading file /sys/devices/system/cpu/cpu2/cache/index1/level
[10:16:18] [main/DEBUG] [os.ut.FileUtil/]: Reading file /sys/devices/system/cpu/cpu2/cache/index1/level
[10:16:18] [main/DEBUG] [os.ut.FileUtil/]: Reading file /sys/devices/system/cpu/cpu2/cache/index1/type
[10:16:18] [main/DEBUG] [os.ut.FileUtil/]: Reading file /sys/devices/system/cpu/cpu2/cache/index1/type
[10:16:18] [main/DEBUG] [os.ut.FileUtil/]: Reading file /sys/devices/system/cpu/cpu2/cache/index1/ways_of_associativity
[10:16:18] [main/DEBUG] [os.ut.FileUtil/]: Reading file /sys/devices/system/cpu/cpu2/cache/index1/ways_of_associativity
[10:16:18] [main/DEBUG] [os.ut.FileUtil/]: Reading file /sys/devices/system/cpu/cpu2/cache/index1/coherency_line_size
[10:16:18] [main/DEBUG] [os.ut.FileUtil/]: Reading file /sys/devices/system/cpu/cpu2/cache/index1/coherency_line_size
[10:16:18] [main/DEBUG] [os.ut.FileUtil/]: Reading file /sys/devices/system/cpu/cpu2/cache/index1/size
[10:16:18] [main/DEBUG] [os.ut.FileUtil/]: Reading file /sys/devices/system/cpu/cpu2/cache/index1/size
[10:16:18] [main/DEBUG] [os.ut.FileUtil/]: Reading file /sys/devices/system/cpu/cpu3/topology/core_id
[10:16:18] [main/DEBUG] [os.ut.FileUtil/]: Reading file /sys/devices/system/cpu/cpu3/topology/core_id
[10:16:18] [main/DEBUG] [os.ut.FileUtil/]: Reading file /sys/devices/system/cpu/cpu3/topology/physical_package_id
[10:16:18] [main/DEBUG] [os.ut.FileUtil/]: Reading file /sys/devices/system/cpu/cpu3/topology/physical_package_id
[10:16:18] [main/DEBUG] [os.ut.FileUtil/]: Reading file /sys/devices/system/cpu/cpu3/cpu_capacity
[10:16:18] [main/DEBUG] [os.ut.FileUtil/]: Reading file /sys/devices/system/cpu/cpu3/cpu_capacity
[10:16:18] [main/DEBUG] [os.ut.FileUtil/]: Reading file /sys/devices/system/cpu/cpu3/cache/index2/level
[10:16:18] [main/DEBUG] [os.ut.FileUtil/]: Reading file /sys/devices/system/cpu/cpu3/cache/index2/level
[10:16:18] [main/DEBUG] [os.ut.FileUtil/]: Reading file /sys/devices/system/cpu/cpu3/cache/index2/type
[10:16:18] [main/DEBUG] [os.ut.FileUtil/]: Reading file /sys/devices/system/cpu/cpu3/cache/index2/type
[10:16:18] [main/DEBUG] [os.ut.FileUtil/]: Reading file /sys/devices/system/cpu/cpu3/cache/index2/ways_of_associativity
[10:16:18] [main/DEBUG] [os.ut.FileUtil/]: Reading file /sys/devices/system/cpu/cpu3/cache/index2/ways_of_associativity
[10:16:18] [main/DEBUG] [os.ut.FileUtil/]: Reading file /sys/devices/system/cpu/cpu3/cache/index2/coherency_line_size
[10:16:18] [main/DEBUG] [os.ut.FileUtil/]: Reading file /sys/devices/system/cpu/cpu3/cache/index2/coherency_line_size
[10:16:18] [main/DEBUG] [os.ut.FileUtil/]: Reading file /sys/devices/system/cpu/cpu3/cache/index2/size
[10:16:18] [main/DEBUG] [os.ut.FileUtil/]: Reading file /sys/devices/system/cpu/cpu3/cache/index2/size
[10:16:18] [main/DEBUG] [os.ut.FileUtil/]: Reading file /sys/devices/system/cpu/cpu3/cache/index0/level
[10:16:18] [main/DEBUG] [os.ut.FileUtil/]: Reading file /sys/devices/system/cpu/cpu3/cache/index0/level
[10:16:18] [main/DEBUG] [os.ut.FileUtil/]: Reading file /sys/devices/system/cpu/cpu3/cache/index0/type
[10:16:18] [main/DEBUG] [os.ut.FileUtil/]: Reading file /sys/devices/system/cpu/cpu3/cache/index0/type
[10:16:18] [main/DEBUG] [os.ut.FileUtil/]: Reading file /sys/devices/system/cpu/cpu3/cache/index0/ways_of_associativity
[10:16:18] [main/DEBUG] [os.ut.FileUtil/]: Reading file /sys/devices/system/cpu/cpu3/cache/index0/ways_of_associativity
[10:16:18] [main/DEBUG] [os.ut.FileUtil/]: Reading file /sys/devices/system/cpu/cpu3/cache/index0/coherency_line_size
[10:16:18] [main/DEBUG] [os.ut.FileUtil/]: Reading file /sys/devices/system/cpu/cpu3/cache/index0/coherency_line_size
[10:16:18] [main/DEBUG] [os.ut.FileUtil/]: Reading file /sys/devices/system/cpu/cpu3/cache/index0/size
[10:16:18] [main/DEBUG] [os.ut.FileUtil/]: Reading file /sys/devices/system/cpu/cpu3/cache/index0/size
[10:16:18] [main/DEBUG] [os.ut.FileUtil/]: Reading file /sys/devices/system/cpu/cpu3/cache/index3/level
[10:16:18] [main/DEBUG] [os.ut.FileUtil/]: Reading file /sys/devices/system/cpu/cpu3/cache/index3/level
[10:16:18] [main/DEBUG] [os.ut.FileUtil/]: Reading file /sys/devices/system/cpu/cpu3/cache/index3/type
[10:16:18] [main/DEBUG] [os.ut.FileUtil/]: Reading file /sys/devices/system/cpu/cpu3/cache/index3/type
[10:16:18] [main/DEBUG] [os.ut.FileUtil/]: Reading file /sys/devices/system/cpu/cpu3/cache/index3/ways_of_associativity
[10:16:18] [main/DEBUG] [os.ut.FileUtil/]: Reading file /sys/devices/system/cpu/cpu3/cache/index3/ways_of_associativity
[10:16:18] [main/DEBUG] [os.ut.FileUtil/]: Reading file /sys/devices/system/cpu/cpu3/cache/index3/coherency_line_size
[10:16:18] [main/DEBUG] [os.ut.FileUtil/]: Reading file /sys/devices/system/cpu/cpu3/cache/index3/coherency_line_size
[10:16:18] [main/DEBUG] [os.ut.FileUtil/]: Reading file /sys/devices/system/cpu/cpu3/cache/index3/size
[10:16:18] [main/DEBUG] [os.ut.FileUtil/]: Reading file /sys/devices/system/cpu/cpu3/cache/index3/size
[10:16:18] [main/DEBUG] [os.ut.FileUtil/]: Reading file /sys/devices/system/cpu/cpu3/cache/index1/level
[10:16:18] [main/DEBUG] [os.ut.FileUtil/]: Reading file /sys/devices/system/cpu/cpu3/cache/index1/level
[10:16:18] [main/DEBUG] [os.ut.FileUtil/]: Reading file /sys/devices/system/cpu/cpu3/cache/index1/type
[10:16:18] [main/DEBUG] [os.ut.FileUtil/]: Reading file /sys/devices/system/cpu/cpu3/cache/index1/type
[10:16:18] [main/DEBUG] [os.ut.FileUtil/]: Reading file /sys/devices/system/cpu/cpu3/cache/index1/ways_of_associativity
[10:16:18] [main/DEBUG] [os.ut.FileUtil/]: Reading file /sys/devices/system/cpu/cpu3/cache/index1/ways_of_associativity
[10:16:18] [main/DEBUG] [os.ut.FileUtil/]: Reading file /sys/devices/system/cpu/cpu3/cache/index1/coherency_line_size
[10:16:18] [main/DEBUG] [os.ut.FileUtil/]: Reading file /sys/devices/system/cpu/cpu3/cache/index1/coherency_line_size
[10:16:18] [main/DEBUG] [os.ut.FileUtil/]: Reading file /sys/devices/system/cpu/cpu3/cache/index1/size
[10:16:18] [main/DEBUG] [os.ut.FileUtil/]: Reading file /sys/devices/system/cpu/cpu3/cache/index1/size
[10:16:18] [main/DEBUG] [os.ut.FileUtil/]: Reading file /proc/cpuinfo
[10:16:18] [main/DEBUG] [os.ut.FileUtil/]: Reading file /proc/self/auxv
[10:16:18] [main/DEBUG] [os.ut.FileUtil/]: No oshi.architecture.properties file found from ClassLoader cpw.mods.modlauncher.TransformingClassLoader@16073fa8
[10:16:18] [main/DEBUG] [os.ut.FileUtil/]: Reading file /proc/meminfo
[10:16:18] [main/DEBUG] [os.ut.FileUtil/]: Reading file /proc/meminfo
[10:16:18] [main/DEBUG] [mixin/]: Mixing BuiltInRegistriesMixin from create.mixins.json into net.minecraft.core.registries.BuiltInRegistries
[10:16:18] [main/DEBUG] [mixin/]: Renaming synthetic method lambda$create$ourRegistriesAreNotEmpty$0(Ljava/util/function/Consumer;Lnet/minecraft/core/Registry;)V to mdded47a$create$lambda$create$ourRegistriesAreNotEmpty$0$0 in create.mixins.json:BuiltInRegistriesMixin from mod create
[10:16:18] [main/DEBUG] [mixin/]: Mixing accessor.MappedRegistryAccessor from create.mixins.json into net.minecraft.core.MappedRegistry
[10:16:18] [main/DEBUG] [mixin/]: Mixing MappedRegistryAccessor from neoforge.mixins.json into net.minecraft.core.MappedRegistry
[10:16:18] [main/DEBUG] [mixin/]: Mixing RegistriesMixin from veil.neoforge.mixins.json into net.minecraft.core.registries.Registries
[10:16:18] [main/DEBUG] [mixin/]: veil.neoforge.mixins.json:RegistriesMixin from mod veil->@Inject::veilElementsPath(Lnet/minecraft/resources/ResourceKey;Lorg/spongepowered/asm/mixin/injection/callback/CallbackInfoReturnable;)V does use it's CallbackInfoReturnable
[10:16:18] [main/DEBUG] [mixin/]: veil.neoforge.mixins.json:RegistriesMixin from mod veil->@Inject::veilTagsPath(Lnet/minecraft/resources/ResourceKey;Lorg/spongepowered/asm/mixin/injection/callback/CallbackInfoReturnable;)V does use it's CallbackInfoReturnable
[10:16:18] [main/DEBUG] [mixin/]: Mixing command.ArgumentTypeInfosMixin from sable.mixins.json into net.minecraft.commands.synchronization.ArgumentTypeInfos
[10:16:18] [main/DEBUG] [mixin/]: sable.mixins.json:command.ArgumentTypeInfosMixin from mod sable->@Inject::sable$bootstrap(Lnet/minecraft/core/Registry;Lorg/spongepowered/asm/mixin/injection/callback/CallbackInfoReturnable;)V doesn't use it's CallbackInfoReturnable
[10:16:18] [main/DEBUG] [mixin/]: Mixing creative_tab_sections.CreativeModeTabMixin from simulated.mixins.json into net.minecraft.world.item.CreativeModeTab
[10:16:18] [main/DEBUG] [mixin/]: Mixing accessor.CreateBlockEntityBuilderAccessor from simulated.mixins.json into com.simibubi.create.foundation.data.CreateBlockEntityBuilder
[10:16:18] [main/DEBUG] [mixin/]: Mixing levitite.BlockMixin from aeronautics.mixins.json into net.minecraft.world.level.block.Block
[10:16:18] [main/DEBUG] [mixin/]: aeronautics.mixins.json:levitite.BlockMixin from mod aeronautics: Class version 65 required is higher than the class version supported by the current version of Mixin (JAVA_18 supports class version 62)
[10:16:18] [main/DEBUG] [mixin/]: Mixing BlockMixin from create.mixins.json into net.minecraft.world.level.block.Block
[10:16:18] [main/DEBUG] [mixin/]: Mixing entity.entity_kicking.BlockMixin from sable.mixins.json into net.minecraft.world.level.block.Block
[10:16:18] [main/DEBUG] [mixin/]: Renaming synthetic method lambda$sable$popResourceFromFace$0(Lnet/minecraft/world/level/Level;DDDLnet/minecraft/world/item/ItemStack;Ldev/ryanhcode/sable/sublevel/SubLevel;)Lnet/minecraft/world/entity/item/ItemEntity; to mdded47a$sable$lambda$sable$popResourceFromFace$0$0 in sable.mixins.json:entity.entity_kicking.BlockMixin from mod sable
[10:16:18] [main/DEBUG] [mixin/]: Mixing entity.entity_rotations_and_riding.BlockMixin from sable.mixins.json into net.minecraft.world.level.block.Block
[10:16:18] [main/DEBUG] [mixin/]: Mixing BlockReadOnlyProjectedShellMixin from antikytheramechanism.mixins.json into net.minecraft.world.level.block.Block
[10:16:18] [main/DEBUG] [mixin/]: sable.mixins.json:entity.entity_kicking.BlockMixin from mod sable->@Inject::sable$popResourceFromFace(Lnet/minecraft/world/level/Level;Lnet/minecraft/core/BlockPos;Lnet/minecraft/world/item/ItemStack;Lorg/spongepowered/asm/mixin/injection/callback/CallbackInfo;DDDD)V does use it's CallbackInfo
[10:16:18] [main/DEBUG] [mixin/]: antikytheramechanism.mixins.json:BlockReadOnlyProjectedShellMixin from mod antikytheramechanism->@Inject::antikytheramechanism$skipProjectedShellDrop(Lnet/minecraft/world/level/Level;Lnet/minecraft/core/BlockPos;Lnet/minecraft/world/item/ItemStack;Lorg/spongepowered/asm/mixin/injection/callback/CallbackInfo;)V does use it's CallbackInfo
[10:16:18] [main/DEBUG] [mixin/]: Mixing accessor.BlockBehaviourAccessor from simulated.mixins.json into net.minecraft.world.level.block.state.BlockBehaviour
[10:16:18] [main/DEBUG] [mixin/]: Mixing accessor.BlockBehaviourAccessor from create.mixins.json into net.minecraft.world.level.block.state.BlockBehaviour
[10:16:18] [main/DEBUG] [mixin/]: Mixing entity.entity_rotations_and_riding.EntityTypeMixin from sable.mixins.json into net.minecraft.world.entity.EntityType
[10:16:18] [main/DEBUG] [mixin/]: sable.mixins.json:entity.entity_rotations_and_riding.EntityTypeMixin from mod sable->@Inject::sable$startRidingEntity(Lnet/minecraft/nbt/CompoundTag;Lnet/minecraft/world/level/Level;Ljava/util/function/Function;Lnet/minecraft/world/entity/Entity;Lorg/spongepowered/asm/mixin/injection/callback/CallbackInfoReturnable;)V doesn't use it's CallbackInfoReturnable
[10:16:18] [main/DEBUG] [mixin/]: Mixing punching.ItemInvoker from sable.mixins.json into net.minecraft.world.item.Item
[10:16:18] [main/DEBUG] [mixin/]: Renaming @Invoker method sable$getPlayerPOVHitResult(Lnet/minecraft/world/level/Level;Lnet/minecraft/world/entity/player/Player;Lnet/minecraft/world/level/ClipContext$Fluid;)Lnet/minecraft/world/phys/BlockHitResult; to getPlayerPOVHitResult$sable_$md$ded47a$0 in sable.mixins.json:punching.ItemInvoker from mod sable
[10:16:18] [main/DEBUG] [mixin/]: Mixing PlayerReachScaleMixin from sablescale.mixins.json into net.minecraft.world.entity.player.Player
[10:16:18] [main/DEBUG] [mixin/]: Mixing player.PlayerMixin from simulated.mixins.json into net.minecraft.world.entity.player.Player
[10:16:18] [main/DEBUG] [mixin/]: Mixing entity.entity_rotations_and_riding.PlayerMixin from sable.mixins.json into net.minecraft.world.entity.player.Player
[10:16:18] [main/DEBUG] [mixin/]: Mixing entity.entity_sublevel_collision.PlayerMixin from sable.mixins.json into net.minecraft.world.entity.player.Player
[10:16:18] [main/DEBUG] [mixin/]: Mixing interaction_distance.PlayerMixin from sable.mixins.json into net.minecraft.world.entity.player.Player
[10:16:18] [main/DEBUG] [mixin/]: Mixing player_freezing.PlayerMixin from sable.mixins.json into net.minecraft.world.entity.player.Player
[10:16:18] [main/DEBUG] [mixin/]: Mixing PlayerMixin from create.mixins.json into net.minecraft.world.entity.player.Player
[10:16:18] [main/DEBUG] [mixin/]: sablescale.mixins.json:PlayerReachScaleMixin from mod sablescale->@Inject::sablescale$scaledReach(Lnet/minecraft/core/BlockPos;DLorg/spongepowered/asm/mixin/injection/callback/CallbackInfoReturnable;)V does use it's CallbackInfoReturnable
[10:16:18] [main/DEBUG] [mixin/]: sable.mixins.json:entity.entity_rotations_and_riding.PlayerMixin from mod sable->@Inject::sable$storeUpDeltaMovement(Lnet/minecraft/world/phys/Vec3;Lorg/spongepowered/asm/mixin/injection/callback/CallbackInfo;)V doesn't use it's CallbackInfo
[10:16:18] [main/DEBUG] [mixin/]: sable.mixins.json:entity.entity_rotations_and_riding.PlayerMixin from mod sable->@Inject::sable$storeUpDeltaMovement(Lnet/minecraft/world/phys/Vec3;Lorg/spongepowered/asm/mixin/injection/callback/CallbackInfo;)V has 0 override(s) in child classes
[10:16:18] [main/DEBUG] [mixin/]: sable.mixins.json:entity.entity_rotations_and_riding.PlayerMixin from mod sable->@Inject::sable$storeUpDeltaMovement(Lnet/minecraft/world/phys/Vec3;Lorg/spongepowered/asm/mixin/injection/callback/CallbackInfo;)V won't be passed a CallbackInfo as a result
[10:16:18] [main/DEBUG] [mixin/]: sable.mixins.json:entity.entity_sublevel_collision.PlayerMixin from mod sable->@Inject::sable$maybeBackOffFromEdge(Lnet/minecraft/world/phys/Vec3;Lnet/minecraft/world/entity/MoverType;Lorg/spongepowered/asm/mixin/injection/callback/CallbackInfoReturnable;)V does use it's CallbackInfoReturnable
[10:16:18] [main/DEBUG] [mixin/]: sable.mixins.json:interaction_distance.PlayerMixin from mod sable->@Inject::sable$canInteractWithBlock(Lnet/minecraft/core/BlockPos;DLorg/spongepowered/asm/mixin/injection/callback/CallbackInfoReturnable;)V does use it's CallbackInfoReturnable
[10:16:18] [main/DEBUG] [mixin/]: sable.mixins.json:interaction_distance.PlayerMixin from mod sable->@Inject::sable$canInteractWithEntity(Lnet/minecraft/world/phys/AABB;DLorg/spongepowered/asm/mixin/injection/callback/CallbackInfoReturnable;)V does use it's CallbackInfoReturnable
[10:16:18] [main/DEBUG] [mixin/]: sable.mixins.json:player_freezing.PlayerMixin from mod sable->@Inject::sable$preFrozenTick(Lorg/spongepowered/asm/mixin/injection/callback/CallbackInfo;)V doesn't use it's CallbackInfo
[10:16:18] [main/DEBUG] [mixin/]: sable.mixins.json:player_freezing.PlayerMixin from mod sable->@Inject::sable$preFrozenTick(Lorg/spongepowered/asm/mixin/injection/callback/CallbackInfo;)V has 0 override(s) in child classes
[10:16:18] [main/DEBUG] [mixin/]: sable.mixins.json:player_freezing.PlayerMixin from mod sable->@Inject::sable$preFrozenTick(Lorg/spongepowered/asm/mixin/injection/callback/CallbackInfo;)V won't be passed a CallbackInfo as a result
[10:16:18] [main/DEBUG] [mixin/]: Mixing MixinLivingEntity from curios.neoforge.mixins.json into net.minecraft.world.entity.LivingEntity
[10:16:18] [main/DEBUG] [mixin/]: Mixing CustomItemUseEffectsMixin from create.mixins.json into net.minecraft.world.entity.LivingEntity
[10:16:18] [main/DEBUG] [mixin/]: Mixing LavaSwimmingMixin from create.mixins.json into net.minecraft.world.entity.LivingEntity
[10:16:18] [main/DEBUG] [mixin/]: Mixing accessor.LivingEntityAccessor from create.mixins.json into net.minecraft.world.entity.LivingEntity
[10:16:18] [main/DEBUG] [mixin/]: Mixing climbing_sub_levels.LivingEntityMixin from sable.mixins.json into net.minecraft.world.entity.LivingEntity
[10:16:18] [main/DEBUG] [mixin/]: Mixing entity.entities_stick_sublevels.LivingEntityMixin from sable.mixins.json into net.minecraft.world.entity.LivingEntity
[10:16:18] [main/DEBUG] [mixin/]: Mixing entity.entities_stick_sublevels.effects.LivingEntityMixin from sable.mixins.json into net.minecraft.world.entity.LivingEntity
[10:16:18] [main/DEBUG] [mixin/]: Mixing entity.entity_rotations_and_riding.LivingEntityMixin from sable.mixins.json into net.minecraft.world.entity.LivingEntity
[10:16:18] [main/DEBUG] [mixin/]: Mixing entity.entity_sublevel_collision.LivingEntityMixin from sable.mixins.json into net.minecraft.world.entity.LivingEntity
[10:16:18] [main/DEBUG] [mixin/]: Mixing respawn_point.sleeping.LivingEntityMixin from sable.mixins.json into net.minecraft.world.entity.LivingEntity
[10:16:18] [main/DEBUG] [mixin/]: Mixing entities_stick_sublevels.effects.LivingEntityMixin from sable-neoforge.mixins.json into net.minecraft.world.entity.LivingEntity
[10:16:19] [main/DEBUG] [mixin/]: curios.neoforge.mixins.json:MixinLivingEntity from mod curios->@Inject::curio$canFreeze(Lorg/spongepowered/asm/mixin/injection/callback/CallbackInfoReturnable;)V does use it's CallbackInfoReturnable
[10:16:19] [main/DEBUG] [mixin/]: create.mixins.json:CustomItemUseEffectsMixin from mod create->@Inject::create$onShouldTriggerUseEffects(Lorg/spongepowered/asm/mixin/injection/callback/CallbackInfoReturnable;)V does use it's CallbackInfoReturnable
[10:16:19] [main/DEBUG] [mixin/]: create.mixins.json:CustomItemUseEffectsMixin from mod create->@Inject::create$onTriggerUseEffects(Lnet/minecraft/world/item/ItemStack;ILorg/spongepowered/asm/mixin/injection/callback/CallbackInfo;)V does use it's CallbackInfo
[10:16:19] [main/DEBUG] [mixin/]: create.mixins.json:LavaSwimmingMixin from mod create->@Inject::create$onLavaTravel(Lnet/minecraft/world/phys/Vec3;Lorg/spongepowered/asm/mixin/injection/callback/CallbackInfo;)V doesn't use it's CallbackInfo
[10:16:19] [main/DEBUG] [mixin/]: create.mixins.json:LavaSwimmingMixin from mod create->@Inject::create$onLavaTravel(Lnet/minecraft/world/phys/Vec3;Lorg/spongepowered/asm/mixin/injection/callback/CallbackInfo;)V has 0 override(s) in child classes
[10:16:19] [main/DEBUG] [mixin/]: create.mixins.json:LavaSwimmingMixin from mod create->@Inject::create$onLavaTravel(Lnet/minecraft/world/phys/Vec3;Lorg/spongepowered/asm/mixin/injection/callback/CallbackInfo;)V won't be passed a CallbackInfo as a result
[10:16:19] [main/DEBUG] [mixin/]: sable.mixins.json:entity.entities_stick_sublevels.LivingEntityMixin from mod sable->@Inject::sable$updateRotLerp(Lorg/spongepowered/asm/mixin/injection/callback/CallbackInfo;)V doesn't use it's CallbackInfo
[10:16:19] [main/DEBUG] [mixin/]: sable.mixins.json:entity.entities_stick_sublevels.LivingEntityMixin from mod sable->@Inject::sable$updateRotLerp(Lorg/spongepowered/asm/mixin/injection/callback/CallbackInfo;)V has 0 override(s) in child classes
[10:16:19] [main/DEBUG] [mixin/]: sable.mixins.json:entity.entities_stick_sublevels.LivingEntityMixin from mod sable->@Inject::sable$updateRotLerp(Lorg/spongepowered/asm/mixin/injection/callback/CallbackInfo;)V won't be passed a CallbackInfo as a result
[10:16:19] [main/DEBUG] [mixin/]: sable.mixins.json:entity.entities_stick_sublevels.LivingEntityMixin from mod sable->@Inject::sable$updatePlotPosition(Lorg/spongepowered/asm/mixin/injection/callback/CallbackInfo;)V doesn't use it's CallbackInfo
[10:16:19] [main/DEBUG] [mixin/]: sable.mixins.json:entity.entities_stick_sublevels.LivingEntityMixin from mod sable->@Inject::sable$updatePlotPosition(Lorg/spongepowered/asm/mixin/injection/callback/CallbackInfo;)V has 0 override(s) in child classes
[10:16:19] [main/DEBUG] [mixin/]: sable.mixins.json:entity.entities_stick_sublevels.LivingEntityMixin from mod sable->@Inject::sable$updatePlotPosition(Lorg/spongepowered/asm/mixin/injection/callback/CallbackInfo;)V won't be passed a CallbackInfo as a result
[10:16:19] [main/DEBUG] [mixin/]: sable.mixins.json:entity.entities_stick_sublevels.LivingEntityMixin from mod sable->@Inject::sable$recreateFromPacket(Lnet/minecraft/network/protocol/game/ClientboundAddEntityPacket;Lorg/spongepowered/asm/mixin/injection/callback/CallbackInfo;)V doesn't use it's CallbackInfo
[10:16:19] [main/DEBUG] [mixin/]: sable.mixins.json:entity.entities_stick_sublevels.LivingEntityMixin from mod sable->@Inject::sable$recreateFromPacket(Lnet/minecraft/network/protocol/game/ClientboundAddEntityPacket;Lorg/spongepowered/asm/mixin/injection/callback/CallbackInfo;)V has 0 override(s) in child classes
[10:16:19] [main/DEBUG] [mixin/]: sable.mixins.json:entity.entities_stick_sublevels.LivingEntityMixin from mod sable->@Inject::sable$recreateFromPacket(Lnet/minecraft/network/protocol/game/ClientboundAddEntityPacket;Lorg/spongepowered/asm/mixin/injection/callback/CallbackInfo;)V won't be passed a CallbackInfo as a result
[10:16:19] [main/DEBUG] [mixin/]: sable.mixins.json:entity.entity_rotations_and_riding.LivingEntityMixin from mod sable->@Inject::sable$jumpFromGround(Lorg/spongepowered/asm/mixin/injection/callback/CallbackInfo;)V does use it's CallbackInfo
[10:16:19] [main/DEBUG] [mixin/]: sable.mixins.json:entity.entity_sublevel_collision.LivingEntityMixin from mod sable->@Inject::sable$beforeAnimation(Lnet/minecraft/world/phys/Vec3;Lorg/spongepowered/asm/mixin/injection/callback/CallbackInfo;)V doesn't use it's CallbackInfo
[10:16:19] [main/DEBUG] [mixin/]: sable.mixins.json:entity.entity_sublevel_collision.LivingEntityMixin from mod sable->@Inject::sable$beforeAnimation(Lnet/minecraft/world/phys/Vec3;Lorg/spongepowered/asm/mixin/injection/callback/CallbackInfo;)V has 0 override(s) in child classes
[10:16:19] [main/DEBUG] [mixin/]: sable.mixins.json:entity.entity_sublevel_collision.LivingEntityMixin from mod sable->@Inject::sable$beforeAnimation(Lnet/minecraft/world/phys/Vec3;Lorg/spongepowered/asm/mixin/injection/callback/CallbackInfo;)V won't be passed a CallbackInfo as a result
[10:16:19] [main/DEBUG] [mixin/]: sable-neoforge.mixins.json:entities_stick_sublevels.effects.LivingEntityMixin from mod sable->@Inject::playBlockFallSound(Lorg/spongepowered/asm/mixin/injection/callback/CallbackInfo;)V doesn't use it's CallbackInfo
[10:16:19] [main/DEBUG] [mixin/]: sable-neoforge.mixins.json:entities_stick_sublevels.effects.LivingEntityMixin from mod sable->@Inject::playBlockFallSound(Lorg/spongepowered/asm/mixin/injection/callback/CallbackInfo;)V has 0 override(s) in child classes
[10:16:19] [main/DEBUG] [mixin/]: sable-neoforge.mixins.json:entities_stick_sublevels.effects.LivingEntityMixin from mod sable->@Inject::playBlockFallSound(Lorg/spongepowered/asm/mixin/injection/callback/CallbackInfo;)V won't be passed a CallbackInfo as a result
[10:16:19] [main/DEBUG] [mixin/]: Mixing entity.entity_swimming.EntityMixin from sable-neoforge.mixins.json into net.minecraft.world.entity.Entity
[10:16:19] [main/DEBUG] [mixin/]: Renaming synthetic method lambda$updateFluidHeightAndDoFluidPushing$2(Lnet/neoforged/neoforge/fluids/FluidType;Ldev/ryanhcode/sable/neoforge/mixinhelper/entity/SableInterimCalculation;)V to mdded47a$sable$lambda$updateFluidHeightAndDoFluidPushing$2$0 in sable-neoforge.mixins.json:entity.entity_swimming.EntityMixin from mod sable
[10:16:19] [main/DEBUG] [mixin/]: Renaming synthetic method lambda$updateFluidHeightAndDoFluidPushing$1(Ljava/lang/Object;)Ldev/ryanhcode/sable/neoforge/mixinhelper/entity/SableInterimCalculation; to mdded47a$sable$lambda$updateFluidHeightAndDoFluidPushing$1$1 in sable-neoforge.mixins.json:entity.entity_swimming.EntityMixin from mod sable
[10:16:19] [main/DEBUG] [mixin/]: Renaming synthetic method lambda$updateFluidHeightAndDoFluidPushing$0(Ljava/lang/Object;)Ldev/ryanhcode/sable/neoforge/mixinhelper/entity/SableInterimCalculation; to mdded47a$sable$lambda$updateFluidHeightAndDoFluidPushing$0$2 in sable-neoforge.mixins.json:entity.entity_swimming.EntityMixin from mod sable
[10:16:19] [main/DEBUG] [mixin/]: Mixing spring_item_bounce.EntityMixin from simulated.mixins.json into net.minecraft.world.entity.Entity
[10:16:19] [main/DEBUG] [mixin/]: Mixing AccessorEntity from curios.mixins.json into net.minecraft.world.entity.Entity
[10:16:19] [main/DEBUG] [mixin/]: Mixing accessor.EntityAccessor from ponder-common.mixins.json into net.minecraft.world.entity.Entity
[10:16:19] [main/DEBUG] [mixin/]: ponder-common.mixins.json:accessor.EntityAccessor from mod ponder: Class version 65 required is higher than the class version supported by the current version of Mixin (JAVA_17 supports class version 61)
[10:16:19] [main/DEBUG] [mixin/]: Mixing clip_overwrite.EntityMixin from sable.mixins.json into net.minecraft.world.entity.Entity
[10:16:19] [main/DEBUG] [mixin/]: Mixing death_message.EntityMixin from sable.mixins.json into net.minecraft.world.entity.Entity
[10:16:19] [main/DEBUG] [mixin/]: Mixing entity.entities_in_blocks.EntityMixin from sable.mixins.json into net.minecraft.world.entity.Entity
[10:16:19] [main/DEBUG] [mixin/]: Mixing entity.entities_stick_sublevels.EntityMixin from sable.mixins.json into net.minecraft.world.entity.Entity
[10:16:19] [main/DEBUG] [mixin/]: Mixing entity.entities_stick_sublevels.effects.EntityMixin from sable.mixins.json into net.minecraft.world.entity.Entity
[10:16:19] [main/DEBUG] [mixin/]: Mixing entity.entity_collision.EntityMixin from sable.mixins.json into net.minecraft.world.entity.Entity
[10:16:19] [main/DEBUG] [mixin/]: Mixing entity.entity_rotations_and_riding.EntityMixin from sable.mixins.json into net.minecraft.world.entity.Entity
[10:16:19] [main/DEBUG] [mixin/]: Mixing extension.EntityMixin from sable.mixins.json into net.minecraft.world.entity.Entity
[10:16:19] [main/DEBUG] [mixin/]: Mixing interaction_distance.EntityMixin from sable.mixins.json into net.minecraft.world.entity.Entity
[10:16:19] [main/DEBUG] [mixin/]: Mixing portal.EntityMixin from sable.mixins.json into net.minecraft.world.entity.Entity
[10:16:19] [main/DEBUG] [mixin/]: Mixing tracking_points.EntityMixin from sable.mixins.json into net.minecraft.world.entity.Entity
[10:16:19] [main/DEBUG] [mixin/]: Mixing water_occlusion.EntityMixin from sable.mixins.json into net.minecraft.world.entity.Entity
[10:16:19] [main/DEBUG] [mixin/]: Mixing entity.entity_sublevel_collision.EntityMixin from sable.mixins.json into net.minecraft.world.entity.Entity
[10:16:19] [main/DEBUG] [mixin/]: Mixing EntityMixin from create.mixins.json into net.minecraft.world.entity.Entity
[10:16:19] [main/DEBUG] [mixin/]: sable-neoforge.mixins.json:entity.entity_swimming.EntityMixin from mod sable->@Inject::sable$subLevelFluidOnEyes(Lorg/spongepowered/asm/mixin/injection/callback/CallbackInfo;)V doesn't use it's CallbackInfo
[10:16:19] [main/DEBUG] [mixin/]: sable-neoforge.mixins.json:entity.entity_swimming.EntityMixin from mod sable->@Inject::sable$subLevelFluidOnEyes(Lorg/spongepowered/asm/mixin/injection/callback/CallbackInfo;)V has 0 override(s) in child classes
[10:16:19] [main/DEBUG] [mixin/]: sable-neoforge.mixins.json:entity.entity_swimming.EntityMixin from mod sable->@Inject::sable$subLevelFluidOnEyes(Lorg/spongepowered/asm/mixin/injection/callback/CallbackInfo;)V won't be passed a CallbackInfo as a result
[10:16:19] [main/DEBUG] [mixin/]: simulated.mixins.json:spring_item_bounce.EntityMixin from mod simulated->@Inject::awardAdvancementBeforeFallReset(DZLnet/minecraft/world/level/block/state/BlockState;Lnet/minecraft/core/BlockPos;Lorg/spongepowered/asm/mixin/injection/callback/CallbackInfo;)V doesn't use it's CallbackInfo
[10:16:19] [main/DEBUG] [mixin/]: simulated.mixins.json:spring_item_bounce.EntityMixin from mod simulated->@Inject::awardAdvancementBeforeFallReset(DZLnet/minecraft/world/level/block/state/BlockState;Lnet/minecraft/core/BlockPos;Lorg/spongepowered/asm/mixin/injection/callback/CallbackInfo;)V has 0 override(s) in child classes
[10:16:19] [main/DEBUG] [mixin/]: simulated.mixins.json:spring_item_bounce.EntityMixin from mod simulated->@Inject::awardAdvancementBeforeFallReset(DZLnet/minecraft/world/level/block/state/BlockState;Lnet/minecraft/core/BlockPos;Lorg/spongepowered/asm/mixin/injection/callback/CallbackInfo;)V won't be passed a CallbackInfo as a result
[10:16:19] [main/DEBUG] [mixin/]: sable.mixins.json:death_message.EntityMixin from mod sable->@Inject::sable$updateLastSubLevelId(Lorg/spongepowered/asm/mixin/injection/callback/CallbackInfo;)V doesn't use it's CallbackInfo
[10:16:19] [main/DEBUG] [mixin/]: sable.mixins.json:death_message.EntityMixin from mod sable->@Inject::sable$updateLastSubLevelId(Lorg/spongepowered/asm/mixin/injection/callback/CallbackInfo;)V has 0 override(s) in child classes
[10:16:19] [main/DEBUG] [mixin/]: sable.mixins.json:death_message.EntityMixin from mod sable->@Inject::sable$updateLastSubLevelId(Lorg/spongepowered/asm/mixin/injection/callback/CallbackInfo;)V won't be passed a CallbackInfo as a result
[10:16:19] [main/DEBUG] [mixin/]: sable.mixins.json:entity.entities_in_blocks.EntityMixin from mod sable->@Inject::checkInsideBlocks(Lorg/spongepowered/asm/mixin/injection/callback/CallbackInfo;)V doesn't use it's CallbackInfo
[10:16:19] [main/DEBUG] [mixin/]: sable.mixins.json:entity.entities_in_blocks.EntityMixin from mod sable->@Inject::checkInsideBlocks(Lorg/spongepowered/asm/mixin/injection/callback/CallbackInfo;)V has 0 override(s) in child classes
[10:16:19] [main/DEBUG] [mixin/]: sable.mixins.json:entity.entities_in_blocks.EntityMixin from mod sable->@Inject::checkInsideBlocks(Lorg/spongepowered/asm/mixin/injection/callback/CallbackInfo;)V won't be passed a CallbackInfo as a result
[10:16:19] [main/DEBUG] [mixin/]: sable.mixins.json:entity.entities_stick_sublevels.EntityMixin from mod sable->@Inject::sable$updateSubLevelPosition(Lorg/spongepowered/asm/mixin/injection/callback/CallbackInfo;)V doesn't use it's CallbackInfo
[10:16:19] [main/DEBUG] [mixin/]: sable.mixins.json:entity.entities_stick_sublevels.EntityMixin from mod sable->@Inject::sable$updateSubLevelPosition(Lorg/spongepowered/asm/mixin/injection/callback/CallbackInfo;)V has 0 override(s) in child classes
[10:16:19] [main/DEBUG] [mixin/]: sable.mixins.json:entity.entities_stick_sublevels.EntityMixin from mod sable->@Inject::sable$updateSubLevelPosition(Lorg/spongepowered/asm/mixin/injection/callback/CallbackInfo;)V won't be passed a CallbackInfo as a result
[10:16:19] [main/DEBUG] [mixin/]: sable.mixins.json:entity.entities_stick_sublevels.EntityMixin from mod sable->@Inject::sable$recreateFromPacket(Lnet/minecraft/network/protocol/game/ClientboundAddEntityPacket;Lorg/spongepowered/asm/mixin/injection/callback/CallbackInfo;)V doesn't use it's CallbackInfo
[10:16:19] [main/DEBUG] [mixin/]: sable.mixins.json:entity.entities_stick_sublevels.EntityMixin from mod sable->@Inject::sable$recreateFromPacket(Lnet/minecraft/network/protocol/game/ClientboundAddEntityPacket;Lorg/spongepowered/asm/mixin/injection/callback/CallbackInfo;)V has 0 override(s) in child classes
[10:16:19] [main/DEBUG] [mixin/]: sable.mixins.json:entity.entities_stick_sublevels.EntityMixin from mod sable->@Inject::sable$recreateFromPacket(Lnet/minecraft/network/protocol/game/ClientboundAddEntityPacket;Lorg/spongepowered/asm/mixin/injection/callback/CallbackInfo;)V won't be passed a CallbackInfo as a result
[10:16:19] [main/DEBUG] [mixin/]: sable.mixins.json:entity.entities_stick_sublevels.effects.EntityMixin from mod sable->@Inject::sable$spawnSprintParticle(Lorg/spongepowered/asm/mixin/injection/callback/CallbackInfo;)V doesn't use it's CallbackInfo
[10:16:19] [main/DEBUG] [mixin/]: sable.mixins.json:entity.entities_stick_sublevels.effects.EntityMixin from mod sable->@Inject::sable$spawnSprintParticle(Lorg/spongepowered/asm/mixin/injection/callback/CallbackInfo;)V has 0 override(s) in child classes
[10:16:19] [main/DEBUG] [mixin/]: sable.mixins.json:entity.entities_stick_sublevels.effects.EntityMixin from mod sable->@Inject::sable$spawnSprintParticle(Lorg/spongepowered/asm/mixin/injection/callback/CallbackInfo;)V won't be passed a CallbackInfo as a result
[10:16:19] [main/DEBUG] [mixin/]: sable.mixins.json:entity.entities_stick_sublevels.effects.EntityMixin from mod sable->@Inject::sable$preGetOnPos(FLorg/spongepowered/asm/mixin/injection/callback/CallbackInfoReturnable;)V does use it's CallbackInfoReturnable
[10:16:19] [main/DEBUG] [mixin/]: sable.mixins.json:entity.entity_rotations_and_riding.EntityMixin from mod sable->@Inject::moveRelative(FLnet/minecraft/world/phys/Vec3;Lorg/spongepowered/asm/mixin/injection/callback/CallbackInfo;)V does use it's CallbackInfo
[10:16:19] [main/DEBUG] [mixin/]: sable.mixins.json:entity.entity_rotations_and_riding.EntityMixin from mod sable->@Inject::sable$onRidingTick(Lorg/spongepowered/asm/mixin/injection/callback/CallbackInfo;)V doesn't use it's CallbackInfo
[10:16:19] [main/DEBUG] [mixin/]: sable.mixins.json:entity.entity_rotations_and_riding.EntityMixin from mod sable->@Inject::sable$onRidingTick(Lorg/spongepowered/asm/mixin/injection/callback/CallbackInfo;)V has 0 override(s) in child classes
[10:16:19] [main/DEBUG] [mixin/]: sable.mixins.json:entity.entity_rotations_and_riding.EntityMixin from mod sable->@Inject::sable$onRidingTick(Lorg/spongepowered/asm/mixin/injection/callback/CallbackInfo;)V won't be passed a CallbackInfo as a result
[10:16:19] [main/DEBUG] [mixin/]: sable.mixins.json:entity.entity_rotations_and_riding.EntityMixin from mod sable->@Inject::sable$onPositionRider(Lnet/minecraft/world/entity/Entity;Lorg/spongepowered/asm/mixin/injection/callback/CallbackInfo;)V doesn't use it's CallbackInfo
[10:16:19] [main/DEBUG] [mixin/]: sable.mixins.json:entity.entity_rotations_and_riding.EntityMixin from mod sable->@Inject::sable$onPositionRider(Lnet/minecraft/world/entity/Entity;Lorg/spongepowered/asm/mixin/injection/callback/CallbackInfo;)V has 0 override(s) in child classes
[10:16:19] [main/DEBUG] [mixin/]: sable.mixins.json:entity.entity_rotations_and_riding.EntityMixin from mod sable->@Inject::sable$onPositionRider(Lnet/minecraft/world/entity/Entity;Lorg/spongepowered/asm/mixin/injection/callback/CallbackInfo;)V won't be passed a CallbackInfo as a result
[10:16:19] [main/DEBUG] [mixin/]: sable.mixins.json:tracking_points.EntityMixin from mod sable->@Inject::sable$load(Lnet/minecraft/nbt/CompoundTag;Lorg/spongepowered/asm/mixin/injection/callback/CallbackInfo;)V doesn't use it's CallbackInfo
[10:16:19] [main/DEBUG] [mixin/]: sable.mixins.json:tracking_points.EntityMixin from mod sable->@Inject::sable$load(Lnet/minecraft/nbt/CompoundTag;Lorg/spongepowered/asm/mixin/injection/callback/CallbackInfo;)V has 0 override(s) in child classes
[10:16:19] [main/DEBUG] [mixin/]: sable.mixins.json:tracking_points.EntityMixin from mod sable->@Inject::sable$load(Lnet/minecraft/nbt/CompoundTag;Lorg/spongepowered/asm/mixin/injection/callback/CallbackInfo;)V won't be passed a CallbackInfo as a result
[10:16:19] [main/DEBUG] [mixin/]: sable.mixins.json:water_occlusion.EntityMixin from mod sable->@Inject::sable$updateFluidHeightAndDoFluidPushing(Lnet/minecraft/tags/TagKey;DLorg/spongepowered/asm/mixin/injection/callback/CallbackInfoReturnable;)V does use it's CallbackInfoReturnable
[10:16:19] [main/DEBUG] [mixin/]: sable.mixins.json:entity.entity_sublevel_collision.EntityMixin from mod sable->@Inject::sable$moveInject(Lnet/minecraft/world/entity/MoverType;Lnet/minecraft/world/phys/Vec3;Lorg/spongepowered/asm/mixin/injection/callback/CallbackInfo;)V doesn't use it's CallbackInfo
[10:16:19] [main/DEBUG] [mixin/]: sable.mixins.json:entity.entity_sublevel_collision.EntityMixin from mod sable->@Inject::sable$moveInject(Lnet/minecraft/world/entity/MoverType;Lnet/minecraft/world/phys/Vec3;Lorg/spongepowered/asm/mixin/injection/callback/CallbackInfo;)V has 0 override(s) in child classes
[10:16:19] [main/DEBUG] [mixin/]: sable.mixins.json:entity.entity_sublevel_collision.EntityMixin from mod sable->@Inject::sable$moveInject(Lnet/minecraft/world/entity/MoverType;Lnet/minecraft/world/phys/Vec3;Lorg/spongepowered/asm/mixin/injection/callback/CallbackInfo;)V won't be passed a CallbackInfo as a result
[10:16:19] [main/DEBUG] [mixin/]: sable.mixins.json:entity.entity_sublevel_collision.EntityMixin from mod sable->@Inject::sable$tickInject(Lorg/spongepowered/asm/mixin/injection/callback/CallbackInfo;)V doesn't use it's CallbackInfo
[10:16:19] [main/DEBUG] [mixin/]: sable.mixins.json:entity.entity_sublevel_collision.EntityMixin from mod sable->@Inject::sable$tickInject(Lorg/spongepowered/asm/mixin/injection/callback/CallbackInfo;)V has 0 override(s) in child classes
[10:16:19] [main/DEBUG] [mixin/]: sable.mixins.json:entity.entity_sublevel_collision.EntityMixin from mod sable->@Inject::sable$tickInject(Lorg/spongepowered/asm/mixin/injection/callback/CallbackInfo;)V won't be passed a CallbackInfo as a result
[10:16:19] [main/DEBUG] [mixin/]: Mixing NetworkServerPlayerMixin from veil.network.mixins.json into net.minecraft.server.level.ServerPlayer
[10:16:19] [main/DEBUG] [mixin/]: Mixing entity.entities_stick_sublevels.player.ServerPlayerMixin from sable.mixins.json into net.minecraft.server.level.ServerPlayer
[10:16:19] [main/DEBUG] [mixin/]: Mixing entity.entity_rotations_and_riding.ServerPlayerMixin from sable.mixins.json into net.minecraft.server.level.ServerPlayer
[10:16:19] [main/DEBUG] [mixin/]: Mixing entity.teleport_players.ServerPlayerMixin from sable.mixins.json into net.minecraft.server.level.ServerPlayer
[10:16:19] [main/DEBUG] [mixin/]: Mixing player_freezing.ServerPlayerMixin from sable.mixins.json into net.minecraft.server.level.ServerPlayer
[10:16:19] [main/DEBUG] [mixin/]: Mixing respawn_point.ServerPlayerMixin from sable.mixins.json into net.minecraft.server.level.ServerPlayer
[10:16:19] [main/DEBUG] [mixin/]: Mixing respawn_point.sleeping.ServerPlayerMixin from sable.mixins.json into net.minecraft.server.level.ServerPlayer
[10:16:19] [main/DEBUG] [mixin/]: Mixing tracking_points.ServerPlayerMixin from sable.mixins.json into net.minecraft.server.level.ServerPlayer
[10:16:19] [main/DEBUG] [mixin/]: sable.mixins.json:entity.entities_stick_sublevels.player.ServerPlayerMixin from mod sable->@Inject::tick(Lorg/spongepowered/asm/mixin/injection/callback/CallbackInfo;)V doesn't use it's CallbackInfo
[10:16:19] [main/DEBUG] [mixin/]: sable.mixins.json:entity.entities_stick_sublevels.player.ServerPlayerMixin from mod sable->@Inject::tick(Lorg/spongepowered/asm/mixin/injection/callback/CallbackInfo;)V has 0 override(s) in child classes
[10:16:19] [main/DEBUG] [mixin/]: sable.mixins.json:entity.entities_stick_sublevels.player.ServerPlayerMixin from mod sable->@Inject::tick(Lorg/spongepowered/asm/mixin/injection/callback/CallbackInfo;)V won't be passed a CallbackInfo as a result
[10:16:19] [main/DEBUG] [mixin/]: sable.mixins.json:player_freezing.ServerPlayerMixin from mod sable->@Inject::setSable$frozenToSubLevel(Lorg/spongepowered/asm/mixin/injection/callback/CallbackInfo;)V doesn't use it's CallbackInfo
[10:16:19] [main/DEBUG] [mixin/]: sable.mixins.json:player_freezing.ServerPlayerMixin from mod sable->@Inject::setSable$frozenToSubLevel(Lorg/spongepowered/asm/mixin/injection/callback/CallbackInfo;)V has 0 override(s) in child classes
[10:16:19] [main/DEBUG] [mixin/]: sable.mixins.json:player_freezing.ServerPlayerMixin from mod sable->@Inject::setSable$frozenToSubLevel(Lorg/spongepowered/asm/mixin/injection/callback/CallbackInfo;)V won't be passed a CallbackInfo as a result
[10:16:19] [main/DEBUG] [mixin/]: sable.mixins.json:respawn_point.ServerPlayerMixin from mod sable->@Inject::sable$setRespawnPosition(Lnet/minecraft/resources/ResourceKey;Lnet/minecraft/core/BlockPos;FZZLorg/spongepowered/asm/mixin/injection/callback/CallbackInfo;)V does use it's CallbackInfo
[10:16:19] [main/DEBUG] [mixin/]: sable.mixins.json:respawn_point.ServerPlayerMixin from mod sable->@Inject::sable$addRespawnPoint(Lnet/minecraft/nbt/CompoundTag;Lorg/spongepowered/asm/mixin/injection/callback/CallbackInfo;)V doesn't use it's CallbackInfo
[10:16:19] [main/DEBUG] [mixin/]: sable.mixins.json:respawn_point.ServerPlayerMixin from mod sable->@Inject::sable$addRespawnPoint(Lnet/minecraft/nbt/CompoundTag;Lorg/spongepowered/asm/mixin/injection/callback/CallbackInfo;)V has 0 override(s) in child classes
[10:16:19] [main/DEBUG] [mixin/]: sable.mixins.json:respawn_point.ServerPlayerMixin from mod sable->@Inject::sable$addRespawnPoint(Lnet/minecraft/nbt/CompoundTag;Lorg/spongepowered/asm/mixin/injection/callback/CallbackInfo;)V won't be passed a CallbackInfo as a result
[10:16:19] [main/DEBUG] [mixin/]: sable.mixins.json:respawn_point.ServerPlayerMixin from mod sable->@Inject::sable$readRespawnPoint(Lnet/minecraft/nbt/CompoundTag;Lorg/spongepowered/asm/mixin/injection/callback/CallbackInfo;)V doesn't use it's CallbackInfo
[10:16:19] [main/DEBUG] [mixin/]: sable.mixins.json:respawn_point.ServerPlayerMixin from mod sable->@Inject::sable$readRespawnPoint(Lnet/minecraft/nbt/CompoundTag;Lorg/spongepowered/asm/mixin/injection/callback/CallbackInfo;)V has 0 override(s) in child classes
[10:16:19] [main/DEBUG] [mixin/]: sable.mixins.json:respawn_point.ServerPlayerMixin from mod sable->@Inject::sable$readRespawnPoint(Lnet/minecraft/nbt/CompoundTag;Lorg/spongepowered/asm/mixin/injection/callback/CallbackInfo;)V won't be passed a CallbackInfo as a result
[10:16:19] [main/DEBUG] [mixin/]: sable.mixins.json:tracking_points.ServerPlayerMixin from mod sable->@Inject::addAdditionalSaveData(Lnet/minecraft/nbt/CompoundTag;Lorg/spongepowered/asm/mixin/injection/callback/CallbackInfo;)V doesn't use it's CallbackInfo
[10:16:19] [main/DEBUG] [mixin/]: sable.mixins.json:tracking_points.ServerPlayerMixin from mod sable->@Inject::addAdditionalSaveData(Lnet/minecraft/nbt/CompoundTag;Lorg/spongepowered/asm/mixin/injection/callback/CallbackInfo;)V has 0 override(s) in child classes
[10:16:19] [main/DEBUG] [mixin/]: sable.mixins.json:tracking_points.ServerPlayerMixin from mod sable->@Inject::addAdditionalSaveData(Lnet/minecraft/nbt/CompoundTag;Lorg/spongepowered/asm/mixin/injection/callback/CallbackInfo;)V won't be passed a CallbackInfo as a result
[10:16:19] [main/DEBUG] [mixin/]: Mixing compatibility.create.redstone_links.RedstoneLinkNetworkHandlerMixin from sable-neoforge.mixins.json into com.simibubi.create.content.redstone.link.RedstoneLinkNetworkHandler
[10:16:19] [main/DEBUG] [io.ne.ut.in.PlatformDependent0/]: -Dio.netty.noUnsafe: false
[10:16:19] [main/DEBUG] [io.ne.ut.in.PlatformDependent0/]: Java version: 21
[10:16:19] [main/DEBUG] [io.ne.ut.in.PlatformDependent0/]: sun.misc.Unsafe.theUnsafe: available
[10:16:19] [main/DEBUG] [io.ne.ut.in.PlatformDependent0/]: sun.misc.Unsafe.copyMemory: available
[10:16:19] [main/DEBUG] [io.ne.ut.in.PlatformDependent0/]: sun.misc.Unsafe.storeFence: available
[10:16:19] [main/DEBUG] [io.ne.ut.in.PlatformDependent0/]: java.nio.Buffer.address: available
[10:16:19] [main/DEBUG] [io.ne.ut.in.PlatformDependent0/]: direct buffer constructor: unavailable: Reflective setAccessible(true) disabled
[10:16:19] [main/DEBUG] [io.ne.ut.in.PlatformDependent0/]: java.nio.Bits.unaligned: available, true
[10:16:19] [main/DEBUG] [io.ne.ut.in.PlatformDependent0/]: jdk.internal.misc.Unsafe.allocateUninitializedArray(int): unavailable: class io.netty.util.internal.PlatformDependent0$7 (in module io.netty.common) cannot access class jdk.internal.misc.Unsafe (in module java.base) because module java.base does not export jdk.internal.misc to module io.netty.common
[10:16:19] [main/DEBUG] [io.ne.ut.in.PlatformDependent0/]: java.nio.DirectByteBuffer.<init>(long, {int,long}): unavailable
[10:16:19] [main/DEBUG] [io.ne.ut.in.PlatformDependent/]: sun.misc.Unsafe: available
[10:16:19] [main/DEBUG] [io.ne.ut.in.PlatformDependent/]: maxDirectMemory: 4194304000 bytes (maybe)
[10:16:19] [main/DEBUG] [io.ne.ut.in.PlatformDependent/]: -Dio.netty.tmpdir: /tmp (java.io.tmpdir)
[10:16:19] [main/DEBUG] [io.ne.ut.in.PlatformDependent/]: -Dio.netty.bitMode: 64 (sun.arch.data.model)
[10:16:19] [main/DEBUG] [io.ne.ut.in.PlatformDependent/]: -Dio.netty.maxDirectMemory: -1 bytes
[10:16:19] [main/DEBUG] [io.ne.ut.in.PlatformDependent/]: -Dio.netty.uninitializedArrayAllocationThreshold: -1
[10:16:19] [main/DEBUG] [io.ne.ut.in.CleanerJava9/]: java.nio.ByteBuffer.cleaner(): available
[10:16:19] [main/DEBUG] [io.ne.ut.in.PlatformDependent/]: -Dio.netty.noPreferDirect: false
[10:16:19] [main/DEBUG] [mixin/]: Mixing BlockStateManagedVirtualEnvironmentMixin from antikytheramechanism.mixins.json into net.minecraft.world.level.block.state.BlockBehaviour$BlockStateBase
[10:16:19] [main/DEBUG] [mixin/]: Renaming synthetic method lambda$antikytheramechanism$projectSupportForRandomTick$8(Lcom/llamalad7/mixinextras/injector/wrapoperation/Operation;Lnet/minecraft/server/level/ServerLevel;Lnet/minecraft/core/BlockPos;Lnet/minecraft/util/RandomSource;)Ljava/lang/Void; to mdded47a$antikytheramechanism$lambda$antikytheramechanism$projectSupportForRandomTick$8$0 in antikytheramechanism.mixins.json:BlockStateManagedVirtualEnvironmentMixin from mod antikytheramechanism
[10:16:19] [main/DEBUG] [mixin/]: Renaming synthetic method lambda$antikytheramechanism$projectSupportForScheduledTick$7(Lcom/llamalad7/mixinextras/injector/wrapoperation/Operation;Lnet/minecraft/server/level/ServerLevel;Lnet/minecraft/core/BlockPos;Lnet/minecraft/util/RandomSource;)Ljava/lang/Void; to mdded47a$antikytheramechanism$lambda$antikytheramechanism$projectSupportForScheduledTick$7$1 in antikytheramechanism.mixins.json:BlockStateManagedVirtualEnvironmentMixin from mod antikytheramechanism
[10:16:19] [main/DEBUG] [mixin/]: Renaming synthetic method lambda$antikytheramechanism$projectBoundaryForBlockEvent$6(Lcom/llamalad7/mixinextras/injector/wrapoperation/Operation;Lnet/minecraft/world/level/Level;Lnet/minecraft/core/BlockPos;II)Ljava/lang/Boolean; to mdded47a$antikytheramechanism$lambda$antikytheramechanism$projectBoundaryForBlockEvent$6$2 in antikytheramechanism.mixins.json:BlockStateManagedVirtualEnvironmentMixin from mod antikytheramechanism
[10:16:19] [main/DEBUG] [mixin/]: Renaming synthetic method lambda$antikytheramechanism$projectSupportForIndirectShapeUpdates$5(Lcom/llamalad7/mixinextras/injector/wrapoperation/Operation;Lnet/minecraft/world/level/LevelAccessor;Lnet/minecraft/core/BlockPos;II)Ljava/lang/Void; to mdded47a$antikytheramechanism$lambda$antikytheramechanism$projectSupportForIndirectShapeUpdates$5$3 in antikytheramechanism.mixins.json:BlockStateManagedVirtualEnvironmentMixin from mod antikytheramechanism
[10:16:19] [main/DEBUG] [mixin/]: Renaming synthetic method lambda$antikytheramechanism$projectSupportForOnPlace$4(Lcom/llamalad7/mixinextras/injector/wrapoperation/Operation;Lnet/minecraft/world/level/Level;Lnet/minecraft/core/BlockPos;Lnet/minecraft/world/level/block/state/BlockState;Z)Ljava/lang/Void; to mdded47a$antikytheramechanism$lambda$antikytheramechanism$projectSupportForOnPlace$4$4 in antikytheramechanism.mixins.json:BlockStateManagedVirtualEnvironmentMixin from mod antikytheramechanism
[10:16:19] [main/DEBUG] [mixin/]: Renaming synthetic method lambda$antikytheramechanism$projectSupportForNeighborChanged$3(Lcom/llamalad7/mixinextras/injector/wrapoperation/Operation;Lnet/minecraft/world/level/Level;Lnet/minecraft/core/BlockPos;Lnet/minecraft/world/level/block/Block;Lnet/minecraft/core/BlockPos;Z)Ljava/lang/Void; to mdded47a$antikytheramechanism$lambda$antikytheramechanism$projectSupportForNeighborChanged$3$5 in antikytheramechanism.mixins.json:BlockStateManagedVirtualEnvironmentMixin from mod antikytheramechanism
[10:16:19] [main/DEBUG] [mixin/]: Renaming synthetic method lambda$antikytheramechanism$projectSupportForUpdateShape$2(Lcom/llamalad7/mixinextras/injector/wrapoperation/Operation;Lnet/minecraft/core/Direction;Lnet/minecraft/world/level/block/state/BlockState;Lnet/minecraft/world/level/LevelAccessor;Lnet/minecraft/core/BlockPos;Lnet/minecraft/core/BlockPos;)Lnet/minecraft/world/level/block/state/BlockState; to mdded47a$antikytheramechanism$lambda$antikytheramechanism$projectSupportForUpdateShape$2$6 in antikytheramechanism.mixins.json:BlockStateManagedVirtualEnvironmentMixin from mod antikytheramechanism
[10:16:19] [main/DEBUG] [mixin/]: Renaming synthetic method lambda$antikytheramechanism$projectSupportForCanSurvive$1(Lcom/llamalad7/mixinextras/injector/wrapoperation/Operation;Lnet/minecraft/world/level/LevelReader;Lnet/minecraft/core/BlockPos;)Ljava/lang/Boolean; to mdded47a$antikytheramechanism$lambda$antikytheramechanism$projectSupportForCanSurvive$1$7 in antikytheramechanism.mixins.json:BlockStateManagedVirtualEnvironmentMixin from mod antikytheramechanism
[10:16:19] [main/DEBUG] [mixin/]: Renaming synthetic method lambda$antikytheramechanism$withLifecycleEnvironment$0(Ljava/lang/Runnable;)Ljava/lang/Object; to mdded47a$antikytheramechanism$lambda$antikytheramechanism$withLifecycleEnvironment$0$8 in antikytheramechanism.mixins.json:BlockStateManagedVirtualEnvironmentMixin from mod antikytheramechanism
[10:16:19] [main/DEBUG] [mixin/]: Mixing accessor.StateHolderAccessor from create.mixins.json into net.minecraft.world.level.block.state.StateHolder
[10:16:19] [main/DEBUG] [mixin/]: Mixing block_properties.BlockStateMixin from sable.mixins.json into net.minecraft.world.level.block.state.BlockState
[10:16:19] [main/DEBUG] [mixin/]: Mixing clip_overwrite.BlockGetterMixin from sable.mixins.json into net.minecraft.world.level.BlockGetter
[10:16:19] [main/DEBUG] [mixin/]: Renaming synthetic method lambda$originalClip$1(Lnet/minecraft/world/level/ClipContext;)Lnet/minecraft/world/phys/BlockHitResult; to mdded47a$sable$lambda$originalClip$1$0 in sable.mixins.json:clip_overwrite.BlockGetterMixin from mod sable
[10:16:19] [main/DEBUG] [mixin/]: Renaming synthetic method lambda$originalClip$0(Lnet/minecraft/world/level/BlockGetter;Lnet/minecraft/world/level/ClipContext;Lnet/minecraft/core/BlockPos;)Lnet/minecraft/world/phys/BlockHitResult; to mdded47a$sable$lambda$originalClip$0$1 in sable.mixins.json:clip_overwrite.BlockGetterMixin from mod sable
[10:16:19] [main/DEBUG] [mixin/]: Mixing BlockGetterClipScaleMixin from sablescale.mixins.json into net.minecraft.world.level.BlockGetter
[10:16:19] [main/DEBUG] [mixin/]: Renaming synthetic method lambda$sablescale$originalClip$1(Lnet/minecraft/world/level/ClipContext;)Lnet/minecraft/world/phys/BlockHitResult; to mdded47a$sablescale$lambda$sablescale$originalClip$1$2 in sablescale.mixins.json:BlockGetterClipScaleMixin from mod sablescale
[10:16:19] [main/DEBUG] [mixin/]: Renaming synthetic method lambda$sablescale$originalClip$0(Lnet/minecraft/world/level/BlockGetter;Lnet/minecraft/world/level/ClipContext;Lnet/minecraft/core/BlockPos;)Lnet/minecraft/world/phys/BlockHitResult; to mdded47a$sablescale$lambda$sablescale$originalClip$0$3 in sablescale.mixins.json:BlockGetterClipScaleMixin from mod sablescale
[10:16:19] [main/DEBUG] [mixin/]: Mixing block_placement.EntityGetterMixin from sable.mixins.json into net.minecraft.world.level.EntityGetter
[10:16:19] [main/DEBUG] [mixin/]: Mixing plot.lighting.BlockAndTintGetterMixin from sable.mixins.json into net.minecraft.world.level.BlockAndTintGetter
[10:16:19] [main/DEBUG] [mixin/]: Mixing SignalGetterRedstoneBoundaryMixin from antikytheramechanism.mixins.json into net.minecraft.world.level.SignalGetter
[10:16:19] [main/DEBUG] [mixin/]: antikytheramechanism.mixins.json:SignalGetterRedstoneBoundaryMixin from mod antikytheramechanism->@Inject::antikytheramechanism$bridgeProjectedWeakSignal(Lnet/minecraft/core/BlockPos;Lnet/minecraft/core/Direction;Lorg/spongepowered/asm/mixin/injection/callback/CallbackInfoReturnable;)V does use it's CallbackInfoReturnable
[10:16:19] [main/DEBUG] [mixin/]: antikytheramechanism.mixins.json:SignalGetterRedstoneBoundaryMixin from mod antikytheramechanism->@Inject::antikytheramechanism$bridgeProjectedDirectSignal(Lnet/minecraft/core/BlockPos;Lnet/minecraft/core/Direction;Lorg/spongepowered/asm/mixin/injection/callback/CallbackInfoReturnable;)V does use it's CallbackInfoReturnable
[10:16:19] [main/DEBUG] [mixin/]: Mixing entity.entity_sublevel_collision.LevelMixin from sable.mixins.json into net.minecraft.world.level.Level
[10:16:19] [main/DEBUG] [mixin/]: Mixing world_border.LevelMixin from sable.mixins.json into net.minecraft.world.level.Level
[10:16:19] [main/DEBUG] [mixin/]: Mixing compatibility.create.super_glue.LevelAccessor from sable-neoforge.mixins.json into net.minecraft.world.level.Level
[10:16:19] [main/DEBUG] [mixin/]: Mixing LevelFrameRemovalPreflightMixin from antikytheramechanism.mixins.json into net.minecraft.world.level.Level
[10:16:19] [main/DEBUG] [mixin/]: Mixing LevelMiniWorldEnvironmentMixin from antikytheramechanism.mixins.json into net.minecraft.world.level.Level
[10:16:19] [main/DEBUG] [mixin/]: sable.mixins.json:world_border.LevelMixin from mod sable->@Inject::sable$initializeWorldBorder(Lnet/minecraft/world/level/storage/WritableLevelData;Lnet/minecraft/resources/ResourceKey;Lnet/minecraft/core/RegistryAccess;Lnet/minecraft/core/Holder;Ljava/util/function/Supplier;ZZJILorg/spongepowered/asm/mixin/injection/callback/CallbackInfo;)V doesn't use it's CallbackInfo
[10:16:19] [main/DEBUG] [mixin/]: sable.mixins.json:world_border.LevelMixin from mod sable->@Inject::sable$initializeWorldBorder(Lnet/minecraft/world/level/storage/WritableLevelData;Lnet/minecraft/resources/ResourceKey;Lnet/minecraft/core/RegistryAccess;Lnet/minecraft/core/Holder;Ljava/util/function/Supplier;ZZJILorg/spongepowered/asm/mixin/injection/callback/CallbackInfo;)V has 0 override(s) in child classes
[10:16:19] [main/DEBUG] [mixin/]: sable.mixins.json:world_border.LevelMixin from mod sable->@Inject::sable$initializeWorldBorder(Lnet/minecraft/world/level/storage/WritableLevelData;Lnet/minecraft/resources/ResourceKey;Lnet/minecraft/core/RegistryAccess;Lnet/minecraft/core/Holder;Ljava/util/function/Supplier;ZZJILorg/spongepowered/asm/mixin/injection/callback/CallbackInfo;)V won't be passed a CallbackInfo as a result
[10:16:19] [main/DEBUG] [mixin/]: antikytheramechanism.mixins.json:LevelFrameRemovalPreflightMixin from mod antikytheramechanism->@Inject::antikytheramechanism$evacuateFrameBeforeChunkWrite(Lnet/minecraft/core/BlockPos;Lnet/minecraft/world/level/block/state/BlockState;IILorg/spongepowered/asm/mixin/injection/callback/CallbackInfoReturnable;)V does use it's CallbackInfoReturnable
[10:16:19] [main/DEBUG] [mixin/]: antikytheramechanism.mixins.json:LevelMiniWorldEnvironmentMixin from mod antikytheramechanism->@Inject::antikytheramechanism$projectParentEnvironment(Lnet/minecraft/core/BlockPos;Lorg/spongepowered/asm/mixin/injection/callback/CallbackInfoReturnable;)V does use it's CallbackInfoReturnable
[10:16:19] [main/DEBUG] [mixin/]: antikytheramechanism.mixins.json:LevelMiniWorldEnvironmentMixin from mod antikytheramechanism->@Inject::antikytheramechanism$refuseProjectedShellDestroy(Lnet/minecraft/core/BlockPos;ZLnet/minecraft/world/entity/Entity;ILorg/spongepowered/asm/mixin/injection/callback/CallbackInfoReturnable;)V does use it's CallbackInfoReturnable
[10:16:19] [main/DEBUG] [mixin/]: Mixing NetworkServerLevelMixin from veil.network.mixins.json into net.minecraft.server.level.ServerLevel
[10:16:19] [main/DEBUG] [mixin/]: Mixing accessor.ServerLevelAccessor from create.mixins.json into net.minecraft.server.level.ServerLevel
[10:16:19] [main/DEBUG] [mixin/]: Mixing block_decal_render.ServerLevelMixin from sable.mixins.json into net.minecraft.server.level.ServerLevel
[10:16:19] [main/DEBUG] [mixin/]: Mixing entity.entity_aabb_lookup.LevelsMixin from sable.mixins.json into net.minecraft.server.level.ServerLevel
[10:16:19] [main/ERROR] [ne.ne.fm.co.as.RuntimeDistCleaner/DISTXFORM]: Attempted to load class net/minecraft/client/multiplayer/ClientLevel for invalid dist DEDICATED_SERVER
[10:16:19] [main/WARN] [mixin/]: Error loading class: net/minecraft/client/multiplayer/ClientLevel (java.lang.RuntimeException: Attempted to load class net/minecraft/client/multiplayer/ClientLevel for invalid dist DEDICATED_SERVER)
[10:16:19] [main/DEBUG] [mixin/]: Mixing entity.entity_kicking.ServerLevelMixin from sable.mixins.json into net.minecraft.server.level.ServerLevel
[10:16:19] [main/DEBUG] [mixin/]: Mixing entity.server_entities_tick.ServerLevelMixin from sable.mixins.json into net.minecraft.server.level.ServerLevel
[10:16:19] [main/DEBUG] [mixin/]: Mixing explosion.ServerLevelMixin from sable.mixins.json into net.minecraft.server.level.ServerLevel
[10:16:19] [main/DEBUG] [mixin/]: Mixing particle.ServerLevelMixin from sable.mixins.json into net.minecraft.server.level.ServerLevel
[10:16:19] [main/DEBUG] [mixin/]: Mixing physics.ServerLevelMixin from sable.mixins.json into net.minecraft.server.level.ServerLevel
[10:16:19] [main/DEBUG] [mixin/]: Mixing plot.LevelsMixin from sable.mixins.json into net.minecraft.server.level.ServerLevel
[10:16:19] [main/ERROR] [ne.ne.fm.co.as.RuntimeDistCleaner/DISTXFORM]: Attempted to load class net/minecraft/client/multiplayer/ClientLevel for invalid dist DEDICATED_SERVER
[10:16:19] [main/WARN] [mixin/]: Error loading class: net/minecraft/client/multiplayer/ClientLevel (java.lang.RuntimeException: Attempted to load class net/minecraft/client/multiplayer/ClientLevel for invalid dist DEDICATED_SERVER)
[10:16:19] [main/DEBUG] [mixin/]: Mixing plot.ServerLevelMixin from sable.mixins.json into net.minecraft.server.level.ServerLevel
[10:16:19] [main/DEBUG] [mixin/]: Mixing water_occlusion.LevelsMixin from sable.mixins.json into net.minecraft.server.level.ServerLevel
[10:16:19] [main/ERROR] [ne.ne.fm.co.as.RuntimeDistCleaner/DISTXFORM]: Attempted to load class net/minecraft/client/multiplayer/ClientLevel for invalid dist DEDICATED_SERVER
[10:16:19] [main/WARN] [mixin/]: Error loading class: net/minecraft/client/multiplayer/ClientLevel (java.lang.RuntimeException: Attempted to load class net/minecraft/client/multiplayer/ClientLevel for invalid dist DEDICATED_SERVER)
[10:16:19] [main/DEBUG] [mixin/]: Mixing ServerLevelRedstoneBoundaryUpdateCenterMixin from antikytheramechanism.mixins.json into net.minecraft.server.level.ServerLevel
[10:16:19] [main/DEBUG] [mixin/]: sable.mixins.json:entity.entity_aabb_lookup.LevelsMixin from mod sable->@Inject::sable$postGetEntities(Lorg/spongepowered/asm/mixin/injection/callback/CallbackInfoReturnable;)V does use it's CallbackInfoReturnable
[10:16:19] [main/DEBUG] [mixin/]: sable.mixins.json:entity.entity_kicking.ServerLevelMixin from mod sable->@Inject::sable$kickEntity(Lnet/minecraft/world/entity/Entity;Lorg/spongepowered/asm/mixin/injection/callback/CallbackInfoReturnable;)V doesn't use it's CallbackInfoReturnable
[10:16:19] [main/DEBUG] [mixin/]: sable.mixins.json:entity.entity_kicking.ServerLevelMixin from mod sable->@Inject::sable$kickEntity(Lnet/minecraft/world/entity/Entity;Lorg/spongepowered/asm/mixin/injection/callback/CallbackInfoReturnable;)V has 0 override(s) in child classes
[10:16:19] [main/DEBUG] [mixin/]: sable.mixins.json:entity.entity_kicking.ServerLevelMixin from mod sable->@Inject::sable$kickEntity(Lnet/minecraft/world/entity/Entity;Lorg/spongepowered/asm/mixin/injection/callback/CallbackInfoReturnable;)V won't be passed a CallbackInfoReturnable as a result
[10:16:19] [main/DEBUG] [mixin/]: sable.mixins.json:plot.ServerLevelMixin from mod sable->@Inject::sable$init(Lorg/spongepowered/asm/mixin/injection/callback/CallbackInfo;)V doesn't use it's CallbackInfo
[10:16:19] [main/DEBUG] [mixin/]: sable.mixins.json:plot.ServerLevelMixin from mod sable->@Inject::sable$init(Lorg/spongepowered/asm/mixin/injection/callback/CallbackInfo;)V has 0 override(s) in child classes
[10:16:19] [main/DEBUG] [mixin/]: sable.mixins.json:plot.ServerLevelMixin from mod sable->@Inject::sable$init(Lorg/spongepowered/asm/mixin/injection/callback/CallbackInfo;)V won't be passed a CallbackInfo as a result
[10:16:19] [main/DEBUG] [mixin/]: sable.mixins.json:plot.ServerLevelMixin from mod sable->@Inject::sable$saveSubLevels(Lnet/minecraft/util/ProgressListener;ZZLorg/spongepowered/asm/mixin/injection/callback/CallbackInfo;)V doesn't use it's CallbackInfo
[10:16:19] [main/DEBUG] [mixin/]: sable.mixins.json:plot.ServerLevelMixin from mod sable->@Inject::sable$saveSubLevels(Lnet/minecraft/util/ProgressListener;ZZLorg/spongepowered/asm/mixin/injection/callback/CallbackInfo;)V has 0 override(s) in child classes
[10:16:19] [main/DEBUG] [mixin/]: sable.mixins.json:plot.ServerLevelMixin from mod sable->@Inject::sable$saveSubLevels(Lnet/minecraft/util/ProgressListener;ZZLorg/spongepowered/asm/mixin/injection/callback/CallbackInfo;)V won't be passed a CallbackInfo as a result
[10:16:19] [main/DEBUG] [mixin/]: sable.mixins.json:plot.ServerLevelMixin from mod sable->@Inject::sable$tickPlotContainer(Ljava/util/function/BooleanSupplier;Lorg/spongepowered/asm/mixin/injection/callback/CallbackInfo;)V doesn't use it's CallbackInfo
[10:16:19] [main/DEBUG] [mixin/]: sable.mixins.json:plot.ServerLevelMixin from mod sable->@Inject::sable$tickPlotContainer(Ljava/util/function/BooleanSupplier;Lorg/spongepowered/asm/mixin/injection/callback/CallbackInfo;)V has 0 override(s) in child classes
[10:16:19] [main/DEBUG] [mixin/]: sable.mixins.json:plot.ServerLevelMixin from mod sable->@Inject::sable$tickPlotContainer(Ljava/util/function/BooleanSupplier;Lorg/spongepowered/asm/mixin/injection/callback/CallbackInfo;)V won't be passed a CallbackInfo as a result
[10:16:19] [main/DEBUG] [mixin/]: sable.mixins.json:plot.ServerLevelMixin from mod sable->@Inject::sable$shouldTickBlocksAt(JLorg/spongepowered/asm/mixin/injection/callback/CallbackInfoReturnable;)V does use it's CallbackInfoReturnable
[10:16:19] [main/DEBUG] [mixin/]: sable.mixins.json:plot.ServerLevelMixin from mod sable->@Inject::sable$isNaturalSpawningAllowed(Lnet/minecraft/world/level/ChunkPos;Lorg/spongepowered/asm/mixin/injection/callback/CallbackInfoReturnable;)V does use it's CallbackInfoReturnable
[10:16:19] [main/DEBUG] [mixin/]: sable.mixins.json:plot.ServerLevelMixin from mod sable->@Inject::sable$close(Lorg/spongepowered/asm/mixin/injection/callback/CallbackInfo;)V doesn't use it's CallbackInfo
[10:16:19] [main/DEBUG] [mixin/]: sable.mixins.json:plot.ServerLevelMixin from mod sable->@Inject::sable$close(Lorg/spongepowered/asm/mixin/injection/callback/CallbackInfo;)V has 0 override(s) in child classes
[10:16:19] [main/DEBUG] [mixin/]: sable.mixins.json:plot.ServerLevelMixin from mod sable->@Inject::sable$close(Lorg/spongepowered/asm/mixin/injection/callback/CallbackInfo;)V won't be passed a CallbackInfo as a result
[10:16:19] [main/DEBUG] [mixin/]: antikytheramechanism.mixins.json:ServerLevelRedstoneBoundaryUpdateCenterMixin from mod antikytheramechanism->@Inject::antikytheramechanism$mirrorRedstoneBoundaryUpdateCenter(Lnet/minecraft/core/BlockPos;Lnet/minecraft/world/level/block/Block;Lorg/spongepowered/asm/mixin/injection/callback/CallbackInfo;)V doesn't use it's CallbackInfo
[10:16:19] [main/DEBUG] [mixin/]: antikytheramechanism.mixins.json:ServerLevelRedstoneBoundaryUpdateCenterMixin from mod antikytheramechanism->@Inject::antikytheramechanism$mirrorRedstoneBoundaryUpdateCenter(Lnet/minecraft/core/BlockPos;Lnet/minecraft/world/level/block/Block;Lorg/spongepowered/asm/mixin/injection/callback/CallbackInfo;)V has 0 override(s) in child classes
[10:16:19] [main/DEBUG] [mixin/]: antikytheramechanism.mixins.json:ServerLevelRedstoneBoundaryUpdateCenterMixin from mod antikytheramechanism->@Inject::antikytheramechanism$mirrorRedstoneBoundaryUpdateCenter(Lnet/minecraft/core/BlockPos;Lnet/minecraft/world/level/block/Block;Lorg/spongepowered/asm/mixin/injection/callback/CallbackInfo;)V won't be passed a CallbackInfo as a result
[10:16:19] [main/DEBUG] [mixin/]: Mixing item_converter.ItemEntityMixin from aeronautics.mixins.json into net.minecraft.world.entity.item.ItemEntity
[10:16:19] [main/DEBUG] [mixin/]: aeronautics.mixins.json:item_converter.ItemEntityMixin from mod aeronautics: Class version 65 required is higher than the class version supported by the current version of Mixin (JAVA_18 supports class version 62)
[10:16:19] [main/DEBUG] [mixin/]: Mixing levitite.ItemEntityMixin from aeronautics.mixins.json into net.minecraft.world.entity.item.ItemEntity
[10:16:19] [main/DEBUG] [mixin/]: aeronautics.mixins.json:levitite.ItemEntityMixin from mod aeronautics: Class version 65 required is higher than the class version supported by the current version of Mixin (JAVA_18 supports class version 62)
[10:16:19] [main/DEBUG] [mixin/]: Mixing entity.entity_sublevel_collision.ItemEntityMixin from sable.mixins.json into net.minecraft.world.entity.item.ItemEntity
[10:16:19] [main/DEBUG] [mixin/]: aeronautics.mixins.json:item_converter.ItemEntityMixin from mod aeronautics->@Inject::aeronautics$tick(Lorg/spongepowered/asm/mixin/injection/callback/CallbackInfo;)V doesn't use it's CallbackInfo
[10:16:19] [main/DEBUG] [mixin/]: aeronautics.mixins.json:item_converter.ItemEntityMixin from mod aeronautics->@Inject::aeronautics$tick(Lorg/spongepowered/asm/mixin/injection/callback/CallbackInfo;)V has 0 override(s) in child classes
[10:16:19] [main/DEBUG] [mixin/]: aeronautics.mixins.json:item_converter.ItemEntityMixin from mod aeronautics->@Inject::aeronautics$tick(Lorg/spongepowered/asm/mixin/injection/callback/CallbackInfo;)V won't be passed a CallbackInfo as a result
[10:16:19] [main/DEBUG] [mixin/]: aeronautics.mixins.json:levitite.ItemEntityMixin from mod aeronautics->@Inject::aeronautics$levitatingGravity(Lorg/spongepowered/asm/mixin/injection/callback/CallbackInfoReturnable;)V does use it's CallbackInfoReturnable
[10:16:19] [main/DEBUG] [mixin/]: aeronautics.mixins.json:levitite.ItemEntityMixin from mod aeronautics->@Inject::aeronautics$levitatingDragAndSparkles(Lorg/spongepowered/asm/mixin/injection/callback/CallbackInfo;)V doesn't use it's CallbackInfo
[10:16:19] [main/DEBUG] [mixin/]: aeronautics.mixins.json:levitite.ItemEntityMixin from mod aeronautics->@Inject::aeronautics$levitatingDragAndSparkles(Lorg/spongepowered/asm/mixin/injection/callback/CallbackInfo;)V has 0 override(s) in child classes
[10:16:19] [main/DEBUG] [mixin/]: aeronautics.mixins.json:levitite.ItemEntityMixin from mod aeronautics->@Inject::aeronautics$levitatingDragAndSparkles(Lorg/spongepowered/asm/mixin/injection/callback/CallbackInfo;)V won't be passed a CallbackInfo as a result
[10:16:19] [main/DEBUG] [mixin/]: Mixing voxel_shape_iteration.DiscreteVoxelShapeAccessor from sable.mixins.json into net.minecraft.world.phys.shapes.DiscreteVoxelShape
[10:16:19] [main/DEBUG] [mixin/]: Mixing voxel_shape_iteration.BitSetDiscreteVoxelShapeAccessor from sable.mixins.json into net.minecraft.world.phys.shapes.BitSetDiscreteVoxelShape
[10:16:19] [main/DEBUG] [mixin/]: Mixing voxel_shape_iteration.VoxelShapeMixin from sable.mixins.json into net.minecraft.world.phys.shapes.VoxelShape
[10:16:19] [main/DEBUG] [mixin/]: Mixing accessor.DispenserBlockAccessor from create.mixins.json into net.minecraft.world.level.block.DispenserBlock
[10:16:19] [main/DEBUG] [mixin/]: Mixing DispenserBlockContextMixin from antikytheramechanism.mixins.json into net.minecraft.world.level.block.DispenserBlock
[10:16:19] [main/DEBUG] [mixin/]: Mixing impact.TntBlockMixin from sable.mixins.json into net.minecraft.world.level.block.TntBlock
[10:16:19] [main/DEBUG] [mixin/]: Mixing RedStoneWireBlockAccessor from antikytheramechanism.mixins.json into net.minecraft.world.level.block.RedStoneWireBlock
[10:16:19] [main/DEBUG] [mixin/]: Mixing accessor.CropBlockAccessor from create.mixins.json into net.minecraft.world.level.block.CropBlock
[10:16:19] [main/DEBUG] [mixin/]: Mixing portal.NetherPortalBlockMixin from sable.mixins.json into net.minecraft.world.level.block.NetherPortalBlock
[10:16:19] [main/DEBUG] [mixin/]: Mixing prevent_overgrowth.VineBlockMixin from sable.mixins.json into net.minecraft.world.level.block.VineBlock
[10:16:20] [main/DEBUG] [mixin/]: Mixing torsion_spring.ComparatorBlockMixin from simulated.mixins.json into net.minecraft.world.level.block.ComparatorBlock
[10:16:20] [main/DEBUG] [mixin/]: Mixing accessor.ConcretePowderBlockAccessor from create.mixins.json into net.minecraft.world.level.block.ConcretePowderBlock
[10:16:20] [main/DEBUG] [mixin/]: Mixing impact.BellBlockMixin from sable.mixins.json into net.minecraft.world.level.block.BellBlock
[10:16:20] [main/DEBUG] [mixin/]: Mixing BeehiveBlockMixin from create.mixins.json into net.minecraft.world.level.block.BeehiveBlock
[10:16:20] [main/DEBUG] [mixin/]: Mixing impact.BeehiveBlockMixin from sable.mixins.json into net.minecraft.world.level.block.BeehiveBlock
[10:16:20] [main/DEBUG] [mixin/]: Mixing MixinPowderSnowBlock from curios.neoforge.mixins.json into net.minecraft.world.level.block.PowderSnowBlock
[10:16:20] [main/DEBUG] [mixin/]: curios.neoforge.mixins.json:MixinPowderSnowBlock from mod curios->@Inject::curios$canEntityWalkOnPowderSnow(Lnet/minecraft/world/entity/Entity;Lorg/spongepowered/asm/mixin/injection/callback/CallbackInfoReturnable;)V does use it's CallbackInfoReturnable
[10:16:20] [main/DEBUG] [mixin/]: curios.neoforge.mixins.json:MixinPowderSnowBlock from mod curios->@Inject::curios$canEntityWalkOnPowderSnow(Lnet/minecraft/world/entity/Entity;Lorg/spongepowered/asm/mixin/injection/callback/CallbackInfoReturnable;)V does use it's CallbackInfoReturnable
[10:16:20] [main/DEBUG] [mixin/]: Mixing PistonBaseBlockMechanismFrameMixin from antikytheramechanism.mixins.json into net.minecraft.world.level.block.piston.PistonBaseBlock
[10:16:20] [main/DEBUG] [mixin/]: Mixing water_occlusion.WaterFluidMixin from sable.mixins.json into net.minecraft.world.level.material.WaterFluid
[10:16:20] [main/DEBUG] [mixin/]: Mixing WaterWheelFluidSpreadMixin from create.mixins.json into net.minecraft.world.level.material.FlowingFluid
[10:16:20] [main/DEBUG] [mixin/]: Mixing accessor.FlowingFluidAccessor from create.mixins.json into net.minecraft.world.level.material.FlowingFluid
[10:16:20] [main/DEBUG] [mixin/]: Mixing fluids_on_sub_levels.FlowingFluidMixin from sable.mixins.json into net.minecraft.world.level.material.FlowingFluid
[10:16:20] [main/DEBUG] [mixin/]: create.mixins.json:WaterWheelFluidSpreadMixin from mod create->@Inject::create$canPassThroughOnWaterWheel(Lnet/minecraft/world/level/BlockGetter;Lnet/minecraft/world/level/material/Fluid;Lnet/minecraft/core/BlockPos;Lnet/minecraft/world/level/block/state/BlockState;Lnet/minecraft/core/Direction;Lnet/minecraft/core/BlockPos;Lnet/minecraft/world/level/block/state/BlockState;Lnet/minecraft/world/level/material/FluidState;Lorg/spongepowered/asm/mixin/injection/callback/CallbackInfoReturnable;)V does use it's CallbackInfoReturnable
[10:16:20] [main/DEBUG] [mixin/]: sable.mixins.json:fluids_on_sub_levels.FlowingFluidMixin from mod sable->@Inject::sable$canSpreadTo(Lnet/minecraft/world/level/BlockGetter;Lnet/minecraft/core/BlockPos;Lnet/minecraft/world/level/block/state/BlockState;Lnet/minecraft/core/Direction;Lnet/minecraft/core/BlockPos;Lnet/minecraft/world/level/block/state/BlockState;Lnet/minecraft/world/level/material/FluidState;Lnet/minecraft/world/level/material/Fluid;Lorg/spongepowered/asm/mixin/injection/callback/CallbackInfoReturnable;)V does use it's CallbackInfoReturnable
[10:16:20] [main/DEBUG] [mixin/]: Mixing accessor.FallingBlockEntityAccessor from create.mixins.json into net.minecraft.world.entity.item.FallingBlockEntity
[10:16:20] [main/DEBUG] [mixin/]: Renaming @Invoker method create$callInit(Lnet/minecraft/world/level/Level;DDDLnet/minecraft/world/level/block/state/BlockState;)Lnet/minecraft/world/entity/item/FallingBlockEntity; to callInit$create_$md$ded47a$0 in create.mixins.json:accessor.FallingBlockEntityAccessor from mod create
[10:16:20] [main/DEBUG] [mixin/]: Mixing entity.falling_block.FallingBlockEntityMixin from sable.mixins.json into net.minecraft.world.entity.item.FallingBlockEntity
[10:16:20] [main/DEBUG] [mixin/]: sable.mixins.json:entity.falling_block.FallingBlockEntityMixin from mod sable->@Inject::sable$beforeOnGroundCheck(Lorg/spongepowered/asm/mixin/injection/callback/CallbackInfo;)V doesn't use it's CallbackInfo
[10:16:20] [main/DEBUG] [mixin/]: sable.mixins.json:entity.falling_block.FallingBlockEntityMixin from mod sable->@Inject::sable$beforeOnGroundCheck(Lorg/spongepowered/asm/mixin/injection/callback/CallbackInfo;)V has 0 override(s) in child classes
[10:16:20] [main/DEBUG] [mixin/]: sable.mixins.json:entity.falling_block.FallingBlockEntityMixin from mod sable->@Inject::sable$beforeOnGroundCheck(Lorg/spongepowered/asm/mixin/injection/callback/CallbackInfo;)V won't be passed a CallbackInfo as a result
[10:16:20] [main/DEBUG] [mixin/]: Mixing PistonMovingBlockEntityAssemblyMixin from antikytheramechanism.mixins.json into net.minecraft.world.level.block.piston.PistonMovingBlockEntity
[10:16:20] [main/DEBUG] [mixin/]: antikytheramechanism.mixins.json:PistonMovingBlockEntityAssemblyMixin from mod antikytheramechanism->@Inject::antikytheramechanism$followAssemblyPose(Lnet/minecraft/world/level/Level;Lnet/minecraft/core/BlockPos;Lnet/minecraft/world/level/block/state/BlockState;Lnet/minecraft/world/level/block/piston/PistonMovingBlockEntity;Lorg/spongepowered/asm/mixin/injection/callback/CallbackInfo;)V doesn't use it's CallbackInfo
[10:16:20] [main/DEBUG] [mixin/]: antikytheramechanism.mixins.json:PistonMovingBlockEntityAssemblyMixin from mod antikytheramechanism->@Inject::antikytheramechanism$finishInterruptedCarrier(Lorg/spongepowered/asm/mixin/injection/callback/CallbackInfo;)V doesn't use it's CallbackInfo
[10:16:20] [main/DEBUG] [mixin/]: antikytheramechanism.mixins.json:PistonMovingBlockEntityAssemblyMixin from mod antikytheramechanism->@Inject::antikytheramechanism$finishInterruptedCarrier(Lorg/spongepowered/asm/mixin/injection/callback/CallbackInfo;)V has 0 override(s) in child classes
[10:16:20] [main/DEBUG] [mixin/]: antikytheramechanism.mixins.json:PistonMovingBlockEntityAssemblyMixin from mod antikytheramechanism->@Inject::antikytheramechanism$finishInterruptedCarrier(Lorg/spongepowered/asm/mixin/injection/callback/CallbackInfo;)V won't be passed a CallbackInfo as a result
[10:16:20] [main/DEBUG] [mixin/]: Mixing accessor.MobEffectInstanceAccessor from create.mixins.json into net.minecraft.world.effect.MobEffectInstance
[10:16:20] [main/DEBUG] [mixin/]: Mixing MobMixin from create.mixins.json into net.minecraft.world.entity.Mob
[10:16:20] [main/DEBUG] [mixin/]: Mixing entity.sublevels_block_sky.SubLevelsBlockSkyMixin from sable.mixins.json into net.minecraft.world.entity.Mob
[10:16:20] [main/DEBUG] [mixin/]: Mixing entity.entity_leashing.LeashableMixin from sable.mixins.json into net.minecraft.world.entity.Leashable
[10:16:20] [main/DEBUG] [mixin/]: Mixing entity.tnt_jumps.PrimedTntMixin from sable.mixins.json into net.minecraft.world.entity.item.PrimedTnt
[10:16:20] [main/DEBUG] [mixin/]: sable.mixins.json:entity.tnt_jumps.PrimedTntMixin from mod sable->@Inject::sable$setTntJump(Lnet/minecraft/world/level/Level;DDDLnet/minecraft/world/entity/LivingEntity;Lorg/spongepowered/asm/mixin/injection/callback/CallbackInfo;)V doesn't use it's CallbackInfo
[10:16:20] [main/DEBUG] [mixin/]: sable.mixins.json:entity.tnt_jumps.PrimedTntMixin from mod sable->@Inject::sable$setTntJump(Lnet/minecraft/world/level/Level;DDDLnet/minecraft/world/entity/LivingEntity;Lorg/spongepowered/asm/mixin/injection/callback/CallbackInfo;)V has 0 override(s) in child classes
[10:16:20] [main/DEBUG] [mixin/]: sable.mixins.json:entity.tnt_jumps.PrimedTntMixin from mod sable->@Inject::sable$setTntJump(Lnet/minecraft/world/level/Level;DDDLnet/minecraft/world/entity/LivingEntity;Lorg/spongepowered/asm/mixin/injection/callback/CallbackInfo;)V won't be passed a CallbackInfo as a result
[10:16:20] [main/DEBUG] [mixin/]: Mixing BlockEntityTypeAccessor from neoforge.mixins.json into net.minecraft.world.level.block.entity.BlockEntityType
[10:16:20] [main/DEBUG] [mixin/]: Mixing assembly.AbstractFurnaceBlockEntityMixin from sable.mixins.json into net.minecraft.world.level.block.entity.AbstractFurnaceBlockEntity
[10:16:20] [main/DEBUG] [mixin/]: Mixing sign_interaction.SignBlockEntityMixin from sable.mixins.json into net.minecraft.world.level.block.entity.SignBlockEntity
[10:16:20] [main/DEBUG] [mixin/]: Mixing aabb.AABBMixin from simulated.mixins.json into net.minecraft.world.phys.AABB
[10:16:20] [main/DEBUG] [mixin/]: Renaming @Invoker method invokeGetDirection(Lnet/minecraft/world/phys/AABB;Lnet/minecraft/world/phys/Vec3;[DLnet/minecraft/core/Direction;DDD)Lnet/minecraft/core/Direction; to invokeGetDirection$simulated_$md$ded47a$0 in simulated.mixins.json:aabb.AABBMixin from mod simulated
[10:16:20] [main/DEBUG] [mixin/]: Mixing entity.arrows_hit_blocks.AbstractArrowMixin from sable.mixins.json into net.minecraft.world.entity.projectile.AbstractArrow
[10:16:20] [main/DEBUG] [mixin/]: sable.mixins.json:entity.arrows_hit_blocks.AbstractArrowMixin from mod sable->@Inject::sable$startFalling(Lorg/spongepowered/asm/mixin/injection/callback/CallbackInfo;)V doesn't use it's CallbackInfo
[10:16:20] [main/DEBUG] [mixin/]: sable.mixins.json:entity.arrows_hit_blocks.AbstractArrowMixin from mod sable->@Inject::sable$startFalling(Lorg/spongepowered/asm/mixin/injection/callback/CallbackInfo;)V has 0 override(s) in child classes
[10:16:20] [main/DEBUG] [mixin/]: sable.mixins.json:entity.arrows_hit_blocks.AbstractArrowMixin from mod sable->@Inject::sable$startFalling(Lorg/spongepowered/asm/mixin/injection/callback/CallbackInfo;)V won't be passed a CallbackInfo as a result
[10:16:20] [main/DEBUG] [mixin/]: Mixing entity.projectile.ProjectileMixin from sable.mixins.json into net.minecraft.world.entity.projectile.Projectile
[10:16:20] [main/DEBUG] [mixin/]: sable.mixins.json:entity.projectile.ProjectileMixin from mod sable->@Inject::sable$shootFromRotation(Lnet/minecraft/world/entity/Entity;FFFFFLorg/spongepowered/asm/mixin/injection/callback/CallbackInfo;)V doesn't use it's CallbackInfo
[10:16:20] [main/DEBUG] [mixin/]: sable.mixins.json:entity.projectile.ProjectileMixin from mod sable->@Inject::sable$shootFromRotation(Lnet/minecraft/world/entity/Entity;FFFFFLorg/spongepowered/asm/mixin/injection/callback/CallbackInfo;)V has 0 override(s) in child classes
[10:16:20] [main/DEBUG] [mixin/]: sable.mixins.json:entity.projectile.ProjectileMixin from mod sable->@Inject::sable$shootFromRotation(Lnet/minecraft/world/entity/Entity;FFFFFLorg/spongepowered/asm/mixin/injection/callback/CallbackInfo;)V won't be passed a CallbackInfo as a result
[10:16:20] [main/DEBUG] [mixin/]: Mixing enchanting_table.EnchantingTableBlockEntityMixin from sable.mixins.json into net.minecraft.world.level.block.entity.EnchantingTableBlockEntity
[10:16:20] [main/DEBUG] [mixin/]: Mixing ItemStackMixin from create.mixins.json into net.minecraft.world.item.ItemStack
[10:16:20] [main/DEBUG] [mixin/]: Renaming synthetic method lambda$create$migrateOldClipboardComponents$0(Lcom/simibubi/create/content/equipment/clipboard/ClipboardContent;Lnet/minecraft/util/Unit;)Lcom/simibubi/create/content/equipment/clipboard/ClipboardContent; to mdded47a$create$lambda$create$migrateOldClipboardComponents$0$0 in create.mixins.json:ItemStackMixin from mod create
[10:16:20] [main/DEBUG] [mixin/]: Mixing ItemStackMiniPlacementMixin from antikytheramechanism.mixins.json into net.minecraft.world.item.ItemStack
[10:16:20] [main/DEBUG] [mixin/]: Renaming synthetic method lambda$runTrackedBlockUse$4(Lnet/minecraft/world/item/BlockItem;Lnet/minecraft/world/item/context/UseOnContext;Lnet/minecraft/world/item/context/BlockPlaceContext;)Lnet/minecraft/world/InteractionResult; to mdded47a$antikytheramechanism$lambda$runTrackedBlockUse$4$1 in antikytheramechanism.mixins.json:ItemStackMiniPlacementMixin from mod antikytheramechanism
[10:16:20] [main/DEBUG] [mixin/]: Renaming synthetic method lambda$runTrackedBlockUse$3(Lnet/minecraft/world/item/BlockItem;Lnet/minecraft/world/item/context/UseOnContext;Lnet/minecraft/world/item/context/BlockPlaceContext;)Lnet/minecraft/world/InteractionResult; to mdded47a$antikytheramechanism$lambda$runTrackedBlockUse$3$2 in antikytheramechanism.mixins.json:ItemStackMiniPlacementMixin from mod antikytheramechanism
[10:16:20] [main/DEBUG] [mixin/]: Renaming synthetic method lambda$antikytheramechanism$trackPlacementHelpers$2(Lcom/llamalad7/mixinextras/injector/wrapoperation/Operation;Lnet/minecraft/world/item/context/UseOnContext;)Lnet/minecraft/world/InteractionResult; to mdded47a$antikytheramechanism$lambda$antikytheramechanism$trackPlacementHelpers$2$3 in antikytheramechanism.mixins.json:ItemStackMiniPlacementMixin from mod antikytheramechanism
[10:16:20] [main/DEBUG] [mixin/]: Renaming synthetic method lambda$antikytheramechanism$routeAndTrackMiniPlacement$1(Lnet/minecraft/world/item/context/UseOnContext;Lcom/llamalad7/mixinextras/injector/wrapoperation/Operation;Lnet/minecraft/world/item/BlockItem;)Lnet/minecraft/world/InteractionResult; to mdded47a$antikytheramechanism$lambda$antikytheramechanism$routeAndTrackMiniPlacement$1$4 in antikytheramechanism.mixins.json:ItemStackMiniPlacementMixin from mod antikytheramechanism
[10:16:20] [main/DEBUG] [mixin/]: Renaming synthetic method lambda$antikytheramechanism$routeAndTrackMiniPlacement$0(Lnet/minecraft/world/item/BlockItem;Lnet/minecraft/world/item/context/UseOnContext;)Lnet/minecraft/world/InteractionResult; to mdded47a$antikytheramechanism$lambda$antikytheramechanism$routeAndTrackMiniPlacement$0$5 in antikytheramechanism.mixins.json:ItemStackMiniPlacementMixin from mod antikytheramechanism
[10:16:20] [main/DEBUG] [mixin/]: create.mixins.json:ItemStackMixin from mod create->@Inject::create$migrateOldClipboardComponents(Lnet/minecraft/world/level/ItemLike;ILnet/minecraft/core/component/PatchedDataComponentMap;Lorg/spongepowered/asm/mixin/injection/callback/CallbackInfo;)V doesn't use it's CallbackInfo
[10:16:20] [main/DEBUG] [mixin/]: Mixing prevent_freezing.BiomeMixin from sable.mixins.json into net.minecraft.world.level.biome.Biome
[10:16:20] [main/DEBUG] [mixin/]: Renaming synthetic method lambda$sable$preventFreezing$0(Lnet/minecraft/world/level/Level;Lnet/minecraft/core/BlockPos;)Z to mdded47a$sable$lambda$sable$preventFreezing$0$0 in sable.mixins.json:prevent_freezing.BiomeMixin from mod sable
[10:16:21] [main/DEBUG] [mixin/]: Mixing SmithingMenuMixin from create.mixins.json into net.minecraft.world.inventory.SmithingMenu
[10:16:21] [main/DEBUG] [mixin/]: Renaming synthetic method lambda$create$preventUnbreakingOnBacktanks$0(Lnet/minecraft/world/item/ItemStack;Lnet/minecraft/core/Holder;)Z to mdded47a$create$lambda$create$preventUnbreakingOnBacktanks$0$0 in create.mixins.json:SmithingMenuMixin from mod create
[10:16:21] [main/DEBUG] [mixin/]: create.mixins.json:SmithingMenuMixin from mod create->@Inject::create$awardAdvancementWhenTrimmingCardboardArmor(Lnet/minecraft/world/entity/player/Player;Lnet/minecraft/world/item/ItemStack;Lorg/spongepowered/asm/mixin/injection/callback/CallbackInfo;)V doesn't use it's CallbackInfo
[10:16:21] [main/DEBUG] [mixin/]: create.mixins.json:SmithingMenuMixin from mod create->@Inject::create$awardAdvancementWhenTrimmingCardboardArmor(Lnet/minecraft/world/entity/player/Player;Lnet/minecraft/world/item/ItemStack;Lorg/spongepowered/asm/mixin/injection/callback/CallbackInfo;)V has 0 override(s) in child classes
[10:16:21] [main/DEBUG] [mixin/]: create.mixins.json:SmithingMenuMixin from mod create->@Inject::create$awardAdvancementWhenTrimmingCardboardArmor(Lnet/minecraft/world/entity/player/Player;Lnet/minecraft/world/item/ItemStack;Lorg/spongepowered/asm/mixin/injection/callback/CallbackInfo;)V won't be passed a CallbackInfo as a result
[10:16:21] [main/DEBUG] [mixin/]: Mixing entity.entity_collision.CollisionContextMixin from sable.mixins.json into net.minecraft.world.phys.shapes.CollisionContext
[10:16:22] [main/DEBUG] [mixin/]: Mixing BlockItemMixin from create.mixins.json into net.minecraft.world.item.BlockItem
[10:16:22] [main/DEBUG] [mixin/]: Mixing BlockItemMiniEnvironmentMixin from antikytheramechanism.mixins.json into net.minecraft.world.item.BlockItem
[10:16:22] [main/DEBUG] [mixin/]: Renaming synthetic method lambda$antikytheramechanism$readVirtualSupportForSurvival$2(Lcom/llamalad7/mixinextras/injector/wrapoperation/Operation;Lnet/minecraft/world/item/context/BlockPlaceContext;Lnet/minecraft/world/level/block/state/BlockState;)Ljava/lang/Boolean; to mdded47a$antikytheramechanism$lambda$antikytheramechanism$readVirtualSupportForSurvival$2$0 in antikytheramechanism.mixins.json:BlockItemMiniEnvironmentMixin from mod antikytheramechanism
[10:16:22] [main/DEBUG] [mixin/]: Renaming synthetic method lambda$antikytheramechanism$readVirtualSupportForPlacementState$1(Lcom/llamalad7/mixinextras/injector/wrapoperation/Operation;Lnet/minecraft/world/item/context/BlockPlaceContext;)Lnet/minecraft/world/level/block/state/BlockState; to mdded47a$antikytheramechanism$lambda$antikytheramechanism$readVirtualSupportForPlacementState$1$1 in antikytheramechanism.mixins.json:BlockItemMiniEnvironmentMixin from mod antikytheramechanism
[10:16:22] [main/DEBUG] [mixin/]: Renaming synthetic method lambda$antikytheramechanism$readVirtualBoundaryDuringSetPlacedBy$0(Lcom/llamalad7/mixinextras/injector/wrapoperation/Operation;Lnet/minecraft/world/level/block/Block;Lnet/minecraft/world/level/Level;Lnet/minecraft/core/BlockPos;Lnet/minecraft/world/level/block/state/BlockState;Lnet/minecraft/world/entity/LivingEntity;Lnet/minecraft/world/item/ItemStack;)Ljava/lang/Void; to mdded47a$antikytheramechanism$lambda$antikytheramechanism$readVirtualBoundaryDuringSetPlacedBy$0$2 in antikytheramechanism.mixins.json:BlockItemMiniEnvironmentMixin from mod antikytheramechanism
[10:16:22] [main/DEBUG] [mixin/]: create.mixins.json:BlockItemMixin from mod create->@Inject::create$fixDeployerPlacement(Lnet/minecraft/world/item/context/BlockPlaceContext;Lorg/spongepowered/asm/mixin/injection/callback/CallbackInfoReturnable;)V does use it's CallbackInfoReturnable
[10:16:22] [main/DEBUG] [mixin/]: Mixing BucketItemMiniFluidPolicyMixin from antikytheramechanism.mixins.json into net.minecraft.world.item.BucketItem
[10:16:22] [main/DEBUG] [mixin/]: antikytheramechanism.mixins.json:BucketItemMiniFluidPolicyMixin from mod antikytheramechanism->@Inject::antikytheramechanism$rejectDeniedMiniFluid(Lnet/minecraft/world/entity/player/Player;Lnet/minecraft/world/level/Level;Lnet/minecraft/core/BlockPos;Lnet/minecraft/world/phys/BlockHitResult;Lnet/minecraft/world/item/ItemStack;Lorg/spongepowered/asm/mixin/injection/callback/CallbackInfoReturnable;)V does use it's CallbackInfoReturnable
[10:16:22] [main/DEBUG] [mixin/]: Mixing lodestone_compat.CompassItemMixin from simulated.mixins.json into net.minecraft.world.item.CompassItem
[10:16:22] [main/DEBUG] [mixin/]: simulated.mixins.json:lodestone_compat.CompassItemMixin from mod simulated->@Inject::simulated$checkID(Lnet/minecraft/world/item/ItemStack;Lnet/minecraft/world/level/Level;Lnet/minecraft/world/entity/Entity;IZLorg/spongepowered/asm/mixin/injection/callback/CallbackInfo;)V doesn't use it's CallbackInfo
[10:16:22] [main/DEBUG] [mixin/]: simulated.mixins.json:lodestone_compat.CompassItemMixin from mod simulated->@Inject::simulated$checkID(Lnet/minecraft/world/item/ItemStack;Lnet/minecraft/world/level/Level;Lnet/minecraft/world/entity/Entity;IZLorg/spongepowered/asm/mixin/injection/callback/CallbackInfo;)V has 0 override(s) in child classes
[10:16:22] [main/DEBUG] [mixin/]: simulated.mixins.json:lodestone_compat.CompassItemMixin from mod simulated->@Inject::simulated$checkID(Lnet/minecraft/world/item/ItemStack;Lnet/minecraft/world/level/Level;Lnet/minecraft/world/entity/Entity;IZLorg/spongepowered/asm/mixin/injection/callback/CallbackInfo;)V won't be passed a CallbackInfo as a result
[10:16:22] [main/DEBUG] [mixin/]: Mixing shears_break_envelopes.ShearsItemMixin from aeronautics.mixins.json into net.minecraft.world.item.ShearsItem
[10:16:22] [main/DEBUG] [mixin/]: aeronautics.mixins.json:shears_break_envelopes.ShearsItemMixin from mod aeronautics: Class version 65 required is higher than the class version supported by the current version of Mixin (JAVA_18 supports class version 62)
[10:16:22] [main/DEBUG] [mixin/]: Mixing honey_glue.ArmorStandItemMixin from simulated.mixins.json into net.minecraft.world.item.ArmorStandItem
[10:16:22] [main/DEBUG] [mixin/]: Renaming synthetic method lambda$ignoreGlues$0(Lnet/minecraft/world/entity/Entity;)Z to mdded47a$simulated$lambda$ignoreGlues$0$0 in simulated.mixins.json:honey_glue.ArmorStandItemMixin from mod simulated
[10:16:22] [main/DEBUG] [mixin/]: Mixing MixinNbtPredicate from curios.neoforge.mixins.json into net.minecraft.advancements.critereon.NbtPredicate
[10:16:22] [main/DEBUG] [mixin/]: Mixing ArmorTrimMixin from create.mixins.json into net.minecraft.world.item.armortrim.ArmorTrim
[10:16:22] [main/DEBUG] [mixin/]: Renaming synthetic method lambda$new$0(Ljava/lang/Boolean;Lnet/minecraft/core/Holder;)Lnet/minecraft/resources/ResourceLocation; to mdded47a$create$lambda$new$0$0 in create.mixins.json:ArmorTrimMixin from mod create
[10:16:22] [main/DEBUG] [mixin/]: create.mixins.json:ArmorTrimMixin from mod create->@Inject::create$swapTexturesForCardboardTrimsInner(Lnet/minecraft/core/Holder;Lorg/spongepowered/asm/mixin/injection/callback/CallbackInfoReturnable;)V does use it's CallbackInfoReturnable
[10:16:22] [main/DEBUG] [mixin/]: create.mixins.json:ArmorTrimMixin from mod create->@Inject::create$swapTexturesForCardboardTrimsOuter(Lnet/minecraft/core/Holder;Lorg/spongepowered/asm/mixin/injection/callback/CallbackInfoReturnable;)V does use it's CallbackInfoReturnable
[10:16:22] [main/DEBUG] [mixin/]: Mixing world_border.WorldBorderMixin from sable.mixins.json into net.minecraft.world.level.border.WorldBorder
[10:16:22] [main/DEBUG] [mixin/]: sable.mixins.json:world_border.WorldBorderMixin from mod sable->@Inject::sable$isWithinBounds(DDDLorg/spongepowered/asm/mixin/injection/callback/CallbackInfoReturnable;)V does use it's CallbackInfoReturnable
[10:16:22] [main/DEBUG] [mixin/]: sable.mixins.json:world_border.WorldBorderMixin from mod sable->@Inject::sable$clampToBounds(DDDLorg/spongepowered/asm/mixin/injection/callback/CallbackInfoReturnable;)V does use it's CallbackInfoReturnable
[10:16:22] [main/DEBUG] [mixin/]: sable.mixins.json:world_border.WorldBorderMixin from mod sable->@Inject::sable$isInsideCloseToBorder(Lnet/minecraft/world/entity/Entity;Lnet/minecraft/world/phys/AABB;Lorg/spongepowered/asm/mixin/injection/callback/CallbackInfoReturnable;)V does use it's CallbackInfoReturnable
[10:16:22] [main/DEBUG] [mixin/]: Mixing NeighborUpdaterReadOnlyShellMixin from antikytheramechanism.mixins.json into net.minecraft.world.level.redstone.NeighborUpdater
[10:16:22] [main/DEBUG] [mixin/]: antikytheramechanism.mixins.json:NeighborUpdaterReadOnlyShellMixin from mod antikytheramechanism->@Inject::antikytheramechanism$skipProjectedShellNeighborLifecycle(Lnet/minecraft/world/level/Level;Lnet/minecraft/world/level/block/state/BlockState;Lnet/minecraft/core/BlockPos;Lnet/minecraft/world/level/block/Block;Lnet/minecraft/core/BlockPos;ZLorg/spongepowered/asm/mixin/injection/callback/CallbackInfo;)V does use it's CallbackInfo
[10:16:22] [main/DEBUG] [mixin/]: antikytheramechanism.mixins.json:NeighborUpdaterReadOnlyShellMixin from mod antikytheramechanism->@Inject::antikytheramechanism$skipProjectedShellShapeLifecycle(Lnet/minecraft/world/level/LevelAccessor;Lnet/minecraft/core/Direction;Lnet/minecraft/world/level/block/state/BlockState;Lnet/minecraft/core/BlockPos;Lnet/minecraft/core/BlockPos;IILorg/spongepowered/asm/mixin/injection/callback/CallbackInfo;)V does use it's CallbackInfo
[10:16:22] [main/DEBUG] [mixin/]: Mixing plot.LevelChunkMixin from sable.mixins.json into net.minecraft.world.level.chunk.LevelChunk
[10:16:22] [main/DEBUG] [mixin/]: Mixing plot.lighting.LevelChunkMixin from sable.mixins.json into net.minecraft.world.level.chunk.LevelChunk
[10:16:22] [main/DEBUG] [mixin/]: Mixing LevelChunkFrameMaskMixin from antikytheramechanism.mixins.json into net.minecraft.world.level.chunk.LevelChunk
[10:16:22] [main/DEBUG] [mixin/]: sable.mixins.json:plot.LevelChunkMixin from mod sable->@Inject::sable$preSetBlockState(Lnet/minecraft/core/BlockPos;Lnet/minecraft/world/level/block/state/BlockState;ZLorg/spongepowered/asm/mixin/injection/callback/CallbackInfoReturnable;)V doesn't use it's CallbackInfoReturnable
[10:16:22] [main/DEBUG] [mixin/]: sable.mixins.json:plot.LevelChunkMixin from mod sable->@Inject::sable$preSetBlockState(Lnet/minecraft/core/BlockPos;Lnet/minecraft/world/level/block/state/BlockState;ZLorg/spongepowered/asm/mixin/injection/callback/CallbackInfoReturnable;)V has 0 override(s) in child classes
[10:16:22] [main/DEBUG] [mixin/]: sable.mixins.json:plot.LevelChunkMixin from mod sable->@Inject::sable$preSetBlockState(Lnet/minecraft/core/BlockPos;Lnet/minecraft/world/level/block/state/BlockState;ZLorg/spongepowered/asm/mixin/injection/callback/CallbackInfoReturnable;)V won't be passed a CallbackInfoReturnable as a result
[10:16:22] [main/DEBUG] [mixin/]: sable.mixins.json:plot.LevelChunkMixin from mod sable->@Inject::sable$postSetBlockState(Lnet/minecraft/core/BlockPos;Lnet/minecraft/world/level/block/state/BlockState;ZLorg/spongepowered/asm/mixin/injection/callback/CallbackInfoReturnable;)V doesn't use it's CallbackInfoReturnable
[10:16:22] [main/DEBUG] [mixin/]: sable.mixins.json:plot.LevelChunkMixin from mod sable->@Inject::sable$postSetBlockState(Lnet/minecraft/core/BlockPos;Lnet/minecraft/world/level/block/state/BlockState;ZLorg/spongepowered/asm/mixin/injection/callback/CallbackInfoReturnable;)V has 0 override(s) in child classes
[10:16:22] [main/DEBUG] [mixin/]: sable.mixins.json:plot.LevelChunkMixin from mod sable->@Inject::sable$postSetBlockState(Lnet/minecraft/core/BlockPos;Lnet/minecraft/world/level/block/state/BlockState;ZLorg/spongepowered/asm/mixin/injection/callback/CallbackInfoReturnable;)V won't be passed a CallbackInfoReturnable as a result
[10:16:22] [main/DEBUG] [mixin/]: sable.mixins.json:plot.LevelChunkMixin from mod sable->@Inject::sable$postSetBlockState(Lnet/minecraft/core/BlockPos;Lnet/minecraft/world/level/block/state/BlockState;ZLorg/spongepowered/asm/mixin/injection/callback/CallbackInfoReturnable;)V doesn't use it's CallbackInfoReturnable
[10:16:22] [main/DEBUG] [mixin/]: sable.mixins.json:plot.LevelChunkMixin from mod sable->@Inject::sable$postSetBlockState(Lnet/minecraft/core/BlockPos;Lnet/minecraft/world/level/block/state/BlockState;ZLorg/spongepowered/asm/mixin/injection/callback/CallbackInfoReturnable;)V has 0 override(s) in child classes
[10:16:22] [main/DEBUG] [mixin/]: sable.mixins.json:plot.LevelChunkMixin from mod sable->@Inject::sable$postSetBlockState(Lnet/minecraft/core/BlockPos;Lnet/minecraft/world/level/block/state/BlockState;ZLorg/spongepowered/asm/mixin/injection/callback/CallbackInfoReturnable;)V won't be passed a CallbackInfoReturnable as a result
[10:16:22] [main/DEBUG] [mixin/]: sable.mixins.json:plot.LevelChunkMixin from mod sable->@Inject::sable$postSetBlockState(Lnet/minecraft/core/BlockPos;Lnet/minecraft/world/level/block/state/BlockState;ZLorg/spongepowered/asm/mixin/injection/callback/CallbackInfoReturnable;)V doesn't use it's CallbackInfoReturnable
[10:16:22] [main/DEBUG] [mixin/]: sable.mixins.json:plot.LevelChunkMixin from mod sable->@Inject::sable$postSetBlockState(Lnet/minecraft/core/BlockPos;Lnet/minecraft/world/level/block/state/BlockState;ZLorg/spongepowered/asm/mixin/injection/callback/CallbackInfoReturnable;)V has 0 override(s) in child classes
[10:16:22] [main/DEBUG] [mixin/]: sable.mixins.json:plot.LevelChunkMixin from mod sable->@Inject::sable$postSetBlockState(Lnet/minecraft/core/BlockPos;Lnet/minecraft/world/level/block/state/BlockState;ZLorg/spongepowered/asm/mixin/injection/callback/CallbackInfoReturnable;)V won't be passed a CallbackInfoReturnable as a result
[10:16:22] [main/DEBUG] [mixin/]: sable.mixins.json:plot.LevelChunkMixin from mod sable->@Inject::sable$postSetBlockState(Lnet/minecraft/core/BlockPos;Lnet/minecraft/world/level/block/state/BlockState;ZLorg/spongepowered/asm/mixin/injection/callback/CallbackInfoReturnable;)V doesn't use it's CallbackInfoReturnable
[10:16:22] [main/DEBUG] [mixin/]: sable.mixins.json:plot.LevelChunkMixin from mod sable->@Inject::sable$postSetBlockState(Lnet/minecraft/core/BlockPos;Lnet/minecraft/world/level/block/state/BlockState;ZLorg/spongepowered/asm/mixin/injection/callback/CallbackInfoReturnable;)V has 0 override(s) in child classes
[10:16:22] [main/DEBUG] [mixin/]: sable.mixins.json:plot.LevelChunkMixin from mod sable->@Inject::sable$postSetBlockState(Lnet/minecraft/core/BlockPos;Lnet/minecraft/world/level/block/state/BlockState;ZLorg/spongepowered/asm/mixin/injection/callback/CallbackInfoReturnable;)V won't be passed a CallbackInfoReturnable as a result
[10:16:22] [main/DEBUG] [mixin/]: antikytheramechanism.mixins.json:LevelChunkFrameMaskMixin from mod antikytheramechanism->@Inject::antikytheramechanism$enforceFrameMask(Lnet/minecraft/core/BlockPos;Lnet/minecraft/world/level/block/state/BlockState;ZLorg/spongepowered/asm/mixin/injection/callback/CallbackInfoReturnable;)V does use it's CallbackInfoReturnable
[10:16:22] [main/DEBUG] [mixin/]: antikytheramechanism.mixins.json:LevelChunkFrameMaskMixin from mod antikytheramechanism->@Inject::antikytheramechanism$refreshManagedWorldState(Lnet/minecraft/core/BlockPos;Lnet/minecraft/world/level/block/state/BlockState;ZLorg/spongepowered/asm/mixin/injection/callback/CallbackInfoReturnable;)V does use it's CallbackInfoReturnable
[10:16:22] [main/DEBUG] [mixin/]: antikytheramechanism.mixins.json:LevelChunkFrameMaskMixin from mod antikytheramechanism->@Inject::antikytheramechanism$refreshManagedWorldState(Lnet/minecraft/core/BlockPos;Lnet/minecraft/world/level/block/state/BlockState;ZLorg/spongepowered/asm/mixin/injection/callback/CallbackInfoReturnable;)V does use it's CallbackInfoReturnable
[10:16:22] [main/DEBUG] [mixin/]: antikytheramechanism.mixins.json:LevelChunkFrameMaskMixin from mod antikytheramechanism->@Inject::antikytheramechanism$refreshManagedWorldState(Lnet/minecraft/core/BlockPos;Lnet/minecraft/world/level/block/state/BlockState;ZLorg/spongepowered/asm/mixin/injection/callback/CallbackInfoReturnable;)V does use it's CallbackInfoReturnable
[10:16:22] [main/DEBUG] [mixin/]: antikytheramechanism.mixins.json:LevelChunkFrameMaskMixin from mod antikytheramechanism->@Inject::antikytheramechanism$refreshManagedWorldState(Lnet/minecraft/core/BlockPos;Lnet/minecraft/world/level/block/state/BlockState;ZLorg/spongepowered/asm/mixin/injection/callback/CallbackInfoReturnable;)V does use it's CallbackInfoReturnable
[10:16:22] [main/DEBUG] [mixin/]: Mixing block_placement.BlockPlaceContextMixin from sable.mixins.json into net.minecraft.world.item.context.BlockPlaceContext
[10:16:22] [main/DEBUG] [mixin/]: sable.mixins.json:block_placement.BlockPlaceContextMixin from mod sable->@Inject::sable$canPlace(Lorg/spongepowered/asm/mixin/injection/callback/CallbackInfoReturnable;)V does use it's CallbackInfoReturnable
[10:16:22] [main/DEBUG] [mixin/]: Mixing accessor.UseOnContextAccessor from create.mixins.json into net.minecraft.world.item.context.UseOnContext
[10:16:22] [main/DEBUG] [mixin/]: Mixing block_placement.UseOnContextMixin from sable.mixins.json into net.minecraft.world.item.context.UseOnContext
[10:16:22] [main/DEBUG] [mixin/]: sable.mixins.json:block_placement.UseOnContextMixin from mod sable->@Inject::sable$getHorizontalDirection(Lorg/spongepowered/asm/mixin/injection/callback/CallbackInfoReturnable;)V does use it's CallbackInfoReturnable
[10:16:22] [main/DEBUG] [mixin/]: sable.mixins.json:block_placement.UseOnContextMixin from mod sable->@Inject::sable$getRotation(Lorg/spongepowered/asm/mixin/injection/callback/CallbackInfoReturnable;)V does use it's CallbackInfoReturnable
[10:16:22] [main/DEBUG] [mixin/]: Mixing explosion.ExplosionMixin from sable.mixins.json into net.minecraft.world.level.Explosion
[10:16:22] [main/DEBUG] [mixin/]: sable.mixins.json:explosion.ExplosionMixin from mod sable->@Inject::sable$preExplode(Lorg/spongepowered/asm/mixin/injection/callback/CallbackInfo;)V doesn't use it's CallbackInfo
[10:16:22] [main/DEBUG] [mixin/]: sable.mixins.json:explosion.ExplosionMixin from mod sable->@Inject::sable$preExplode(Lorg/spongepowered/asm/mixin/injection/callback/CallbackInfo;)V has 0 override(s) in child classes
[10:16:22] [main/DEBUG] [mixin/]: sable.mixins.json:explosion.ExplosionMixin from mod sable->@Inject::sable$preExplode(Lorg/spongepowered/asm/mixin/injection/callback/CallbackInfo;)V won't be passed a CallbackInfo as a result
[10:16:22] [main/DEBUG] [mixin/]: sable.mixins.json:explosion.ExplosionMixin from mod sable->@Inject::sable$redirectBlockExplosionResistance(Lorg/spongepowered/asm/mixin/injection/callback/CallbackInfo;Ljava/util/Set;IIIIDDDDFDDDFLnet/minecraft/core/BlockPos;Lnet/minecraft/world/level/block/state/BlockState;Lnet/minecraft/world/level/material/FluidState;)V doesn't use it's CallbackInfo
[10:16:22] [main/DEBUG] [mixin/]: sable.mixins.json:explosion.ExplosionMixin from mod sable->@Inject::sable$redirectBlockExplosionResistance(Lorg/spongepowered/asm/mixin/injection/callback/CallbackInfo;Ljava/util/Set;IIIIDDDDFDDDFLnet/minecraft/core/BlockPos;Lnet/minecraft/world/level/block/state/BlockState;Lnet/minecraft/world/level/material/FluidState;)V has 0 override(s) in child classes
[10:16:22] [main/DEBUG] [mixin/]: sable.mixins.json:explosion.ExplosionMixin from mod sable->@Inject::sable$redirectBlockExplosionResistance(Lorg/spongepowered/asm/mixin/injection/callback/CallbackInfo;Ljava/util/Set;IIIIDDDDFDDDFLnet/minecraft/core/BlockPos;Lnet/minecraft/world/level/block/state/BlockState;Lnet/minecraft/world/level/material/FluidState;)V won't be passed a CallbackInfo as a result
[10:16:22] [main/DEBUG] [mixin/]: Mixing clip_overwrite.HitResultMixin from sable.mixins.json into net.minecraft.world.phys.HitResult
[10:16:22] [main/DEBUG] [mixin/]: Mixing entity.entity_sublevel_collision.AbstractMinecartMixin from sable.mixins.json into net.minecraft.world.entity.vehicle.AbstractMinecart
[10:16:22] [main/DEBUG] [mixin/]: sable.mixins.json:entity.entity_sublevel_collision.AbstractMinecartMixin from mod sable->@Inject::sable$postTick(Lorg/spongepowered/asm/mixin/injection/callback/CallbackInfo;)V doesn't use it's CallbackInfo
[10:16:22] [main/DEBUG] [mixin/]: sable.mixins.json:entity.entity_sublevel_collision.AbstractMinecartMixin from mod sable->@Inject::sable$postTick(Lorg/spongepowered/asm/mixin/injection/callback/CallbackInfo;)V has 0 override(s) in child classes
[10:16:22] [main/DEBUG] [mixin/]: sable.mixins.json:entity.entity_sublevel_collision.AbstractMinecartMixin from mod sable->@Inject::sable$postTick(Lorg/spongepowered/asm/mixin/injection/callback/CallbackInfo;)V won't be passed a CallbackInfo as a result
[10:16:22] [main/DEBUG] [mixin/]: Mixing entity.entity_pathfinding.PathNavigationMixin from sable.mixins.json into net.minecraft.world.entity.ai.navigation.PathNavigation
[10:16:22] [main/DEBUG] [mixin/]: sable.mixins.json:entity.entity_pathfinding.PathNavigationMixin from mod sable->@Inject::sable$createPath(Ljava/util/Set;IZIFLorg/spongepowered/asm/mixin/injection/callback/CallbackInfoReturnable;)V does use it's CallbackInfoReturnable
[10:16:22] [main/DEBUG] [mixin/]: Mixing entity.entity_pathfinding.GroundPathNavigationMixin from sable.mixins.json into net.minecraft.world.entity.ai.navigation.GroundPathNavigation
[10:16:22] [main/DEBUG] [mixin/]: Mixing entity.sublevels_block_sky.SubLevelsBlockSkyMixin from sable.mixins.json into net.minecraft.world.entity.ai.navigation.GroundPathNavigation
[10:16:22] [main/DEBUG] [mixin/]: sable.mixins.json:entity.entity_pathfinding.GroundPathNavigationMixin from mod sable->@Inject::sable$createPath(Lnet/minecraft/world/entity/Entity;ILorg/spongepowered/asm/mixin/injection/callback/CallbackInfoReturnable;)V does use it's CallbackInfoReturnable
[10:16:22] [main/DEBUG] [mixin/]: Mixing DataFixersMixin from computercraft.mixins.json into net.minecraft.util.datafix.DataFixers
[10:16:22] [main/DEBUG] [mixin/]: Mixing datafixer.BlockPosFormatAndRenamesFixMixin from create.mixins.json into net.minecraft.util.datafix.fixes.BlockPosFormatAndRenamesFix
[10:16:22] [main/DEBUG] [mixin/]: Renaming synthetic method lambda$create$addFixers$2(Lcom/mojang/datafixers/OpticFinder;Lcom/simibubi/create/foundation/utility/DataFixerHelper$BlockPosFixer;Lcom/mojang/datafixers/Typed;)Lcom/mojang/datafixers/Typed; to mdded47a$create$lambda$create$addFixers$2$0 in create.mixins.json:datafixer.BlockPosFormatAndRenamesFixMixin from mod create
[10:16:22] [main/DEBUG] [mixin/]: Renaming synthetic method lambda$create$addFixers$1(Lcom/simibubi/create/foundation/utility/DataFixerHelper$BlockPosFixer;Lcom/mojang/datafixers/Typed;)Lcom/mojang/datafixers/Typed; to mdded47a$create$lambda$create$addFixers$1$1 in create.mixins.json:datafixer.BlockPosFormatAndRenamesFixMixin from mod create
[10:16:22] [main/DEBUG] [mixin/]: Renaming synthetic method lambda$create$addFixers$0(Lcom/simibubi/create/foundation/utility/DataFixerHelper$BlockPosFixer;Lcom/mojang/serialization/Dynamic;)Lcom/mojang/serialization/Dynamic; to mdded47a$create$lambda$create$addFixers$0$2 in create.mixins.json:datafixer.BlockPosFormatAndRenamesFixMixin from mod create
[10:16:22] [main/DEBUG] [mixin/]: create.mixins.json:datafixer.BlockPosFormatAndRenamesFixMixin from mod create->@Inject::create$addFixers(Lorg/spongepowered/asm/mixin/injection/callback/CallbackInfoReturnable;)V doesn't use it's CallbackInfoReturnable
[10:16:22] [main/DEBUG] [mixin/]: create.mixins.json:datafixer.BlockPosFormatAndRenamesFixMixin from mod create->@Inject::create$addFixers(Lorg/spongepowered/asm/mixin/injection/callback/CallbackInfoReturnable;)V has 0 override(s) in child classes
[10:16:22] [main/DEBUG] [mixin/]: create.mixins.json:datafixer.BlockPosFormatAndRenamesFixMixin from mod create->@Inject::create$addFixers(Lorg/spongepowered/asm/mixin/injection/callback/CallbackInfoReturnable;)V won't be passed a CallbackInfoReturnable as a result
[10:16:22] [main/DEBUG] [mixin/]: Mixing ItemStackComponentizationFixMixin from computercraft.mixins.json into net.minecraft.util.datafix.fixes.ItemStackComponentizationFix
[10:16:22] [main/DEBUG] [mixin/]: Mixing datafixer.ItemStackComponentizationFixMixin from create.mixins.json into net.minecraft.util.datafix.fixes.ItemStackComponentizationFix
[10:16:22] [main/DEBUG] [mixin/]: Renaming synthetic method lambda$create$moveItemStackHandlerToItemContainerContents$4(Lcom/mojang/serialization/Dynamic;Lnet/minecraft/util/datafix/fixes/ItemStackComponentizationFix$ItemStackData;Ljava/lang/String;Lcom/mojang/serialization/Dynamic;)V to mdded47a$create$lambda$create$moveItemStackHandlerToItemContainerContents$4$0 in create.mixins.json:datafixer.ItemStackComponentizationFixMixin from mod create
[10:16:22] [main/DEBUG] [mixin/]: Renaming synthetic method lambda$create$moveItemStackHandlerToItemContainerContents$3(Lcom/mojang/serialization/Dynamic;Ljava/util/List;Lcom/mojang/serialization/Dynamic;)V to mdded47a$create$lambda$create$moveItemStackHandlerToItemContainerContents$3$1 in create.mixins.json:datafixer.ItemStackComponentizationFixMixin from mod create
[10:16:22] [main/DEBUG] [mixin/]: Renaming synthetic method lambda$create$moveTagToEnumComponent$2([Ljava/lang/Enum;Lnet/minecraft/util/datafix/fixes/ItemStackComponentizationFix$ItemStackData;Ljava/lang/String;Lcom/mojang/serialization/Dynamic;)V to mdded47a$create$lambda$create$moveTagToEnumComponent$2$2 in create.mixins.json:datafixer.ItemStackComponentizationFixMixin from mod create
[10:16:22] [main/DEBUG] [mixin/]: Renaming synthetic method lambda$create$fixItemsAndTranslateNBTIntoComponents$1(Lnet/minecraft/util/datafix/fixes/ItemStackComponentizationFix$ItemStackData;Lcom/mojang/serialization/Dynamic;)V to mdded47a$create$lambda$create$fixItemsAndTranslateNBTIntoComponents$1$3 in create.mixins.json:datafixer.ItemStackComponentizationFixMixin from mod create
[10:16:22] [main/DEBUG] [mixin/]: Renaming synthetic method lambda$create$fixItemsAndTranslateNBTIntoComponents$0(Lcom/mojang/serialization/Dynamic;Lnet/minecraft/util/datafix/fixes/ItemStackComponentizationFix$ItemStackData;Lcom/mojang/serialization/Dynamic;)V to mdded47a$create$lambda$create$fixItemsAndTranslateNBTIntoComponents$0$4 in create.mixins.json:datafixer.ItemStackComponentizationFixMixin from mod create
[10:16:22] [main/DEBUG] [mixin/]: computercraft.mixins.json:ItemStackComponentizationFixMixin from mod computercraft->@Inject::fixItemStack(Lnet/minecraft/util/datafix/fixes/ItemStackComponentizationFix$ItemStackData;Lcom/mojang/serialization/Dynamic;Lorg/spongepowered/asm/mixin/injection/callback/CallbackInfo;)V doesn't use it's CallbackInfo
[10:16:22] [main/DEBUG] [mixin/]: create.mixins.json:datafixer.ItemStackComponentizationFixMixin from mod create->@Inject::create$fixItemsAndTranslateNBTIntoComponents(Lnet/minecraft/util/datafix/fixes/ItemStackComponentizationFix$ItemStackData;Lcom/mojang/serialization/Dynamic;Lorg/spongepowered/asm/mixin/injection/callback/CallbackInfo;)V doesn't use it's CallbackInfo
[10:16:23] [main/DEBUG] [mixin/]: Mixing V1460Mixin from computercraft.mixins.json into net.minecraft.util.datafix.schemas.V1460
[10:16:23] [main/DEBUG] [mixin/]: Renaming synthetic method lambda$registerTurtle$1(Lcom/mojang/datafixers/schemas/Schema;)Lcom/mojang/datafixers/types/templates/TypeTemplate; to mdded47a$computercraft$lambda$registerTurtle$1$0 in computercraft.mixins.json:V1460Mixin from mod computercraft
[10:16:23] [main/DEBUG] [mixin/]: Renaming synthetic method lambda$registerBlockEntities$0(Lcom/mojang/datafixers/schemas/Schema;)Lcom/mojang/datafixers/types/templates/TypeTemplate; to mdded47a$computercraft$lambda$registerBlockEntities$0$1 in computercraft.mixins.json:V1460Mixin from mod computercraft
[10:16:23] [main/DEBUG] [mixin/]: Mixing MixinV1460 from curios.neoforge.mixins.json into net.minecraft.util.datafix.schemas.V1460
[10:16:23] [main/DEBUG] [mixin/]: Mixing datafixer.V1460Mixin from create.mixins.json into net.minecraft.util.datafix.schemas.V1460
[10:16:23] [main/DEBUG] [mixin/]: computercraft.mixins.json:V1460Mixin from mod computercraft->@Inject::registerBlockEntities(Lcom/mojang/datafixers/schemas/Schema;Lorg/spongepowered/asm/mixin/injection/callback/CallbackInfoReturnable;)V does use it's CallbackInfoReturnable
[10:16:23] [main/DEBUG] [mixin/]: curios.neoforge.mixins.json:MixinV1460 from mod curios->@Inject::captureSchema(Lcom/mojang/datafixers/schemas/Schema;Ljava/util/Map;Ljava/util/Map;Lorg/spongepowered/asm/mixin/injection/callback/CallbackInfo;)V doesn't use it's CallbackInfo
[10:16:23] [main/DEBUG] [mixin/]: curios.neoforge.mixins.json:MixinV1460 from mod curios->@Inject::captureSchema(Lcom/mojang/datafixers/schemas/Schema;Ljava/util/Map;Ljava/util/Map;Lorg/spongepowered/asm/mixin/injection/callback/CallbackInfo;)V has 0 override(s) in child classes
[10:16:23] [main/DEBUG] [mixin/]: curios.neoforge.mixins.json:MixinV1460 from mod curios->@Inject::captureSchema(Lcom/mojang/datafixers/schemas/Schema;Ljava/util/Map;Ljava/util/Map;Lorg/spongepowered/asm/mixin/injection/callback/CallbackInfo;)V won't be passed a CallbackInfo as a result
[10:16:23] [main/DEBUG] [mixin/]: create.mixins.json:datafixer.V1460Mixin from mod create->@Inject::create$registerEntitiesToBeFixed(Lcom/mojang/datafixers/schemas/Schema;Lorg/spongepowered/asm/mixin/injection/callback/CallbackInfoReturnable;)V does use it's CallbackInfoReturnable
[10:16:23] [main/DEBUG] [mixin/]: create.mixins.json:datafixer.V1460Mixin from mod create->@Inject::create$registerBlockEntitiesToBeFixed(Lcom/mojang/datafixers/schemas/Schema;Lorg/spongepowered/asm/mixin/injection/callback/CallbackInfoReturnable;)V does use it's CallbackInfoReturnable
[10:16:23] [main/DEBUG] [mixin/]: Mixing V3818_3Mixin from computercraft.forge.mixins.json into net.minecraft.util.datafix.schemas.V3818_3
[10:16:23] [main/DEBUG] [mixin/]: Mixing entity.sublevels_block_sky.SubLevelsBlockSkyMixin from sable.mixins.json into net.minecraft.world.entity.ai.goal.FleeSunGoal
[10:16:23] [main/DEBUG] [mixin/]: Mixing entity.tamed_teleport.TamableAnimalMixin from sable.mixins.json into net.minecraft.world.entity.TamableAnimal
[10:16:23] [main/DEBUG] [mixin/]: Mixing accessor.MinecartFurnaceAccessor from create.mixins.json into net.minecraft.world.entity.vehicle.MinecartFurnace
[10:16:23] [main/DEBUG] [mixin/]: Mixing entity.trident.ThrownTridentMixin from sable.mixins.json into net.minecraft.world.entity.projectile.ThrownTrident
[10:16:23] [main/DEBUG] [mixin/]: sable.mixins.json:entity.trident.ThrownTridentMixin from mod sable->@Inject::sable$startReturning(Lorg/spongepowered/asm/mixin/injection/callback/CallbackInfo;)V doesn't use it's CallbackInfo
[10:16:23] [main/DEBUG] [mixin/]: sable.mixins.json:entity.trident.ThrownTridentMixin from mod sable->@Inject::sable$startReturning(Lorg/spongepowered/asm/mixin/injection/callback/CallbackInfo;)V has 0 override(s) in child classes
[10:16:23] [main/DEBUG] [mixin/]: sable.mixins.json:entity.trident.ThrownTridentMixin from mod sable->@Inject::sable$startReturning(Lorg/spongepowered/asm/mixin/injection/callback/CallbackInfo;)V won't be passed a CallbackInfo as a result
[10:16:23] [main/DEBUG] [mixin/]: Mixing accessor.ItemFrameAccessor from create.mixins.json into net.minecraft.world.entity.decoration.ItemFrame
[10:16:23] [main/DEBUG] [mixin/]: Mixing entity.entity_ai.EatBlockGoalMixin from sable.mixins.json into net.minecraft.world.entity.ai.goal.EatBlockGoal
[10:16:24] [main/DEBUG] [mixin/]: Mixing accessor.ProjectileDispenseBehaviorAccessor from create.mixins.json into net.minecraft.core.dispenser.ProjectileDispenseBehavior
[10:16:24] [main/DEBUG] [mixin/]: Mixing recoil.ProjectileDispenseBehaviorMixin from sable.mixins.json into net.minecraft.core.dispenser.ProjectileDispenseBehavior
[10:16:24] [main/DEBUG] [mixin/]: sable.mixins.json:recoil.ProjectileDispenseBehaviorMixin from mod sable->@Inject::sable$applyRecoil(Lnet/minecraft/core/dispenser/BlockSource;Lnet/minecraft/world/item/ItemStack;Lorg/spongepowered/asm/mixin/injection/callback/CallbackInfoReturnable;)V doesn't use it's CallbackInfoReturnable
[10:16:24] [main/DEBUG] [mixin/]: sable.mixins.json:recoil.ProjectileDispenseBehaviorMixin from mod sable->@Inject::sable$applyRecoil(Lnet/minecraft/core/dispenser/BlockSource;Lnet/minecraft/world/item/ItemStack;Lorg/spongepowered/asm/mixin/injection/callback/CallbackInfoReturnable;)V has 0 override(s) in child classes
[10:16:24] [main/DEBUG] [mixin/]: sable.mixins.json:recoil.ProjectileDispenseBehaviorMixin from mod sable->@Inject::sable$applyRecoil(Lnet/minecraft/core/dispenser/BlockSource;Lnet/minecraft/world/item/ItemStack;Lorg/spongepowered/asm/mixin/injection/callback/CallbackInfoReturnable;)V won't be passed a CallbackInfoReturnable as a result
[10:16:24] [main/DEBUG] [mixin/]: Mixing MixinInventory from curios.neoforge.mixins.json into net.minecraft.world.entity.player.Inventory
[10:16:24] [main/DEBUG] [mixin/]: curios.neoforge.mixins.json:MixinInventory from mod curios->@Inject::curios$containsStack(Lnet/minecraft/world/item/ItemStack;Lorg/spongepowered/asm/mixin/injection/callback/CallbackInfoReturnable;)V does use it's CallbackInfoReturnable
[10:16:24] [main/DEBUG] [mixin/]: curios.neoforge.mixins.json:MixinInventory from mod curios->@Inject::curios$containsTag(Lnet/minecraft/tags/TagKey;Lorg/spongepowered/asm/mixin/injection/callback/CallbackInfoReturnable;)V does use it's CallbackInfoReturnable
[10:16:24] [main/DEBUG] [mixin/]: Mixing accessor.ShapedRecipeAccessor from create.mixins.json into net.minecraft.world.item.crafting.ShapedRecipe
[10:16:24] [main/DEBUG] [mixin/]: Mixing MixinEnchantedCountIncreaseFunction from curios.neoforge.mixins.json into net.minecraft.world.level.storage.loot.functions.EnchantedCountIncreaseFunction
[10:16:24] [main/DEBUG] [mixin/]: Mixing EnchantedCountIncreaseFunctionMixin from create.mixins.json into net.minecraft.world.level.storage.loot.functions.EnchantedCountIncreaseFunction
[10:16:24] [main/DEBUG] [mixin/]: create.mixins.json:EnchantedCountIncreaseFunctionMixin from mod create->@Inject::create$crushingWheelLooting(Lnet/minecraft/world/item/ItemStack;Lnet/minecraft/world/level/storage/loot/LootContext;Lorg/spongepowered/asm/mixin/injection/callback/CallbackInfoReturnable;)V doesn't use it's CallbackInfoReturnable
[10:16:24] [main/DEBUG] [mixin/]: create.mixins.json:EnchantedCountIncreaseFunctionMixin from mod create->@Inject::create$crushingWheelLooting(Lnet/minecraft/world/item/ItemStack;Lnet/minecraft/world/level/storage/loot/LootContext;Lorg/spongepowered/asm/mixin/injection/callback/CallbackInfoReturnable;)V has 0 override(s) in child classes
[10:16:24] [main/DEBUG] [mixin/]: create.mixins.json:EnchantedCountIncreaseFunctionMixin from mod create->@Inject::create$crushingWheelLooting(Lnet/minecraft/world/item/ItemStack;Lnet/minecraft/world/level/storage/loot/LootContext;Lorg/spongepowered/asm/mixin/injection/callback/CallbackInfoReturnable;)V won't be passed a CallbackInfoReturnable as a result
[10:16:24] [main/DEBUG] [mixin/]: Mixing MixinApplyBonusCount from curios.neoforge.mixins.json into net.minecraft.world.level.storage.loot.functions.ApplyBonusCount
[10:16:25] [main/DEBUG] [mixin/]: Mixing compatibility.create.airflow.FanProcessingTypeMixin from sable-neoforge.mixins.json into com.simibubi.create.content.kinetics.fan.processing.FanProcessingType
[10:16:25] [main/DEBUG] [mixin/]: Renaming synthetic method lambda$getAt$0(Lcom/llamalad7/mixinextras/injector/wrapoperation/Operation;Lnet/minecraft/world/level/Level;Ldev/ryanhcode/sable/sublevel/SubLevel;Lnet/minecraft/core/BlockPos;)Lcom/simibubi/create/content/kinetics/fan/processing/FanProcessingType; to mdded47a$sable$lambda$getAt$0$0 in sable-neoforge.mixins.json:compatibility.create.airflow.FanProcessingTypeMixin from mod sable
[10:16:25] [main/DEBUG] [mixin/]: Mixing NetworkMinecraftServerMixin from veil.network.mixins.json into net.minecraft.server.MinecraftServer
[10:16:25] [main/DEBUG] [mixin/]: Mixing MinecraftServerMixin from veil.scheduler.mixins.json into net.minecraft.server.MinecraftServer
[10:16:25] [main/DEBUG] [mixin/]: Mixing accessor.MinecraftServerAccessor from ponder-common.mixins.json into net.minecraft.server.MinecraftServer
[10:16:25] [main/DEBUG] [mixin/]: ponder-common.mixins.json:accessor.MinecraftServerAccessor from mod ponder: Class version 65 required is higher than the class version supported by the current version of Mixin (JAVA_17 supports class version 61)
[10:16:25] [main/DEBUG] [mixin/]: Mixing udp.MinecraftServerMixin from sable.mixins.json into net.minecraft.server.MinecraftServer
[10:16:25] [main/DEBUG] [mixin/]: veil.scheduler.mixins.json:MinecraftServerMixin from mod veil->@Inject::stopServer(Lorg/spongepowered/asm/mixin/injection/callback/CallbackInfo;)V doesn't use it's CallbackInfo
[10:16:25] [main/DEBUG] [mixin/]: veil.scheduler.mixins.json:MinecraftServerMixin from mod veil->@Inject::stopServer(Lorg/spongepowered/asm/mixin/injection/callback/CallbackInfo;)V has 0 override(s) in child classes
[10:16:25] [main/DEBUG] [mixin/]: veil.scheduler.mixins.json:MinecraftServerMixin from mod veil->@Inject::stopServer(Lorg/spongepowered/asm/mixin/injection/callback/CallbackInfo;)V won't be passed a CallbackInfo as a result
[10:16:25] [main/DEBUG] [mixin/]: sable.mixins.json:udp.MinecraftServerMixin from mod sable->@Inject::sable$keepUdpSocketsAlive(Ljava/util/function/BooleanSupplier;Lorg/spongepowered/asm/mixin/injection/callback/CallbackInfo;)V doesn't use it's CallbackInfo
[10:16:25] [main/DEBUG] [mixin/]: sable.mixins.json:udp.MinecraftServerMixin from mod sable->@Inject::sable$keepUdpSocketsAlive(Ljava/util/function/BooleanSupplier;Lorg/spongepowered/asm/mixin/injection/callback/CallbackInfo;)V has 0 override(s) in child classes
[10:16:25] [main/DEBUG] [mixin/]: sable.mixins.json:udp.MinecraftServerMixin from mod sable->@Inject::sable$keepUdpSocketsAlive(Ljava/util/function/BooleanSupplier;Lorg/spongepowered/asm/mixin/injection/callback/CallbackInfo;)V won't be passed a CallbackInfo as a result
[10:16:25] [main/DEBUG] [mixin/]: Mixing level_accelerator.ServerChunkCacheAccessor from sable.mixins.json into net.minecraft.server.level.ServerChunkCache
[10:16:25] [main/DEBUG] [mixin/]: Mixing plot.ServerChunkCacheMixin from sable.mixins.json into net.minecraft.server.level.ServerChunkCache
[10:16:25] [main/DEBUG] [mixin/]: Mixing ServerChunkCacheAccessor from antikytheramechanism.mixins.json into net.minecraft.server.level.ServerChunkCache
[10:16:25] [main/DEBUG] [mixin/]: sable.mixins.json:plot.ServerChunkCacheMixin from mod sable->@Inject::init(Lnet/minecraft/server/level/ServerLevel;Lnet/minecraft/world/level/storage/LevelStorageSource$LevelStorageAccess;Lcom/mojang/datafixers/DataFixer;Lnet/minecraft/world/level/levelgen/structure/templatesystem/StructureTemplateManager;Ljava/util/concurrent/Executor;Lnet/minecraft/world/level/chunk/ChunkGenerator;IIZLnet/minecraft/server/level/progress/ChunkProgressListener;Lnet/minecraft/world/level/entity/ChunkStatusUpdateListener;Ljava/util/function/Supplier;Lorg/spongepowered/asm/mixin/injection/callback/CallbackInfo;)V doesn't use it's CallbackInfo
[10:16:25] [main/DEBUG] [mixin/]: sable.mixins.json:plot.ServerChunkCacheMixin from mod sable->@Inject::init(Lnet/minecraft/server/level/ServerLevel;Lnet/minecraft/world/level/storage/LevelStorageSource$LevelStorageAccess;Lcom/mojang/datafixers/DataFixer;Lnet/minecraft/world/level/levelgen/structure/templatesystem/StructureTemplateManager;Ljava/util/concurrent/Executor;Lnet/minecraft/world/level/chunk/ChunkGenerator;IIZLnet/minecraft/server/level/progress/ChunkProgressListener;Lnet/minecraft/world/level/entity/ChunkStatusUpdateListener;Ljava/util/function/Supplier;Lorg/spongepowered/asm/mixin/injection/callback/CallbackInfo;)V has 0 override(s) in child classes
[10:16:25] [main/DEBUG] [mixin/]: sable.mixins.json:plot.ServerChunkCacheMixin from mod sable->@Inject::init(Lnet/minecraft/server/level/ServerLevel;Lnet/minecraft/world/level/storage/LevelStorageSource$LevelStorageAccess;Lcom/mojang/datafixers/DataFixer;Lnet/minecraft/world/level/levelgen/structure/templatesystem/StructureTemplateManager;Ljava/util/concurrent/Executor;Lnet/minecraft/world/level/chunk/ChunkGenerator;IIZLnet/minecraft/server/level/progress/ChunkProgressListener;Lnet/minecraft/world/level/entity/ChunkStatusUpdateListener;Ljava/util/function/Supplier;Lorg/spongepowered/asm/mixin/injection/callback/CallbackInfo;)V won't be passed a CallbackInfo as a result
[10:16:25] [main/DEBUG] [mixin/]: sable.mixins.json:plot.ServerChunkCacheMixin from mod sable->@Inject::getChunkNow(IILorg/spongepowered/asm/mixin/injection/callback/CallbackInfoReturnable;)V does use it's CallbackInfoReturnable
[10:16:25] [main/DEBUG] [mixin/]: sable.mixins.json:plot.ServerChunkCacheMixin from mod sable->@Inject::getChunkFutureMainThread(IILnet/minecraft/world/level/chunk/status/ChunkStatus;ZLorg/spongepowered/asm/mixin/injection/callback/CallbackInfoReturnable;)V does use it's CallbackInfoReturnable
[10:16:25] [main/DEBUG] [mixin/]: sable.mixins.json:plot.ServerChunkCacheMixin from mod sable->@Inject::hasChunk(IILorg/spongepowered/asm/mixin/injection/callback/CallbackInfoReturnable;)V does use it's CallbackInfoReturnable
[10:16:25] [main/DEBUG] [mixin/]: sable.mixins.json:plot.ServerChunkCacheMixin from mod sable->@Inject::getChunkForLighting(IILorg/spongepowered/asm/mixin/injection/callback/CallbackInfoReturnable;)V does use it's CallbackInfoReturnable
[10:16:25] [main/DEBUG] [mixin/]: sable.mixins.json:plot.ServerChunkCacheMixin from mod sable->@Inject::isPositionTicking(JLorg/spongepowered/asm/mixin/injection/callback/CallbackInfoReturnable;)V does use it's CallbackInfoReturnable
[10:16:25] [main/DEBUG] [mixin/]: sable.mixins.json:plot.ServerChunkCacheMixin from mod sable->@Inject::getFullChunk(JLjava/util/function/Consumer;Lorg/spongepowered/asm/mixin/injection/callback/CallbackInfo;)V does use it's CallbackInfo
[10:16:25] [main/DEBUG] [mixin/]: sable.mixins.json:plot.ServerChunkCacheMixin from mod sable->@Inject::blockChanged(Lnet/minecraft/core/BlockPos;Lorg/spongepowered/asm/mixin/injection/callback/CallbackInfo;)V does use it's CallbackInfo
[10:16:25] [main/DEBUG] [mixin/]: sable.mixins.json:plot.ServerChunkCacheMixin from mod sable->@Inject::getVisibleChunkIfPresent(JLorg/spongepowered/asm/mixin/injection/callback/CallbackInfoReturnable;)V does use it's CallbackInfoReturnable
[10:16:25] [main/DEBUG] [mixin/]: sable.mixins.json:plot.ServerChunkCacheMixin from mod sable->@Inject::addRegionTicket(Lnet/minecraft/server/level/TicketType;Lnet/minecraft/world/level/ChunkPos;ILjava/lang/Object;Lorg/spongepowered/asm/mixin/injection/callback/CallbackInfo;)V does use it's CallbackInfo
[10:16:25] [main/DEBUG] [mixin/]: Mixing MapItemSavedDataMixin from create.mixins.json into net.minecraft.world.level.saveddata.maps.MapItemSavedData
[10:16:25] [main/DEBUG] [mixin/]: create.mixins.json:MapItemSavedDataMixin from mod create->@Inject::create$onLoad(Lnet/minecraft/nbt/CompoundTag;Lnet/minecraft/core/HolderLookup$Provider;Lorg/spongepowered/asm/mixin/injection/callback/CallbackInfoReturnable;)V does use it's CallbackInfoReturnable
[10:16:25] [main/DEBUG] [mixin/]: create.mixins.json:MapItemSavedDataMixin from mod create->@Inject::create$onSave(Lnet/minecraft/nbt/CompoundTag;Lnet/minecraft/core/HolderLookup$Provider;Lorg/spongepowered/asm/mixin/injection/callback/CallbackInfoReturnable;)V doesn't use it's CallbackInfoReturnable
[10:16:25] [main/DEBUG] [mixin/]: create.mixins.json:MapItemSavedDataMixin from mod create->@Inject::create$onSave(Lnet/minecraft/nbt/CompoundTag;Lnet/minecraft/core/HolderLookup$Provider;Lorg/spongepowered/asm/mixin/injection/callback/CallbackInfoReturnable;)V has 0 override(s) in child classes
[10:16:25] [main/DEBUG] [mixin/]: create.mixins.json:MapItemSavedDataMixin from mod create->@Inject::create$onSave(Lnet/minecraft/nbt/CompoundTag;Lnet/minecraft/core/HolderLookup$Provider;Lorg/spongepowered/asm/mixin/injection/callback/CallbackInfoReturnable;)V won't be passed a CallbackInfoReturnable as a result
[10:16:25] [main/DEBUG] [mixin/]: create.mixins.json:MapItemSavedDataMixin from mod create->@Inject::create$onCheckBanners(Lnet/minecraft/world/level/BlockGetter;IILorg/spongepowered/asm/mixin/injection/callback/CallbackInfo;)V doesn't use it's CallbackInfo
[10:16:25] [main/DEBUG] [mixin/]: create.mixins.json:MapItemSavedDataMixin from mod create->@Inject::create$onCheckBanners(Lnet/minecraft/world/level/BlockGetter;IILorg/spongepowered/asm/mixin/injection/callback/CallbackInfo;)V has 0 override(s) in child classes
[10:16:25] [main/DEBUG] [mixin/]: create.mixins.json:MapItemSavedDataMixin from mod create->@Inject::create$onCheckBanners(Lnet/minecraft/world/level/BlockGetter;IILorg/spongepowered/asm/mixin/injection/callback/CallbackInfo;)V won't be passed a CallbackInfo as a result
[10:16:25] [main/DEBUG] [mixin/]: Mixing command.ExecuteCommandMixin from sable.mixins.json into net.minecraft.server.commands.ExecuteCommand
[10:16:25] [main/DEBUG] [mixin/]: Renaming synthetic method lambda$sable$then$2(Lcom/mojang/brigadier/context/CommandContext;)Ljava/util/Collection; to mdded47a$sable$lambda$sable$then$2$0 in sable.mixins.json:command.ExecuteCommandMixin from mod sable
[10:16:25] [main/DEBUG] [mixin/]: Renaming synthetic method lambda$sable$then$1(Lcom/mojang/brigadier/context/CommandContext;)Ljava/util/Collection; to mdded47a$sable$lambda$sable$then$1$1 in sable.mixins.json:command.ExecuteCommandMixin from mod sable
[10:16:25] [main/DEBUG] [mixin/]: Renaming synthetic method lambda$sable$then$0(Lcom/mojang/brigadier/context/CommandContext;)Ljava/util/Collection; to mdded47a$sable$lambda$sable$then$0$2 in sable.mixins.json:command.ExecuteCommandMixin from mod sable
[10:16:25] [main/DEBUG] [mixin/]: Mixing command.DataCommandsMixin from sable.mixins.json into net.minecraft.server.commands.data.DataCommands
[10:16:25] [main/DEBUG] [mixin/]: Mixing game_test.TestCommandMixin from sable.mixins.json into net.minecraft.gametest.framework.TestCommand
[10:16:25] [main/DEBUG] [mixin/]: sable.mixins.json:game_test.TestCommandMixin from mod sable->@Inject::resetGameTestInfo(Lnet/minecraft/gametest/framework/GameTestInfo;Lorg/spongepowered/asm/mixin/injection/callback/CallbackInfoReturnable;)V doesn't use it's CallbackInfoReturnable
[10:16:25] [main/WARN] [minecraft/Commands]: Ambiguity between arguments [teleport, location] and [teleport, destination] with inputs: [0.1 -0.5 .9, 0 0 0]
[10:16:25] [main/WARN] [minecraft/Commands]: Ambiguity between arguments [teleport, location] and [teleport, targets] with inputs: [0.1 -0.5 .9, 0 0 0]
[10:16:25] [main/WARN] [minecraft/Commands]: Ambiguity between arguments [teleport, destination] and [teleport, targets] with inputs: [Player, 0123, @e, dd12be42-52a9-4a91-a8a1-11c01849e498]
[10:16:25] [main/WARN] [minecraft/Commands]: Ambiguity between arguments [teleport, targets] and [teleport, destination] with inputs: [Player, 0123, dd12be42-52a9-4a91-a8a1-11c01849e498]
[10:16:25] [main/WARN] [minecraft/Commands]: Ambiguity between arguments [teleport, targets, location] and [teleport, targets, destination] with inputs: [0.1 -0.5 .9, 0 0 0]
[10:16:25] [main/DEBUG] [ne.ne.fm.ModWorkManager/LOADING]: Using 4 threads for parallel mod-loading
[10:16:26] [main/DEBUG] [ne.ne.fm.ja.FMLModContainer/LOADING]: Creating FMLModContainer instance for [foundry.veil.forge.VeilForge]
[10:16:26] [main/DEBUG] [ne.ne.fm.ja.FMLModContainer/LOADING]: Creating FMLModContainer instance for [dev.simulated_team.simulated.neoforge.SimulatedNeoForge]
[10:16:26] [main/DEBUG] [ne.ne.fm.ja.FMLModContainer/LOADING]: Creating FMLModContainer instance for [com.chaosthedude.explorerscompass.ExplorersCompass]
[10:16:26] [main/DEBUG] [ne.ne.fm.ja.FMLModContainer/LOADING]: Creating FMLModContainer instance for [dan200.computercraft.ComputerCraft]
[10:16:26] [main/DEBUG] [ne.ne.fm.ja.FMLModContainer/LOADING]: Creating FMLModContainer instance for [mezz.jei.neoforge.JustEnoughItems]
[10:16:26] [main/DEBUG] [ne.ne.fm.ja.FMLModContainer/LOADING]: Creating FMLModContainer instance for [dev.eriksonn.aeronautics.neoforge.AeronauticsNeoForge]
[10:16:26] [main/DEBUG] [ne.ne.fm.ja.FMLModContainer/LOADING]: Creating FMLModContainer instance for [top.theillusivec4.curios.Curios]
[10:16:26] [main/DEBUG] [ne.ne.fm.ja.FMLModContainer/LOADING]: Creating FMLModContainer instance for []
[10:16:26] [main/DEBUG] [ne.ne.fm.ja.FMLModContainer/LOADING]: Creating FMLModContainer instance for []
[10:16:26] [main/DEBUG] [ne.ne.fm.ja.FMLModContainer/LOADING]: Creating FMLModContainer instance for [net.createmod.ponder.NeoForgePonder]
[10:16:26] [main/DEBUG] [ne.ne.fm.ja.FMLModContainer/LOADING]: Creating FMLModContainer instance for [com.simibubi.create.Create]
[10:16:26] [main/DEBUG] [ne.ne.fm.ja.FMLModContainer/LOADING]: Creating FMLModContainer instance for [dev.ryanhcode.sable.neoforge.SableNeoForge]
[10:16:26] [main/DEBUG] [ne.ne.fm.ja.FMLModContainer/LOADING]: Creating FMLModContainer instance for [dev.sablescale.SableScale]
[10:16:26] [main/DEBUG] [ne.ne.fm.ja.FMLModContainer/LOADING]: Creating FMLModContainer instance for [dev.antikytheramechanism.AntikytheraMechanism]
[10:16:26] [main/DEBUG] [ne.ne.fm.ja.FMLModContainer/LOADING]: Creating FMLModContainer instance for [dev.ryanhcode.offroad.neoforge.OffroadNeoForge]
[10:16:26] [main/DEBUG] [ne.ne.fm.ja.FMLModContainer/LOADING]: Creating FMLModContainer instance for [net.neoforged.neoforge.common.NeoForgeMod]
[10:16:26] [main/DEBUG] [ne.ne.fm.ja.FMLModContainer/LOADING]: Creating FMLModContainer instance for [com.chaosthedude.naturescompass.NaturesCompass]
[10:16:26] [modloading-worker-0/INFO] [Veil/]: Veil is initializing.
[10:16:26] [modloading-worker-0/DEBUG] [mixin/]: Mixing DeferredRegisterMixin from veil.neoforge.mixins.json into net.neoforged.neoforge.registries.DeferredRegister
[10:16:26] [modloading-worker-0/DEBUG] [mixin/]: Renaming synthetic method lambda$register$0(Ljava/util/function/Function;Lnet/minecraft/resources/ResourceLocation;)Ljava/lang/Object; to mdded47a$veil$lambda$register$0$0 in veil.neoforge.mixins.json:DeferredRegisterMixin from mod veil
[10:16:26] [modloading-worker-0/DEBUG] [ne.ne.fm.ja.AutomaticEventSubscriber/LOADING]: Attempting to inject @EventBusSubscriber classes into the eventbus for veil
[10:16:26] [modloading-worker-0/DEBUG] [ne.ne.fm.ja.AutomaticEventSubscriber/LOADING]: Scanning class foundry.veil.forge.VeilForgeEvents for @SubscribeEvent-annotated methods
[10:16:26] [modloading-worker-0/DEBUG] [ne.ne.fm.ja.AutomaticEventSubscriber/]: Subscribing @EventBusSubscriber class Lfoundry/veil/forge/VeilForgeEvents; to the game event bus
[10:16:26] [modloading-worker-0/DEBUG] [ne.ne.fm.co.ConfigTracker/CONFIG]: Config file jei-server.toml for jei tracking
[10:16:26] [modloading-worker-0/DEBUG] [ne.ne.fm.co.ConfigTracker/CONFIG]: Config file explorerscompass-common.toml for explorerscompass tracking
[10:16:26] [modloading-worker-0/DEBUG] [ne.ne.fm.co.ConfigTracker/CONFIG]: Config file explorerscompass-client.toml for explorerscompass tracking
[10:16:26] [modloading-worker-0/DEBUG] [ne.ne.fm.ja.AutomaticEventSubscriber/LOADING]: Attempting to inject @EventBusSubscriber classes into the eventbus for explorerscompass
[10:16:26] [modloading-worker-0/DEBUG] [ne.ne.fm.ja.AutomaticEventSubscriber/LOADING]: Scanning class com.chaosthedude.explorerscompass.registry.ExplorersCompassRegistry for @SubscribeEvent-annotated methods
[10:16:26] [modloading-worker-0/DEBUG] [ne.ne.fm.ja.AutomaticEventSubscriber/LOADING]: Attempting to inject @EventBusSubscriber classes into the eventbus for jei
[10:16:26] [modloading-worker-0/DEBUG] [ne.ne.fm.ja.AutomaticEventSubscriber/]: Subscribing @EventBusSubscriber class Lcom/chaosthedude/explorerscompass/registry/ExplorersCompassRegistry; to the mod event bus of mod explorerscompass
[10:16:26] [modloading-worker-0/DEBUG] [ne.ne.fm.co.ConfigTracker/CONFIG]: Config file curios-client.toml for curios tracking
[10:16:26] [modloading-worker-0/DEBUG] [ne.ne.fm.co.ConfigTracker/CONFIG]: Config file curios-common.toml for curios tracking
[10:16:26] [modloading-worker-0/DEBUG] [ne.ne.fm.co.ConfigTracker/CONFIG]: Config file curios-server.toml for curios tracking
[10:16:26] [modloading-worker-0/DEBUG] [ne.ne.fm.ja.AutomaticEventSubscriber/LOADING]: Attempting to inject @EventBusSubscriber classes into the eventbus for curios
[10:16:26] [modloading-worker-0/DEBUG] [ne.ne.fm.ja.AutomaticEventSubscriber/LOADING]: Attempting to inject @EventBusSubscriber classes into the eventbus for sablecompanion
[10:16:26] [modloading-worker-0/DEBUG] [ne.ne.fm.ja.AutomaticEventSubscriber/LOADING]: Attempting to inject @EventBusSubscriber classes into the eventbus for flywheel
[10:16:26] [modloading-worker-0/DEBUG] [mixin/]: Mixing extra_kinetics.auto_orientation.FixAutoOrientationStaticMixin from simulated.mixins.json into com.simibubi.create.content.kinetics.base.RotatedPillarKineticBlock
[10:16:26] [modloading-worker-0/DEBUG] [mixin/]: Mixing extra_kinetics.KineticBlockMixin from simulated.mixins.json into com.simibubi.create.content.kinetics.base.KineticBlock
[10:16:26] [modloading-worker-0/DEBUG] [mixin/]: simulated.mixins.json:extra_kinetics.KineticBlockMixin from mod simulated->@Inject::simulated$extraKineticsReset(Lnet/minecraft/world/level/block/state/BlockState;Lnet/minecraft/world/level/LevelAccessor;Lnet/minecraft/core/BlockPos;IILorg/spongepowered/asm/mixin/injection/callback/CallbackInfo;)V doesn't use it's CallbackInfo
[10:16:26] [modloading-worker-0/DEBUG] [mixin/]: simulated.mixins.json:extra_kinetics.KineticBlockMixin from mod simulated->@Inject::simulated$extraKineticsReset(Lnet/minecraft/world/level/block/state/BlockState;Lnet/minecraft/world/level/LevelAccessor;Lnet/minecraft/core/BlockPos;IILorg/spongepowered/asm/mixin/injection/callback/CallbackInfo;)V has 0 override(s) in child classes
[10:16:26] [modloading-worker-0/DEBUG] [mixin/]: simulated.mixins.json:extra_kinetics.KineticBlockMixin from mod simulated->@Inject::simulated$extraKineticsReset(Lnet/minecraft/world/level/block/state/BlockState;Lnet/minecraft/world/level/LevelAccessor;Lnet/minecraft/core/BlockPos;IILorg/spongepowered/asm/mixin/injection/callback/CallbackInfo;)V won't be passed a CallbackInfo as a result
[10:16:26] [modloading-worker-0/DEBUG] [ne.ne.fm.co.ConfigTracker/CONFIG]: Config file ponder-client.toml for ponder tracking
[10:16:26] [modloading-worker-0/DEBUG] [ne.ne.fm.ja.AutomaticEventSubscriber/LOADING]: Attempting to inject @EventBusSubscriber classes into the eventbus for ponder
[10:16:26] [modloading-worker-0/DEBUG] [ne.ne.fm.ja.AutomaticEventSubscriber/LOADING]: Scanning class net.createmod.ponder.NeoForgePonder$ModBusEvents for @SubscribeEvent-annotated methods
[10:16:26] [modloading-worker-0/DEBUG] [ne.ne.fm.ja.AutomaticEventSubscriber/]: Subscribing @EventBusSubscriber class Lnet/createmod/ponder/NeoForgePonder$ModBusEvents; to the mod event bus of mod ponder
[10:16:26] [modloading-worker-0/DEBUG] [ne.ne.fm.ja.AutomaticEventSubscriber/LOADING]: Scanning class net.createmod.ponder.NeoForgePonder$Events for @SubscribeEvent-annotated methods
[10:16:26] [modloading-worker-0/DEBUG] [ne.ne.fm.ja.AutomaticEventSubscriber/]: Subscribing @EventBusSubscriber class Lnet/createmod/ponder/NeoForgePonder$Events; to the game event bus
[10:16:26] [modloading-worker-0/INFO] [co.si.cr.Create/]: Create 6.0.10 initializing! Commit hash: ac0c444d9828da3453ae8cc65338e8de063286fb
[10:16:26] [modloading-worker-0/DEBUG] [mixin/]: Mixing accessor.BlockLootSubProviderAccessor from create.mixins.json into net.minecraft.data.loot.BlockLootSubProvider
[10:16:26] [modloading-worker-0/DEBUG] [mixin/]: Mixing extra_kinetics.auto_orientation.FixAutoOrientationMixin from simulated.mixins.json into com.simibubi.create.content.kinetics.base.DirectionalKineticBlock
[10:16:26] [modloading-worker-0/DEBUG] [mixin/]: Mixing extra_kinetics.auto_orientation.FixAutoOrientationMixin from simulated.mixins.json into com.simibubi.create.content.kinetics.base.DirectionalAxisKineticBlock
[10:16:26] [modloading-worker-0/DEBUG] [mixin/]: Mixing extra_kinetics.auto_orientation.FixAutoOrientationStaticMixin from simulated.mixins.json into com.simibubi.create.content.kinetics.base.HorizontalAxisKineticBlock
[10:16:26] [modloading-worker-0/DEBUG] [mixin/]: Mixing compatibility.create.lectern_controller.LecternControllerBlockMixin from sable-neoforge.mixins.json into com.simibubi.create.content.redstone.link.controller.LecternControllerBlock
[10:16:26] [modloading-worker-0/DEBUG] [mixin/]: Mixing extra_kinetics.KineticBlockEntityMixin from simulated.mixins.json into com.simibubi.create.content.kinetics.base.KineticBlockEntity
[10:16:26] [modloading-worker-0/DEBUG] [mixin/]: Mixing extra_kinetics.goggle_tooltips.KineticBlockEntityMixin from simulated.mixins.json into com.simibubi.create.content.kinetics.base.KineticBlockEntity
[10:16:26] [modloading-worker-0/DEBUG] [mixin/]: simulated.mixins.json:extra_kinetics.KineticBlockEntityMixin from mod simulated->@Inject::simulated$switchExtraKinetics(Lnet/minecraft/world/level/Level;Lnet/minecraft/core/BlockPos;Lnet/minecraft/world/level/block/state/BlockState;Lorg/spongepowered/asm/mixin/injection/callback/CallbackInfo;)V doesn't use it's CallbackInfo
[10:16:26] [modloading-worker-0/DEBUG] [mixin/]: simulated.mixins.json:extra_kinetics.KineticBlockEntityMixin from mod simulated->@Inject::simulated$injectRemove(Lorg/spongepowered/asm/mixin/injection/callback/CallbackInfo;)V doesn't use it's CallbackInfo
[10:16:26] [modloading-worker-0/DEBUG] [mixin/]: simulated.mixins.json:extra_kinetics.KineticBlockEntityMixin from mod simulated->@Inject::simulated$injectRemove(Lorg/spongepowered/asm/mixin/injection/callback/CallbackInfo;)V has 0 override(s) in child classes
[10:16:26] [modloading-worker-0/DEBUG] [mixin/]: simulated.mixins.json:extra_kinetics.KineticBlockEntityMixin from mod simulated->@Inject::simulated$injectRemove(Lorg/spongepowered/asm/mixin/injection/callback/CallbackInfo;)V won't be passed a CallbackInfo as a result
[10:16:26] [modloading-worker-0/DEBUG] [mixin/]: simulated.mixins.json:extra_kinetics.KineticBlockEntityMixin from mod simulated->@Inject::simulated$removeConnected(Lorg/spongepowered/asm/mixin/injection/callback/CallbackInfo;)V doesn't use it's CallbackInfo
[10:16:26] [modloading-worker-0/DEBUG] [mixin/]: simulated.mixins.json:extra_kinetics.KineticBlockEntityMixin from mod simulated->@Inject::simulated$removeConnected(Lorg/spongepowered/asm/mixin/injection/callback/CallbackInfo;)V has 0 override(s) in child classes
[10:16:26] [modloading-worker-0/DEBUG] [mixin/]: simulated.mixins.json:extra_kinetics.KineticBlockEntityMixin from mod simulated->@Inject::simulated$removeConnected(Lorg/spongepowered/asm/mixin/injection/callback/CallbackInfo;)V won't be passed a CallbackInfo as a result
[10:16:26] [modloading-worker-0/DEBUG] [mixin/]: simulated.mixins.json:extra_kinetics.KineticBlockEntityMixin from mod simulated->@Inject::simulated$saveConnected(Lnet/minecraft/nbt/CompoundTag;Lnet/minecraft/core/HolderLookup$Provider;ZLorg/spongepowered/asm/mixin/injection/callback/CallbackInfo;)V doesn't use it's CallbackInfo
[10:16:26] [modloading-worker-0/DEBUG] [mixin/]: simulated.mixins.json:extra_kinetics.KineticBlockEntityMixin from mod simulated->@Inject::simulated$saveConnected(Lnet/minecraft/nbt/CompoundTag;Lnet/minecraft/core/HolderLookup$Provider;ZLorg/spongepowered/asm/mixin/injection/callback/CallbackInfo;)V has 0 override(s) in child classes
[10:16:26] [modloading-worker-0/DEBUG] [mixin/]: simulated.mixins.json:extra_kinetics.KineticBlockEntityMixin from mod simulated->@Inject::simulated$saveConnected(Lnet/minecraft/nbt/CompoundTag;Lnet/minecraft/core/HolderLookup$Provider;ZLorg/spongepowered/asm/mixin/injection/callback/CallbackInfo;)V won't be passed a CallbackInfo as a result
[10:16:26] [modloading-worker-0/DEBUG] [mixin/]: simulated.mixins.json:extra_kinetics.KineticBlockEntityMixin from mod simulated->@Inject::simulated$readConnected(Lnet/minecraft/nbt/CompoundTag;Lnet/minecraft/core/HolderLookup$Provider;ZLorg/spongepowered/asm/mixin/injection/callback/CallbackInfo;)V doesn't use it's CallbackInfo
[10:16:26] [modloading-worker-0/DEBUG] [mixin/]: simulated.mixins.json:extra_kinetics.KineticBlockEntityMixin from mod simulated->@Inject::simulated$readConnected(Lnet/minecraft/nbt/CompoundTag;Lnet/minecraft/core/HolderLookup$Provider;ZLorg/spongepowered/asm/mixin/injection/callback/CallbackInfo;)V has 0 override(s) in child classes
[10:16:26] [modloading-worker-0/DEBUG] [mixin/]: simulated.mixins.json:extra_kinetics.KineticBlockEntityMixin from mod simulated->@Inject::simulated$readConnected(Lnet/minecraft/nbt/CompoundTag;Lnet/minecraft/core/HolderLookup$Provider;ZLorg/spongepowered/asm/mixin/injection/callback/CallbackInfo;)V won't be passed a CallbackInfo as a result
[10:16:26] [modloading-worker-0/DEBUG] [mixin/]: simulated.mixins.json:extra_kinetics.goggle_tooltips.KineticBlockEntityMixin from mod simulated->@Inject::simulated$addExtraKineticsInfo(Ljava/util/List;ZLorg/spongepowered/asm/mixin/injection/callback/CallbackInfoReturnable;)V does use it's CallbackInfoReturnable
[10:16:26] [modloading-worker-0/DEBUG] [mixin/]: simulated.mixins.json:extra_kinetics.goggle_tooltips.KineticBlockEntityMixin from mod simulated->@Inject::simulated$addExtraKineticsInfo(Ljava/util/List;ZLorg/spongepowered/asm/mixin/injection/callback/CallbackInfoReturnable;)V does use it's CallbackInfoReturnable
[10:16:26] [modloading-worker-0/DEBUG] [mixin/]: simulated.mixins.json:extra_kinetics.goggle_tooltips.KineticBlockEntityMixin from mod simulated->@Inject::simulated$addExtraKineticsInfo(Ljava/util/List;ZLorg/spongepowered/asm/mixin/injection/callback/CallbackInfoReturnable;)V does use it's CallbackInfoReturnable
[10:16:26] [modloading-worker-0/DEBUG] [mixin/]: Mixing nav_table_compat.NixieTubeBlockMixin from simulated.mixins.json into com.simibubi.create.content.redstone.nixieTube.NixieTubeBlock
[10:16:26] [modloading-worker-0/DEBUG] [mixin/]: Mixing compatibility.create.sails_providing_lift.SailBlockMixin from sable-neoforge.mixins.json into com.simibubi.create.content.contraptions.bearing.SailBlock
[10:16:26] [modloading-worker-0/DEBUG] [mixin/]: Mixing extra_kinetics.EncasedCogwheelBlockMixin from simulated.mixins.json into com.simibubi.create.content.kinetics.simpleRelays.encased.EncasedCogwheelBlock
[10:16:26] [modloading-worker-0/DEBUG] [mixin/]: Mixing extra_kinetics.auto_orientation.FixAutoOrientationMixin from simulated.mixins.json into com.simibubi.create.content.kinetics.base.HorizontalKineticBlock
[10:16:26] [modloading-worker-0/DEBUG] [ne.ne.fm.co.ConfigTracker/CONFIG]: Config file computercraft-server.toml for computercraft tracking
[10:16:26] [modloading-worker-0/DEBUG] [ne.ne.fm.co.ConfigTracker/CONFIG]: Config file computercraft-client.toml for computercraft tracking
[10:16:26] [modloading-worker-0/DEBUG] [ne.ne.fm.ja.AutomaticEventSubscriber/LOADING]: Attempting to inject @EventBusSubscriber classes into the eventbus for computercraft
[10:16:26] [modloading-worker-0/DEBUG] [ne.ne.fm.ja.AutomaticEventSubscriber/LOADING]: Scanning class dan200.computercraft.shared.ForgeCommonHooks for @SubscribeEvent-annotated methods
[10:16:26] [modloading-worker-0/DEBUG] [ne.ne.fm.ja.AutomaticEventSubscriber/]: Subscribing @EventBusSubscriber class Ldan200/computercraft/shared/ForgeCommonHooks; to the game event bus
[10:16:26] [modloading-worker-0/DEBUG] [ne.ne.fm.ja.AutomaticEventSubscriber/LOADING]: Scanning class dan200.computercraft.ComputerCraft for @SubscribeEvent-annotated methods
[10:16:26] [modloading-worker-0/DEBUG] [mixin/]: Mixing multiloader.CommonRedstoneBlockMixin from simulated-neoforge.mixins.json into dev.simulated_team.simulated.multiloader.CommonRedstoneBlock
[10:16:26] [modloading-worker-0/DEBUG] [ne.ne.fm.ja.AutomaticEventSubscriber/]: Subscribing @EventBusSubscriber class Ldan200/computercraft/ComputerCraft; to the mod event bus of mod computercraft
[10:16:26] [modloading-worker-0/DEBUG] [mixin/]: Mixing compatibility.create.belt.BeltBlockMixin from sable-neoforge.mixins.json into com.simibubi.create.content.kinetics.belt.BeltBlock
[10:16:26] [modloading-worker-0/DEBUG] [mixin/]: Mixing compatibility.create.entity_falls_on_block.BeltMillstoneBlocksMixin from sable-neoforge.mixins.json into com.simibubi.create.content.kinetics.belt.BeltBlock
[10:16:26] [modloading-worker-0/DEBUG] [mixin/]: Renaming synthetic method lambda$sable$checkForSubLevels$0(Lcom/tterrag/registrate/util/entry/BlockEntry;Lnet/minecraft/world/level/Level;Ldev/ryanhcode/sable/companion/SubLevelAccess;Lnet/minecraft/core/BlockPos;)Lnet/minecraft/core/BlockPos; to mdded47a$sable$lambda$sable$checkForSubLevels$0$0 in sable-neoforge.mixins.json:compatibility.create.entity_falls_on_block.BeltMillstoneBlocksMixin from mod sable
[10:16:26] [modloading-worker-0/DEBUG] [mixin/]: Mixing compatibility.create.belt.BeltBlockEntityMixin from sable-neoforge.mixins.json into com.simibubi.create.content.kinetics.belt.BeltBlockEntity
[10:16:26] [modloading-worker-0/DEBUG] [mixin/]: Mixing compatibility.create.chain_conveyor.ChainConveyorBlockMixin from sable-neoforge.mixins.json into com.simibubi.create.content.kinetics.chainConveyor.ChainConveyorBlock
[10:16:26] [modloading-worker-0/DEBUG] [mixin/]: Mixing compatibility.create.turntable.TurntableBlockMixin from sable-neoforge.mixins.json into com.simibubi.create.content.kinetics.turntable.TurntableBlock
[10:16:26] [modloading-worker-0/DEBUG] [mixin/]: Mixing compatibility.create.entity_falls_on_block.BeltMillstoneBlocksMixin from sable-neoforge.mixins.json into com.simibubi.create.content.kinetics.millstone.MillstoneBlock
[10:16:26] [modloading-worker-0/DEBUG] [mixin/]: Mixing compatibility.create.crushing_wheel.CrushingWheelBlockMixin from sable-neoforge.mixins.json into com.simibubi.create.content.kinetics.crusher.CrushingWheelBlock
[10:16:26] [modloading-worker-0/DEBUG] [mixin/]: Mixing create_assembly.MechanicalBearingBlockEntityMixin from simulated.mixins.json into com.simibubi.create.content.contraptions.bearing.MechanicalBearingBlockEntity
[10:16:26] [modloading-worker-0/DEBUG] [mixin/]: Mixing torsion_spring.MechanicalBearingBlockEntityMixin from simulated.mixins.json into com.simibubi.create.content.contraptions.bearing.MechanicalBearingBlockEntity
[10:16:26] [modloading-worker-0/DEBUG] [mixin/]: Mixing CreateMechanicalBearingDisassemblyMixin from antikytheramechanism.mixins.json into com.simibubi.create.content.contraptions.bearing.MechanicalBearingBlockEntity
[10:16:26] [modloading-worker-0/DEBUG] [mixin/]: Renaming synthetic method lambda$antikytheramechanism$markControllerRemovalAsForced$0(Lcom/llamalad7/mixinextras/injector/wrapoperation/Operation;)V to mdded47a$antikytheramechanism$lambda$antikytheramechanism$markControllerRemovalAsForced$0$0 in antikytheramechanism.mixins.json:CreateMechanicalBearingDisassemblyMixin from mod antikytheramechanism
[10:16:26] [modloading-worker-0/DEBUG] [mixin/]: antikytheramechanism.mixins.json:CreateMechanicalBearingDisassemblyMixin from mod antikytheramechanism->@Inject::antikytheramechanism$requireUprightVoluntaryDisassembly(Lorg/spongepowered/asm/mixin/injection/callback/CallbackInfo;)V does use it's CallbackInfo
[10:16:26] [modloading-worker-0/DEBUG] [mixin/]: Mixing extra_kinetics.GeneratingKineticBlockEntityMixin from simulated.mixins.json into com.simibubi.create.content.kinetics.base.GeneratingKineticBlockEntity
[10:16:26] [modloading-worker-0/DEBUG] [mixin/]: Mixing compatibility.create.entity_falls_on_block.BasinBlockMixin from sable-neoforge.mixins.json into com.simibubi.create.content.processing.basin.BasinBlock
[10:16:26] [modloading-worker-0/DEBUG] [mixin/]: Mixing accessor.ContraptionAccessor from simulated.mixins.json into com.simibubi.create.content.contraptions.Contraption
[10:16:26] [modloading-worker-0/DEBUG] [mixin/]: Mixing CreateContraptionLifecycleMixin from antikytheramechanism.mixins.json into com.simibubi.create.content.contraptions.Contraption
[10:16:26] [modloading-worker-0/DEBUG] [mixin/]: antikytheramechanism.mixins.json:CreateContraptionLifecycleMixin from mod antikytheramechanism->@Inject::antikytheramechanism$rejectUnsafeCapture(Lnet/minecraft/world/level/Level;Lnet/minecraft/core/BlockPos;Lnet/minecraft/core/Direction;Lorg/spongepowered/asm/mixin/injection/callback/CallbackInfoReturnable;)V does use it's CallbackInfoReturnable
[10:16:26] [modloading-worker-0/DEBUG] [mixin/]: antikytheramechanism.mixins.json:CreateContraptionLifecycleMixin from mod antikytheramechanism->@Inject::antikytheramechanism$rejectUnsafeCapture(Lnet/minecraft/world/level/Level;Lnet/minecraft/core/BlockPos;Lnet/minecraft/core/Direction;Lorg/spongepowered/asm/mixin/injection/callback/CallbackInfoReturnable;)V does use it's CallbackInfoReturnable
[10:16:26] [modloading-worker-0/DEBUG] [mixin/]: antikytheramechanism.mixins.json:CreateContraptionLifecycleMixin from mod antikytheramechanism->@Inject::antikytheramechanism$rejectUnsafeCapture(Lnet/minecraft/world/level/Level;Lnet/minecraft/core/BlockPos;Lnet/minecraft/core/Direction;Lorg/spongepowered/asm/mixin/injection/callback/CallbackInfoReturnable;)V does use it's CallbackInfoReturnable
[10:16:26] [modloading-worker-0/DEBUG] [mixin/]: antikytheramechanism.mixins.json:CreateContraptionLifecycleMixin from mod antikytheramechanism->@Inject::antikytheramechanism$journalBeforeExtraction(Lnet/minecraft/world/level/Level;Lnet/minecraft/core/BlockPos;Lorg/spongepowered/asm/mixin/injection/callback/CallbackInfo;)V doesn't use it's CallbackInfo
[10:16:26] [modloading-worker-0/DEBUG] [mixin/]: antikytheramechanism.mixins.json:CreateContraptionLifecycleMixin from mod antikytheramechanism->@Inject::antikytheramechanism$journalBeforeExtraction(Lnet/minecraft/world/level/Level;Lnet/minecraft/core/BlockPos;Lorg/spongepowered/asm/mixin/injection/callback/CallbackInfo;)V has 0 override(s) in child classes
[10:16:26] [modloading-worker-0/DEBUG] [mixin/]: antikytheramechanism.mixins.json:CreateContraptionLifecycleMixin from mod antikytheramechanism->@Inject::antikytheramechanism$journalBeforeExtraction(Lnet/minecraft/world/level/Level;Lnet/minecraft/core/BlockPos;Lorg/spongepowered/asm/mixin/injection/callback/CallbackInfo;)V won't be passed a CallbackInfo as a result
[10:16:26] [modloading-worker-0/DEBUG] [mixin/]: antikytheramechanism.mixins.json:CreateContraptionLifecycleMixin from mod antikytheramechanism->@Inject::antikytheramechanism$journalBeforePlacement(Lnet/minecraft/world/level/Level;Lcom/simibubi/create/content/contraptions/StructureTransform;Lorg/spongepowered/asm/mixin/injection/callback/CallbackInfo;)V doesn't use it's CallbackInfo
[10:16:26] [modloading-worker-0/DEBUG] [mixin/]: antikytheramechanism.mixins.json:CreateContraptionLifecycleMixin from mod antikytheramechanism->@Inject::antikytheramechanism$journalBeforePlacement(Lnet/minecraft/world/level/Level;Lcom/simibubi/create/content/contraptions/StructureTransform;Lorg/spongepowered/asm/mixin/injection/callback/CallbackInfo;)V has 0 override(s) in child classes
[10:16:26] [modloading-worker-0/DEBUG] [mixin/]: antikytheramechanism.mixins.json:CreateContraptionLifecycleMixin from mod antikytheramechanism->@Inject::antikytheramechanism$journalBeforePlacement(Lnet/minecraft/world/level/Level;Lcom/simibubi/create/content/contraptions/StructureTransform;Lorg/spongepowered/asm/mixin/injection/callback/CallbackInfo;)V won't be passed a CallbackInfo as a result
[10:16:26] [modloading-worker-0/DEBUG] [mixin/]: antikytheramechanism.mixins.json:CreateContraptionLifecycleMixin from mod antikytheramechanism->@Inject::antikytheramechanism$commitAfterPlacement(Lnet/minecraft/world/level/Level;Lcom/simibubi/create/content/contraptions/StructureTransform;Lorg/spongepowered/asm/mixin/injection/callback/CallbackInfo;)V doesn't use it's CallbackInfo
[10:16:26] [modloading-worker-0/DEBUG] [mixin/]: antikytheramechanism.mixins.json:CreateContraptionLifecycleMixin from mod antikytheramechanism->@Inject::antikytheramechanism$commitAfterPlacement(Lnet/minecraft/world/level/Level;Lcom/simibubi/create/content/contraptions/StructureTransform;Lorg/spongepowered/asm/mixin/injection/callback/CallbackInfo;)V has 0 override(s) in child classes
[10:16:26] [modloading-worker-0/DEBUG] [mixin/]: antikytheramechanism.mixins.json:CreateContraptionLifecycleMixin from mod antikytheramechanism->@Inject::antikytheramechanism$commitAfterPlacement(Lnet/minecraft/world/level/Level;Lcom/simibubi/create/content/contraptions/StructureTransform;Lorg/spongepowered/asm/mixin/injection/callback/CallbackInfo;)V won't be passed a CallbackInfo as a result
[10:16:26] [modloading-worker-0/DEBUG] [mixin/]: antikytheramechanism.mixins.json:CreateContraptionLifecycleMixin from mod antikytheramechanism->@Inject::antikytheramechanism$commitAfterPlacement(Lnet/minecraft/world/level/Level;Lcom/simibubi/create/content/contraptions/StructureTransform;Lorg/spongepowered/asm/mixin/injection/callback/CallbackInfo;)V doesn't use it's CallbackInfo
[10:16:26] [modloading-worker-0/DEBUG] [mixin/]: antikytheramechanism.mixins.json:CreateContraptionLifecycleMixin from mod antikytheramechanism->@Inject::antikytheramechanism$commitAfterPlacement(Lnet/minecraft/world/level/Level;Lcom/simibubi/create/content/contraptions/StructureTransform;Lorg/spongepowered/asm/mixin/injection/callback/CallbackInfo;)V has 0 override(s) in child classes
[10:16:26] [modloading-worker-0/DEBUG] [mixin/]: antikytheramechanism.mixins.json:CreateContraptionLifecycleMixin from mod antikytheramechanism->@Inject::antikytheramechanism$commitAfterPlacement(Lnet/minecraft/world/level/Level;Lcom/simibubi/create/content/contraptions/StructureTransform;Lorg/spongepowered/asm/mixin/injection/callback/CallbackInfo;)V won't be passed a CallbackInfo as a result
[10:16:26] [modloading-worker-0/DEBUG] [mixin/]: Mixing compatibility.create.basin_interactions.BasinBlockEntityMixin from sable-neoforge.mixins.json into com.simibubi.create.content.processing.basin.BasinBlockEntity
[10:16:26] [modloading-worker-0/DEBUG] [mixin/]: Renaming synthetic method lambda$sable$accountForSubLevels$1(Lcom/llamalad7/mixinextras/injector/wrapoperation/Operation;Lnet/minecraft/world/level/Level;Ldev/ryanhcode/sable/sublevel/SubLevel;Lnet/minecraft/core/BlockPos;)Lnet/minecraft/world/level/block/entity/BlockEntity; to mdded47a$sable$lambda$sable$accountForSubLevels$1$0 in sable-neoforge.mixins.json:compatibility.create.basin_interactions.BasinBlockEntityMixin from mod sable
[10:16:26] [modloading-worker-0/DEBUG] [mixin/]: Renaming synthetic method lambda$sable$accountForSubLevels$0(Lnet/minecraft/world/level/Level;Ldev/ryanhcode/sable/sublevel/SubLevel;Lnet/minecraft/core/BlockPos;)Lcom/simibubi/create/content/processing/burner/BlazeBurnerBlock$HeatLevel; to mdded47a$sable$lambda$sable$accountForSubLevels$0$1 in sable-neoforge.mixins.json:compatibility.create.basin_interactions.BasinBlockEntityMixin from mod sable
[10:16:26] [modloading-worker-0/DEBUG] [mixin/]: sable-neoforge.mixins.json:compatibility.create.basin_interactions.BasinBlockEntityMixin from mod sable->@Inject::sable$accountForSubLevels(Lorg/spongepowered/asm/mixin/injection/callback/CallbackInfoReturnable;)V does use it's CallbackInfoReturnable
[10:16:26] [modloading-worker-0/DEBUG] [mixin/]: Mixing propeller_bearing.BearingContraptionMixin from aeronautics.mixins.json into com.simibubi.create.content.contraptions.bearing.BearingContraption
[10:16:26] [modloading-worker-0/DEBUG] [mixin/]: aeronautics.mixins.json:propeller_bearing.BearingContraptionMixin from mod aeronautics: Class version 65 required is higher than the class version supported by the current version of Mixin (JAVA_18 supports class version 62)
[10:16:26] [modloading-worker-0/DEBUG] [mixin/]: aeronautics.mixins.json:propeller_bearing.BearingContraptionMixin from mod aeronautics->@Inject::aeronautics$addSailsWithTempSails(Lnet/minecraft/world/level/Level;Lnet/minecraft/core/BlockPos;Lorg/spongepowered/asm/mixin/injection/callback/CallbackInfoReturnable;)V doesn't use it's CallbackInfoReturnable
[10:16:26] [modloading-worker-0/DEBUG] [mixin/]: aeronautics.mixins.json:propeller_bearing.BearingContraptionMixin from mod aeronautics->@Inject::aeronautics$addSailsWithTempSails(Lnet/minecraft/world/level/Level;Lnet/minecraft/core/BlockPos;Lorg/spongepowered/asm/mixin/injection/callback/CallbackInfoReturnable;)V has 0 override(s) in child classes
[10:16:26] [modloading-worker-0/DEBUG] [mixin/]: aeronautics.mixins.json:propeller_bearing.BearingContraptionMixin from mod aeronautics->@Inject::aeronautics$addSailsWithTempSails(Lnet/minecraft/world/level/Level;Lnet/minecraft/core/BlockPos;Lorg/spongepowered/asm/mixin/injection/callback/CallbackInfoReturnable;)V won't be passed a CallbackInfoReturnable as a result
[10:16:26] [modloading-worker-0/DEBUG] [mixin/]: Mixing accessor.ControlledContraptionEntityAccessor from simulated.mixins.json into com.simibubi.create.content.contraptions.ControlledContraptionEntity
[10:16:26] [modloading-worker-0/DEBUG] [mixin/]: Mixing self_mixins.DiagramEntityMixin from simulated-neoforge.mixins.json into dev.simulated_team.simulated.content.entities.diagram.DiagramEntity
[10:16:26] [modloading-worker-0/DEBUG] [mixin/]: Mixing compatibility.create.contraptions.AbstractContraptionEntityMixin from sable-neoforge.mixins.json into com.simibubi.create.content.contraptions.AbstractContraptionEntity
[10:16:26] [modloading-worker-0/DEBUG] [mixin/]: Mixing CreateContraptionEntityDisassemblyMixin from antikytheramechanism.mixins.json into com.simibubi.create.content.contraptions.AbstractContraptionEntity
[10:16:26] [modloading-worker-0/DEBUG] [mixin/]: sable-neoforge.mixins.json:compatibility.create.contraptions.AbstractContraptionEntityMixin from mod sable->@Inject::sable$contraptionInitialize(Lorg/spongepowered/asm/mixin/injection/callback/CallbackInfo;)V doesn't use it's CallbackInfo
[10:16:26] [modloading-worker-0/DEBUG] [mixin/]: sable-neoforge.mixins.json:compatibility.create.contraptions.AbstractContraptionEntityMixin from mod sable->@Inject::sable$contraptionInitialize(Lorg/spongepowered/asm/mixin/injection/callback/CallbackInfo;)V has 0 override(s) in child classes
[10:16:26] [modloading-worker-0/DEBUG] [mixin/]: sable-neoforge.mixins.json:compatibility.create.contraptions.AbstractContraptionEntityMixin from mod sable->@Inject::sable$contraptionInitialize(Lorg/spongepowered/asm/mixin/injection/callback/CallbackInfo;)V won't be passed a CallbackInfo as a result
[10:16:26] [modloading-worker-0/DEBUG] [mixin/]: Mixing borehead_collision.BoreheadContraptionEntityMixin from offroad.mixins.json into dev.ryanhcode.offroad.content.entities.BoreheadContraptionEntity
[10:16:26] [modloading-worker-0/DEBUG] [mixin/]: offroad.mixins.json:borehead_collision.BoreheadContraptionEntityMixin from mod offroad: Class version 65 required is higher than the class version supported by the current version of Mixin (JAVA_18 supports class version 62)
[10:16:26] [modloading-worker-0/DEBUG] [mixin/]: Mixing item_renderer.PhysicsStaffItemMixin from simulated-neoforge.mixins.json into dev.simulated_team.simulated.content.physics_staff.PhysicsStaffItem
[10:16:26] [modloading-worker-0/DEBUG] [mixin/]: Mixing MountedItemStorageMixin from offroad.neoforge.mixins.json into com.simibubi.create.api.contraption.storage.item.MountedItemStorage
[10:16:26] [modloading-worker-0/DEBUG] [mixin/]: Mixing self_mixins.PlungerLauncherItemMixin from simulated-neoforge.mixins.json into dev.simulated_team.simulated.content.items.plunger_launcher.PlungerLauncherItem
[10:16:26] [modloading-worker-0/DEBUG] [Ponder/]: Loaded net.createmod.catnip.platform.NeoForgePlatformHelper@6eb53b42 for service interface net.createmod.catnip.platform.services.PlatformHelper
[10:16:26] [modloading-worker-0/DEBUG] [Ponder/]: Loaded net.createmod.catnip.platform.NeoForgeFluidHelper@672ef7e0 for service interface net.createmod.catnip.platform.services.ModFluidHelper
[10:16:26] [modloading-worker-0/DEBUG] [Ponder/]: Loaded net.createmod.catnip.platform.NeoForgeHooksHelper@4f72d351 for service interface net.createmod.catnip.platform.services.ModHooksHelper
[10:16:26] [modloading-worker-0/DEBUG] [Ponder/]: Loaded net.createmod.catnip.platform.NeoForgeNetworkHelper@541113f3 for service interface net.createmod.catnip.platform.services.NetworkHelper
[10:16:26] [modloading-worker-0/DEBUG] [mixin/]: Mixing PhysicsAssemblerMiniPhysicsMixin from antikytheramechanism.mixins.json into dev.simulated_team.simulated.content.blocks.physics_assembler.PhysicsAssemblerBlockEntity
[10:16:26] [modloading-worker-0/DEBUG] [mixin/]: antikytheramechanism.mixins.json:PhysicsAssemblerMiniPhysicsMixin from mod antikytheramechanism->@Inject::antikytheramechanism$rejectDetachedDisassembly(Lorg/spongepowered/asm/mixin/injection/callback/CallbackInfo;)V does use it's CallbackInfo
[10:16:26] [modloading-worker-0/DEBUG] [mixin/]: Mixing SubLevelManagedEmptyGlobalBoundsMixin from antikytheramechanism.mixins.json into dev.ryanhcode.sable.sublevel.SubLevel
[10:16:26] [modloading-worker-0/DEBUG] [mixin/]: antikytheramechanism.mixins.json:SubLevelManagedEmptyGlobalBoundsMixin from mod antikytheramechanism->@Inject::antikytheramechanism$keepManagedEmptyBoundsFinite(Lorg/spongepowered/asm/mixin/injection/callback/CallbackInfo;)V does use it's CallbackInfo
[10:16:26] [modloading-worker-0/DEBUG] [mixin/]: Mixing assembly_preventer.ServerSubLevelMixin from simulated.mixins.json into dev.ryanhcode.sable.sublevel.ServerSubLevel
[10:16:26] [modloading-worker-0/DEBUG] [mixin/]: Mixing ServerSubLevelFrameGraphMixin from antikytheramechanism.mixins.json into dev.ryanhcode.sable.sublevel.ServerSubLevel
[10:16:26] [modloading-worker-0/DEBUG] [mixin/]: Mixing ServerSubLevelMiniPhysicsMixin from antikytheramechanism.mixins.json into dev.ryanhcode.sable.sublevel.ServerSubLevel
[10:16:26] [modloading-worker-0/DEBUG] [mixin/]: Mixing ServerSubLevelManagedEmptyBoundsMixin from antikytheramechanism.mixins.json into dev.ryanhcode.sable.sublevel.ServerSubLevel
[10:16:26] [modloading-worker-0/DEBUG] [mixin/]: Mixing ServerSubLevelStructuralMassMixin from antikytheramechanism.mixins.json into dev.ryanhcode.sable.sublevel.ServerSubLevel
[10:16:26] [modloading-worker-0/DEBUG] [mixin/]: antikytheramechanism.mixins.json:ServerSubLevelManagedEmptyBoundsMixin from mod antikytheramechanism->@Inject::antikytheramechanism$preserveManagedEmptyAssembly(Lorg/spongepowered/asm/mixin/injection/callback/CallbackInfo;)V does use it's CallbackInfo
[10:16:26] [modloading-worker-0/DEBUG] [mixin/]: antikytheramechanism.mixins.json:ServerSubLevelStructuralMassMixin from mod antikytheramechanism->@Inject::antikytheramechanism$addStructuralMass(Lorg/spongepowered/asm/mixin/injection/callback/CallbackInfo;)V doesn't use it's CallbackInfo
[10:16:26] [modloading-worker-0/DEBUG] [mixin/]: antikytheramechanism.mixins.json:ServerSubLevelStructuralMassMixin from mod antikytheramechanism->@Inject::antikytheramechanism$addStructuralMass(Lorg/spongepowered/asm/mixin/injection/callback/CallbackInfo;)V has 0 override(s) in child classes
[10:16:26] [modloading-worker-0/DEBUG] [mixin/]: antikytheramechanism.mixins.json:ServerSubLevelStructuralMassMixin from mod antikytheramechanism->@Inject::antikytheramechanism$addStructuralMass(Lorg/spongepowered/asm/mixin/injection/callback/CallbackInfo;)V won't be passed a CallbackInfo as a result
[10:16:26] [modloading-worker-0/DEBUG] [mixin/]: Mixing compatibility.create.ejector.EjectorBlockMixin from sable-neoforge.mixins.json into com.simibubi.create.content.logistics.depot.EjectorBlock
[10:16:26] [modloading-worker-0/DEBUG] [mixin/]: Mixing SwivelBearingAssemblyScaleMixin from sablescale.simulated.mixins.json into dev.simulated_team.simulated.content.blocks.swivel_bearing.SwivelBearingBlockEntity
[10:16:26] [modloading-worker-0/DEBUG] [mixin/]: Mixing compatibility.create.super_glue.SuperGlueEntityMixin from sable-neoforge.mixins.json into com.simibubi.create.content.contraptions.glue.SuperGlueEntity
[10:16:26] [modloading-worker-0/DEBUG] [mixin/]: Renaming synthetic method lambda$sable$collectGlueEntities$0(Ljava/util/List;Lnet/minecraft/world/entity/Entity;)Lnet/minecraft/util/AbortableIterationConsumer$Continuation; to mdded47a$sable$lambda$sable$collectGlueEntities$0$0 in sable-neoforge.mixins.json:compatibility.create.super_glue.SuperGlueEntityMixin from mod sable
[10:16:26] [modloading-worker-0/DEBUG] [mixin/]: Mixing SpringBlockEntityHostedMiniMixin from antikytheramechanism.mixins.json into dev.simulated_team.simulated.content.blocks.spring.SpringBlockEntity
[10:16:26] [modloading-worker-0/DEBUG] [mixin/]: Mixing compatibility.create.behaviour_compatibility.BlockEntityBehaviourMixin from sable-neoforge.mixins.json into com.simibubi.create.foundation.blockEntity.behaviour.BlockEntityBehaviour
[10:16:26] [modloading-worker-0/DEBUG] [mixin/]: Renaming synthetic method lambda$sable$accountForSubLevels$0(Lnet/minecraft/world/level/Level;Ldev/ryanhcode/sable/sublevel/SubLevel;Lnet/minecraft/core/BlockPos;)Lnet/minecraft/world/level/block/entity/BlockEntity; to mdded47a$sable$lambda$sable$accountForSubLevels$0$0 in sable-neoforge.mixins.json:compatibility.create.behaviour_compatibility.BlockEntityBehaviourMixin from mod sable
[10:16:26] [modloading-worker-0/DEBUG] [ne.ne.fm.ModContainer/]: Attempted to register an empty config for type CLIENT on mod offroad
[10:16:26] [modloading-worker-0/DEBUG] [ne.ne.fm.co.ConfigTracker/CONFIG]: Config file offroad-server.toml for offroad tracking
[10:16:26] [modloading-worker-0/DEBUG] [ne.ne.fm.ja.AutomaticEventSubscriber/LOADING]: Attempting to inject @EventBusSubscriber classes into the eventbus for offroad
[10:16:26] [modloading-worker-0/DEBUG] [ne.ne.fm.ja.AutomaticEventSubscriber/LOADING]: Scanning class dev.ryanhcode.offroad.neoforge.service.NeoForgeOffroadConfigService for @SubscribeEvent-annotated methods
[10:16:26] [modloading-worker-0/DEBUG] [ne.ne.fm.ja.AutomaticEventSubscriber/]: Subscribing @EventBusSubscriber class Ldev/ryanhcode/offroad/neoforge/service/NeoForgeOffroadConfigService; to the mod event bus of mod offroad
[10:16:26] [modloading-worker-0/DEBUG] [mixin/]: sable-neoforge.mixins.json:compatibility.create.behaviour_compatibility.BlockEntityBehaviourMixin from mod sable->@Inject::sable$accountForSubLevels(Lnet/minecraft/world/level/BlockGetter;Lnet/minecraft/core/BlockPos;Lcom/simibubi/create/foundation/blockEntity/behaviour/BehaviourType;Lorg/spongepowered/asm/mixin/injection/callback/CallbackInfoReturnable;)V does use it's CallbackInfoReturnable
[10:16:26] [modloading-worker-0/DEBUG] [ne.ne.ne.in.ve.ne.NeoForgeVersion/CORE]: Found NeoForge version 21.1.228
[10:16:26] [modloading-worker-0/DEBUG] [ne.ne.ne.in.ve.ne.NeoForgeVersion/CORE]: Found FML version 4.0.42
[10:16:26] [modloading-worker-0/INFO] [ne.ne.ne.co.NeoForgeMod/NEOFORGE-MOD]: NeoForge mod loading, version 21.1.228, for MC 1.21.1
[10:16:26] [modloading-worker-0/DEBUG] [mixin/]: Mixing SableBufferUtilsMixin from sablescale.mixins.json into dev.ryanhcode.sable.util.SableBufferUtils
[10:16:26] [modloading-worker-0/DEBUG] [mixin/]: sablescale.mixins.json:SableBufferUtilsMixin from mod sablescale->@Inject::sablescale$writeScale(Lio/netty/buffer/ByteBuf;Ldev/ryanhcode/sable/companion/math/Pose3dc;Lorg/spongepowered/asm/mixin/injection/callback/CallbackInfo;)V doesn't use it's CallbackInfo
[10:16:26] [modloading-worker-0/DEBUG] [mixin/]: sablescale.mixins.json:SableBufferUtilsMixin from mod sablescale->@Inject::sablescale$readScale(Lio/netty/buffer/ByteBuf;Ldev/ryanhcode/sable/companion/math/Pose3d;Lorg/spongepowered/asm/mixin/injection/callback/CallbackInfoReturnable;)V doesn't use it's CallbackInfoReturnable
[10:16:26] [modloading-worker-0/DEBUG] [ne.ne.fm.co.ConfigTracker/CONFIG]: Config file neoforge-client.toml for neoforge tracking
[10:16:26] [modloading-worker-0/DEBUG] [ne.ne.fm.co.ConfigTracker/CONFIG]: Config file neoforge-server.toml for neoforge tracking
[10:16:26] [modloading-worker-0/DEBUG] [ne.ne.fm.co.ConfigTracker/CONFIG]: Config file neoforge-common.toml for neoforge tracking
[10:16:26] [modloading-worker-0/DEBUG] [ne.ne.fm.ja.AutomaticEventSubscriber/LOADING]: Attempting to inject @EventBusSubscriber classes into the eventbus for neoforge
[10:16:26] [modloading-worker-0/DEBUG] [ne.ne.fm.ja.AutomaticEventSubscriber/LOADING]: Scanning class net.neoforged.neoforge.network.filters.GenericPacketSplitter for @SubscribeEvent-annotated methods
[10:16:26] [modloading-worker-0/DEBUG] [mixin/]: Mixing PlaceMergingGluePacketAntikytheraMixin from antikytheramechanism.mixins.json into dev.simulated_team.simulated.network.packets.PlaceMergingGluePacket
[10:16:26] [modloading-worker-0/DEBUG] [io.ne.bu.AbstractByteBuf/]: -Dio.netty.buffer.checkAccessible: true
[10:16:26] [modloading-worker-0/DEBUG] [io.ne.bu.AbstractByteBuf/]: -Dio.netty.buffer.checkBounds: true
[10:16:26] [modloading-worker-0/DEBUG] [io.ne.ut.ResourceLeakDetectorFactory/]: Loaded default ResourceLeakDetector: io.netty.util.ResourceLeakDetector@53c49de8
[10:16:26] [modloading-worker-0/DEBUG] [mixin/]: antikytheramechanism.mixins.json:PlaceMergingGluePacketAntikytheraMixin from mod antikytheramechanism->@Inject::antikytheramechanism$rejectMixedScaleDetachedMerge(Lfoundry/veil/api/network/handler/ServerPacketContext;Lorg/spongepowered/asm/mixin/injection/callback/CallbackInfo;)V does use it's CallbackInfo
[10:16:26] [modloading-worker-0/DEBUG] [mixin/]: Mixing compatibility.create.sticker.StickerBlockMixin from sable-neoforge.mixins.json into com.simibubi.create.content.contraptions.chassis.StickerBlock
[10:16:26] [modloading-worker-0/DEBUG] [mixin/]: Mixing self_mixins.HoneyGlueEntityMixin from simulated-neoforge.mixins.json into dev.simulated_team.simulated.content.entities.honey_glue.HoneyGlueEntity
[10:16:26] [modloading-worker-0/DEBUG] [io.ne.ut.in.InternalThreadLocalMap/]: -Dio.netty.threadLocalMap.stringBuilder.initialSize: 1024
[10:16:26] [modloading-worker-0/DEBUG] [io.ne.ut.in.InternalThreadLocalMap/]: -Dio.netty.threadLocalMap.stringBuilder.maxSize: 4096
[10:16:26] [modloading-worker-0/DEBUG] [mixin/]: Mixing compatibility.create.block_breakers.BlockBreakingKineticBlockEntityDamageMixin from sable-neoforge.mixins.json into com.simibubi.create.content.kinetics.drill.DrillBlock
[10:16:26] [modloading-worker-0/DEBUG] [io.ne.bu.PooledByteBufAllocator/]: -Dio.netty.allocator.numHeapArenas: 8
[10:16:26] [modloading-worker-0/DEBUG] [io.ne.bu.PooledByteBufAllocator/]: -Dio.netty.allocator.numDirectArenas: 8
[10:16:26] [modloading-worker-0/DEBUG] [io.ne.bu.PooledByteBufAllocator/]: -Dio.netty.allocator.pageSize: 8192
[10:16:26] [modloading-worker-0/DEBUG] [io.ne.bu.PooledByteBufAllocator/]: -Dio.netty.allocator.maxOrder: 9
[10:16:26] [modloading-worker-0/DEBUG] [io.ne.bu.PooledByteBufAllocator/]: -Dio.netty.allocator.chunkSize: 4194304
[10:16:26] [modloading-worker-0/DEBUG] [io.ne.bu.PooledByteBufAllocator/]: -Dio.netty.allocator.smallCacheSize: 256
[10:16:26] [modloading-worker-0/DEBUG] [io.ne.bu.PooledByteBufAllocator/]: -Dio.netty.allocator.normalCacheSize: 64
[10:16:26] [modloading-worker-0/DEBUG] [io.ne.bu.PooledByteBufAllocator/]: -Dio.netty.allocator.maxCachedBufferCapacity: 32768
[10:16:26] [modloading-worker-0/DEBUG] [io.ne.bu.PooledByteBufAllocator/]: -Dio.netty.allocator.cacheTrimInterval: 8192
[10:16:26] [modloading-worker-0/DEBUG] [io.ne.bu.PooledByteBufAllocator/]: -Dio.netty.allocator.cacheTrimIntervalMillis: 0
[10:16:26] [modloading-worker-0/DEBUG] [io.ne.bu.PooledByteBufAllocator/]: -Dio.netty.allocator.useCacheForAllThreads: false
[10:16:26] [modloading-worker-0/DEBUG] [io.ne.bu.PooledByteBufAllocator/]: -Dio.netty.allocator.maxCachedByteBuffersPerChunk: 1023
[10:16:26] [modloading-worker-0/DEBUG] [mixin/]: Mixing compatibility.create.behaviour_compatibility.block_breaking_behaviour.BlockBreakingMovementBehaviourMixin from sable-neoforge.mixins.json into com.simibubi.create.content.kinetics.base.BlockBreakingMovementBehaviour
[10:16:26] [modloading-worker-0/DEBUG] [mixin/]: Renaming synthetic method lambda$sable$testBreakingPosDist$1(Lnet/minecraft/nbt/CompoundTag;)Lnet/minecraft/core/BlockPos; to mdded47a$sable$lambda$sable$testBreakingPosDist$1$0 in sable-neoforge.mixins.json:compatibility.create.behaviour_compatibility.block_breaking_behaviour.BlockBreakingMovementBehaviourMixin from mod sable
[10:16:26] [modloading-worker-0/DEBUG] [mixin/]: Renaming synthetic method lambda$sable$checkPosition$0(Lcom/simibubi/create/content/contraptions/behaviour/MovementContext;Lnet/minecraft/core/BlockPos;Lnet/minecraft/world/level/block/state/BlockState;)Z to mdded47a$sable$lambda$sable$checkPosition$0$1 in sable-neoforge.mixins.json:compatibility.create.behaviour_compatibility.block_breaking_behaviour.BlockBreakingMovementBehaviourMixin from mod sable
[10:16:26] [modloading-worker-0/DEBUG] [io.ne.bu.ByteBufUtil/]: -Dio.netty.allocator.type: pooled
[10:16:26] [modloading-worker-0/DEBUG] [io.ne.bu.ByteBufUtil/]: -Dio.netty.threadLocalDirectBufferSize: 0
[10:16:26] [modloading-worker-0/DEBUG] [io.ne.bu.ByteBufUtil/]: -Dio.netty.maxThreadLocalCharBufferSize: 16384
[10:16:26] [modloading-worker-0/DEBUG] [mixin/]: sable-neoforge.mixins.json:compatibility.create.behaviour_compatibility.block_breaking_behaviour.BlockBreakingMovementBehaviourMixin from mod sable->@Inject::sable$testBreakingPosDist(Lcom/simibubi/create/content/contraptions/behaviour/MovementContext;Lorg/spongepowered/asm/mixin/injection/callback/CallbackInfo;)V does use it's CallbackInfo
[10:16:26] [modloading-worker-0/DEBUG] [mixin/]: Mixing compatibility.create.block_breakers.BlockBreakingKineticBlockEntityDamageMixin from sable-neoforge.mixins.json into com.simibubi.create.content.kinetics.saw.SawBlock
[10:16:26] [modloading-worker-0/DEBUG] [mixin/]: Mixing compatibility.create.entity_falls_on_block.SawBlockMixin from sable-neoforge.mixins.json into com.simibubi.create.content.kinetics.saw.SawBlock
[10:16:26] [modloading-worker-0/DEBUG] [mixin/]: Mixing compatibility.create.behaviour_compatibility.block_breaking_behaviour.SawMovementBehaviourMixin from sable-neoforge.mixins.json into com.simibubi.create.content.kinetics.saw.SawMovementBehaviour
[10:16:26] [modloading-worker-0/DEBUG] [mixin/]: Mixing udp.ConnectionMixin from sable.mixins.json into net.minecraft.network.Connection
[10:16:26] [modloading-worker-0/DEBUG] [mixin/]: Renaming synthetic method lambda$sable$onDisconnect$0(Lio/netty/util/concurrent/Future;)V to mdded47a$sable$lambda$sable$onDisconnect$0$0 in sable.mixins.json:udp.ConnectionMixin from mod sable
[10:16:26] [modloading-worker-0/DEBUG] [mixin/]: sable.mixins.json:udp.ConnectionMixin from mod sable->@Inject::sable$onDisconnect(Lnet/minecraft/network/DisconnectionDetails;Lorg/spongepowered/asm/mixin/injection/callback/CallbackInfo;)V doesn't use it's CallbackInfo
[10:16:26] [modloading-worker-0/DEBUG] [mixin/]: sable.mixins.json:udp.ConnectionMixin from mod sable->@Inject::sable$onDisconnect(Lnet/minecraft/network/DisconnectionDetails;Lorg/spongepowered/asm/mixin/injection/callback/CallbackInfo;)V has 0 override(s) in child classes
[10:16:26] [modloading-worker-0/DEBUG] [mixin/]: sable.mixins.json:udp.ConnectionMixin from mod sable->@Inject::sable$onDisconnect(Lnet/minecraft/network/DisconnectionDetails;Lorg/spongepowered/asm/mixin/injection/callback/CallbackInfo;)V won't be passed a CallbackInfo as a result
[10:16:26] [modloading-worker-0/DEBUG] [mixin/]: sable.mixins.json:udp.ConnectionMixin from mod sable->@Inject::sable$connect(Ljava/net/InetSocketAddress;ZLnet/minecraft/network/Connection;Lorg/spongepowered/asm/mixin/injection/callback/CallbackInfoReturnable;)V doesn't use it's CallbackInfoReturnable
[10:16:26] [modloading-worker-0/DEBUG] [mixin/]: sable.mixins.json:udp.ConnectionMixin from mod sable->@Inject::sable$connectToLocalServer(Ljava/net/SocketAddress;Lorg/spongepowered/asm/mixin/injection/callback/CallbackInfoReturnable;)V doesn't use it's CallbackInfoReturnable
[10:16:26] [modloading-worker-0/DEBUG] [ne.ne.fm.ja.AutomaticEventSubscriber/]: Subscribing @EventBusSubscriber class Lnet/neoforged/neoforge/network/filters/GenericPacketSplitter; to the mod event bus of mod neoforge
[10:16:26] [modloading-worker-0/DEBUG] [mixin/]: Mixing compatibility.create.redstone_contacts.RedstoneContactBlockMixin from sable-neoforge.mixins.json into com.simibubi.create.content.redstone.contact.RedstoneContactBlock
[10:16:26] [modloading-worker-0/DEBUG] [ne.ne.fm.ja.AutomaticEventSubscriber/LOADING]: Scanning class net.neoforged.neoforge.network.NetworkInitialization for @SubscribeEvent-annotated methods
[10:16:26] [modloading-worker-0/DEBUG] [ne.ne.fm.ja.AutomaticEventSubscriber/]: Subscribing @EventBusSubscriber class Lnet/neoforged/neoforge/network/NetworkInitialization; to the mod event bus of mod neoforge
[10:16:26] [modloading-worker-0/DEBUG] [mixin/]: Mixing compatibility.create.behaviour_compatibility.harvester_block_entity.HarvesterBlockMixin from sable-neoforge.mixins.json into com.simibubi.create.content.contraptions.actors.harvester.HarvesterBlock
[10:16:26] [modloading-worker-0/DEBUG] [ne.ne.fm.ja.AutomaticEventSubscriber/LOADING]: Scanning class net.neoforged.neoforge.network.ConfigurationInitialization for @SubscribeEvent-annotated methods
[10:16:26] [modloading-worker-0/DEBUG] [mixin/]: Mixing compatibility.create.behaviour_compatibility.harvester_behaviour.HarvesterMovementBehaviourMixin from sable-neoforge.mixins.json into com.simibubi.create.content.contraptions.actors.harvester.HarvesterMovementBehaviour
[10:16:26] [modloading-worker-0/DEBUG] [mixin/]: Renaming synthetic method lambda$sable$checkAllPositions$0(Lcom/llamalad7/mixinextras/injector/wrapoperation/Operation;Lcom/simibubi/create/content/contraptions/behaviour/MovementContext;Ldev/ryanhcode/sable/sublevel/SubLevel;Lnet/minecraft/core/BlockPos;)Ljava/lang/Object; to mdded47a$sable$lambda$sable$checkAllPositions$0$0 in sable-neoforge.mixins.json:compatibility.create.behaviour_compatibility.harvester_behaviour.HarvesterMovementBehaviourMixin from mod sable
[10:16:26] [modloading-worker-0/DEBUG] [mixin/]: Mixing compatibility.create.behaviour_compatibility.harvester_block_entity.HarvesterBlockEntityUsageMixin from sable-neoforge.mixins.json into com.simibubi.create.content.contraptions.actors.harvester.HarvesterMovementBehaviour
[10:16:26] [modloading-worker-0/DEBUG] [ne.ne.fm.ja.AutomaticEventSubscriber/]: Subscribing @EventBusSubscriber class Lnet/neoforged/neoforge/network/ConfigurationInitialization; to the mod event bus of mod neoforge
[10:16:26] [modloading-worker-0/DEBUG] [ne.ne.fm.ja.AutomaticEventSubscriber/LOADING]: Scanning class net.neoforged.neoforge.common.MonsterRoomHooks for @SubscribeEvent-annotated methods
[10:16:26] [modloading-worker-0/DEBUG] [ne.ne.fm.ja.AutomaticEventSubscriber/]: Subscribing @EventBusSubscriber class Lnet/neoforged/neoforge/common/MonsterRoomHooks; to the game event bus
[10:16:26] [modloading-worker-0/DEBUG] [ne.ne.fm.ja.AutomaticEventSubscriber/LOADING]: Scanning class net.neoforged.neoforge.common.DeferredSpawnEggItem$CommonHandler for @SubscribeEvent-annotated methods
[10:16:26] [modloading-worker-0/DEBUG] [ne.ne.fm.ja.AutomaticEventSubscriber/]: Subscribing @EventBusSubscriber class Lnet/neoforged/neoforge/common/DeferredSpawnEggItem$CommonHandler; to the mod event bus of mod neoforge
[10:16:26] [modloading-worker-0/DEBUG] [ne.ne.fm.ja.AutomaticEventSubscriber/LOADING]: Scanning class net.neoforged.neoforge.attachment.AttachmentSync for @SubscribeEvent-annotated methods
[10:16:26] [modloading-worker-0/DEBUG] [ne.ne.fm.ja.AutomaticEventSubscriber/]: Subscribing @EventBusSubscriber class Lnet/neoforged/neoforge/attachment/AttachmentSync; to the game event bus
[10:16:26] [modloading-worker-0/DEBUG] [ne.ne.fm.ja.AutomaticEventSubscriber/LOADING]: Scanning class net.neoforged.neoforge.attachment.AttachmentInternals for @SubscribeEvent-annotated methods
[10:16:26] [modloading-worker-0/DEBUG] [ne.ne.fm.ja.AutomaticEventSubscriber/]: Subscribing @EventBusSubscriber class Lnet/neoforged/neoforge/attachment/AttachmentInternals; to the game event bus
[10:16:26] [modloading-worker-0/DEBUG] [ne.ne.fm.co.ConfigTracker/CONFIG]: Config file naturescompass-common.toml for naturescompass tracking
[10:16:26] [modloading-worker-0/DEBUG] [ne.ne.fm.co.ConfigTracker/CONFIG]: Config file naturescompass-client.toml for naturescompass tracking
[10:16:26] [modloading-worker-0/DEBUG] [ne.ne.fm.ja.AutomaticEventSubscriber/LOADING]: Attempting to inject @EventBusSubscriber classes into the eventbus for naturescompass
[10:16:26] [modloading-worker-0/DEBUG] [ne.ne.fm.ja.AutomaticEventSubscriber/LOADING]: Scanning class com.chaosthedude.naturescompass.registry.NaturesCompassRegistry for @SubscribeEvent-annotated methods
[10:16:26] [modloading-worker-0/DEBUG] [ne.ne.fm.ja.AutomaticEventSubscriber/]: Subscribing @EventBusSubscriber class Lcom/chaosthedude/naturescompass/registry/NaturesCompassRegistry; to the mod event bus of mod naturescompass
[10:16:26] [modloading-worker-0/DEBUG] [mixin/]: Mixing balloon.SimAssemblyHelperMixin from aeronautics.mixins.json into dev.simulated_team.simulated.util.SimAssemblyHelper
[10:16:26] [modloading-worker-0/DEBUG] [mixin/]: aeronautics.mixins.json:balloon.SimAssemblyHelperMixin from mod aeronautics: Class version 65 required is higher than the class version supported by the current version of Mixin (JAVA_18 supports class version 62)
[10:16:26] [modloading-worker-0/DEBUG] [mixin/]: Mixing SimAssemblyHelperMiniBoundaryMixin from antikytheramechanism.mixins.json into dev.simulated_team.simulated.util.SimAssemblyHelper
[10:16:26] [modloading-worker-0/DEBUG] [mixin/]: aeronautics.mixins.json:balloon.SimAssemblyHelperMixin from mod aeronautics->@Inject::aeronautics$needsBitSet(Lnet/minecraft/world/level/Level;Ldev/ryanhcode/sable/sublevel/SubLevel;Lnet/minecraft/core/BlockPos;Lnet/minecraft/core/BlockPos;Lnet/minecraft/world/level/block/Rotation;ZLorg/spongepowered/asm/mixin/injection/callback/CallbackInfo;)V doesn't use it's CallbackInfo
[10:16:26] [modloading-worker-0/DEBUG] [mixin/]: antikytheramechanism.mixins.json:SimAssemblyHelperMiniBoundaryMixin from mod antikytheramechanism->@Inject::antikytheramechanism$rejectMixedScaleSubLevelDisassembly(Lnet/minecraft/world/level/Level;Ldev/ryanhcode/sable/sublevel/SubLevel;Lnet/minecraft/core/BlockPos;Lnet/minecraft/core/BlockPos;Lnet/minecraft/world/level/block/Rotation;ZLorg/spongepowered/asm/mixin/injection/callback/CallbackInfo;)V does use it's CallbackInfo
[10:16:26] [modloading-worker-0/DEBUG] [mixin/]: Mixing compatibility.create.tracks.TrackBlockMixin from sable-neoforge.mixins.json into com.simibubi.create.content.trains.track.TrackBlock
[10:16:26] [modloading-worker-0/DEBUG] [mixin/]: Mixing auger_shaft.GirderBlockMixin from simulated.mixins.json into com.simibubi.create.content.decoration.girder.GirderBlock
[10:16:26] [modloading-worker-0/DEBUG] [mixin/]: simulated.mixins.json:auger_shaft.GirderBlockMixin from mod simulated->@Inject::connectToAugers(Lnet/minecraft/world/level/BlockAndTintGetter;Lnet/minecraft/core/BlockPos;Lnet/minecraft/world/level/block/state/BlockState;Lnet/minecraft/core/Direction;Lorg/spongepowered/asm/mixin/injection/callback/CallbackInfoReturnable;)V does use it's CallbackInfoReturnable
[10:16:26] [modloading-worker-0/DEBUG] [mixin/]: Mixing compatibility.create.tracks.TrackBlockItemMixin from sable-neoforge.mixins.json into com.simibubi.create.content.trains.track.TrackBlockItem
[10:16:26] [modloading-worker-0/DEBUG] [mixin/]: Mixing compatibility.create.tracks.TrackBlockItemMixin from sable-neoforge.mixins.json into com.simibubi.create.content.trains.track.TrackTargetingBlockItem
[10:16:26] [modloading-worker-0/DEBUG] [ne.ne.fm.co.ConfigTracker/CONFIG]: Config file simulated-client.toml for simulated tracking
[10:16:26] [modloading-worker-0/DEBUG] [ne.ne.fm.co.ConfigTracker/CONFIG]: Config file simulated-server.toml for simulated tracking
[10:16:26] [modloading-worker-0/DEBUG] [ne.ne.fm.ja.AutomaticEventSubscriber/LOADING]: Attempting to inject @EventBusSubscriber classes into the eventbus for simulated
[10:16:26] [modloading-worker-0/DEBUG] [ne.ne.fm.ja.AutomaticEventSubscriber/LOADING]: Scanning class dev.simulated_team.simulated.neoforge.events.SimNeoForgeCommonEvents for @SubscribeEvent-annotated methods
[10:16:26] [modloading-worker-0/DEBUG] [ne.ne.fm.ja.AutomaticEventSubscriber/]: Subscribing @EventBusSubscriber class Ldev/simulated_team/simulated/neoforge/events/SimNeoForgeCommonEvents; to the game event bus
[10:16:26] [modloading-worker-0/DEBUG] [ne.ne.fm.ja.AutomaticEventSubscriber/LOADING]: Scanning class dev.simulated_team.simulated.neoforge.events.SimNeoForgeCommonEvents$ModBusEvents for @SubscribeEvent-annotated methods
[10:16:26] [modloading-worker-0/DEBUG] [ne.ne.fm.ja.AutomaticEventSubscriber/]: Subscribing @EventBusSubscriber class Ldev/simulated_team/simulated/neoforge/events/SimNeoForgeCommonEvents$ModBusEvents; to the mod event bus of mod simulated
[10:16:26] [modloading-worker-0/DEBUG] [mixin/]: Mixing compatibility.create.funnels.FunnelBlockMixin from sable-neoforge.mixins.json into com.simibubi.create.content.logistics.funnel.FunnelBlock
[10:16:26] [modloading-worker-0/DEBUG] [mixin/]: Mixing compatibility.create.frogports.FrogportBlockMixin from sable-neoforge.mixins.json into com.simibubi.create.content.logistics.packagePort.frogport.FrogportBlock
[10:16:26] [modloading-worker-0/DEBUG] [mixin/]: Mixing compatibility.create.frogports.FrogportBlockEntityMixin from sable-neoforge.mixins.json into com.simibubi.create.content.logistics.packagePort.frogport.FrogportBlockEntity
[10:16:26] [modloading-worker-0/DEBUG] [mixin/]: Mixing compatibility.create.display_link.DisplayLinkBlockMixin from sable-neoforge.mixins.json into com.simibubi.create.content.redstone.displayLink.DisplayLinkBlock
[10:16:26] [modloading-worker-0/DEBUG] [mixin/]: Mixing compatibility.create.display_link.ClickToLinkBlockItemMixin from sable-neoforge.mixins.json into com.simibubi.create.content.redstone.displayLink.ClickToLinkBlockItem
[10:16:26] [modloading-worker-0/DEBUG] [mixin/]: Mixing nav_table_compat.RedstoneLinkBlockMixin from simulated.mixins.json into com.simibubi.create.content.redstone.link.RedstoneLinkBlock
[10:16:26] [modloading-worker-0/DEBUG] [mixin/]: Mixing compatibility.create.vertical_gearbox.VerticalGearboxItemMixin from sable-neoforge.mixins.json into com.simibubi.create.content.kinetics.gearbox.VerticalGearboxItem
[10:16:26] [modloading-worker-0/DEBUG] [mixin/]: Mixing compatibility.create.blueprint.BlueprintEntityMixin from sable-neoforge.mixins.json into com.simibubi.create.content.equipment.blueprint.BlueprintEntity
[10:16:26] [modloading-worker-0/DEBUG] [mixin/]: Mixing linked_controller_binding.LinkedControllerItemMixin from simulated.mixins.json into com.simibubi.create.content.redstone.link.controller.LinkedControllerItem
[10:16:26] [modloading-worker-0/DEBUG] [mixin/]: Mixing potato_cannon_projectiles.PotatoProjectileEntityMixin from aeronautics.mixins.json into com.simibubi.create.content.equipment.potatoCannon.PotatoProjectileEntity
[10:16:26] [modloading-worker-0/DEBUG] [mixin/]: aeronautics.mixins.json:potato_cannon_projectiles.PotatoProjectileEntityMixin from mod aeronautics: Class version 65 required is higher than the class version supported by the current version of Mixin (JAVA_18 supports class version 62)
[10:16:26] [modloading-worker-0/DEBUG] [mixin/]: aeronautics.mixins.json:potato_cannon_projectiles.PotatoProjectileEntityMixin from mod aeronautics->@Inject::onHitEntity(Lnet/minecraft/world/phys/EntityHitResult;Lorg/spongepowered/asm/mixin/injection/callback/CallbackInfo;)V doesn't use it's CallbackInfo
[10:16:26] [modloading-worker-0/DEBUG] [mixin/]: aeronautics.mixins.json:potato_cannon_projectiles.PotatoProjectileEntityMixin from mod aeronautics->@Inject::onHitEntity(Lnet/minecraft/world/phys/EntityHitResult;Lorg/spongepowered/asm/mixin/injection/callback/CallbackInfo;)V has 0 override(s) in child classes
[10:16:26] [modloading-worker-0/DEBUG] [mixin/]: aeronautics.mixins.json:potato_cannon_projectiles.PotatoProjectileEntityMixin from mod aeronautics->@Inject::onHitEntity(Lnet/minecraft/world/phys/EntityHitResult;Lorg/spongepowered/asm/mixin/injection/callback/CallbackInfo;)V won't be passed a CallbackInfo as a result
[10:16:26] [modloading-worker-0/DEBUG] [mixin/]: Mixing extendo_grip.ExtendoGripItemMixin from simulated.mixins.json into com.simibubi.create.content.equipment.extendoGrip.ExtendoGripItem
[10:16:26] [modloading-worker-0/DEBUG] [mixin/]: Mixing compatibility.create.zapper.ZapperItemMixin from sable-neoforge.mixins.json into com.simibubi.create.content.equipment.zapper.ZapperItem
[10:16:26] [modloading-worker-0/DEBUG] [mixin/]: sable-neoforge.mixins.json:compatibility.create.zapper.ZapperItemMixin from mod sable->@Inject::sable$projectTargetPos(Lnet/minecraft/world/level/Level;Lnet/minecraft/world/entity/player/Player;Lnet/minecraft/world/InteractionHand;Lorg/spongepowered/asm/mixin/injection/callback/CallbackInfoReturnable;)V doesn't use it's CallbackInfoReturnable
[10:16:26] [modloading-worker-0/DEBUG] [mixin/]: sable-neoforge.mixins.json:compatibility.create.zapper.ZapperItemMixin from mod sable->@Inject::sable$projectTargetPos(Lnet/minecraft/world/level/Level;Lnet/minecraft/world/entity/player/Player;Lnet/minecraft/world/InteractionHand;Lorg/spongepowered/asm/mixin/injection/callback/CallbackInfoReturnable;)V has 0 override(s) in child classes
[10:16:26] [modloading-worker-0/DEBUG] [mixin/]: sable-neoforge.mixins.json:compatibility.create.zapper.ZapperItemMixin from mod sable->@Inject::sable$projectTargetPos(Lnet/minecraft/world/level/Level;Lnet/minecraft/world/entity/player/Player;Lnet/minecraft/world/InteractionHand;Lorg/spongepowered/asm/mixin/injection/callback/CallbackInfoReturnable;)V won't be passed a CallbackInfoReturnable as a result
[10:16:26] [modloading-worker-0/DEBUG] [mixin/]: sable-neoforge.mixins.json:compatibility.create.zapper.ZapperItemMixin from mod sable->@Inject::sable$projectTargetPos(Lnet/minecraft/world/level/Level;Lnet/minecraft/world/entity/player/Player;Lnet/minecraft/world/InteractionHand;Lorg/spongepowered/asm/mixin/injection/callback/CallbackInfoReturnable;)V doesn't use it's CallbackInfoReturnable
[10:16:26] [modloading-worker-0/DEBUG] [mixin/]: sable-neoforge.mixins.json:compatibility.create.zapper.ZapperItemMixin from mod sable->@Inject::sable$projectTargetPos(Lnet/minecraft/world/level/Level;Lnet/minecraft/world/entity/player/Player;Lnet/minecraft/world/InteractionHand;Lorg/spongepowered/asm/mixin/injection/callback/CallbackInfoReturnable;)V has 0 override(s) in child classes
[10:16:26] [modloading-worker-0/DEBUG] [mixin/]: sable-neoforge.mixins.json:compatibility.create.zapper.ZapperItemMixin from mod sable->@Inject::sable$projectTargetPos(Lnet/minecraft/world/level/Level;Lnet/minecraft/world/entity/player/Player;Lnet/minecraft/world/InteractionHand;Lorg/spongepowered/asm/mixin/injection/callback/CallbackInfoReturnable;)V won't be passed a CallbackInfoReturnable as a result
[10:16:26] [modloading-worker-0/DEBUG] [mixin/]: Mixing compatibility.create.impact.AbstractBellBlockAccessor from sable-neoforge.mixins.json into com.simibubi.create.content.equipment.bell.AbstractBellBlock
[10:16:26] [modloading-worker-0/DEBUG] [mixin/]: Mixing compatibility.create.impact.AbstractBellBlockMixin from sable-neoforge.mixins.json into com.simibubi.create.content.equipment.bell.AbstractBellBlock
[10:16:26] [modloading-worker-0/DEBUG] [mixin/]: Mixing compatibility.create.entity_falls_on_block.SeatBlockMixin from sable-neoforge.mixins.json into com.simibubi.create.content.contraptions.actors.seat.SeatBlock
[10:16:27] [modloading-worker-0/DEBUG] [mixin/]: Mixing propeller_bearing.PropellerBearingContraptionEntityMixin from aeronautics.mixins.json into dev.eriksonn.aeronautics.content.blocks.propeller.bearing.contraption.PropellerBearingContraptionEntity
[10:16:27] [modloading-worker-0/DEBUG] [mixin/]: aeronautics.mixins.json:propeller_bearing.PropellerBearingContraptionEntityMixin from mod aeronautics: Class version 65 required is higher than the class version supported by the current version of Mixin (JAVA_18 supports class version 62)
[10:16:27] [modloading-worker-0/DEBUG] [mixin/]: Mixing compatibility.create.redstone_contacts.AllBlockEntityTypesMixin from sable-neoforge.mixins.json into com.simibubi.create.AllBlockEntityTypes
[10:16:27] [modloading-worker-0/DEBUG] [ne.ne.fm.ModContainer/]: Attempted to register an empty config for type CLIENT on mod aeronautics
[10:16:27] [modloading-worker-0/DEBUG] [ne.ne.fm.co.ConfigTracker/CONFIG]: Config file aeronautics-server.toml for aeronautics tracking
[10:16:27] [modloading-worker-0/DEBUG] [ne.ne.fm.ja.AutomaticEventSubscriber/LOADING]: Attempting to inject @EventBusSubscriber classes into the eventbus for aeronautics
[10:16:27] [modloading-worker-0/DEBUG] [ne.ne.fm.ja.AutomaticEventSubscriber/LOADING]: Scanning class dev.eriksonn.aeronautics.neoforge.events.AeroNeoForgeCommonEvents for @SubscribeEvent-annotated methods
[10:16:27] [modloading-worker-0/DEBUG] [ne.ne.fm.ja.AutomaticEventSubscriber/]: Subscribing @EventBusSubscriber class Ldev/eriksonn/aeronautics/neoforge/events/AeroNeoForgeCommonEvents; to the game event bus
[10:16:27] [modloading-worker-0/DEBUG] [ne.ne.fm.ja.AutomaticEventSubscriber/LOADING]: Scanning class dev.eriksonn.aeronautics.neoforge.events.AeroNeoForgeCommonEvents$ModBusEvents for @SubscribeEvent-annotated methods
[10:16:27] [modloading-worker-0/DEBUG] [ne.ne.fm.ja.AutomaticEventSubscriber/]: Subscribing @EventBusSubscriber class Ldev/eriksonn/aeronautics/neoforge/events/AeroNeoForgeCommonEvents$ModBusEvents; to the mod event bus of mod aeronautics
[10:16:27] [modloading-worker-0/DEBUG] [mixin/]: Mixing compatibility.create.fans_provide_force.EncasedFanBlockEntityMixin from sable-neoforge.mixins.json into com.simibubi.create.content.kinetics.fan.EncasedFanBlockEntity
[10:16:27] [modloading-worker-0/DEBUG] [mixin/]: Mixing compatibility.create.nozzle.NozzleBlockEntityAccessor from sable-neoforge.mixins.json into com.simibubi.create.content.kinetics.fan.NozzleBlockEntity
[10:16:27] [modloading-worker-0/DEBUG] [mixin/]: Mixing compatibility.create.nozzle.block_entity.NozzleBEFixesMixin from sable-neoforge.mixins.json into com.simibubi.create.content.kinetics.fan.NozzleBlockEntity
[10:16:27] [modloading-worker-0/DEBUG] [mixin/]: Mixing compatibility.create.nozzle.block_entity.NozzleHoveringMixin from sable-neoforge.mixins.json into com.simibubi.create.content.kinetics.fan.NozzleBlockEntity
[10:16:27] [modloading-worker-0/DEBUG] [mixin/]: Mixing compatibility.create.nozzle.block_entity.ValidNozzledirectionMixin from sable-neoforge.mixins.json into com.simibubi.create.content.kinetics.fan.NozzleBlockEntity
[10:16:27] [modloading-worker-0/DEBUG] [mixin/]: sable-neoforge.mixins.json:compatibility.create.nozzle.block_entity.NozzleHoveringMixin from mod sable->@Inject::sable$generateRays(Lnet/minecraft/world/level/block/entity/BlockEntityType;Lnet/minecraft/core/BlockPos;Lnet/minecraft/world/level/block/state/BlockState;Lorg/spongepowered/asm/mixin/injection/callback/CallbackInfo;)V doesn't use it's CallbackInfo
[10:16:27] [modloading-worker-0/DEBUG] [mixin/]: sable-neoforge.mixins.json:compatibility.create.nozzle.block_entity.NozzleHoveringMixin from mod sable->@Inject::sable$generateRays(Lnet/minecraft/world/level/block/entity/BlockEntityType;Lnet/minecraft/core/BlockPos;Lnet/minecraft/world/level/block/state/BlockState;Lorg/spongepowered/asm/mixin/injection/callback/CallbackInfo;)V has 0 override(s) in child classes
[10:16:27] [modloading-worker-0/DEBUG] [mixin/]: sable-neoforge.mixins.json:compatibility.create.nozzle.block_entity.NozzleHoveringMixin from mod sable->@Inject::sable$generateRays(Lnet/minecraft/world/level/block/entity/BlockEntityType;Lnet/minecraft/core/BlockPos;Lnet/minecraft/world/level/block/state/BlockState;Lorg/spongepowered/asm/mixin/injection/callback/CallbackInfo;)V won't be passed a CallbackInfo as a result
[10:16:27] [modloading-worker-0/DEBUG] [mixin/]: sable-neoforge.mixins.json:compatibility.create.nozzle.block_entity.NozzleHoveringMixin from mod sable->@Inject::addPhysicsParticles(Lorg/spongepowered/asm/mixin/injection/callback/CallbackInfo;)V doesn't use it's CallbackInfo
[10:16:27] [modloading-worker-0/DEBUG] [mixin/]: sable-neoforge.mixins.json:compatibility.create.nozzle.block_entity.NozzleHoveringMixin from mod sable->@Inject::addPhysicsParticles(Lorg/spongepowered/asm/mixin/injection/callback/CallbackInfo;)V has 0 override(s) in child classes
[10:16:27] [modloading-worker-0/DEBUG] [mixin/]: sable-neoforge.mixins.json:compatibility.create.nozzle.block_entity.NozzleHoveringMixin from mod sable->@Inject::addPhysicsParticles(Lorg/spongepowered/asm/mixin/injection/callback/CallbackInfo;)V won't be passed a CallbackInfo as a result
[10:16:27] [modloading-worker-0/DEBUG] [mixin/]: sable-neoforge.mixins.json:compatibility.create.nozzle.block_entity.ValidNozzledirectionMixin from mod sable->@Inject::sable$updateValidDirections(Lorg/spongepowered/asm/mixin/injection/callback/CallbackInfo;)V doesn't use it's CallbackInfo
[10:16:27] [modloading-worker-0/DEBUG] [mixin/]: sable-neoforge.mixins.json:compatibility.create.nozzle.block_entity.ValidNozzledirectionMixin from mod sable->@Inject::sable$updateValidDirections(Lorg/spongepowered/asm/mixin/injection/callback/CallbackInfo;)V has 0 override(s) in child classes
[10:16:27] [modloading-worker-0/DEBUG] [mixin/]: sable-neoforge.mixins.json:compatibility.create.nozzle.block_entity.ValidNozzledirectionMixin from mod sable->@Inject::sable$updateValidDirections(Lorg/spongepowered/asm/mixin/injection/callback/CallbackInfo;)V won't be passed a CallbackInfo as a result
[10:16:27] [modloading-worker-0/DEBUG] [mixin/]: Mixing compatibility.create.chain_conveyor.ChainConveyorBlockEntityMixin from sable-neoforge.mixins.json into com.simibubi.create.content.kinetics.chainConveyor.ChainConveyorBlockEntity
[10:16:27] [modloading-worker-0/DEBUG] [mixin/]: Mixing compatibility.create.frogports.ChainConveyorBlockEntityMixin from sable-neoforge.mixins.json into com.simibubi.create.content.kinetics.chainConveyor.ChainConveyorBlockEntity
[10:16:27] [modloading-worker-0/DEBUG] [mixin/]: sable-neoforge.mixins.json:compatibility.create.chain_conveyor.ChainConveyorBlockEntityMixin from mod sable->@Inject::dropInvalidPackages(Lorg/spongepowered/asm/mixin/injection/callback/CallbackInfo;)V doesn't use it's CallbackInfo
[10:16:27] [modloading-worker-0/DEBUG] [mixin/]: sable-neoforge.mixins.json:compatibility.create.chain_conveyor.ChainConveyorBlockEntityMixin from mod sable->@Inject::dropInvalidPackages(Lorg/spongepowered/asm/mixin/injection/callback/CallbackInfo;)V has 0 override(s) in child classes
[10:16:27] [modloading-worker-0/DEBUG] [mixin/]: sable-neoforge.mixins.json:compatibility.create.chain_conveyor.ChainConveyorBlockEntityMixin from mod sable->@Inject::dropInvalidPackages(Lorg/spongepowered/asm/mixin/injection/callback/CallbackInfo;)V won't be passed a CallbackInfo as a result
[10:16:27] [modloading-worker-0/DEBUG] [mixin/]: Mixing compatibility.create.hose_pulley.HosePulleyBlockEntityMixin from sable-neoforge.mixins.json into com.simibubi.create.content.fluids.hosePulley.HosePulleyBlockEntity
[10:16:27] [modloading-worker-0/DEBUG] [mixin/]: Renaming synthetic method lambda$sable$getBlockState$0(Lcom/llamalad7/mixinextras/injector/wrapoperation/Operation;Lnet/minecraft/world/level/Level;ZLdev/ryanhcode/sable/sublevel/SubLevel;Lnet/minecraft/core/BlockPos;)Lnet/minecraft/world/level/block/state/BlockState; to mdded47a$sable$lambda$sable$getBlockState$0$0 in sable-neoforge.mixins.json:compatibility.create.hose_pulley.HosePulleyBlockEntityMixin from mod sable
[10:16:27] [modloading-worker-0/DEBUG] [mixin/]: Mixing compatibility.create.inventory_manipulation.ChuteBlockEntityMixin from sable-neoforge.mixins.json into com.simibubi.create.content.logistics.chute.ChuteBlockEntity
[10:16:27] [modloading-worker-0/DEBUG] [mixin/]: Renaming synthetic method lambda$sable$grabCap$0(Lorg/joml/Vector3d;Lorg/joml/Vector3d;Lnet/minecraft/world/level/Level;Ldev/ryanhcode/sable/sublevel/SubLevel;Lnet/minecraft/core/BlockPos;)Lnet/neoforged/neoforge/items/IItemHandler; to mdded47a$sable$lambda$sable$grabCap$0$0 in sable-neoforge.mixins.json:compatibility.create.inventory_manipulation.ChuteBlockEntityMixin from mod sable
[10:16:27] [modloading-worker-0/DEBUG] [mixin/]: Mixing compatibility.create.mechnical_arm.MechanicalArmBlockEntity from sable-neoforge.mixins.json into com.simibubi.create.content.kinetics.mechanicalArm.ArmBlockEntity
[10:16:27] [modloading-worker-0/DEBUG] [mixin/]: sable-neoforge.mixins.json:compatibility.create.mechnical_arm.MechanicalArmBlockEntity from mod sable->@Inject::sable$forceMechArmsLoad(Lnet/minecraft/core/BlockPos;ILorg/spongepowered/asm/mixin/injection/callback/CallbackInfoReturnable;)V does use it's CallbackInfoReturnable
[10:16:27] [modloading-worker-0/DEBUG] [mixin/]: Mixing accessor.ItemStackHandlerAccessor from create.mixins.json into net.neoforged.neoforge.items.ItemStackHandler
[10:16:27] [modloading-worker-0/DEBUG] [mixin/]: Mixing create_assembly.LinearActuatorBlockEntityMixin from simulated.mixins.json into com.simibubi.create.content.contraptions.piston.LinearActuatorBlockEntity
[10:16:27] [modloading-worker-0/DEBUG] [mixin/]: Mixing create_assembly.ClockworkBearingBlockEntityMixin from simulated.mixins.json into com.simibubi.create.content.contraptions.bearing.ClockworkBearingBlockEntity
[10:16:27] [modloading-worker-0/DEBUG] [mixin/]: Mixing create_assembly.ElevatorPulleyBlockEntityMixin from simulated.mixins.json into com.simibubi.create.content.contraptions.elevator.ElevatorPulleyBlockEntity
[10:16:27] [modloading-worker-0/DEBUG] [mixin/]: Mixing compatibility.create.sticker.StickerBlockEntityMixin from sable-neoforge.mixins.json into com.simibubi.create.content.contraptions.chassis.StickerBlockEntity
[10:16:27] [modloading-worker-0/DEBUG] [mixin/]: Renaming synthetic method lambda$tick$3()Ljava/lang/Runnable; to mdded47a$sable$lambda$tick$3$0 in sable-neoforge.mixins.json:compatibility.create.sticker.StickerBlockEntityMixin from mod sable
[10:16:27] [modloading-worker-0/DEBUG] [mixin/]: Renaming synthetic method lambda$tick$2()V to mdded47a$sable$lambda$tick$2$1 in sable-neoforge.mixins.json:compatibility.create.sticker.StickerBlockEntityMixin from mod sable
[10:16:27] [modloading-worker-0/DEBUG] [mixin/]: Renaming synthetic method lambda$tick$1()Ljava/lang/Runnable; to mdded47a$sable$lambda$tick$1$2 in sable-neoforge.mixins.json:compatibility.create.sticker.StickerBlockEntityMixin from mod sable
[10:16:27] [modloading-worker-0/DEBUG] [mixin/]: Renaming synthetic method lambda$tick$0()V to mdded47a$sable$lambda$tick$0$3 in sable-neoforge.mixins.json:compatibility.create.sticker.StickerBlockEntityMixin from mod sable
[10:16:27] [modloading-worker-0/DEBUG] [mixin/]: sable-neoforge.mixins.json:compatibility.create.sticker.StickerBlockEntityMixin from mod sable->@Inject::tick(Lorg/spongepowered/asm/mixin/injection/callback/CallbackInfo;)V doesn't use it's CallbackInfo
[10:16:27] [modloading-worker-0/DEBUG] [mixin/]: sable-neoforge.mixins.json:compatibility.create.sticker.StickerBlockEntityMixin from mod sable->@Inject::tick(Lorg/spongepowered/asm/mixin/injection/callback/CallbackInfo;)V has 0 override(s) in child classes
[10:16:27] [modloading-worker-0/DEBUG] [mixin/]: sable-neoforge.mixins.json:compatibility.create.sticker.StickerBlockEntityMixin from mod sable->@Inject::tick(Lorg/spongepowered/asm/mixin/injection/callback/CallbackInfo;)V won't be passed a CallbackInfo as a result
[10:16:27] [modloading-worker-0/DEBUG] [mixin/]: sable-neoforge.mixins.json:compatibility.create.sticker.StickerBlockEntityMixin from mod sable->@Inject::write(Lnet/minecraft/nbt/CompoundTag;Lnet/minecraft/core/HolderLookup$Provider;ZLorg/spongepowered/asm/mixin/injection/callback/CallbackInfo;)V doesn't use it's CallbackInfo
[10:16:27] [modloading-worker-0/DEBUG] [mixin/]: sable-neoforge.mixins.json:compatibility.create.sticker.StickerBlockEntityMixin from mod sable->@Inject::write(Lnet/minecraft/nbt/CompoundTag;Lnet/minecraft/core/HolderLookup$Provider;ZLorg/spongepowered/asm/mixin/injection/callback/CallbackInfo;)V has 0 override(s) in child classes
[10:16:27] [modloading-worker-0/DEBUG] [mixin/]: sable-neoforge.mixins.json:compatibility.create.sticker.StickerBlockEntityMixin from mod sable->@Inject::write(Lnet/minecraft/nbt/CompoundTag;Lnet/minecraft/core/HolderLookup$Provider;ZLorg/spongepowered/asm/mixin/injection/callback/CallbackInfo;)V won't be passed a CallbackInfo as a result
[10:16:27] [modloading-worker-0/DEBUG] [mixin/]: sable-neoforge.mixins.json:compatibility.create.sticker.StickerBlockEntityMixin from mod sable->@Inject::read(Lnet/minecraft/nbt/CompoundTag;Lnet/minecraft/core/HolderLookup$Provider;ZLorg/spongepowered/asm/mixin/injection/callback/CallbackInfo;)V doesn't use it's CallbackInfo
[10:16:27] [modloading-worker-0/DEBUG] [mixin/]: sable-neoforge.mixins.json:compatibility.create.sticker.StickerBlockEntityMixin from mod sable->@Inject::read(Lnet/minecraft/nbt/CompoundTag;Lnet/minecraft/core/HolderLookup$Provider;ZLorg/spongepowered/asm/mixin/injection/callback/CallbackInfo;)V has 0 override(s) in child classes
[10:16:27] [modloading-worker-0/DEBUG] [mixin/]: sable-neoforge.mixins.json:compatibility.create.sticker.StickerBlockEntityMixin from mod sable->@Inject::read(Lnet/minecraft/nbt/CompoundTag;Lnet/minecraft/core/HolderLookup$Provider;ZLorg/spongepowered/asm/mixin/injection/callback/CallbackInfo;)V won't be passed a CallbackInfo as a result
[10:16:27] [modloading-worker-0/DEBUG] [mixin/]: Mixing harvesters.BlockBreakingTileEntityMixin from simulated-neoforge.mixins.json into com.simibubi.create.content.kinetics.base.BlockBreakingKineticBlockEntity
[10:16:27] [modloading-worker-0/DEBUG] [mixin/]: Mixing compatibility.create.block_breakers.BlockBreakingKineticBlockEntityMixin from sable-neoforge.mixins.json into com.simibubi.create.content.kinetics.base.BlockBreakingKineticBlockEntity
[10:16:27] [modloading-worker-0/DEBUG] [mixin/]: Renaming synthetic method lambda$sable$preGetBlockToBreak$0(Lnet/minecraft/core/BlockPos;Lnet/minecraft/world/level/block/state/BlockState;)Z to mdded47a$sable$lambda$sable$preGetBlockToBreak$0$0 in sable-neoforge.mixins.json:compatibility.create.block_breakers.BlockBreakingKineticBlockEntityMixin from mod sable
[10:16:27] [modloading-worker-0/DEBUG] [mixin/]: simulated-neoforge.mixins.json:harvesters.BlockBreakingTileEntityMixin from mod simulated->@Inject::checkIfDepositable(Lnet/minecraft/world/phys/Vec3;Lnet/minecraft/world/item/ItemStack;Lorg/spongepowered/asm/mixin/injection/callback/CallbackInfo;)V does use it's CallbackInfo
[10:16:27] [modloading-worker-0/DEBUG] [mixin/]: Mixing harvesters.SawTileEntityMixin from simulated-neoforge.mixins.json into com.simibubi.create.content.kinetics.saw.SawBlockEntity
[10:16:27] [modloading-worker-0/DEBUG] [mixin/]: Mixing compatibility.create.saw.SawBlockEntityMixin from sable-neoforge.mixins.json into com.simibubi.create.content.kinetics.saw.SawBlockEntity
[10:16:27] [modloading-worker-0/DEBUG] [mixin/]: simulated-neoforge.mixins.json:harvesters.SawTileEntityMixin from mod simulated->@Inject::checkDeposit(Lnet/minecraft/core/BlockPos;Lnet/minecraft/world/item/ItemStack;Lorg/spongepowered/asm/mixin/injection/callback/CallbackInfo;)V does use it's CallbackInfo
[10:16:27] [modloading-worker-0/DEBUG] [mixin/]: Mixing harvesters.SableHarvesterMixin from simulated-neoforge.mixins.json into com.simibubi.create.content.contraptions.actors.harvester.HarvesterBlockEntity
[10:16:27] [modloading-worker-0/DEBUG] [mixin/]: Mixing compatibility.create.behaviour_compatibility.harvester_block_entity.HarvesterBlockEntityMixin from sable-neoforge.mixins.json into com.simibubi.create.content.contraptions.actors.harvester.HarvesterBlockEntity
[10:16:27] [modloading-worker-0/DEBUG] [mixin/]: Renaming synthetic method lambda$sable$tick$0(Ldev/ryanhcode/sable/sublevel/SubLevel;Lnet/minecraft/core/BlockPos;)Lnet/minecraft/core/BlockPos; to mdded47a$sable$lambda$sable$tick$0$0 in sable-neoforge.mixins.json:compatibility.create.behaviour_compatibility.harvester_block_entity.HarvesterBlockEntityMixin from mod sable
[10:16:27] [modloading-worker-0/DEBUG] [mixin/]: Mixing flywheel_block_entity.FlywheelBlockEntityMixin from aeronautics.mixins.json into com.simibubi.create.content.kinetics.flywheel.FlywheelBlockEntity
[10:16:27] [modloading-worker-0/DEBUG] [mixin/]: aeronautics.mixins.json:flywheel_block_entity.FlywheelBlockEntityMixin from mod aeronautics: Class version 65 required is higher than the class version supported by the current version of Mixin (JAVA_18 supports class version 62)
[10:16:27] [modloading-worker-0/DEBUG] [mixin/]: Mixing compatibility.create.flywheel.FlywheelBlockEntityMixin from sable-neoforge.mixins.json into com.simibubi.create.content.kinetics.flywheel.FlywheelBlockEntity
[10:16:27] [modloading-worker-0/DEBUG] [mixin/]: aeronautics.mixins.json:flywheel_block_entity.FlywheelBlockEntityMixin from mod aeronautics->@Inject::read(Lnet/minecraft/nbt/CompoundTag;Lnet/minecraft/core/HolderLookup$Provider;ZLorg/spongepowered/asm/mixin/injection/callback/CallbackInfo;)V doesn't use it's CallbackInfo
[10:16:27] [modloading-worker-0/DEBUG] [mixin/]: aeronautics.mixins.json:flywheel_block_entity.FlywheelBlockEntityMixin from mod aeronautics->@Inject::read(Lnet/minecraft/nbt/CompoundTag;Lnet/minecraft/core/HolderLookup$Provider;ZLorg/spongepowered/asm/mixin/injection/callback/CallbackInfo;)V has 0 override(s) in child classes
[10:16:27] [modloading-worker-0/DEBUG] [mixin/]: aeronautics.mixins.json:flywheel_block_entity.FlywheelBlockEntityMixin from mod aeronautics->@Inject::read(Lnet/minecraft/nbt/CompoundTag;Lnet/minecraft/core/HolderLookup$Provider;ZLorg/spongepowered/asm/mixin/injection/callback/CallbackInfo;)V won't be passed a CallbackInfo as a result
[10:16:27] [modloading-worker-0/DEBUG] [mixin/]: sable-neoforge.mixins.json:compatibility.create.flywheel.FlywheelBlockEntityMixin from mod sable->@Inject::sable$tick(Lorg/spongepowered/asm/mixin/injection/callback/CallbackInfo;)V doesn't use it's CallbackInfo
[10:16:27] [modloading-worker-0/DEBUG] [mixin/]: sable-neoforge.mixins.json:compatibility.create.flywheel.FlywheelBlockEntityMixin from mod sable->@Inject::sable$tick(Lorg/spongepowered/asm/mixin/injection/callback/CallbackInfo;)V has 0 override(s) in child classes
[10:16:27] [modloading-worker-0/DEBUG] [mixin/]: sable-neoforge.mixins.json:compatibility.create.flywheel.FlywheelBlockEntityMixin from mod sable->@Inject::sable$tick(Lorg/spongepowered/asm/mixin/injection/callback/CallbackInfo;)V won't be passed a CallbackInfo as a result
[10:16:27] [modloading-worker-0/DEBUG] [mixin/]: sable-neoforge.mixins.json:compatibility.create.flywheel.FlywheelBlockEntityMixin from mod sable->@Inject::sable$write(Lnet/minecraft/nbt/CompoundTag;Lnet/minecraft/core/HolderLookup$Provider;ZLorg/spongepowered/asm/mixin/injection/callback/CallbackInfo;)V doesn't use it's CallbackInfo
[10:16:27] [modloading-worker-0/DEBUG] [mixin/]: sable-neoforge.mixins.json:compatibility.create.flywheel.FlywheelBlockEntityMixin from mod sable->@Inject::sable$write(Lnet/minecraft/nbt/CompoundTag;Lnet/minecraft/core/HolderLookup$Provider;ZLorg/spongepowered/asm/mixin/injection/callback/CallbackInfo;)V has 0 override(s) in child classes
[10:16:27] [modloading-worker-0/DEBUG] [mixin/]: sable-neoforge.mixins.json:compatibility.create.flywheel.FlywheelBlockEntityMixin from mod sable->@Inject::sable$write(Lnet/minecraft/nbt/CompoundTag;Lnet/minecraft/core/HolderLookup$Provider;ZLorg/spongepowered/asm/mixin/injection/callback/CallbackInfo;)V won't be passed a CallbackInfo as a result
[10:16:27] [modloading-worker-0/DEBUG] [mixin/]: sable-neoforge.mixins.json:compatibility.create.flywheel.FlywheelBlockEntityMixin from mod sable->@Inject::sable$read(Lnet/minecraft/nbt/CompoundTag;Lnet/minecraft/core/HolderLookup$Provider;ZLorg/spongepowered/asm/mixin/injection/callback/CallbackInfo;)V doesn't use it's CallbackInfo
[10:16:27] [modloading-worker-0/DEBUG] [mixin/]: sable-neoforge.mixins.json:compatibility.create.flywheel.FlywheelBlockEntityMixin from mod sable->@Inject::sable$read(Lnet/minecraft/nbt/CompoundTag;Lnet/minecraft/core/HolderLookup$Provider;ZLorg/spongepowered/asm/mixin/injection/callback/CallbackInfo;)V has 0 override(s) in child classes
[10:16:27] [modloading-worker-0/DEBUG] [mixin/]: sable-neoforge.mixins.json:compatibility.create.flywheel.FlywheelBlockEntityMixin from mod sable->@Inject::sable$read(Lnet/minecraft/nbt/CompoundTag;Lnet/minecraft/core/HolderLookup$Provider;ZLorg/spongepowered/asm/mixin/injection/callback/CallbackInfo;)V won't be passed a CallbackInfo as a result
[10:16:27] [modloading-worker-0/DEBUG] [mixin/]: Mixing compatibility.create.crushing_wheel_entity_processing.CrushingWheelControllerBlockEntityMixin from sable-neoforge.mixins.json into com.simibubi.create.content.kinetics.crusher.CrushingWheelControllerBlockEntity
[10:16:27] [modloading-worker-0/DEBUG] [mixin/]: sable-neoforge.mixins.json:compatibility.create.crushing_wheel_entity_processing.CrushingWheelControllerBlockEntityMixin from mod sable->@Inject::sable$initSublevel(Lorg/spongepowered/asm/mixin/injection/callback/CallbackInfo;)V doesn't use it's CallbackInfo
[10:16:27] [modloading-worker-0/DEBUG] [mixin/]: sable-neoforge.mixins.json:compatibility.create.crushing_wheel_entity_processing.CrushingWheelControllerBlockEntityMixin from mod sable->@Inject::sable$initSublevel(Lorg/spongepowered/asm/mixin/injection/callback/CallbackInfo;)V has 0 override(s) in child classes
[10:16:27] [modloading-worker-0/DEBUG] [mixin/]: sable-neoforge.mixins.json:compatibility.create.crushing_wheel_entity_processing.CrushingWheelControllerBlockEntityMixin from mod sable->@Inject::sable$initSublevel(Lorg/spongepowered/asm/mixin/injection/callback/CallbackInfo;)V won't be passed a CallbackInfo as a result
[10:16:27] [modloading-worker-0/DEBUG] [mixin/]: Mixing levitite.WaterWheelBlockEntityMixin from aeronautics.mixins.json into com.simibubi.create.content.kinetics.waterwheel.WaterWheelBlockEntity
[10:16:27] [modloading-worker-0/DEBUG] [mixin/]: aeronautics.mixins.json:levitite.WaterWheelBlockEntityMixin from mod aeronautics: Class version 65 required is higher than the class version supported by the current version of Mixin (JAVA_18 supports class version 62)
[10:16:27] [modloading-worker-0/DEBUG] [mixin/]: Mixing compatibility.create.basin_interactions.BasinOperatingBlockEntityMixin from sable-neoforge.mixins.json into com.simibubi.create.content.processing.basin.BasinOperatingBlockEntity
[10:16:27] [modloading-worker-0/DEBUG] [mixin/]: Renaming synthetic method lambda$sable$accountForSubLevels$0(Lnet/minecraft/world/level/Level;Ldev/ryanhcode/sable/sublevel/SubLevel;Lnet/minecraft/core/BlockPos;)Lnet/minecraft/world/level/block/entity/BlockEntity; to mdded47a$sable$lambda$sable$accountForSubLevels$0$0 in sable-neoforge.mixins.json:compatibility.create.basin_interactions.BasinOperatingBlockEntityMixin from mod sable
[10:16:27] [modloading-worker-0/DEBUG] [mixin/]: sable-neoforge.mixins.json:compatibility.create.basin_interactions.BasinOperatingBlockEntityMixin from mod sable->@Inject::sable$forceUpdate(Lorg/spongepowered/asm/mixin/injection/callback/CallbackInfo;)V doesn't use it's CallbackInfo
[10:16:27] [modloading-worker-0/DEBUG] [mixin/]: sable-neoforge.mixins.json:compatibility.create.basin_interactions.BasinOperatingBlockEntityMixin from mod sable->@Inject::sable$forceUpdate(Lorg/spongepowered/asm/mixin/injection/callback/CallbackInfo;)V has 0 override(s) in child classes
[10:16:27] [modloading-worker-0/DEBUG] [mixin/]: sable-neoforge.mixins.json:compatibility.create.basin_interactions.BasinOperatingBlockEntityMixin from mod sable->@Inject::sable$forceUpdate(Lorg/spongepowered/asm/mixin/injection/callback/CallbackInfo;)V won't be passed a CallbackInfo as a result
[10:16:27] [modloading-worker-0/DEBUG] [mixin/]: Mixing compatibility.create.deployer.DeployerBlockEntityMixin from sable-neoforge.mixins.json into com.simibubi.create.content.kinetics.deployer.DeployerBlockEntity
[10:16:27] [modloading-worker-0/DEBUG] [mixin/]: Mixing compatibility.create.inventory_manipulation.CapManipulationBehaviourBaseMixin from sable-neoforge.mixins.json into com.simibubi.create.foundation.blockEntity.behaviour.inventory.CapManipulationBehaviourBase
[10:16:27] [modloading-worker-0/DEBUG] [mixin/]: Renaming synthetic method lambda$sable$findNewCapOnSubLevel$0(Lnet/minecraft/world/level/Level;Ldev/ryanhcode/sable/sublevel/SubLevel;Lnet/minecraft/core/BlockPos;)Lnet/minecraft/world/level/block/entity/BlockEntity; to mdded47a$sable$lambda$sable$findNewCapOnSubLevel$0$0 in sable-neoforge.mixins.json:compatibility.create.inventory_manipulation.CapManipulationBehaviourBaseMixin from mod sable
[10:16:27] [modloading-worker-0/DEBUG] [mixin/]: Mixing accessor.RedstoneLinkBlockEntityAccessor from simulated.mixins.json into com.simibubi.create.content.redstone.link.RedstoneLinkBlockEntity
[10:16:27] [modloading-worker-0/DEBUG] [mixin/]: Mixing conditional_display_target.DisplayLinkBlockEntityMixin from simulated.mixins.json into com.simibubi.create.content.redstone.displayLink.DisplayLinkBlockEntity
[10:16:27] [modloading-worker-0/DEBUG] [mixin/]: Mixing compatibility.create.display_link.DisplayLinkBlockEntityMixin from sable-neoforge.mixins.json into com.simibubi.create.content.redstone.displayLink.DisplayLinkBlockEntity
[10:16:27] [modloading-worker-0/DEBUG] [mixin/]: simulated.mixins.json:conditional_display_target.DisplayLinkBlockEntityMixin from mod simulated->@Inject::simulated$stopConditionalTransfer(Lorg/spongepowered/asm/mixin/injection/callback/CallbackInfo;)V does use it's CallbackInfo
[10:16:27] [modloading-worker-0/DEBUG] [mixin/]: sable-neoforge.mixins.json:compatibility.create.display_link.DisplayLinkBlockEntityMixin from mod sable->@Inject::sable$accountForSubLevels(Lorg/spongepowered/asm/mixin/injection/callback/CallbackInfoReturnable;)V does use it's CallbackInfoReturnable
[10:16:27] [modloading-worker-0/DEBUG] [mixin/]: Mixing compatibility.create.ejector.EjectorBlockEntityMixin from sable-neoforge.mixins.json into com.simibubi.create.content.logistics.depot.EjectorBlockEntity
[10:16:27] [modloading-worker-0/DEBUG] [mixin/]: sable-neoforge.mixins.json:compatibility.create.ejector.EjectorBlockEntityMixin from mod sable->@Inject::sable$launchSubLevels(Lorg/spongepowered/asm/mixin/injection/callback/CallbackInfo;)V doesn't use it's CallbackInfo
[10:16:27] [modloading-worker-0/DEBUG] [mixin/]: sable-neoforge.mixins.json:compatibility.create.ejector.EjectorBlockEntityMixin from mod sable->@Inject::sable$launchSubLevels(Lorg/spongepowered/asm/mixin/injection/callback/CallbackInfo;)V has 0 override(s) in child classes
[10:16:27] [modloading-worker-0/DEBUG] [mixin/]: sable-neoforge.mixins.json:compatibility.create.ejector.EjectorBlockEntityMixin from mod sable->@Inject::sable$launchSubLevels(Lorg/spongepowered/asm/mixin/injection/callback/CallbackInfo;)V won't be passed a CallbackInfo as a result
[10:16:27] [modloading-worker-0/DEBUG] [mixin/]: sable-neoforge.mixins.json:compatibility.create.ejector.EjectorBlockEntityMixin from mod sable->@Inject::sable$tick(Lorg/spongepowered/asm/mixin/injection/callback/CallbackInfo;)V doesn't use it's CallbackInfo
[10:16:27] [modloading-worker-0/DEBUG] [mixin/]: sable-neoforge.mixins.json:compatibility.create.ejector.EjectorBlockEntityMixin from mod sable->@Inject::sable$tick(Lorg/spongepowered/asm/mixin/injection/callback/CallbackInfo;)V has 0 override(s) in child classes
[10:16:27] [modloading-worker-0/DEBUG] [mixin/]: sable-neoforge.mixins.json:compatibility.create.ejector.EjectorBlockEntityMixin from mod sable->@Inject::sable$tick(Lorg/spongepowered/asm/mixin/injection/callback/CallbackInfo;)V won't be passed a CallbackInfo as a result
[10:16:27] [modloading-worker-0/DEBUG] [mixin/]: Mixing compatibility.create.lectern_controller.LecternControllerBlockEntityMixin from sable-neoforge.mixins.json into com.simibubi.create.content.redstone.link.controller.LecternControllerBlockEntity
[10:16:27] [modloading-worker-0/DEBUG] [mixin/]: sable-neoforge.mixins.json:compatibility.create.lectern_controller.LecternControllerBlockEntityMixin from mod sable->@Inject::sable$dropController(Lnet/minecraft/world/level/block/state/BlockState;Lorg/spongepowered/asm/mixin/injection/callback/CallbackInfo;)V does use it's CallbackInfo
[10:16:27] [modloading-worker-0/DEBUG] [mixin/]: Mixing compatibility.create.schematics.SchematicPlacePacketMixin from sable-neoforge.mixins.json into com.simibubi.create.content.schematics.packet.SchematicPlacePacket
[10:16:27] [modloading-worker-0/DEBUG] [mixin/]: Renaming synthetic method lambda$sable$handle$3(Lnet/createmod/catnip/levelWrappers/SchematicLevel;Lnet/minecraft/world/level/Level;Lnet/minecraft/core/BlockPos;Lnet/minecraft/core/BlockPos;)V to mdded47a$sable$lambda$sable$handle$3$0 in sable-neoforge.mixins.json:compatibility.create.schematics.SchematicPlacePacketMixin from mod sable
[10:16:27] [modloading-worker-0/DEBUG] [mixin/]: Renaming synthetic method lambda$sable$handle$2(Ldev/ryanhcode/sable/sublevel/SubLevel;Ljava/lang/Object;)Lnet/minecraft/core/BlockPos; to mdded47a$sable$lambda$sable$handle$2$1 in sable-neoforge.mixins.json:compatibility.create.schematics.SchematicPlacePacketMixin from mod sable
[10:16:27] [modloading-worker-0/DEBUG] [mixin/]: Renaming synthetic method lambda$sable$handle$1(Lnet/minecraft/core/BlockPos;Ljava/lang/Object;)Lnet/minecraft/core/BlockPos; to mdded47a$sable$lambda$sable$handle$1$2 in sable-neoforge.mixins.json:compatibility.create.schematics.SchematicPlacePacketMixin from mod sable
[10:16:27] [modloading-worker-0/DEBUG] [mixin/]: Renaming synthetic method lambda$sable$handle$0(Lcom/simibubi/create/content/contraptions/StructureTransform;Ljava/lang/Object;)Lnet/minecraft/core/BlockPos; to mdded47a$sable$lambda$sable$handle$0$3 in sable-neoforge.mixins.json:compatibility.create.schematics.SchematicPlacePacketMixin from mod sable
[10:16:27] [modloading-worker-0/DEBUG] [mixin/]: sable-neoforge.mixins.json:compatibility.create.schematics.SchematicPlacePacketMixin from mod sable->@Inject::sable$preHandle(Lnet/minecraft/server/level/ServerPlayer;Lorg/spongepowered/asm/mixin/injection/callback/CallbackInfo;)V does use it's CallbackInfo
[10:16:27] [modloading-worker-0/DEBUG] [mixin/]: sable-neoforge.mixins.json:compatibility.create.schematics.SchematicPlacePacketMixin from mod sable->@Inject::sable$handle(Lnet/minecraft/server/level/ServerPlayer;Lorg/spongepowered/asm/mixin/injection/callback/CallbackInfo;)V doesn't use it's CallbackInfo
[10:16:27] [modloading-worker-0/DEBUG] [mixin/]: sable-neoforge.mixins.json:compatibility.create.schematics.SchematicPlacePacketMixin from mod sable->@Inject::sable$postHandle(Lnet/minecraft/server/level/ServerPlayer;Lorg/spongepowered/asm/mixin/injection/callback/CallbackInfo;)V doesn't use it's CallbackInfo
[10:16:27] [modloading-worker-0/DEBUG] [mixin/]: Mixing compatibility.create.frogports.PackagePortPlacementPacketMixin from sable-neoforge.mixins.json into com.simibubi.create.content.logistics.packagePort.PackagePortPlacementPacket
[10:16:27] [modloading-worker-0/DEBUG] [mixin/]: Mixing compatibility.create.tracks.CurvedTrackDestroyPacketMixin from sable-neoforge.mixins.json into com.simibubi.create.content.trains.track.CurvedTrackDestroyPacket
[10:16:27] [modloading-worker-0/DEBUG] [mixin/]: Mixing compatibility.create.super_glue.SuperGlueRemovalPacketMixin from sable-neoforge.mixins.json into com.simibubi.create.content.contraptions.glue.SuperGlueRemovalPacket
[10:16:27] [modloading-worker-0/DEBUG] [mixin/]: Mixing compatibility.create.frogports.ChainPackageInteractionPacketMixin from sable-neoforge.mixins.json into com.simibubi.create.content.kinetics.chainConveyor.ChainPackageInteractionPacket
[10:16:27] [modloading-worker-0/DEBUG] [mixin/]: sable-neoforge.mixins.json:compatibility.create.frogports.ChainPackageInteractionPacketMixin from mod sable->@Inject::sable$initialiseLoopingWorldPosition(Lnet/minecraft/server/level/ServerPlayer;Lcom/simibubi/create/content/kinetics/chainConveyor/ChainConveyorBlockEntity;Lorg/spongepowered/asm/mixin/injection/callback/CallbackInfo;)V doesn't use it's CallbackInfo
[10:16:27] [modloading-worker-0/DEBUG] [mixin/]: sable-neoforge.mixins.json:compatibility.create.frogports.ChainPackageInteractionPacketMixin from mod sable->@Inject::sable$initialiseLoopingWorldPosition(Lnet/minecraft/server/level/ServerPlayer;Lcom/simibubi/create/content/kinetics/chainConveyor/ChainConveyorBlockEntity;Lorg/spongepowered/asm/mixin/injection/callback/CallbackInfo;)V has 0 override(s) in child classes
[10:16:27] [modloading-worker-0/DEBUG] [mixin/]: sable-neoforge.mixins.json:compatibility.create.frogports.ChainPackageInteractionPacketMixin from mod sable->@Inject::sable$initialiseLoopingWorldPosition(Lnet/minecraft/server/level/ServerPlayer;Lcom/simibubi/create/content/kinetics/chainConveyor/ChainConveyorBlockEntity;Lorg/spongepowered/asm/mixin/injection/callback/CallbackInfo;)V won't be passed a CallbackInfo as a result
[10:16:27] [modloading-worker-0/DEBUG] [mixin/]: sable-neoforge.mixins.json:compatibility.create.frogports.ChainPackageInteractionPacketMixin from mod sable->@Inject::sable$initialiseTravellingWorldPosition(Lnet/minecraft/server/level/ServerPlayer;Lcom/simibubi/create/content/kinetics/chainConveyor/ChainConveyorBlockEntity;Lorg/spongepowered/asm/mixin/injection/callback/CallbackInfo;)V doesn't use it's CallbackInfo
[10:16:27] [modloading-worker-0/DEBUG] [mixin/]: sable-neoforge.mixins.json:compatibility.create.frogports.ChainPackageInteractionPacketMixin from mod sable->@Inject::sable$initialiseTravellingWorldPosition(Lnet/minecraft/server/level/ServerPlayer;Lcom/simibubi/create/content/kinetics/chainConveyor/ChainConveyorBlockEntity;Lorg/spongepowered/asm/mixin/injection/callback/CallbackInfo;)V has 0 override(s) in child classes
[10:16:27] [modloading-worker-0/DEBUG] [mixin/]: sable-neoforge.mixins.json:compatibility.create.frogports.ChainPackageInteractionPacketMixin from mod sable->@Inject::sable$initialiseTravellingWorldPosition(Lnet/minecraft/server/level/ServerPlayer;Lcom/simibubi/create/content/kinetics/chainConveyor/ChainConveyorBlockEntity;Lorg/spongepowered/asm/mixin/injection/callback/CallbackInfo;)V won't be passed a CallbackInfo as a result
[10:16:27] [modloading-worker-0/DEBUG] [mixin/]: Mixing MountedStorageAccessor from offroad.mixins.json into com.simibubi.create.content.contraptions.MountedStorageManager
[10:16:27] [modloading-worker-0/DEBUG] [mixin/]: offroad.mixins.json:MountedStorageAccessor from mod offroad: Class version 65 required is higher than the class version supported by the current version of Mixin (JAVA_18 supports class version 62)
[10:16:27] [modloading-worker-0/DEBUG] [mixin/]: Mixing compatibility.create.tracks.TrackPlacementMixin from sable-neoforge.mixins.json into com.simibubi.create.content.trains.track.TrackPlacement
[10:16:27] [modloading-worker-0/DEBUG] [ne.ne.fm.co.ConfigTracker/CONFIG]: Config file create-common.toml for create tracking
[10:16:27] [modloading-worker-0/DEBUG] [ne.ne.fm.co.ConfigTracker/CONFIG]: Config file create-client.toml for create tracking
[10:16:27] [modloading-worker-0/DEBUG] [ne.ne.fm.co.ConfigTracker/CONFIG]: Config file create-server.toml for create tracking
[10:16:27] [modloading-worker-0/DEBUG] [ne.ne.fm.ja.AutomaticEventSubscriber/LOADING]: Attempting to inject @EventBusSubscriber classes into the eventbus for create
[10:16:27] [modloading-worker-0/DEBUG] [ne.ne.fm.ja.AutomaticEventSubscriber/LOADING]: Scanning class com.simibubi.create.foundation.blockEntity.behaviour.ValueSettingsInputHandler for @SubscribeEvent-annotated methods
[10:16:27] [modloading-worker-0/DEBUG] [ne.ne.fm.ja.AutomaticEventSubscriber/]: Subscribing @EventBusSubscriber class Lcom/simibubi/create/foundation/blockEntity/behaviour/ValueSettingsInputHandler; to the game event bus
[10:16:27] [modloading-worker-0/DEBUG] [ne.ne.fm.ja.AutomaticEventSubscriber/LOADING]: Scanning class com.simibubi.create.foundation.blockEntity.behaviour.edgeInteraction.EdgeInteractionHandler for @SubscribeEvent-annotated methods
[10:16:27] [modloading-worker-0/DEBUG] [ne.ne.fm.ja.AutomaticEventSubscriber/]: Subscribing @EventBusSubscriber class Lcom/simibubi/create/foundation/blockEntity/behaviour/edgeInteraction/EdgeInteractionHandler; to the game event bus
[10:16:27] [modloading-worker-0/DEBUG] [ne.ne.fm.ja.AutomaticEventSubscriber/LOADING]: Scanning class com.simibubi.create.foundation.block.ItemUseOverrides for @SubscribeEvent-annotated methods
[10:16:27] [modloading-worker-0/DEBUG] [ne.ne.fm.ja.AutomaticEventSubscriber/]: Subscribing @EventBusSubscriber class Lcom/simibubi/create/foundation/block/ItemUseOverrides; to the game event bus
[10:16:27] [modloading-worker-0/DEBUG] [ne.ne.fm.ja.AutomaticEventSubscriber/LOADING]: Scanning class com.simibubi.create.foundation.events.CommonEvents for @SubscribeEvent-annotated methods
[10:16:27] [modloading-worker-0/DEBUG] [ne.ne.fm.ja.AutomaticEventSubscriber/]: Subscribing @EventBusSubscriber class Lcom/simibubi/create/foundation/events/CommonEvents; to the game event bus
[10:16:27] [modloading-worker-0/DEBUG] [ne.ne.fm.ja.AutomaticEventSubscriber/LOADING]: Scanning class com.simibubi.create.foundation.events.CommonEvents$ModBusEvents for @SubscribeEvent-annotated methods
[10:16:27] [modloading-worker-0/DEBUG] [ne.ne.fm.ja.AutomaticEventSubscriber/]: Subscribing @EventBusSubscriber class Lcom/simibubi/create/foundation/events/CommonEvents$ModBusEvents; to the mod event bus of mod create
[10:16:27] [modloading-worker-0/DEBUG] [ne.ne.fm.ja.AutomaticEventSubscriber/LOADING]: Scanning class com.simibubi.create.content.trains.schedule.ScheduleItemEntityInteraction for @SubscribeEvent-annotated methods
[10:16:27] [modloading-worker-0/DEBUG] [ne.ne.fm.ja.AutomaticEventSubscriber/]: Subscribing @EventBusSubscriber class Lcom/simibubi/create/content/trains/schedule/ScheduleItemEntityInteraction; to the game event bus
[10:16:27] [modloading-worker-0/DEBUG] [ne.ne.fm.ja.AutomaticEventSubscriber/LOADING]: Scanning class com.simibubi.create.content.processing.burner.BlazeBurnerHandler for @SubscribeEvent-annotated methods
[10:16:27] [modloading-worker-0/DEBUG] [ne.ne.fm.ja.AutomaticEventSubscriber/]: Subscribing @EventBusSubscriber class Lcom/simibubi/create/content/processing/burner/BlazeBurnerHandler; to the game event bus
[10:16:27] [modloading-worker-0/DEBUG] [ne.ne.fm.ja.AutomaticEventSubscriber/LOADING]: Scanning class com.simibubi.create.content.equipment.wrench.WrenchEventHandler for @SubscribeEvent-annotated methods
[10:16:27] [modloading-worker-0/DEBUG] [ne.ne.fm.ja.AutomaticEventSubscriber/]: Subscribing @EventBusSubscriber class Lcom/simibubi/create/content/equipment/wrench/WrenchEventHandler; to the game event bus
[10:16:27] [modloading-worker-0/DEBUG] [ne.ne.fm.ja.AutomaticEventSubscriber/LOADING]: Scanning class com.simibubi.create.content.equipment.extendoGrip.ExtendoGripItem for @SubscribeEvent-annotated methods
[10:16:27] [modloading-worker-0/DEBUG] [ne.ne.fm.ja.AutomaticEventSubscriber/]: Subscribing @EventBusSubscriber class Lcom/simibubi/create/content/equipment/extendoGrip/ExtendoGripItem; to the game event bus
[10:16:27] [modloading-worker-0/DEBUG] [ne.ne.fm.ja.AutomaticEventSubscriber/LOADING]: Scanning class com.simibubi.create.content.equipment.zapper.ZapperInteractionHandler for @SubscribeEvent-annotated methods
[10:16:27] [modloading-worker-0/DEBUG] [ne.ne.fm.ja.AutomaticEventSubscriber/]: Subscribing @EventBusSubscriber class Lcom/simibubi/create/content/equipment/zapper/ZapperInteractionHandler; to the game event bus
[10:16:27] [modloading-worker-0/DEBUG] [ne.ne.fm.ja.AutomaticEventSubscriber/LOADING]: Scanning class com.simibubi.create.content.equipment.symmetryWand.SymmetryHandler for @SubscribeEvent-annotated methods
[10:16:27] [modloading-worker-0/DEBUG] [ne.ne.fm.ja.AutomaticEventSubscriber/]: Subscribing @EventBusSubscriber class Lcom/simibubi/create/content/equipment/symmetryWand/SymmetryHandler; to the game event bus
[10:16:27] [modloading-worker-0/DEBUG] [ne.ne.fm.ja.AutomaticEventSubscriber/LOADING]: Scanning class com.simibubi.create.content.equipment.armor.NetheriteDivingHandler for @SubscribeEvent-annotated methods
[10:16:27] [modloading-worker-0/DEBUG] [ne.ne.fm.ja.AutomaticEventSubscriber/]: Subscribing @EventBusSubscriber class Lcom/simibubi/create/content/equipment/armor/NetheriteDivingHandler; to the game event bus
[10:16:27] [modloading-worker-0/DEBUG] [ne.ne.fm.ja.AutomaticEventSubscriber/LOADING]: Scanning class com.simibubi.create.content.equipment.armor.DivingHelmetItem for @SubscribeEvent-annotated methods
[10:16:27] [modloading-worker-0/DEBUG] [ne.ne.fm.ja.AutomaticEventSubscriber/]: Subscribing @EventBusSubscriber class Lcom/simibubi/create/content/equipment/armor/DivingHelmetItem; to the game event bus
[10:16:27] [modloading-worker-0/DEBUG] [ne.ne.fm.ja.AutomaticEventSubscriber/LOADING]: Scanning class com.simibubi.create.content.equipment.armor.CardboardArmorHandler for @SubscribeEvent-annotated methods
[10:16:27] [modloading-worker-0/DEBUG] [ne.ne.fm.ja.AutomaticEventSubscriber/]: Subscribing @EventBusSubscriber class Lcom/simibubi/create/content/equipment/armor/CardboardArmorHandler; to the game event bus
[10:16:27] [modloading-worker-0/DEBUG] [ne.ne.fm.ja.AutomaticEventSubscriber/LOADING]: Scanning class com.simibubi.create.content.equipment.armor.DivingBootsItem for @SubscribeEvent-annotated methods
[10:16:27] [modloading-worker-0/DEBUG] [ne.ne.fm.ja.AutomaticEventSubscriber/]: Subscribing @EventBusSubscriber class Lcom/simibubi/create/content/equipment/armor/DivingBootsItem; to the game event bus
[10:16:27] [modloading-worker-0/DEBUG] [ne.ne.fm.ja.AutomaticEventSubscriber/LOADING]: Scanning class com.simibubi.create.content.equipment.clipboard.ClipboardValueSettingsHandler for @SubscribeEvent-annotated methods
[10:16:27] [modloading-worker-0/DEBUG] [ne.ne.fm.ja.AutomaticEventSubscriber/]: Subscribing @EventBusSubscriber class Lcom/simibubi/create/content/equipment/clipboard/ClipboardValueSettingsHandler; to the game event bus
[10:16:27] [modloading-worker-0/DEBUG] [ne.ne.fm.ja.AutomaticEventSubscriber/LOADING]: Scanning class com.simibubi.create.content.equipment.tool.CardboardSwordItem for @SubscribeEvent-annotated methods
[10:16:27] [modloading-worker-0/DEBUG] [ne.ne.fm.ja.AutomaticEventSubscriber/]: Subscribing @EventBusSubscriber class Lcom/simibubi/create/content/equipment/tool/CardboardSwordItem; to the game event bus
[10:16:27] [modloading-worker-0/DEBUG] [ne.ne.fm.ja.AutomaticEventSubscriber/LOADING]: Scanning class com.simibubi.create.content.equipment.bell.HauntedBellPulser for @SubscribeEvent-annotated methods
[10:16:27] [modloading-worker-0/DEBUG] [ne.ne.fm.ja.AutomaticEventSubscriber/]: Subscribing @EventBusSubscriber class Lcom/simibubi/create/content/equipment/bell/HauntedBellPulser; to the game event bus
[10:16:27] [modloading-worker-0/DEBUG] [ne.ne.fm.ja.AutomaticEventSubscriber/LOADING]: Scanning class com.simibubi.create.content.kinetics.crusher.CrushingWheelBlockEntity for @SubscribeEvent-annotated methods
[10:16:27] [modloading-worker-0/DEBUG] [ne.ne.fm.ja.AutomaticEventSubscriber/]: Subscribing @EventBusSubscriber class Lcom/simibubi/create/content/kinetics/crusher/CrushingWheelBlockEntity; to the game event bus
[10:16:27] [modloading-worker-0/DEBUG] [mixin/]: Mixing extra_kinetics.KineticNetworkMixin from simulated.mixins.json into com.simibubi.create.content.kinetics.KineticNetwork
[10:16:27] [modloading-worker-0/DEBUG] [ne.ne.fm.ja.AutomaticEventSubscriber/LOADING]: Scanning class com.simibubi.create.content.kinetics.crank.ValveHandleBlock for @SubscribeEvent-annotated methods
[10:16:27] [modloading-worker-0/DEBUG] [ne.ne.fm.ja.AutomaticEventSubscriber/]: Subscribing @EventBusSubscriber class Lcom/simibubi/create/content/kinetics/crank/ValveHandleBlock; to the game event bus
[10:16:27] [modloading-worker-0/DEBUG] [ne.ne.fm.ja.AutomaticEventSubscriber/LOADING]: Scanning class com.simibubi.create.content.kinetics.deployer.ManualApplicationRecipe for @SubscribeEvent-annotated methods
[10:16:27] [modloading-worker-0/DEBUG] [ne.ne.fm.ja.AutomaticEventSubscriber/]: Subscribing @EventBusSubscriber class Lcom/simibubi/create/content/kinetics/deployer/ManualApplicationRecipe; to the game event bus
[10:16:27] [modloading-worker-0/DEBUG] [ne.ne.fm.ja.AutomaticEventSubscriber/LOADING]: Scanning class com.simibubi.create.content.kinetics.deployer.DeployerFakePlayer for @SubscribeEvent-annotated methods
[10:16:27] [modloading-worker-0/DEBUG] [mixin/]: Mixing entity.entities_stick_sublevels.player.ServerGamePacketListenerImplMixin from sable.mixins.json into net.minecraft.server.network.ServerGamePacketListenerImpl
[10:16:27] [modloading-worker-0/DEBUG] [mixin/]: Mixing entity.entity_sublevel_collision.ServerGamePacketListenerImplMixin from sable.mixins.json into net.minecraft.server.network.ServerGamePacketListenerImpl
[10:16:27] [modloading-worker-0/DEBUG] [mixin/]: sable.mixins.json:entity.entities_stick_sublevels.player.ServerGamePacketListenerImplMixin from mod sable->@Inject::handleMovePlayer(Lnet/minecraft/network/protocol/game/ServerboundMovePlayerPacket;Lorg/spongepowered/asm/mixin/injection/callback/CallbackInfo;)V doesn't use it's CallbackInfo
[10:16:27] [modloading-worker-0/DEBUG] [mixin/]: sable.mixins.json:entity.entities_stick_sublevels.player.ServerGamePacketListenerImplMixin from mod sable->@Inject::handleMovePlayer(Lnet/minecraft/network/protocol/game/ServerboundMovePlayerPacket;Lorg/spongepowered/asm/mixin/injection/callback/CallbackInfo;)V has 0 override(s) in child classes
[10:16:27] [modloading-worker-0/DEBUG] [mixin/]: sable.mixins.json:entity.entities_stick_sublevels.player.ServerGamePacketListenerImplMixin from mod sable->@Inject::handleMovePlayer(Lnet/minecraft/network/protocol/game/ServerboundMovePlayerPacket;Lorg/spongepowered/asm/mixin/injection/callback/CallbackInfo;)V won't be passed a CallbackInfo as a result
[10:16:27] [modloading-worker-0/DEBUG] [ne.ne.fm.ja.AutomaticEventSubscriber/]: Subscribing @EventBusSubscriber class Lcom/simibubi/create/content/kinetics/deployer/DeployerFakePlayer; to the game event bus
[10:16:27] [modloading-worker-0/DEBUG] [mixin/]: Mixing death_message.CombatTrackerMixin from sable.mixins.json into net.minecraft.world.damagesource.CombatTracker
[10:16:27] [modloading-worker-0/DEBUG] [mixin/]: Mixing entity.entities_stick_sublevels.ServerEntityMixin from sable.mixins.json into net.minecraft.server.level.ServerEntity
[10:16:27] [modloading-worker-0/DEBUG] [mixin/]: Mixing entity.entity_rotations_and_riding.ServerEntityMixin from sable.mixins.json into net.minecraft.server.level.ServerEntity
[10:16:27] [modloading-worker-0/DEBUG] [mixin/]: sable.mixins.json:entity.entities_stick_sublevels.ServerEntityMixin from mod sable->@Inject::sable$pre(Lorg/spongepowered/asm/mixin/injection/callback/CallbackInfo;)V doesn't use it's CallbackInfo
[10:16:27] [modloading-worker-0/DEBUG] [mixin/]: sable.mixins.json:entity.entities_stick_sublevels.ServerEntityMixin from mod sable->@Inject::sable$pre(Lorg/spongepowered/asm/mixin/injection/callback/CallbackInfo;)V has 0 override(s) in child classes
[10:16:27] [modloading-worker-0/DEBUG] [mixin/]: sable.mixins.json:entity.entities_stick_sublevels.ServerEntityMixin from mod sable->@Inject::sable$pre(Lorg/spongepowered/asm/mixin/injection/callback/CallbackInfo;)V won't be passed a CallbackInfo as a result
[10:16:27] [modloading-worker-0/DEBUG] [mixin/]: sable.mixins.json:entity.entities_stick_sublevels.ServerEntityMixin from mod sable->@Inject::sable$pre(Lorg/spongepowered/asm/mixin/injection/callback/CallbackInfo;)V doesn't use it's CallbackInfo
[10:16:27] [modloading-worker-0/DEBUG] [mixin/]: sable.mixins.json:entity.entities_stick_sublevels.ServerEntityMixin from mod sable->@Inject::sable$pre(Lorg/spongepowered/asm/mixin/injection/callback/CallbackInfo;)V has 0 override(s) in child classes
[10:16:27] [modloading-worker-0/DEBUG] [mixin/]: sable.mixins.json:entity.entities_stick_sublevels.ServerEntityMixin from mod sable->@Inject::sable$pre(Lorg/spongepowered/asm/mixin/injection/callback/CallbackInfo;)V won't be passed a CallbackInfo as a result
[10:16:27] [modloading-worker-0/DEBUG] [mixin/]: sable.mixins.json:entity.entities_stick_sublevels.ServerEntityMixin from mod sable->@Inject::sable$postTransform(Lorg/spongepowered/asm/mixin/injection/callback/CallbackInfo;)V doesn't use it's CallbackInfo
[10:16:27] [modloading-worker-0/DEBUG] [mixin/]: sable.mixins.json:entity.entities_stick_sublevels.ServerEntityMixin from mod sable->@Inject::sable$postTransform(Lorg/spongepowered/asm/mixin/injection/callback/CallbackInfo;)V has 0 override(s) in child classes
[10:16:27] [modloading-worker-0/DEBUG] [mixin/]: sable.mixins.json:entity.entities_stick_sublevels.ServerEntityMixin from mod sable->@Inject::sable$postTransform(Lorg/spongepowered/asm/mixin/injection/callback/CallbackInfo;)V won't be passed a CallbackInfo as a result
[10:16:27] [modloading-worker-0/DEBUG] [mixin/]: sable.mixins.json:entity.entity_rotations_and_riding.ServerEntityMixin from mod sable->@Inject::sable$beforeSendChanges(Lorg/spongepowered/asm/mixin/injection/callback/CallbackInfo;)V doesn't use it's CallbackInfo
[10:16:27] [modloading-worker-0/DEBUG] [mixin/]: sable.mixins.json:entity.entity_rotations_and_riding.ServerEntityMixin from mod sable->@Inject::sable$beforeSendChanges(Lorg/spongepowered/asm/mixin/injection/callback/CallbackInfo;)V has 0 override(s) in child classes
[10:16:27] [modloading-worker-0/DEBUG] [mixin/]: sable.mixins.json:entity.entity_rotations_and_riding.ServerEntityMixin from mod sable->@Inject::sable$beforeSendChanges(Lorg/spongepowered/asm/mixin/injection/callback/CallbackInfo;)V won't be passed a CallbackInfo as a result
[10:16:27] [modloading-worker-0/DEBUG] [mixin/]: sable.mixins.json:entity.entity_rotations_and_riding.ServerEntityMixin from mod sable->@Inject::sable$beforeSendChanges(Lorg/spongepowered/asm/mixin/injection/callback/CallbackInfo;)V doesn't use it's CallbackInfo
[10:16:27] [modloading-worker-0/DEBUG] [mixin/]: sable.mixins.json:entity.entity_rotations_and_riding.ServerEntityMixin from mod sable->@Inject::sable$beforeSendChanges(Lorg/spongepowered/asm/mixin/injection/callback/CallbackInfo;)V has 0 override(s) in child classes
[10:16:27] [modloading-worker-0/DEBUG] [mixin/]: sable.mixins.json:entity.entity_rotations_and_riding.ServerEntityMixin from mod sable->@Inject::sable$beforeSendChanges(Lorg/spongepowered/asm/mixin/injection/callback/CallbackInfo;)V won't be passed a CallbackInfo as a result
[10:16:27] [modloading-worker-0/DEBUG] [mixin/]: sable.mixins.json:entity.entity_rotations_and_riding.ServerEntityMixin from mod sable->@Inject::sable$beforeSendChanges(Lorg/spongepowered/asm/mixin/injection/callback/CallbackInfo;)V doesn't use it's CallbackInfo
[10:16:27] [modloading-worker-0/DEBUG] [mixin/]: sable.mixins.json:entity.entity_rotations_and_riding.ServerEntityMixin from mod sable->@Inject::sable$beforeSendChanges(Lorg/spongepowered/asm/mixin/injection/callback/CallbackInfo;)V has 0 override(s) in child classes
[10:16:27] [modloading-worker-0/DEBUG] [mixin/]: sable.mixins.json:entity.entity_rotations_and_riding.ServerEntityMixin from mod sable->@Inject::sable$beforeSendChanges(Lorg/spongepowered/asm/mixin/injection/callback/CallbackInfo;)V won't be passed a CallbackInfo as a result
[10:16:27] [modloading-worker-0/DEBUG] [mixin/]: sable.mixins.json:entity.entity_rotations_and_riding.ServerEntityMixin from mod sable->@Inject::sable$beforeSendChanges(Lorg/spongepowered/asm/mixin/injection/callback/CallbackInfo;)V doesn't use it's CallbackInfo
[10:16:27] [modloading-worker-0/DEBUG] [mixin/]: sable.mixins.json:entity.entity_rotations_and_riding.ServerEntityMixin from mod sable->@Inject::sable$beforeSendChanges(Lorg/spongepowered/asm/mixin/injection/callback/CallbackInfo;)V has 0 override(s) in child classes
[10:16:27] [modloading-worker-0/DEBUG] [mixin/]: sable.mixins.json:entity.entity_rotations_and_riding.ServerEntityMixin from mod sable->@Inject::sable$beforeSendChanges(Lorg/spongepowered/asm/mixin/injection/callback/CallbackInfo;)V won't be passed a CallbackInfo as a result
[10:16:27] [modloading-worker-0/DEBUG] [mixin/]: sable.mixins.json:entity.entity_rotations_and_riding.ServerEntityMixin from mod sable->@Inject::sable$beforeSendChanges(Lorg/spongepowered/asm/mixin/injection/callback/CallbackInfo;)V doesn't use it's CallbackInfo
[10:16:27] [modloading-worker-0/DEBUG] [mixin/]: sable.mixins.json:entity.entity_rotations_and_riding.ServerEntityMixin from mod sable->@Inject::sable$beforeSendChanges(Lorg/spongepowered/asm/mixin/injection/callback/CallbackInfo;)V has 0 override(s) in child classes
[10:16:27] [modloading-worker-0/DEBUG] [mixin/]: sable.mixins.json:entity.entity_rotations_and_riding.ServerEntityMixin from mod sable->@Inject::sable$beforeSendChanges(Lorg/spongepowered/asm/mixin/injection/callback/CallbackInfo;)V won't be passed a CallbackInfo as a result
[10:16:27] [modloading-worker-0/DEBUG] [mixin/]: sable.mixins.json:entity.entity_rotations_and_riding.ServerEntityMixin from mod sable->@Inject::sable$beforeSendChanges(Lorg/spongepowered/asm/mixin/injection/callback/CallbackInfo;)V doesn't use it's CallbackInfo
[10:16:27] [modloading-worker-0/DEBUG] [mixin/]: sable.mixins.json:entity.entity_rotations_and_riding.ServerEntityMixin from mod sable->@Inject::sable$beforeSendChanges(Lorg/spongepowered/asm/mixin/injection/callback/CallbackInfo;)V has 0 override(s) in child classes
[10:16:27] [modloading-worker-0/DEBUG] [mixin/]: sable.mixins.json:entity.entity_rotations_and_riding.ServerEntityMixin from mod sable->@Inject::sable$beforeSendChanges(Lorg/spongepowered/asm/mixin/injection/callback/CallbackInfo;)V won't be passed a CallbackInfo as a result
[10:16:27] [modloading-worker-0/DEBUG] [ne.ne.fm.ja.AutomaticEventSubscriber/LOADING]: Scanning class com.simibubi.create.content.logistics.funnel.FunnelItem for @SubscribeEvent-annotated methods
[10:16:27] [modloading-worker-0/DEBUG] [ne.ne.fm.ja.AutomaticEventSubscriber/]: Subscribing @EventBusSubscriber class Lcom/simibubi/create/content/logistics/funnel/FunnelItem; to the game event bus
[10:16:27] [modloading-worker-0/DEBUG] [ne.ne.fm.ja.AutomaticEventSubscriber/LOADING]: Scanning class com.simibubi.create.content.logistics.itemHatch.ItemHatchHandler for @SubscribeEvent-annotated methods
[10:16:27] [modloading-worker-0/DEBUG] [ne.ne.fm.ja.AutomaticEventSubscriber/]: Subscribing @EventBusSubscriber class Lcom/simibubi/create/content/logistics/itemHatch/ItemHatchHandler; to the game event bus
[10:16:27] [modloading-worker-0/DEBUG] [ne.ne.fm.ja.AutomaticEventSubscriber/LOADING]: Scanning class com.simibubi.create.content.logistics.stockTicker.StockTickerInteractionHandler for @SubscribeEvent-annotated methods
[10:16:27] [modloading-worker-0/DEBUG] [mixin/]: Mixing compatibility.create.stock_ticker.StockTickerInteractionHandlerMixin from sable-neoforge.mixins.json into com.simibubi.create.content.logistics.stockTicker.StockTickerInteractionHandler
[10:16:27] [modloading-worker-0/DEBUG] [ne.ne.fm.ja.AutomaticEventSubscriber/]: Subscribing @EventBusSubscriber class Lcom/simibubi/create/content/logistics/stockTicker/StockTickerInteractionHandler; to the game event bus
[10:16:27] [modloading-worker-0/DEBUG] [ne.ne.fm.ja.AutomaticEventSubscriber/LOADING]: Scanning class com.simibubi.create.content.contraptions.mounted.MinecartContraptionItem for @SubscribeEvent-annotated methods
[10:16:27] [modloading-worker-0/DEBUG] [ne.ne.fm.ja.AutomaticEventSubscriber/]: Subscribing @EventBusSubscriber class Lcom/simibubi/create/content/contraptions/mounted/MinecartContraptionItem; to the game event bus
[10:16:27] [modloading-worker-0/DEBUG] [ne.ne.fm.ja.AutomaticEventSubscriber/LOADING]: Scanning class com.simibubi.create.content.contraptions.minecart.MinecartCouplingItem for @SubscribeEvent-annotated methods
[10:16:27] [modloading-worker-0/DEBUG] [ne.ne.fm.ja.AutomaticEventSubscriber/]: Subscribing @EventBusSubscriber class Lcom/simibubi/create/content/contraptions/minecart/MinecartCouplingItem; to the game event bus
[10:16:27] [modloading-worker-0/DEBUG] [ne.ne.fm.ja.AutomaticEventSubscriber/LOADING]: Scanning class com.simibubi.create.content.contraptions.minecart.CouplingHandler for @SubscribeEvent-annotated methods
[10:16:27] [modloading-worker-0/DEBUG] [ne.ne.fm.ja.AutomaticEventSubscriber/]: Subscribing @EventBusSubscriber class Lcom/simibubi/create/content/contraptions/minecart/CouplingHandler; to the game event bus
[10:16:27] [modloading-worker-0/DEBUG] [ne.ne.fm.ja.AutomaticEventSubscriber/LOADING]: Scanning class com.simibubi.create.content.contraptions.glue.SuperGlueHandler for @SubscribeEvent-annotated methods
[10:16:27] [modloading-worker-0/DEBUG] [ne.ne.fm.ja.AutomaticEventSubscriber/]: Subscribing @EventBusSubscriber class Lcom/simibubi/create/content/contraptions/glue/SuperGlueHandler; to the game event bus
[10:16:27] [modloading-worker-0/DEBUG] [ne.ne.fm.ja.AutomaticEventSubscriber/LOADING]: Scanning class com.simibubi.create.content.contraptions.glue.SuperGlueItem for @SubscribeEvent-annotated methods
[10:16:27] [modloading-worker-0/DEBUG] [ne.ne.fm.ja.AutomaticEventSubscriber/]: Subscribing @EventBusSubscriber class Lcom/simibubi/create/content/contraptions/glue/SuperGlueItem; to the game event bus
[10:16:27] [modloading-worker-0/DEBUG] [ne.ne.fm.ja.AutomaticEventSubscriber/LOADING]: Scanning class com.simibubi.create.content.redstone.displayLink.ClickToLinkBlockItem for @SubscribeEvent-annotated methods
[10:16:27] [modloading-worker-0/DEBUG] [ne.ne.fm.ja.AutomaticEventSubscriber/]: Subscribing @EventBusSubscriber class Lcom/simibubi/create/content/redstone/displayLink/ClickToLinkBlockItem; to the game event bus
[10:16:27] [modloading-worker-0/DEBUG] [ne.ne.fm.ja.AutomaticEventSubscriber/LOADING]: Scanning class com.simibubi.create.content.redstone.link.LinkHandler for @SubscribeEvent-annotated methods
[10:16:27] [modloading-worker-0/DEBUG] [ne.ne.fm.ja.AutomaticEventSubscriber/]: Subscribing @EventBusSubscriber class Lcom/simibubi/create/content/redstone/link/LinkHandler; to the game event bus
[10:16:27] [modloading-worker-0/DEBUG] [ne.ne.fm.ja.AutomaticEventSubscriber/LOADING]: Scanning class com.simibubi.create.content.fluids.FluidBottleItemHook for @SubscribeEvent-annotated methods
[10:16:27] [modloading-worker-0/DEBUG] [ne.ne.fm.ja.AutomaticEventSubscriber/]: Subscribing @EventBusSubscriber class Lcom/simibubi/create/content/fluids/FluidBottleItemHook; to the game event bus
[10:16:27] [modloading-worker-0/DEBUG] [ne.ne.fm.ja.AutomaticEventSubscriber/LOADING]: Scanning class com.simibubi.create.content.fluids.FluidReactions for @SubscribeEvent-annotated methods
[10:16:27] [modloading-worker-0/DEBUG] [ne.ne.fm.ja.AutomaticEventSubscriber/]: Subscribing @EventBusSubscriber class Lcom/simibubi/create/content/fluids/FluidReactions; to the game event bus
[10:16:27] [modloading-worker-0/DEBUG] [ne.ne.fm.ja.AutomaticEventSubscriber/LOADING]: Scanning class com.simibubi.create.impl.registry.CreateDataMapsImpl for @SubscribeEvent-annotated methods
[10:16:27] [modloading-worker-0/DEBUG] [ne.ne.fm.ja.AutomaticEventSubscriber/]: Subscribing @EventBusSubscriber class Lcom/simibubi/create/impl/registry/CreateDataMapsImpl; to the mod event bus of mod create
[10:16:27] [modloading-worker-0/DEBUG] [ne.ne.fm.ja.AutomaticEventSubscriber/LOADING]: Scanning class com.simibubi.create.impl.registry.CreateRegistriesImpl for @SubscribeEvent-annotated methods
[10:16:27] [modloading-worker-0/DEBUG] [ne.ne.fm.ja.AutomaticEventSubscriber/]: Subscribing @EventBusSubscriber class Lcom/simibubi/create/impl/registry/CreateRegistriesImpl; to the mod event bus of mod create
[10:16:27] [modloading-worker-0/DEBUG] [ne.ne.fm.ja.AutomaticEventSubscriber/LOADING]: Scanning class com.simibubi.create.infrastructure.RemapHelper for @SubscribeEvent-annotated methods
[10:16:27] [modloading-worker-0/DEBUG] [ne.ne.fm.ja.AutomaticEventSubscriber/]: Subscribing @EventBusSubscriber class Lcom/simibubi/create/infrastructure/RemapHelper; to the mod event bus of mod create
[10:16:27] [modloading-worker-0/DEBUG] [ne.ne.fm.ja.AutomaticEventSubscriber/LOADING]: Scanning class com.simibubi.create.infrastructure.gametest.CreateGameTests for @SubscribeEvent-annotated methods
[10:16:27] [modloading-worker-0/DEBUG] [ne.ne.fm.ja.AutomaticEventSubscriber/]: Subscribing @EventBusSubscriber class Lcom/simibubi/create/infrastructure/gametest/CreateGameTests; to the mod event bus of mod create
[10:16:27] [modloading-worker-0/DEBUG] [ne.ne.fm.ja.AutomaticEventSubscriber/LOADING]: Scanning class com.simibubi.create.infrastructure.config.AllConfigs for @SubscribeEvent-annotated methods
[10:16:27] [modloading-worker-0/DEBUG] [ne.ne.fm.ja.AutomaticEventSubscriber/]: Subscribing @EventBusSubscriber class Lcom/simibubi/create/infrastructure/config/AllConfigs; to the mod event bus of mod create
[10:16:27] [modloading-worker-0/DEBUG] [mixin/]: Mixing PunchStrengthMassScaleMixin from sablescale.mixins.json into dev.ryanhcode.sable.network.packets.tcp.ServerboundPunchSubLevelPacket
[10:16:27] [modloading-worker-0/DEBUG] [mixin/]: Mixing ServerboundPunchSubLevelPacketHostedMiniMixin from antikytheramechanism.mixins.json into dev.ryanhcode.sable.network.packets.tcp.ServerboundPunchSubLevelPacket
[10:16:27] [modloading-worker-0/DEBUG] [mixin/]: sablescale.mixins.json:PunchStrengthMassScaleMixin from mod sablescale->@Inject::sablescale$scaledPunchStrength(Ldev/ryanhcode/sable/sublevel/ServerSubLevel;Lorg/joml/Vector3dc;Lorg/joml/Vector3dc;Lorg/spongepowered/asm/mixin/injection/callback/CallbackInfoReturnable;)V does use it's CallbackInfoReturnable
[10:16:27] [modloading-worker-0/INFO] [de.ry.sa.Sable/]: Sable loaded!
[10:16:27] [modloading-worker-0/DEBUG] [mixin/]: Mixing SelectorMassScaleMixin from sablescale.mixins.json into dev.ryanhcode.sable.command.argument.SubLevelSelectorModifiers
[10:16:27] [modloading-worker-0/DEBUG] [ne.ne.fm.co.ConfigTracker/CONFIG]: Config file sable-common.toml for sable tracking
[10:16:27] [modloading-worker-0/DEBUG] [ne.ne.fm.ja.AutomaticEventSubscriber/LOADING]: Attempting to inject @EventBusSubscriber classes into the eventbus for sable
[10:16:27] [modloading-worker-0/INFO] [de.sa.SableScale/]: [Sable Scale] loaded - sub-level scaling ACTIVE.
[10:16:27] [modloading-worker-0/DEBUG] [ne.ne.fm.ja.AutomaticEventSubscriber/LOADING]: Attempting to inject @EventBusSubscriber classes into the eventbus for sablescale
[10:16:27] [modloading-worker-0/DEBUG] [mixin/]: Mixing MechanismFrameDeferredRemovalMixin from antikytheramechanism.mixins.json into dev.antikytheramechanism.frame.MechanismFrameBlock
[10:16:27] [modloading-worker-0/DEBUG] [ne.ne.fm.co.ConfigTracker/CONFIG]: Config file antikytheramechanism-common.toml for antikytheramechanism tracking
[10:16:27] [modloading-worker-0/INFO] [de.an.AntikytheraMechanism/]: Antikythera Mechanism initialized
[10:16:27] [modloading-worker-0/DEBUG] [ne.ne.fm.ja.AutomaticEventSubscriber/LOADING]: Attempting to inject @EventBusSubscriber classes into the eventbus for antikytheramechanism
[10:16:27] [modloading-sync-worker/DEBUG] [mixin/]: Mixing accessor.RegistryDataAccessor from veil.registry.mixins.json into net.minecraft.resources.RegistryDataLoader$RegistryData
[10:16:28] [modloading-sync-worker/DEBUG] [mixin/]: Mixing dynamic_stress.KineticStatsMixin from simulated.mixins.json into com.simibubi.create.foundation.item.KineticStats
[10:16:30] [modloading-sync-worker/DEBUG] [ne.ne.fm.co.ConfigTracker/CONFIG]: Loading configs type COMMON
[10:16:30] [modloading-sync-worker/DEBUG] [ne.ne.fm.co.ConfigTracker/CONFIG]: Loaded TOML config file /home/runner/work/AntikytheraMechanism/AntikytheraMechanism/run/config/explorerscompass-common.toml
[10:16:30] [modloading-sync-worker/DEBUG] [ne.ne.fm.co.ConfigTracker/CONFIG]: Watching TOML config file /home/runner/work/AntikytheraMechanism/AntikytheraMechanism/run/config/explorerscompass-common.toml for changes
[10:16:30] [modloading-sync-worker/DEBUG] [ne.ne.fm.co.ConfigTracker/CONFIG]: Loaded TOML config file /home/runner/work/AntikytheraMechanism/AntikytheraMechanism/run/config/curios-common.toml
[10:16:30] [modloading-sync-worker/DEBUG] [ne.ne.fm.co.ConfigTracker/CONFIG]: Watching TOML config file /home/runner/work/AntikytheraMechanism/AntikytheraMechanism/run/config/curios-common.toml for changes
[10:16:30] [modloading-sync-worker/DEBUG] [ne.ne.ne.co.NeoForgeConfig/FORGEMOD]: Loaded NeoForge config file neoforge-common.toml
[10:16:30] [modloading-sync-worker/DEBUG] [ne.ne.fm.co.ConfigTracker/CONFIG]: Loaded TOML config file /home/runner/work/AntikytheraMechanism/AntikytheraMechanism/run/config/neoforge-common.toml
[10:16:30] [modloading-sync-worker/DEBUG] [ne.ne.fm.co.ConfigTracker/CONFIG]: Watching TOML config file /home/runner/work/AntikytheraMechanism/AntikytheraMechanism/run/config/neoforge-common.toml for changes
[10:16:30] [modloading-sync-worker/DEBUG] [ne.ne.fm.co.ConfigTracker/CONFIG]: Loaded TOML config file /home/runner/work/AntikytheraMechanism/AntikytheraMechanism/run/config/naturescompass-common.toml
[10:16:30] [modloading-sync-worker/DEBUG] [ne.ne.fm.co.ConfigTracker/CONFIG]: Watching TOML config file /home/runner/work/AntikytheraMechanism/AntikytheraMechanism/run/config/naturescompass-common.toml for changes
[10:16:30] [modloading-sync-worker/DEBUG] [ne.ne.fm.co.ConfigTracker/CONFIG]: Loaded TOML config file /home/runner/work/AntikytheraMechanism/AntikytheraMechanism/run/config/create-common.toml
[10:16:30] [modloading-sync-worker/DEBUG] [ne.ne.fm.co.ConfigTracker/CONFIG]: Watching TOML config file /home/runner/work/AntikytheraMechanism/AntikytheraMechanism/run/config/create-common.toml for changes
[10:16:30] [modloading-sync-worker/DEBUG] [ne.ne.fm.co.ConfigTracker/CONFIG]: Loaded TOML config file /home/runner/work/AntikytheraMechanism/AntikytheraMechanism/run/config/sable-common.toml
[10:16:30] [modloading-sync-worker/DEBUG] [ne.ne.fm.co.ConfigTracker/CONFIG]: Watching TOML config file /home/runner/work/AntikytheraMechanism/AntikytheraMechanism/run/config/sable-common.toml for changes
[10:16:30] [modloading-sync-worker/DEBUG] [ne.ne.fm.co.ConfigTracker/CONFIG]: Loaded TOML config file /home/runner/work/AntikytheraMechanism/AntikytheraMechanism/run/config/antikytheramechanism-common.toml
[10:16:30] [modloading-sync-worker/DEBUG] [ne.ne.fm.co.ConfigTracker/CONFIG]: Watching TOML config file /home/runner/work/AntikytheraMechanism/AntikytheraMechanism/run/config/antikytheramechanism-common.toml for changes
[10:16:30] [modloading-worker-0/DEBUG] [mixin/]: Mixing MixinCuriosApi from curios.neoforge.mixins.json into top.theillusivec4.curios.api.CuriosApi
[10:16:30] [modloading-worker-0/DEBUG] [mixin/]: curios.neoforge.mixins.json:MixinCuriosApi from mod curios->@Inject::curios$registerCurio(Lnet/minecraft/world/item/Item;Ltop/theillusivec4/curios/api/type/capability/ICurioItem;Lorg/spongepowered/asm/mixin/injection/callback/CallbackInfo;)V does use it's CallbackInfo
[10:16:30] [modloading-worker-0/DEBUG] [mixin/]: curios.neoforge.mixins.json:MixinCuriosApi from mod curios->@Inject::curios$getSlots(ZLorg/spongepowered/asm/mixin/injection/callback/CallbackInfoReturnable;)V does use it's CallbackInfoReturnable
[10:16:30] [modloading-worker-0/DEBUG] [mixin/]: curios.neoforge.mixins.json:MixinCuriosApi from mod curios->@Inject::curios$getEntitySlots(Lnet/minecraft/world/entity/EntityType;ZLorg/spongepowered/asm/mixin/injection/callback/CallbackInfoReturnable;)V does use it's CallbackInfoReturnable
[10:16:30] [modloading-worker-0/DEBUG] [mixin/]: curios.neoforge.mixins.json:MixinCuriosApi from mod curios->@Inject::curios$getItemStackSlots(Lnet/minecraft/world/item/ItemStack;ZLorg/spongepowered/asm/mixin/injection/callback/CallbackInfoReturnable;)V does use it's CallbackInfoReturnable
[10:16:30] [modloading-worker-0/DEBUG] [mixin/]: curios.neoforge.mixins.json:MixinCuriosApi from mod curios->@Inject::curios$getItemStackSlots(Lnet/minecraft/world/item/ItemStack;Lnet/minecraft/world/entity/LivingEntity;Lorg/spongepowered/asm/mixin/injection/callback/CallbackInfoReturnable;)V does use it's CallbackInfoReturnable
[10:16:30] [modloading-worker-0/DEBUG] [mixin/]: curios.neoforge.mixins.json:MixinCuriosApi from mod curios->@Inject::curios$getCurio(Lnet/minecraft/world/item/ItemStack;Lorg/spongepowered/asm/mixin/injection/callback/CallbackInfoReturnable;)V does use it's CallbackInfoReturnable
[10:16:30] [modloading-worker-0/DEBUG] [mixin/]: curios.neoforge.mixins.json:MixinCuriosApi from mod curios->@Inject::curios$getCuriosInventory(Lnet/minecraft/world/entity/LivingEntity;Lorg/spongepowered/asm/mixin/injection/callback/CallbackInfoReturnable;)V does use it's CallbackInfoReturnable
[10:16:30] [modloading-worker-0/DEBUG] [mixin/]: curios.neoforge.mixins.json:MixinCuriosApi from mod curios->@Inject::curios$isStackValid(Ltop/theillusivec4/curios/api/SlotContext;Lnet/minecraft/world/item/ItemStack;Lorg/spongepowered/asm/mixin/injection/callback/CallbackInfoReturnable;)V does use it's CallbackInfoReturnable
[10:16:30] [modloading-worker-0/DEBUG] [mixin/]: curios.neoforge.mixins.json:MixinCuriosApi from mod curios->@Inject::curios$getAttributeModifiers(Ltop/theillusivec4/curios/api/SlotContext;Lnet/minecraft/resources/ResourceLocation;Lnet/minecraft/world/item/ItemStack;Lorg/spongepowered/asm/mixin/injection/callback/CallbackInfoReturnable;)V does use it's CallbackInfoReturnable
[10:16:30] [modloading-worker-0/DEBUG] [mixin/]: curios.neoforge.mixins.json:MixinCuriosApi from mod curios->@Inject::curios$addSlotModifier(Lcom/google/common/collect/Multimap;Ljava/lang/String;Lnet/minecraft/resources/ResourceLocation;DLnet/minecraft/world/entity/ai/attributes/AttributeModifier$Operation;Lorg/spongepowered/asm/mixin/injection/callback/CallbackInfo;)V does use it's CallbackInfo
[10:16:30] [modloading-worker-0/DEBUG] [mixin/]: curios.neoforge.mixins.json:MixinCuriosApi from mod curios->@Inject::curios$addSlotModifier(Lnet/minecraft/world/item/ItemStack;Ljava/lang/String;Lnet/minecraft/resources/ResourceLocation;DLnet/minecraft/world/entity/ai/attributes/AttributeModifier$Operation;Ljava/lang/String;Lorg/spongepowered/asm/mixin/injection/callback/CallbackInfo;)V does use it's CallbackInfo
[10:16:30] [modloading-worker-0/DEBUG] [mixin/]: curios.neoforge.mixins.json:MixinCuriosApi from mod curios->@Inject::curios$addModifier(Lnet/minecraft/world/item/ItemStack;Lnet/minecraft/core/Holder;Lnet/minecraft/resources/ResourceLocation;DLnet/minecraft/world/entity/ai/attributes/AttributeModifier$Operation;Ljava/lang/String;Lorg/spongepowered/asm/mixin/injection/callback/CallbackInfo;)V does use it's CallbackInfo
[10:16:30] [modloading-worker-0/DEBUG] [mixin/]: curios.neoforge.mixins.json:MixinCuriosApi from mod curios->@Inject::curios$registerCurioPredicate(Lnet/minecraft/resources/ResourceLocation;Ljava/util/function/Predicate;Lorg/spongepowered/asm/mixin/injection/callback/CallbackInfo;)V does use it's CallbackInfo
[10:16:30] [modloading-worker-0/DEBUG] [mixin/]: curios.neoforge.mixins.json:MixinCuriosApi from mod curios->@Inject::curios$getCurioPredicate(Lnet/minecraft/resources/ResourceLocation;Lorg/spongepowered/asm/mixin/injection/callback/CallbackInfoReturnable;)V does use it's CallbackInfoReturnable
[10:16:30] [modloading-worker-0/DEBUG] [mixin/]: curios.neoforge.mixins.json:MixinCuriosApi from mod curios->@Inject::curios$getCurioPredicates(Lorg/spongepowered/asm/mixin/injection/callback/CallbackInfoReturnable;)V does use it's CallbackInfoReturnable
[10:16:30] [modloading-worker-0/DEBUG] [mixin/]: curios.neoforge.mixins.json:MixinCuriosApi from mod curios->@Inject::curios$testCurioPredicates(Ljava/util/Set;Ltop/theillusivec4/curios/api/SlotResult;Lorg/spongepowered/asm/mixin/injection/callback/CallbackInfoReturnable;)V does use it's CallbackInfoReturnable
[10:16:30] [modloading-worker-0/DEBUG] [mixin/]: curios.neoforge.mixins.json:MixinCuriosApi from mod curios->@Inject::curios$getUuid(Ltop/theillusivec4/curios/api/SlotContext;Lorg/spongepowered/asm/mixin/injection/callback/CallbackInfoReturnable;)V does use it's CallbackInfoReturnable
[10:16:30] [modloading-worker-0/DEBUG] [mixin/]: curios.neoforge.mixins.json:MixinCuriosApi from mod curios->@Inject::curios$broadcastCurioBreakEvent(Ltop/theillusivec4/curios/api/SlotContext;Lorg/spongepowered/asm/mixin/injection/callback/CallbackInfo;)V does use it's CallbackInfo
[10:16:30] [modloading-worker-0/DEBUG] [mixin/]: Mixing accessor.FluidInteractionRegistryAccessor from create.mixins.json into net.neoforged.neoforge.fluids.FluidInteractionRegistry
[10:16:30] [modloading-worker-0/DEBUG] [mixin/]: Renaming @Accessor method getInteractions()Ljava/util/Map; to getInteractions$create_$md$ded47a$0 in create.mixins.json:accessor.FluidInteractionRegistryAccessor from mod create
[10:16:30] [modloading-sync-worker/DEBUG] [ne.ne.fm.DeferredWorkQueue/LOADING]: Dispatching synchronous work for work queue Common setup: 6 jobs
[10:16:30] [modloading-sync-worker/INFO] [de.an.AntikytheraMechanism/]: Create compatibility installed: movement lifecycle and native mini kinetic topology are enabled
[10:16:30] [modloading-sync-worker/DEBUG] [ne.ne.fm.DeferredWorkQueue/LOADING]: Synchronous work queue completed in 25.36 ms
[10:16:30] [modloading-sync-worker/DEBUG] [ne.ne.fm.DeferredWorkQueue/LOADING]: Dispatching synchronous work for work queue Complete loading of 18 mods: 1 jobs
[10:16:30] [modloading-sync-worker/DEBUG] [ne.ne.fm.DeferredWorkQueue/LOADING]: Synchronous work queue completed in 1.095 ms
[10:16:30] [NeoForge Version Check/INFO] [ne.ne.fm.VersionChecker/]: [computercraft] Starting version check at https://api.modrinth.com/updates/cc-tweaked/forge_updates.json
[10:16:30] [main/INFO] [mojang/YggdrasilAuthenticationService]: Environment: Environment[sessionHost=https://sessionserver.mojang.com, servicesHost=https://api.minecraftservices.com, name=PROD]
[10:16:30] [main/DEBUG] [mixin/]: Mixing ResourceVanillaPackResourcesMixin from veil.resource.mixins.json into net.minecraft.server.packs.VanillaPackResources
[10:16:30] [main/WARN] [minecraft/VanillaPackResourcesBuilder]: Assets URL 'union:/home/runner/work/AntikytheraMechanism/AntikytheraMechanism/build/moddev/artifacts/neoforge-21.1.228.jar%23125!/assets/.mcassetsroot' uses unexpected schema
[10:16:30] [main/WARN] [minecraft/VanillaPackResourcesBuilder]: Assets URL 'union:/home/runner/work/AntikytheraMechanism/AntikytheraMechanism/build/moddev/artifacts/neoforge-21.1.228.jar%23125!/data/.mcassetsroot' uses unexpected schema
[10:16:30] [main/INFO] [co.si.cr.Create/]: Created 157 recipes which will be injected into the game
[10:16:30] [main/INFO] [co.si.cr.Create/]: Created 0 tags which will be injected into the game
[10:16:30] [main/INFO] [ne.ne.ne.ga.GameTestHooks/]: Enabled Gametest Namespaces: [antikytheramechanism_diagonal]
[10:16:30] [main/DEBUG] [mixin/]: Mixing accessor.GameTestHelperAccessor from create.mixins.json into net.minecraft.gametest.framework.GameTestHelper
[10:16:30] [main/DEBUG] [mixin/]: Mixing MechanismAssemblyManagerAccessor from antikytheramechanism.mixins.json into dev.antikytheramechanism.assembly.MechanismAssemblyManager
[10:16:30] [main/DEBUG] [mixin/]: Mixing MechanismAssemblyOriginInvariantMixin from antikytheramechanism.mixins.json into dev.antikytheramechanism.assembly.MechanismAssemblyManager
[10:16:30] [main/DEBUG] [mixin/]: Mixing MechanismAssemblyManagerDeferredRemovalMixin from antikytheramechanism.mixins.json into dev.antikytheramechanism.assembly.MechanismAssemblyManager
[10:16:30] [main/DEBUG] [mixin/]: antikytheramechanism.mixins.json:MechanismAssemblyOriginInvariantMixin from mod antikytheramechanism->@Inject::antikytheramechanism$repairRetainedOrigin(Lnet/minecraft/server/level/ServerLevel;Ldev/antikytheramechanism/assembly/MechanismAssembly;Lorg/spongepowered/asm/mixin/injection/callback/CallbackInfo;)V doesn't use it's CallbackInfo
[10:16:30] [main/DEBUG] [mixin/]: antikytheramechanism.mixins.json:MechanismAssemblyOriginInvariantMixin from mod antikytheramechanism->@Inject::antikytheramechanism$repairRetainedOrigin(Lnet/minecraft/server/level/ServerLevel;Ldev/antikytheramechanism/assembly/MechanismAssembly;Lorg/spongepowered/asm/mixin/injection/callback/CallbackInfo;)V doesn't use it's CallbackInfo
[10:16:30] [main/DEBUG] [mixin/]: antikytheramechanism.mixins.json:MechanismAssemblyOriginInvariantMixin from mod antikytheramechanism->@Inject::antikytheramechanism$repairRetainedOrigin(Lnet/minecraft/server/level/ServerLevel;Ldev/antikytheramechanism/assembly/MechanismAssembly;Lorg/spongepowered/asm/mixin/injection/callback/CallbackInfo;)V doesn't use it's CallbackInfo
[10:16:30] [main/DEBUG] [mixin/]: antikytheramechanism.mixins.json:MechanismAssemblyOriginInvariantMixin from mod antikytheramechanism->@Inject::antikytheramechanism$repairRetainedOrigin(Lnet/minecraft/server/level/ServerLevel;Ldev/antikytheramechanism/assembly/MechanismAssembly;Lorg/spongepowered/asm/mixin/injection/callback/CallbackInfo;)V doesn't use it's CallbackInfo
[10:16:30] [main/DEBUG] [mixin/]: antikytheramechanism.mixins.json:MechanismAssemblyManagerDeferredRemovalMixin from mod antikytheramechanism->@Inject::antikytheramechanism$processDeferredFrameRemovals(Lnet/minecraft/server/level/ServerLevel;Lorg/spongepowered/asm/mixin/injection/callback/CallbackInfo;)V doesn't use it's CallbackInfo
[10:16:30] [main/DEBUG] [mixin/]: Mixing game_test.StructureUtilsMixin from sable.mixins.json into net.minecraft.gametest.framework.StructureUtils
[10:16:30] [main/DEBUG] [mixin/]: sable.mixins.json:game_test.StructureUtilsMixin from mod sable->@Inject::clearSpaceForStructure(Lnet/minecraft/world/level/levelgen/structure/BoundingBox;Lnet/minecraft/server/level/ServerLevel;Lorg/spongepowered/asm/mixin/injection/callback/CallbackInfo;)V doesn't use it's CallbackInfo
[10:16:30] [main/DEBUG] [mixin/]: Mixing player_freezing.PlayerListMixin from sable.mixins.json into net.minecraft.server.players.PlayerList
[10:16:30] [main/DEBUG] [mixin/]: Mixing plot.PlayerListMixin from sable.mixins.json into net.minecraft.server.players.PlayerList
[10:16:30] [main/DEBUG] [mixin/]: Mixing udp.PlayerListMixin from sable.mixins.json into net.minecraft.server.players.PlayerList
[10:16:30] [main/DEBUG] [mixin/]: sable.mixins.json:player_freezing.PlayerListMixin from mod sable->@Inject::sable$player(Lnet/minecraft/network/Connection;Lnet/minecraft/server/level/ServerPlayer;Lnet/minecraft/server/network/CommonListenerCookie;Lorg/spongepowered/asm/mixin/injection/callback/CallbackInfo;)V doesn't use it's CallbackInfo
[10:16:30] [main/DEBUG] [mixin/]: sable.mixins.json:player_freezing.PlayerListMixin from mod sable->@Inject::sable$player(Lnet/minecraft/network/Connection;Lnet/minecraft/server/level/ServerPlayer;Lnet/minecraft/server/network/CommonListenerCookie;Lorg/spongepowered/asm/mixin/injection/callback/CallbackInfo;)V has 0 override(s) in child classes
[10:16:30] [main/DEBUG] [mixin/]: sable.mixins.json:player_freezing.PlayerListMixin from mod sable->@Inject::sable$player(Lnet/minecraft/network/Connection;Lnet/minecraft/server/level/ServerPlayer;Lnet/minecraft/server/network/CommonListenerCookie;Lorg/spongepowered/asm/mixin/injection/callback/CallbackInfo;)V won't be passed a CallbackInfo as a result
[10:16:30] [main/DEBUG] [mixin/]: sable.mixins.json:player_freezing.PlayerListMixin from mod sable->@Inject::sable$respawn(Lnet/minecraft/server/level/ServerPlayer;ZLnet/minecraft/world/entity/Entity$RemovalReason;Lorg/spongepowered/asm/mixin/injection/callback/CallbackInfoReturnable;)V does use it's CallbackInfoReturnable
[10:16:30] [main/DEBUG] [mixin/]: sable.mixins.json:udp.PlayerListMixin from mod sable->@Inject::onPlayerJoin(Lnet/minecraft/network/Connection;Lnet/minecraft/server/level/ServerPlayer;Lnet/minecraft/server/network/CommonListenerCookie;Lorg/spongepowered/asm/mixin/injection/callback/CallbackInfo;)V doesn't use it's CallbackInfo
[10:16:30] [main/DEBUG] [mixin/]: sable.mixins.json:udp.PlayerListMixin from mod sable->@Inject::onPlayerJoin(Lnet/minecraft/network/Connection;Lnet/minecraft/server/level/ServerPlayer;Lnet/minecraft/server/network/CommonListenerCookie;Lorg/spongepowered/asm/mixin/injection/callback/CallbackInfo;)V has 0 override(s) in child classes
[10:16:30] [main/DEBUG] [mixin/]: sable.mixins.json:udp.PlayerListMixin from mod sable->@Inject::onPlayerJoin(Lnet/minecraft/network/Connection;Lnet/minecraft/server/level/ServerPlayer;Lnet/minecraft/server/network/CommonListenerCookie;Lorg/spongepowered/asm/mixin/injection/callback/CallbackInfo;)V won't be passed a CallbackInfo as a result
[10:16:30] [main/DEBUG] [mixin/]: Mixing resources.PathPackResourcesMixin from veil.neoforge.mixins.json into net.minecraft.server.packs.PathPackResources
[10:16:30] [main/DEBUG] [mixin/]: Mixing world_presets.PrimaryLevelDataMixin from simulated.mixins.json into net.minecraft.world.level.storage.PrimaryLevelData
[10:16:30] [NeoForge Version Check/DEBUG] [ne.ne.fm.VersionChecker/]: [computercraft] Received version check data:
{"homepage":"https://modrinth.com/mod/cc-tweaked","promos":{"1.16.4-recommended":"1.96.0","1.19.2-recommended":"1.19.2-1.101.4","1.19.2-latest":"1.19.2-1.101.4","1.19.3-latest":"1.19.3-1.103.1","1.20-recommended":"1.105.0","1.19-latest":"1.19-1.100.8","1.19.3-recommended":"1.19.3-1.103.1","1.18.1-latest":"1.18.1-1.100.2","1.19.4-recommended":"1.108.0","1.17.1-recommended":"1.17.1-1.100.4","1.18.2-latest":"1.18.2-1.101.3","1.17.1-latest":"1.17.1-1.100.4","1.18.1-recommended":"1.18.1-1.100.2","1.15.2-recommended":"1.15.2-1.97.1","1.4.7-latest":"1.115.1","1.16.4-latest":"1.96.0","1.20.1-recommended":"1.120.2","1.19.1-latest":"1.19.1-1.100.9","1.18-latest":"1.18-1.99.0","1.4.7-recommended":"1.115.1","1.20.1-latest":"1.120.2","1.18.2-recommended":"1.18.2-1.101.3","1.20-latest":"1.105.0","1.16.5-recommended":"1.16.5-1.101.3","1.19.4-latest":"1.108.0","1.16.5-latest":"1.16.5-1.101.3","1.15.2-latest":"1.15.2-1.97.1"}}
[10:16:30] [main/DEBUG] [mixin/]: simulated.mixins.json:world_presets.PrimaryLevelDataMixin from mod simulated->@Inject::simulated$parse(Lcom/mojang/serialization/Dynamic;Lnet/minecraft/world/level/LevelSettings;Lnet/minecraft/world/level/storage/PrimaryLevelData$SpecialWorldProperty;Lnet/minecraft/world/level/levelgen/WorldOptions;Lcom/mojang/serialization/Lifecycle;Lorg/spongepowered/asm/mixin/injection/callback/CallbackInfoReturnable;)V does use it's CallbackInfoReturnable
[10:16:30] [main/DEBUG] [mixin/]: simulated.mixins.json:world_presets.PrimaryLevelDataMixin from mod simulated->@Inject::simulated$setTagData(Lnet/minecraft/core/RegistryAccess;Lnet/minecraft/nbt/CompoundTag;Lnet/minecraft/nbt/CompoundTag;Lorg/spongepowered/asm/mixin/injection/callback/CallbackInfo;)V doesn't use it's CallbackInfo
[10:16:30] [main/DEBUG] [mixin/]: simulated.mixins.json:world_presets.PrimaryLevelDataMixin from mod simulated->@Inject::simulated$setTagData(Lnet/minecraft/core/RegistryAccess;Lnet/minecraft/nbt/CompoundTag;Lnet/minecraft/nbt/CompoundTag;Lorg/spongepowered/asm/mixin/injection/callback/CallbackInfo;)V has 0 override(s) in child classes
[10:16:30] [main/DEBUG] [mixin/]: simulated.mixins.json:world_presets.PrimaryLevelDataMixin from mod simulated->@Inject::simulated$setTagData(Lnet/minecraft/core/RegistryAccess;Lnet/minecraft/nbt/CompoundTag;Lnet/minecraft/nbt/CompoundTag;Lorg/spongepowered/asm/mixin/injection/callback/CallbackInfo;)V won't be passed a CallbackInfo as a result
[10:16:30] [NeoForge Version Check/INFO] [ne.ne.fm.VersionChecker/]: [computercraft] Found status: BETA Current: 1.115.1 Target: null
[10:16:30] [NeoForge Version Check/INFO] [ne.ne.fm.VersionChecker/]: [create] Starting version check at https://api.modrinth.com/updates/create/forge_updates.json?neoforge=only
[10:16:30] [NeoForge Version Check/DEBUG] [ne.ne.fm.VersionChecker/]: [create] Received version check data:
{"homepage":"https://modrinth.com/mod/create","promos":{"1.21.1-recommended":"6.0.10+mc1.21.1","1.21.1-latest":"6.0.10+mc1.21.1","1.20.1-recommended":"mc1.20.1-6.0.8","1.20.1-latest":"mc1.20.1-6.0.8"}}
[10:16:30] [NeoForge Version Check/INFO] [ne.ne.fm.VersionChecker/]: [create] Found status: OUTDATED Current: 6.0.10 Target: 6.0.10+mc1.21.1
[10:16:32] [Worker-Main-1/DEBUG] [mixin/]: Mixing SableInfoMassScaleMixin from sablescale.mixins.json into dev.ryanhcode.sable.command.SableCommand
[10:16:32] [Worker-Main-1/DEBUG] [mixin/]: Mixing SimpleReloadInstanceMixin from veil.debug.mixins.json into net.minecraft.server.packs.resources.SimpleReloadInstance
[10:16:32] [main/INFO] [minecraft/RecipeManager]: Loaded 3022 recipes
[10:16:32] [main/INFO] [minecraft/AdvancementTree]: Loaded 2723 advancements
[10:16:32] [main/INFO] [Curios API/]: Loaded 10 curio slots
[10:16:32] [main/INFO] [Curios API/]: Loaded 1 curio entities
[10:16:33] [main/DEBUG] [mixin/]: Mixing udp.ServerConnectionListenerMixin from sable.mixins.json into net.minecraft.server.network.ServerConnectionListener
[10:16:33] [main/DEBUG] [mixin/]: sable.mixins.json:udp.ServerConnectionListenerMixin from mod sable->@Inject::sable$startTcpServerListener(Ljava/net/InetAddress;ILorg/spongepowered/asm/mixin/injection/callback/CallbackInfo;)V doesn't use it's CallbackInfo
[10:16:33] [main/DEBUG] [mixin/]: sable.mixins.json:udp.ServerConnectionListenerMixin from mod sable->@Inject::sable$startTcpServerListener(Ljava/net/InetAddress;ILorg/spongepowered/asm/mixin/injection/callback/CallbackInfo;)V has 0 override(s) in child classes
[10:16:33] [main/DEBUG] [mixin/]: sable.mixins.json:udp.ServerConnectionListenerMixin from mod sable->@Inject::sable$startTcpServerListener(Ljava/net/InetAddress;ILorg/spongepowered/asm/mixin/injection/callback/CallbackInfo;)V won't be passed a CallbackInfo as a result
[10:16:33] [main/DEBUG] [mixin/]: sable.mixins.json:udp.ServerConnectionListenerMixin from mod sable->@Inject::sable$startMemoryChannel(Lorg/spongepowered/asm/mixin/injection/callback/CallbackInfoReturnable;)V doesn't use it's CallbackInfoReturnable
[10:16:33] [main/DEBUG] [mixin/]: sable.mixins.json:udp.ServerConnectionListenerMixin from mod sable->@Inject::sable$startMemoryChannel(Lorg/spongepowered/asm/mixin/injection/callback/CallbackInfoReturnable;)V has 0 override(s) in child classes
[10:16:33] [main/DEBUG] [mixin/]: sable.mixins.json:udp.ServerConnectionListenerMixin from mod sable->@Inject::sable$startMemoryChannel(Lorg/spongepowered/asm/mixin/injection/callback/CallbackInfoReturnable;)V won't be passed a CallbackInfoReturnable as a result
[10:16:33] [main/DEBUG] [mixin/]: sable.mixins.json:udp.ServerConnectionListenerMixin from mod sable->@Inject::sable$stop(Lorg/spongepowered/asm/mixin/injection/callback/CallbackInfo;)V doesn't use it's CallbackInfo
[10:16:33] [main/DEBUG] [mixin/]: sable.mixins.json:udp.ServerConnectionListenerMixin from mod sable->@Inject::sable$stop(Lorg/spongepowered/asm/mixin/injection/callback/CallbackInfo;)V has 0 override(s) in child classes
[10:16:33] [main/DEBUG] [mixin/]: sable.mixins.json:udp.ServerConnectionListenerMixin from mod sable->@Inject::sable$stop(Lorg/spongepowered/asm/mixin/injection/callback/CallbackInfo;)V won't be passed a CallbackInfo as a result
[10:16:33] [main/DEBUG] [mixin/]: Mixing accessor.PotionBrewingAccessor from create.mixins.json into net.minecraft.world.item.alchemy.PotionBrewing
[10:16:33] [Server thread/DEBUG] [ne.ne.fm.co.ConfigTracker/CONFIG]: Loading configs type SERVER
[10:16:33] [Server thread/DEBUG] [ne.ne.fm.co.ConfigTracker/CONFIG]: Loaded TOML config file /home/runner/work/AntikytheraMechanism/AntikytheraMechanism/run/config/jei-server.toml
[10:16:33] [Server thread/DEBUG] [ne.ne.fm.co.ConfigTracker/CONFIG]: Watching TOML config file /home/runner/work/AntikytheraMechanism/AntikytheraMechanism/run/config/jei-server.toml for changes
[10:16:33] [Server thread/DEBUG] [ne.ne.fm.co.ConfigTracker/CONFIG]: Loaded TOML config file /home/runner/work/AntikytheraMechanism/AntikytheraMechanism/run/config/curios-server.toml
[10:16:33] [Server thread/DEBUG] [ne.ne.fm.co.ConfigTracker/CONFIG]: Watching TOML config file /home/runner/work/AntikytheraMechanism/AntikytheraMechanism/run/config/curios-server.toml for changes
[10:16:33] [Server thread/DEBUG] [io.ne.ch.MultithreadEventLoopGroup/]: -Dio.netty.eventLoopThreads: 8
[10:16:33] [Server thread/DEBUG] [io.ne.ut.co.GlobalEventExecutor/]: -Dio.netty.globalEventExecutor.quietPeriodSeconds: 1
[10:16:33] [Server thread/DEBUG] [io.ne.ch.ni.NioEventLoop/]: -Dio.netty.noKeySetOptimization: false
[10:16:33] [Server thread/DEBUG] [io.ne.ch.ni.NioEventLoop/]: -Dio.netty.selectorAutoRebuildThreshold: 512
[10:16:33] [Server thread/DEBUG] [io.ne.ut.in.PlatformDependent/]: org.jctools-core.MpscChunkedArrayQueue: available
[10:16:33] [Server thread/DEBUG] [ne.ne.fm.co.ConfigTracker/CONFIG]: Loaded TOML config file /home/runner/work/AntikytheraMechanism/AntikytheraMechanism/run/config/computercraft-server.toml
[10:16:33] [Server thread/DEBUG] [ne.ne.fm.co.ConfigTracker/CONFIG]: Watching TOML config file /home/runner/work/AntikytheraMechanism/AntikytheraMechanism/run/config/computercraft-server.toml for changes
[10:16:33] [Server thread/DEBUG] [ne.ne.fm.co.ConfigTracker/CONFIG]: Loaded TOML config file /home/runner/work/AntikytheraMechanism/AntikytheraMechanism/run/config/offroad-server.toml
[10:16:33] [Server thread/DEBUG] [ne.ne.fm.co.ConfigTracker/CONFIG]: Watching TOML config file /home/runner/work/AntikytheraMechanism/AntikytheraMechanism/run/config/offroad-server.toml for changes
[10:16:33] [Server thread/DEBUG] [ne.ne.ne.co.NeoForgeConfig/FORGEMOD]: Loaded NeoForge config file neoforge-server.toml
[10:16:33] [Server thread/DEBUG] [ne.ne.fm.co.ConfigTracker/CONFIG]: Loaded TOML config file /home/runner/work/AntikytheraMechanism/AntikytheraMechanism/run/config/neoforge-server.toml
[10:16:33] [Server thread/DEBUG] [ne.ne.fm.co.ConfigTracker/CONFIG]: Watching TOML config file /home/runner/work/AntikytheraMechanism/AntikytheraMechanism/run/config/neoforge-server.toml for changes
[10:16:33] [Server thread/DEBUG] [ne.ne.fm.co.ConfigTracker/CONFIG]: Loaded TOML config file /home/runner/work/AntikytheraMechanism/AntikytheraMechanism/run/config/simulated-server.toml
[10:16:33] [Server thread/DEBUG] [ne.ne.fm.co.ConfigTracker/CONFIG]: Watching TOML config file /home/runner/work/AntikytheraMechanism/AntikytheraMechanism/run/config/simulated-server.toml for changes
[10:16:33] [Server thread/DEBUG] [ne.ne.fm.co.ConfigTracker/CONFIG]: Loaded TOML config file /home/runner/work/AntikytheraMechanism/AntikytheraMechanism/run/config/aeronautics-server.toml
[10:16:33] [Server thread/DEBUG] [ne.ne.fm.co.ConfigTracker/CONFIG]: Watching TOML config file /home/runner/work/AntikytheraMechanism/AntikytheraMechanism/run/config/aeronautics-server.toml for changes
[10:16:33] [Server thread/DEBUG] [ne.ne.fm.co.ConfigTracker/CONFIG]: Loaded TOML config file /home/runner/work/AntikytheraMechanism/AntikytheraMechanism/run/config/create-server.toml
[10:16:33] [Server thread/DEBUG] [ne.ne.fm.co.ConfigTracker/CONFIG]: Watching TOML config file /home/runner/work/AntikytheraMechanism/AntikytheraMechanism/run/config/create-server.toml for changes
[10:16:34] [Server thread/WARN] [de.an.AntikytheraMechanism/]: [FREEZE-WATCHDOG] Armed 3min bootstrap window after server/world bootstrap on thread Server thread (stall threshold=20000ms, generation=1)
[10:16:34] [Server thread/DEBUG] [mixin/]: Mixing accessor.BiomeManagerAccessor from ponder-common.mixins.json into net.minecraft.world.level.biome.BiomeManager
[10:16:34] [Server thread/DEBUG] [mixin/]: ponder-common.mixins.json:accessor.BiomeManagerAccessor from mod ponder: Class version 65 required is higher than the class version supported by the current version of Mixin (JAVA_17 supports class version 61)
[10:16:34] [Server thread/INFO] [de.ry.sa.Sable/]: Creating physics pipeline for ResourceKey[minecraft:dimension / minecraft:overworld] using RapierPhysicsPipelineProvider
[10:16:34] [Server thread/DEBUG] [mixin/]: Mixing RapierPhysicsPipelineMixin from sablescale.mixins.json into dev.ryanhcode.sable.physics.impl.rapier.RapierPhysicsPipeline
[10:16:34] [Server thread/DEBUG] [mixin/]: Mixing RapierActuatorForceScaleMixin from sablescale.mixins.json into dev.ryanhcode.sable.physics.impl.rapier.RapierPhysicsPipeline
[10:16:34] [Server thread/DEBUG] [mixin/]: Mixing RapierConstraintScaleMixin from sablescale.mixins.json into dev.ryanhcode.sable.physics.impl.rapier.RapierPhysicsPipeline
[10:16:34] [Server thread/DEBUG] [mixin/]: sablescale.mixins.json:RapierPhysicsPipelineMixin from mod sablescale->@Inject::sablescale$register(Lnet/minecraft/server/level/ServerLevel;Lorg/spongepowered/asm/mixin/injection/callback/CallbackInfo;)V doesn't use it's CallbackInfo
[10:16:34] [Server thread/DEBUG] [mixin/]: sablescale.mixins.json:RapierPhysicsPipelineMixin from mod sablescale->@Inject::sablescale$register(Lnet/minecraft/server/level/ServerLevel;Lorg/spongepowered/asm/mixin/injection/callback/CallbackInfo;)V has 0 override(s) in child classes
[10:16:34] [Server thread/DEBUG] [mixin/]: sablescale.mixins.json:RapierPhysicsPipelineMixin from mod sablescale->@Inject::sablescale$register(Lnet/minecraft/server/level/ServerLevel;Lorg/spongepowered/asm/mixin/injection/callback/CallbackInfo;)V won't be passed a CallbackInfo as a result
[10:16:34] [Server thread/DEBUG] [mixin/]: sablescale.mixins.json:RapierPhysicsPipelineMixin from mod sablescale->@Inject::sablescale$correctWaterDrag(Lorg/spongepowered/asm/mixin/injection/callback/CallbackInfo;)V doesn't use it's CallbackInfo
[10:16:34] [Server thread/DEBUG] [mixin/]: sablescale.mixins.json:RapierPhysicsPipelineMixin from mod sablescale->@Inject::sablescale$correctWaterDrag(Lorg/spongepowered/asm/mixin/injection/callback/CallbackInfo;)V has 0 override(s) in child classes
[10:16:34] [Server thread/DEBUG] [mixin/]: sablescale.mixins.json:RapierPhysicsPipelineMixin from mod sablescale->@Inject::sablescale$correctWaterDrag(Lorg/spongepowered/asm/mixin/injection/callback/CallbackInfo;)V won't be passed a CallbackInfo as a result
[10:16:34] [Server thread/DEBUG] [mixin/]: sablescale.mixins.json:RapierPhysicsPipelineMixin from mod sablescale->@Inject::sablescale$speedCeiling(DLorg/spongepowered/asm/mixin/injection/callback/CallbackInfo;)V doesn't use it's CallbackInfo
[10:16:34] [Server thread/DEBUG] [mixin/]: sablescale.mixins.json:RapierPhysicsPipelineMixin from mod sablescale->@Inject::sablescale$speedCeiling(DLorg/spongepowered/asm/mixin/injection/callback/CallbackInfo;)V has 0 override(s) in child classes
[10:16:34] [Server thread/DEBUG] [mixin/]: sablescale.mixins.json:RapierPhysicsPipelineMixin from mod sablescale->@Inject::sablescale$speedCeiling(DLorg/spongepowered/asm/mixin/injection/callback/CallbackInfo;)V won't be passed a CallbackInfo as a result
[10:16:34] [Server thread/DEBUG] [mixin/]: sablescale.mixins.json:RapierPhysicsPipelineMixin from mod sablescale->@Inject::sablescale$interceptSectionAdd(Lnet/minecraft/world/level/chunk/LevelChunkSection;IIIZLorg/spongepowered/asm/mixin/injection/callback/CallbackInfo;)V does use it's CallbackInfo
[10:16:34] [Server thread/DEBUG] [mixin/]: sablescale.mixins.json:RapierPhysicsPipelineMixin from mod sablescale->@Inject::sablescale$interceptSectionRemove(IIILorg/spongepowered/asm/mixin/injection/callback/CallbackInfo;)V does use it's CallbackInfo
[10:16:34] [Server thread/DEBUG] [mixin/]: sablescale.mixins.json:RapierPhysicsPipelineMixin from mod sablescale->@Inject::sablescale$interceptBlockChange(Lnet/minecraft/core/SectionPos;Lnet/minecraft/world/level/chunk/LevelChunkSection;IIILnet/minecraft/world/level/block/state/BlockState;Lnet/minecraft/world/level/block/state/BlockState;Lorg/spongepowered/asm/mixin/injection/callback/CallbackInfo;)V does use it's CallbackInfo
[10:16:34] [Server thread/DEBUG] [mixin/]: sablescale.mixins.json:RapierPhysicsPipelineMixin from mod sablescale->@Inject::sablescale$onBodyAdded(Ldev/ryanhcode/sable/sublevel/ServerSubLevel;Ldev/ryanhcode/sable/companion/math/Pose3dc;Lorg/spongepowered/asm/mixin/injection/callback/CallbackInfo;)V doesn't use it's CallbackInfo
[10:16:34] [Server thread/DEBUG] [mixin/]: sablescale.mixins.json:RapierPhysicsPipelineMixin from mod sablescale->@Inject::sablescale$onBodyAdded(Ldev/ryanhcode/sable/sublevel/ServerSubLevel;Ldev/ryanhcode/sable/companion/math/Pose3dc;Lorg/spongepowered/asm/mixin/injection/callback/CallbackInfo;)V has 0 override(s) in child classes
[10:16:34] [Server thread/DEBUG] [mixin/]: sablescale.mixins.json:RapierPhysicsPipelineMixin from mod sablescale->@Inject::sablescale$onBodyAdded(Ldev/ryanhcode/sable/sublevel/ServerSubLevel;Ldev/ryanhcode/sable/companion/math/Pose3dc;Lorg/spongepowered/asm/mixin/injection/callback/CallbackInfo;)V won't be passed a CallbackInfo as a result
[10:16:34] [Server thread/DEBUG] [mixin/]: sablescale.mixins.json:RapierPhysicsPipelineMixin from mod sablescale->@Inject::sablescale$onBodyRemoved(Ldev/ryanhcode/sable/sublevel/ServerSubLevel;Lorg/spongepowered/asm/mixin/injection/callback/CallbackInfo;)V doesn't use it's CallbackInfo
[10:16:34] [Server thread/DEBUG] [mixin/]: sablescale.mixins.json:RapierPhysicsPipelineMixin from mod sablescale->@Inject::sablescale$onBodyRemoved(Ldev/ryanhcode/sable/sublevel/ServerSubLevel;Lorg/spongepowered/asm/mixin/injection/callback/CallbackInfo;)V has 0 override(s) in child classes
[10:16:34] [Server thread/DEBUG] [mixin/]: sablescale.mixins.json:RapierPhysicsPipelineMixin from mod sablescale->@Inject::sablescale$onBodyRemoved(Ldev/ryanhcode/sable/sublevel/ServerSubLevel;Lorg/spongepowered/asm/mixin/injection/callback/CallbackInfo;)V won't be passed a CallbackInfo as a result
[10:16:34] [Server thread/DEBUG] [mixin/]: Mixing LevelAcceleratorSableMoveRoutingMixin from antikytheramechanism.mixins.json into dev.ryanhcode.sable.util.LevelAccelerator
[10:16:34] [Server thread/DEBUG] [mixin/]: antikytheramechanism.mixins.json:LevelAcceleratorSableMoveRoutingMixin from mod antikytheramechanism->@Inject::antikytheramechanism$routeMovedPlotChunk(IILorg/spongepowered/asm/mixin/injection/callback/CallbackInfoReturnable;)V does use it's CallbackInfoReturnable
[10:16:34] [Server thread/DEBUG] [mixin/]: Mixing ScaledCollidersManagedEmptyBoundsMixin from antikytheramechanism.mixins.json into dev.sablescale.scale.ScaledColliders
[10:16:34] [Server thread/DEBUG] [mixin/]: antikytheramechanism.mixins.json:ScaledCollidersManagedEmptyBoundsMixin from mod antikytheramechanism->@Inject::antikytheramechanism$finiteManagedEmptyBounds(Ldev/ryanhcode/sable/sublevel/ServerSubLevel;Lorg/spongepowered/asm/mixin/injection/callback/CallbackInfoReturnable;)V does use it's CallbackInfoReturnable
[10:16:34] [Server thread/DEBUG] [mixin/]: Mixing Rapier3DAccessor from sablescale.mixins.json into dev.ryanhcode.sable.physics.impl.rapier.Rapier3D
[10:16:34] [Server thread/DEBUG] [mixin/]: Renaming @Invoker method sablescale$addChunk(JIII[IZI)V to addChunk$sablescale_$md$ded47a$0 in sablescale.mixins.json:Rapier3DAccessor from mod sablescale
[10:16:34] [Server thread/DEBUG] [mixin/]: Renaming @Invoker method sablescale$removeChunk(JIIIZ)V to removeChunk$sablescale_$md$ded47a$1 in sablescale.mixins.json:Rapier3DAccessor from mod sablescale
[10:16:34] [Server thread/DEBUG] [mixin/]: Renaming @Invoker method sablescale$setLocalBounds(JIIIIIII)V to setLocalBounds$sablescale_$md$ded47a$2 in sablescale.mixins.json:Rapier3DAccessor from mod sablescale
[10:16:34] [Server thread/DEBUG] [mixin/]: Renaming @Invoker method sablescale$setMassProperties(JID[D[D)V to setMassProperties$sablescale_$md$ded47a$3 in sablescale.mixins.json:Rapier3DAccessor from mod sablescale
[10:16:34] [Server thread/DEBUG] [mixin/]: Renaming @Invoker method sablescale$setMassPropertiesFrom(JILdev/ryanhcode/sable/api/physics/mass/MassData;)V to setMassPropertiesFrom$sablescale_$md$ded47a$4 in sablescale.mixins.json:Rapier3DAccessor from mod sablescale
[10:16:34] [Server thread/DEBUG] [mixin/]: Renaming @Invoker method sablescale$applyForceAndTorque(JIDDDDDDZ)V to applyForceAndTorque$sablescale_$md$ded47a$5 in sablescale.mixins.json:Rapier3DAccessor from mod sablescale
[10:16:34] [Server thread/DEBUG] [mixin/]: Renaming @Invoker method sablescale$applyForce(JIDDDDDDZ)V to applyForce$sablescale_$md$ded47a$6 in sablescale.mixins.json:Rapier3DAccessor from mod sablescale
[10:16:34] [Server thread/DEBUG] [mixin/]: Renaming @Invoker method sablescale$setConstraintFrame(JJIDDDDDDD)V to setConstraintFrame$sablescale_$md$ded47a$7 in sablescale.mixins.json:Rapier3DAccessor from mod sablescale
[10:16:34] [Server thread/DEBUG] [mixin/]: Renaming @Invoker method sablescale$isConstraintValid(JJ)Z to isConstraintValid$sablescale_$md$ded47a$8 in sablescale.mixins.json:Rapier3DAccessor from mod sablescale
[10:16:34] [Server thread/DEBUG] [mixin/]: Renaming @Invoker method sablescale$addLinearAngularVelocities(JIDDDDDDZ)V to addLinearAngularVelocities$sablescale_$md$ded47a$9 in sablescale.mixins.json:Rapier3DAccessor from mod sablescale
[10:16:34] [Server thread/DEBUG] [mixin/]: Mixing Rapier3DInvoker from antikytheramechanism.mixins.json into dev.ryanhcode.sable.physics.impl.rapier.Rapier3D
[10:16:34] [Server thread/DEBUG] [mixin/]: Renaming @Invoker method antikytheramechanism$getSceneHandle(Lnet/minecraft/server/level/ServerLevel;)J to getSceneHandle$antikytheramechanism_$md$ded47a$a in antikytheramechanism.mixins.json:Rapier3DInvoker from mod antikytheramechanism
[10:16:34] [Server thread/DEBUG] [mixin/]: Renaming @Invoker method antikytheramechanism$newVoxelCollider(DDDZLdev/ryanhcode/sable/api/physics/callback/BlockSubLevelCollisionCallback;)I to newVoxelCollider$antikytheramechanism_$md$ded47a$b in antikytheramechanism.mixins.json:Rapier3DInvoker from mod antikytheramechanism
[10:16:34] [Server thread/DEBUG] [mixin/]: Renaming @Invoker method antikytheramechanism$addVoxelColliderBox(I[D)V to addVoxelColliderBox$antikytheramechanism_$md$ded47a$c in antikytheramechanism.mixins.json:Rapier3DInvoker from mod antikytheramechanism
[10:16:34] [Server thread/DEBUG] [mixin/]: Renaming @Invoker method antikytheramechanism$createKinematicContraption(JII[D)V to createKinematicContraption$antikytheramechanism_$md$ded47a$d in antikytheramechanism.mixins.json:Rapier3DInvoker from mod antikytheramechanism
[10:16:34] [Server thread/DEBUG] [mixin/]: Renaming @Invoker method antikytheramechanism$removeKinematicContraption(JI)V to removeKinematicContraption$antikytheramechanism_$md$ded47a$e in antikytheramechanism.mixins.json:Rapier3DInvoker from mod antikytheramechanism
[10:16:34] [Server thread/DEBUG] [mixin/]: Renaming @Invoker method antikytheramechanism$setKinematicContraptionTransform(JI[D[D[D)V to setKinematicContraptionTransform$antikytheramechanism_$md$ded47a$f in antikytheramechanism.mixins.json:Rapier3DInvoker from mod antikytheramechanism
[10:16:34] [Server thread/DEBUG] [mixin/]: Renaming @Invoker method antikytheramechanism$addKinematicContraptionChunkSection(JIIII[I)V to addKinematicContraptionChunkSection$antikytheramechanism_$md$ded47a$10 in antikytheramechanism.mixins.json:Rapier3DInvoker from mod antikytheramechanism
[10:16:34] [Server thread/DEBUG] [mixin/]: Renaming @Invoker method antikytheramechanism$setLocalBounds(JIIIIIII)V to setLocalBounds$antikytheramechanism_$md$ded47a$11 in antikytheramechanism.mixins.json:Rapier3DInvoker from mod antikytheramechanism
[2026-08-19T10:16:34.241108948Z] [[32mINFO[0m] (sable_rapier) Rapier scene initialized
[10:16:34] [Server thread/DEBUG] [mixin/]: Mixing LevelTicksAccessor from antikytheramechanism.mixins.json into net.minecraft.world.ticks.LevelTicks
[10:16:34] [Server thread/DEBUG] [mixin/]: Mixing plot.serialization.LevelChunkTicksMixin from sable.mixins.json into net.minecraft.world.ticks.LevelChunkTicks
[10:16:34] [Server thread/DEBUG] [mixin/]: Mixing entity.entity_unloading.PersistentEntitySectionManagerMixin from sable.mixins.json into net.minecraft.world.level.entity.PersistentEntitySectionManager
[10:16:34] [Server thread/DEBUG] [mixin/]: sable.mixins.json:entity.entity_unloading.PersistentEntitySectionManagerMixin from mod sable->@Inject::processChunkUnload(JLorg/spongepowered/asm/mixin/injection/callback/CallbackInfoReturnable;)V doesn't use it's CallbackInfoReturnable
[10:16:34] [Server thread/DEBUG] [mixin/]: sable.mixins.json:entity.entity_unloading.PersistentEntitySectionManagerMixin from mod sable->@Inject::processChunkUnload(JLorg/spongepowered/asm/mixin/injection/callback/CallbackInfoReturnable;)V has 0 override(s) in child classes
[10:16:34] [Server thread/DEBUG] [mixin/]: sable.mixins.json:entity.entity_unloading.PersistentEntitySectionManagerMixin from mod sable->@Inject::processChunkUnload(JLorg/spongepowered/asm/mixin/injection/callback/CallbackInfoReturnable;)V won't be passed a CallbackInfoReturnable as a result
[10:16:34] [Server thread/DEBUG] [mixin/]: Mixing entity.server_entities_tick.ChunkMapMixin from sable.mixins.json into net.minecraft.server.level.ChunkMap
[10:16:34] [Server thread/DEBUG] [mixin/]: Mixing plot.ChunkMapMixin from sable.mixins.json into net.minecraft.server.level.ChunkMap
[10:16:34] [Server thread/DEBUG] [mixin/]: Renaming synthetic method lambda$sable$hasWork$0(Lnet/minecraft/server/level/ChunkHolder;)Z to mdded47a$sable$lambda$sable$hasWork$0$0 in sable.mixins.json:plot.ChunkMapMixin from mod sable
[10:16:34] [Server thread/DEBUG] [mixin/]: Mixing plot.serialization.ChunkMapMixin from sable.mixins.json into net.minecraft.server.level.ChunkMap
[10:16:34] [Server thread/DEBUG] [mixin/]: sable.mixins.json:plot.ChunkMapMixin from mod sable->@Inject::sable$getPlayers(Lnet/minecraft/world/level/ChunkPos;ZLorg/spongepowered/asm/mixin/injection/callback/CallbackInfoReturnable;)V does use it's CallbackInfoReturnable
[10:16:34] [Server thread/DEBUG] [mixin/]: sable.mixins.json:plot.ChunkMapMixin from mod sable->@Inject::sable$saveChunkIfNeeded(Lnet/minecraft/server/level/ChunkHolder;Lorg/spongepowered/asm/mixin/injection/callback/CallbackInfoReturnable;)V does use it's CallbackInfoReturnable
[10:16:34] [Server thread/DEBUG] [mixin/]: sable.mixins.json:plot.ChunkMapMixin from mod sable->@Inject::sable$isChunkTracked(Lnet/minecraft/server/level/ServerPlayer;IILorg/spongepowered/asm/mixin/injection/callback/CallbackInfoReturnable;)V does use it's CallbackInfoReturnable
[10:16:34] [Server thread/DEBUG] [mixin/]: sable.mixins.json:plot.ChunkMapMixin from mod sable->@Inject::sable$anyPlayerCloseEnoughForSpawning(Lnet/minecraft/world/level/ChunkPos;Lorg/spongepowered/asm/mixin/injection/callback/CallbackInfoReturnable;)V does use it's CallbackInfoReturnable
[10:16:34] [Server thread/DEBUG] [mixin/]: sable.mixins.json:plot.serialization.ChunkMapMixin from mod sable->@Inject::sable$init(Lnet/minecraft/server/level/ServerLevel;Lnet/minecraft/world/level/storage/LevelStorageSource$LevelStorageAccess;Lcom/mojang/datafixers/DataFixer;Lnet/minecraft/world/level/levelgen/structure/templatesystem/StructureTemplateManager;Ljava/util/concurrent/Executor;Lnet/minecraft/util/thread/BlockableEventLoop;Lnet/minecraft/world/level/chunk/LightChunkGetter;Lnet/minecraft/world/level/chunk/ChunkGenerator;Lnet/minecraft/server/level/progress/ChunkProgressListener;Lnet/minecraft/world/level/entity/ChunkStatusUpdateListener;Ljava/util/function/Supplier;IZLorg/spongepowered/asm/mixin/injection/callback/CallbackInfo;)V doesn't use it's CallbackInfo
[10:16:34] [Server thread/DEBUG] [mixin/]: sable.mixins.json:plot.serialization.ChunkMapMixin from mod sable->@Inject::sable$init(Lnet/minecraft/server/level/ServerLevel;Lnet/minecraft/world/level/storage/LevelStorageSource$LevelStorageAccess;Lcom/mojang/datafixers/DataFixer;Lnet/minecraft/world/level/levelgen/structure/templatesystem/StructureTemplateManager;Ljava/util/concurrent/Executor;Lnet/minecraft/util/thread/BlockableEventLoop;Lnet/minecraft/world/level/chunk/LightChunkGetter;Lnet/minecraft/world/level/chunk/ChunkGenerator;Lnet/minecraft/server/level/progress/ChunkProgressListener;Lnet/minecraft/world/level/entity/ChunkStatusUpdateListener;Ljava/util/function/Supplier;IZLorg/spongepowered/asm/mixin/injection/callback/CallbackInfo;)V has 0 override(s) in child classes
[10:16:34] [Server thread/DEBUG] [mixin/]: sable.mixins.json:plot.serialization.ChunkMapMixin from mod sable->@Inject::sable$init(Lnet/minecraft/server/level/ServerLevel;Lnet/minecraft/world/level/storage/LevelStorageSource$LevelStorageAccess;Lcom/mojang/datafixers/DataFixer;Lnet/minecraft/world/level/levelgen/structure/templatesystem/StructureTemplateManager;Ljava/util/concurrent/Executor;Lnet/minecraft/util/thread/BlockableEventLoop;Lnet/minecraft/world/level/chunk/LightChunkGetter;Lnet/minecraft/world/level/chunk/ChunkGenerator;Lnet/minecraft/server/level/progress/ChunkProgressListener;Lnet/minecraft/world/level/entity/ChunkStatusUpdateListener;Ljava/util/function/Supplier;IZLorg/spongepowered/asm/mixin/injection/callback/CallbackInfo;)V won't be passed a CallbackInfo as a result
[10:16:34] [Server thread/DEBUG] [mixin/]: sable.mixins.json:plot.serialization.ChunkMapMixin from mod sable->@Inject::sable$onStatusChange(Lnet/minecraft/world/level/ChunkPos;Lnet/minecraft/server/level/FullChunkStatus;Lorg/spongepowered/asm/mixin/injection/callback/CallbackInfo;)V doesn't use it's CallbackInfo
[10:16:34] [Server thread/DEBUG] [mixin/]: sable.mixins.json:plot.serialization.ChunkMapMixin from mod sable->@Inject::sable$onStatusChange(Lnet/minecraft/world/level/ChunkPos;Lnet/minecraft/server/level/FullChunkStatus;Lorg/spongepowered/asm/mixin/injection/callback/CallbackInfo;)V has 0 override(s) in child classes
[10:16:34] [Server thread/DEBUG] [mixin/]: sable.mixins.json:plot.serialization.ChunkMapMixin from mod sable->@Inject::sable$onStatusChange(Lnet/minecraft/world/level/ChunkPos;Lnet/minecraft/server/level/FullChunkStatus;Lorg/spongepowered/asm/mixin/injection/callback/CallbackInfo;)V won't be passed a CallbackInfo as a result
[10:16:34] [Server thread/DEBUG] [mixin/]: Mixing chunk_container_replacement.LevelChunkSectionMixin from sable.mixins.json into net.minecraft.world.level.chunk.LevelChunkSection
[10:16:34] [Server thread/DEBUG] [mixin/]: Mixing sculk_vibrations.GameEventDispatcherMixin from sable.mixins.json into net.minecraft.world.level.gameevent.GameEventDispatcher
[10:16:34] [Server thread/DEBUG] [mixin/]: Renaming synthetic method lambda$sable$visitShipListeners$0(Ldev/ryanhcode/sable/companion/math/BoundingBox3dc;Lcom/llamalad7/mixinextras/sugar/ref/LocalRef;Ldev/ryanhcode/sable/companion/math/BoundingBox3i;Lcom/llamalad7/mixinextras/injector/wrapoperation/Operation;Lnet/minecraft/core/Holder;Lnet/minecraft/world/phys/Vec3;Lnet/minecraft/world/level/gameevent/GameEvent$Context;Ldev/ryanhcode/sable/sublevel/SubLevel;)V to mdded47a$sable$lambda$sable$visitShipListeners$0$0 in sable.mixins.json:sculk_vibrations.GameEventDispatcherMixin from mod sable
[10:16:34] [Server thread/DEBUG] [mixin/]: sable.mixins.json:sculk_vibrations.GameEventDispatcherMixin from mod sable->@Inject::sable$useBBIntersection(Lnet/minecraft/core/Holder;Lnet/minecraft/world/phys/Vec3;Lnet/minecraft/world/level/gameevent/GameEvent$Context;Lorg/spongepowered/asm/mixin/injection/callback/CallbackInfo;)V doesn't use it's CallbackInfo
[10:16:34] [Server thread/DEBUG] [mixin/]: sable.mixins.json:sculk_vibrations.GameEventDispatcherMixin from mod sable->@Inject::sable$useBBIntersection(Lnet/minecraft/core/Holder;Lnet/minecraft/world/phys/Vec3;Lnet/minecraft/world/level/gameevent/GameEvent$Context;Lorg/spongepowered/asm/mixin/injection/callback/CallbackInfo;)V has 0 override(s) in child classes
[10:16:34] [Server thread/DEBUG] [mixin/]: sable.mixins.json:sculk_vibrations.GameEventDispatcherMixin from mod sable->@Inject::sable$useBBIntersection(Lnet/minecraft/core/Holder;Lnet/minecraft/world/phys/Vec3;Lnet/minecraft/world/level/gameevent/GameEvent$Context;Lorg/spongepowered/asm/mixin/injection/callback/CallbackInfo;)V won't be passed a CallbackInfo as a result
[10:16:34] [Server thread/DEBUG] [co.si.cr.Create/]: Prepared Redstone Network Space for minecraft:overworld
[10:16:34] [Server thread/DEBUG] [co.si.cr.Create/]: Prepared Kinetic Network Space for minecraft:overworld
[10:16:34] [Server thread/INFO] [de.ry.sa.Sable/]: Creating physics pipeline for ResourceKey[minecraft:dimension / minecraft:the_end] using RapierPhysicsPipelineProvider
[2026-08-19T10:16:34.515969773Z] [[32mINFO[0m] (sable_rapier) Rapier scene initialized
[10:16:34] [Server thread/DEBUG] [co.si.cr.Create/]: Prepared Redstone Network Space for minecraft:the_end
[10:16:34] [Server thread/DEBUG] [co.si.cr.Create/]: Prepared Kinetic Network Space for minecraft:the_end
[10:16:34] [Server thread/INFO] [de.ry.sa.Sable/]: Creating physics pipeline for ResourceKey[minecraft:dimension / minecraft:the_nether] using RapierPhysicsPipelineProvider
[2026-08-19T10:16:34.582428524Z] [[32mINFO[0m] (sable_rapier) Rapier scene initialized
[10:16:34] [Server thread/DEBUG] [co.si.cr.Create/]: Prepared Redstone Network Space for minecraft:the_nether
[10:16:34] [Server thread/DEBUG] [co.si.cr.Create/]: Prepared Kinetic Network Space for minecraft:the_nether
[10:16:34] [Server thread/INFO] [minecraft/MinecraftServer]: Preparing start region for dimension minecraft:overworld
[10:16:34] [worldgen/INFO] [minecraft/LoggerChunkProgressListener]: Preparing spawn area: 2%
[10:16:35] [worldgen/INFO] [minecraft/LoggerChunkProgressListener]: Preparing spawn area: 91%
[10:16:35] [Server thread/INFO] [minecraft/LoggerChunkProgressListener]: Time elapsed: 780 ms
[10:16:35] [Server thread/DEBUG] [mixin/]: Mixing game_test.GameTestInfoMixin from sable.mixins.json into net.minecraft.gametest.framework.GameTestInfo
[10:16:35] [Server thread/DEBUG] [mixin/]: sable.mixins.json:game_test.GameTestInfoMixin from mod sable->@Inject::removeSublevels(Lorg/spongepowered/asm/mixin/injection/callback/CallbackInfo;)V doesn't use it's CallbackInfo
[10:16:35] [Server thread/DEBUG] [mixin/]: sable.mixins.json:game_test.GameTestInfoMixin from mod sable->@Inject::removeSublevels(Lorg/spongepowered/asm/mixin/injection/callback/CallbackInfo;)V has 0 override(s) in child classes
[10:16:35] [Server thread/DEBUG] [mixin/]: sable.mixins.json:game_test.GameTestInfoMixin from mod sable->@Inject::removeSublevels(Lorg/spongepowered/asm/mixin/injection/callback/CallbackInfo;)V won't be passed a CallbackInfo as a result
[10:16:35] [Server thread/INFO] [minecraft/GameTestServer]: Started game test server
[10:16:35] [Server thread/DEBUG] [ne.ne.ne.se.LanguageHook/]: Loaded 20 language files for en_us
[10:16:35] [Server thread/INFO] [ne.ne.ne.se.pe.PermissionAPI/]: Successfully initialized permission handler neoforge:default_handler
[10:16:35] [Server thread/DEBUG] [mixin/]: Mixing compatibility.computercraft.WirelessNetworkMixin from sable.mixins.json into dan200.computercraft.shared.peripheral.modem.wireless.WirelessNetwork
[10:16:35] [Server thread/DEBUG] [mixin/]: Mixing PhysicsStaffServerHandlerAntikytheraMixin from antikytheramechanism.mixins.json into dev.simulated_team.simulated.content.physics_staff.PhysicsStaffServerHandler
[10:16:35] [Server thread/INFO] [minecraft/GameTestServer]: 2 tests are now running at position -8033522, -59, 9059133!
[10:16:35] [Server thread/DEBUG] [mixin/]: Mixing compatibility.create.schematics.StructureTemplateMixin from sable-neoforge.mixins.json into net.minecraft.world.level.levelgen.structure.templatesystem.StructureTemplate
[10:16:35] [Server thread/DEBUG] [mixin/]: Renaming synthetic method lambda$fillEntityList$0(Ldev/ryanhcode/sable/ActiveSableCompanion;Ldev/ryanhcode/sable/sublevel/SubLevel;Lnet/minecraft/world/entity/Entity;)Z to mdded47a$sable$lambda$fillEntityList$0$0 in sable-neoforge.mixins.json:compatibility.create.schematics.StructureTemplateMixin from mod sable
[10:16:35] [Server thread/DEBUG] [mixin/]: sable-neoforge.mixins.json:compatibility.create.schematics.StructureTemplateMixin from mod sable->@Inject::sable$load(Lnet/minecraft/core/HolderGetter;Lnet/minecraft/nbt/CompoundTag;Lorg/spongepowered/asm/mixin/injection/callback/CallbackInfo;)V doesn't use it's CallbackInfo
[10:16:35] [Server thread/DEBUG] [mixin/]: sable-neoforge.mixins.json:compatibility.create.schematics.StructureTemplateMixin from mod sable->@Inject::sable$load(Lnet/minecraft/core/HolderGetter;Lnet/minecraft/nbt/CompoundTag;Lorg/spongepowered/asm/mixin/injection/callback/CallbackInfo;)V has 0 override(s) in child classes
[10:16:35] [Server thread/DEBUG] [mixin/]: sable-neoforge.mixins.json:compatibility.create.schematics.StructureTemplateMixin from mod sable->@Inject::sable$load(Lnet/minecraft/core/HolderGetter;Lnet/minecraft/nbt/CompoundTag;Lorg/spongepowered/asm/mixin/injection/callback/CallbackInfo;)V won't be passed a CallbackInfo as a result
[10:16:35] [Server thread/DEBUG] [mixin/]: sable-neoforge.mixins.json:compatibility.create.schematics.StructureTemplateMixin from mod sable->@Inject::fillEntityList(Lnet/minecraft/world/level/Level;Lnet/minecraft/core/BlockPos;Lnet/minecraft/core/BlockPos;Lorg/spongepowered/asm/mixin/injection/callback/CallbackInfo;)V doesn't use it's CallbackInfo
[10:16:35] [Server thread/DEBUG] [mixin/]: sable-neoforge.mixins.json:compatibility.create.schematics.StructureTemplateMixin from mod sable->@Inject::fillEntityList(Lnet/minecraft/world/level/Level;Lnet/minecraft/core/BlockPos;Lnet/minecraft/core/BlockPos;Lorg/spongepowered/asm/mixin/injection/callback/CallbackInfo;)V has 0 override(s) in child classes
[10:16:35] [Server thread/DEBUG] [mixin/]: sable-neoforge.mixins.json:compatibility.create.schematics.StructureTemplateMixin from mod sable->@Inject::fillEntityList(Lnet/minecraft/world/level/Level;Lnet/minecraft/core/BlockPos;Lnet/minecraft/core/BlockPos;Lorg/spongepowered/asm/mixin/injection/callback/CallbackInfo;)V won't be passed a CallbackInfo as a result
[10:16:35] [Server thread/DEBUG] [mixin/]: Mixing sable_hooks.SableCommonEventsMixin from simulated.mixins.json into dev.ryanhcode.sable.SableCommonEvents
[10:16:35] [Server thread/DEBUG] [mixin/]: Mixing sable_hooks.SableCommonEventsMixin from aeronautics.mixins.json into dev.ryanhcode.sable.SableCommonEvents
[10:16:35] [Server thread/DEBUG] [mixin/]: aeronautics.mixins.json:sable_hooks.SableCommonEventsMixin from mod aeronautics: Class version 65 required is higher than the class version supported by the current version of Mixin (JAVA_18 supports class version 62)
[10:16:35] [Server thread/DEBUG] [mixin/]: simulated.mixins.json:sable_hooks.SableCommonEventsMixin from mod simulated->@Inject::onBlockChange(Lnet/minecraft/server/level/ServerLevel;Lnet/minecraft/world/level/chunk/LevelChunk;IIILnet/minecraft/world/level/block/state/BlockState;Lnet/minecraft/world/level/block/state/BlockState;Lorg/spongepowered/asm/mixin/injection/callback/CallbackInfo;)V doesn't use it's CallbackInfo
[10:16:35] [Server thread/DEBUG] [mixin/]: aeronautics.mixins.json:sable_hooks.SableCommonEventsMixin from mod aeronautics->@Inject::onBlockChange(Lnet/minecraft/server/level/ServerLevel;Lnet/minecraft/world/level/chunk/LevelChunk;IIILnet/minecraft/world/level/block/state/BlockState;Lnet/minecraft/world/level/block/state/BlockState;Lorg/spongepowered/asm/mixin/injection/callback/CallbackInfo;)V doesn't use it's CallbackInfo
[10:16:35] [Server thread/DEBUG] [mixin/]: Mixing PhysicsBlockPropertyHelperFrameMassMixin from antikytheramechanism.mixins.json into dev.ryanhcode.sable.physics.config.block_properties.PhysicsBlockPropertyHelper
[10:16:35] [Server thread/DEBUG] [mixin/]: antikytheramechanism.mixins.json:PhysicsBlockPropertyHelperFrameMassMixin from mod antikytheramechanism->@Inject::antikytheramechanism$useManagedFrameMass(Lnet/minecraft/world/level/BlockGetter;Lnet/minecraft/core/BlockPos;Lnet/minecraft/world/level/block/state/BlockState;Lorg/spongepowered/asm/mixin/injection/callback/CallbackInfoReturnable;)V does use it's CallbackInfoReturnable
[10:16:36] [Server thread/INFO] [minecraft/GameTestRunner]: Running test batch 'defaultBatch:0' (2 tests)...
[10:16:36] [Server thread/INFO] [minecraft/GameTestServer]: [  ]
[10:16:36] [Server thread/WARN] [de.an.AntikytheraMechanism/]: [FREEZE-WATCHDOG] Armed 30s after Mechanism Frame placement at BlockPos{x=-8033520, y=-58, z=9059135} in minecraft:overworld on thread Server thread (stall threshold=2000ms, generation=2)
[10:16:36] [Server thread/WARN] [de.an.AntikytheraMechanism/]: [FREEZE-WATCHDOG] Armed 30s after Mechanism Frame placement at BlockPos{x=-8033520, y=-57, z=9059136} in minecraft:overworld on thread Server thread (stall threshold=2000ms, generation=3)
[10:16:36] [Server thread/DEBUG] [mixin/]: Mixing balloon.SubLevelAssemblyHelperMixin from aeronautics.mixins.json into dev.ryanhcode.sable.api.SubLevelAssemblyHelper
[10:16:36] [Server thread/DEBUG] [mixin/]: aeronautics.mixins.json:balloon.SubLevelAssemblyHelperMixin from mod aeronautics: Class version 65 required is higher than the class version supported by the current version of Mixin (JAVA_18 supports class version 62)
[10:16:36] [Server thread/DEBUG] [mixin/]: Mixing SubLevelAssemblyHelperScaleMixin from sablescale.mixins.json into dev.ryanhcode.sable.api.SubLevelAssemblyHelper
[10:16:36] [Server thread/DEBUG] [mixin/]: Mixing SubLevelAssemblyMoveContextMixin from antikytheramechanism.mixins.json into dev.ryanhcode.sable.api.SubLevelAssemblyHelper
[10:16:36] [Server thread/DEBUG] [mixin/]: aeronautics.mixins.json:balloon.SubLevelAssemblyHelperMixin from mod aeronautics->@Inject::aeronautics$needsBitSet(Lnet/minecraft/server/level/ServerLevel;Ldev/ryanhcode/sable/companion/math/BoundingBox3ic;Ljava/util/List;Lorg/spongepowered/asm/mixin/injection/callback/CallbackInfoReturnable;)V does use it's CallbackInfoReturnable
[10:16:36] [Server thread/DEBUG] [mixin/]: aeronautics.mixins.json:balloon.SubLevelAssemblyHelperMixin from mod aeronautics->@Inject::aeronautics$assemble(Lnet/minecraft/server/level/ServerLevel;Ldev/ryanhcode/sable/api/SubLevelAssemblyHelper$AssemblyTransform;Ljava/lang/Iterable;Ldev/ryanhcode/sable/companion/math/BoundingBox3ic;Lorg/spongepowered/asm/mixin/injection/callback/CallbackInfo;)V doesn't use it's CallbackInfo
[10:16:36] [Server thread/DEBUG] [mixin/]: antikytheramechanism.mixins.json:SubLevelAssemblyMoveContextMixin from mod antikytheramechanism->@Inject::antikythera$prepareCompleteRelocationJournals(Lnet/minecraft/server/level/ServerLevel;Ldev/ryanhcode/sable/api/SubLevelAssemblyHelper$AssemblyTransform;Ljava/lang/Iterable;Lorg/spongepowered/asm/mixin/injection/callback/CallbackInfo;)V doesn't use it's CallbackInfo
[10:16:36] [Server thread/DEBUG] [mixin/]: Mixing FloatingBlockControllerAccessor from antikytheramechanism.mixins.json into dev.ryanhcode.sable.physics.floating_block.FloatingBlockController
[10:16:36] [Server thread/DEBUG] [mixin/]: Mixing FloatingBlockControllerHostedMiniMixin from antikytheramechanism.mixins.json into dev.ryanhcode.sable.physics.floating_block.FloatingBlockController
[10:16:36] [Server thread/DEBUG] [mixin/]: antikytheramechanism.mixins.json:FloatingBlockControllerHostedMiniMixin from mod antikytheramechanism->@Inject::antikytheramechanism$wakeForHostedMiniMaterials(Lorg/spongepowered/asm/mixin/injection/callback/CallbackInfoReturnable;)V does use it's CallbackInfoReturnable
[10:16:36] [Server thread/DEBUG] [mixin/]: antikytheramechanism.mixins.json:FloatingBlockControllerHostedMiniMixin from mod antikytheramechanism->@Inject::antikytheramechanism$wakeForHostedMiniMaterials(Lorg/spongepowered/asm/mixin/injection/callback/CallbackInfoReturnable;)V does use it's CallbackInfoReturnable
[10:16:36] [Server thread/DEBUG] [mixin/]: antikytheramechanism.mixins.json:FloatingBlockControllerHostedMiniMixin from mod antikytheramechanism->@Inject::antikytheramechanism$wakeForHostedMiniMaterials(Lorg/spongepowered/asm/mixin/injection/callback/CallbackInfoReturnable;)V does use it's CallbackInfoReturnable
[10:16:36] [Server thread/DEBUG] [mixin/]: antikytheramechanism.mixins.json:FloatingBlockControllerHostedMiniMixin from mod antikytheramechanism->@Inject::antikytheramechanism$appendHostedMiniMaterials(DDLorg/joml/Vector3dc;Lorg/joml/Vector3dc;Lorg/joml/Vector3d;Lorg/joml/Vector3d;Lorg/spongepowered/asm/mixin/injection/callback/CallbackInfo;)V doesn't use it's CallbackInfo
[10:16:36] [Server thread/DEBUG] [mixin/]: antikytheramechanism.mixins.json:FloatingBlockControllerHostedMiniMixin from mod antikytheramechanism->@Inject::antikytheramechanism$appendHostedMiniMaterials(DDLorg/joml/Vector3dc;Lorg/joml/Vector3dc;Lorg/joml/Vector3d;Lorg/joml/Vector3d;Lorg/spongepowered/asm/mixin/injection/callback/CallbackInfo;)V has 0 override(s) in child classes
[10:16:36] [Server thread/DEBUG] [mixin/]: antikytheramechanism.mixins.json:FloatingBlockControllerHostedMiniMixin from mod antikytheramechanism->@Inject::antikytheramechanism$appendHostedMiniMaterials(DDLorg/joml/Vector3dc;Lorg/joml/Vector3dc;Lorg/joml/Vector3d;Lorg/joml/Vector3d;Lorg/spongepowered/asm/mixin/injection/callback/CallbackInfo;)V won't be passed a CallbackInfo as a result
[10:16:36] [Server thread/DEBUG] [mixin/]: antikytheramechanism.mixins.json:FloatingBlockControllerHostedMiniMixin from mod antikytheramechanism->@Inject::antikytheramechanism$clearHostedMiniMaterialCache(DDLorg/joml/Vector3dc;Lorg/joml/Vector3dc;Lorg/joml/Vector3d;Lorg/joml/Vector3d;Lorg/spongepowered/asm/mixin/injection/callback/CallbackInfo;)V doesn't use it's CallbackInfo
[10:16:36] [Server thread/DEBUG] [mixin/]: antikytheramechanism.mixins.json:FloatingBlockControllerHostedMiniMixin from mod antikytheramechanism->@Inject::antikytheramechanism$clearHostedMiniMaterialCache(DDLorg/joml/Vector3dc;Lorg/joml/Vector3dc;Lorg/joml/Vector3d;Lorg/joml/Vector3d;Lorg/spongepowered/asm/mixin/injection/callback/CallbackInfo;)V has 0 override(s) in child classes
[10:16:36] [Server thread/DEBUG] [mixin/]: antikytheramechanism.mixins.json:FloatingBlockControllerHostedMiniMixin from mod antikytheramechanism->@Inject::antikytheramechanism$clearHostedMiniMaterialCache(DDLorg/joml/Vector3dc;Lorg/joml/Vector3dc;Lorg/joml/Vector3d;Lorg/joml/Vector3d;Lorg/spongepowered/asm/mixin/injection/callback/CallbackInfo;)V won't be passed a CallbackInfo as a result
[10:16:36] [Server thread/DEBUG] [mixin/]: antikytheramechanism.mixins.json:FloatingBlockControllerHostedMiniMixin from mod antikytheramechanism->@Inject::antikytheramechanism$clearHostedMiniMaterialCache(DDLorg/joml/Vector3dc;Lorg/joml/Vector3dc;Lorg/joml/Vector3d;Lorg/joml/Vector3d;Lorg/spongepowered/asm/mixin/injection/callback/CallbackInfo;)V doesn't use it's CallbackInfo
[10:16:36] [Server thread/DEBUG] [mixin/]: antikytheramechanism.mixins.json:FloatingBlockControllerHostedMiniMixin from mod antikytheramechanism->@Inject::antikytheramechanism$clearHostedMiniMaterialCache(DDLorg/joml/Vector3dc;Lorg/joml/Vector3dc;Lorg/joml/Vector3d;Lorg/joml/Vector3d;Lorg/spongepowered/asm/mixin/injection/callback/CallbackInfo;)V has 0 override(s) in child classes
[10:16:36] [Server thread/DEBUG] [mixin/]: antikytheramechanism.mixins.json:FloatingBlockControllerHostedMiniMixin from mod antikytheramechanism->@Inject::antikytheramechanism$clearHostedMiniMaterialCache(DDLorg/joml/Vector3dc;Lorg/joml/Vector3dc;Lorg/joml/Vector3d;Lorg/joml/Vector3d;Lorg/spongepowered/asm/mixin/injection/callback/CallbackInfo;)V won't be passed a CallbackInfo as a result
[10:16:36] [Server thread/DEBUG] [mixin/]: Mixing MergedMassTrackerMixin from sablescale.mixins.json into dev.ryanhcode.sable.api.physics.mass.MergedMassTracker
[10:16:36] [Server thread/DEBUG] [mixin/]: Mixing MergedMassTrackerHostedMiniMixin from antikytheramechanism.mixins.json into dev.ryanhcode.sable.api.physics.mass.MergedMassTracker
[10:16:36] [Server thread/DEBUG] [mixin/]: antikytheramechanism.mixins.json:MergedMassTrackerHostedMiniMixin from mod antikytheramechanism->@Inject::antikytheramechanism$mergeHostedMiniMass(FLorg/spongepowered/asm/mixin/injection/callback/CallbackInfo;)V doesn't use it's CallbackInfo
[10:16:36] [Server thread/DEBUG] [mixin/]: antikytheramechanism.mixins.json:MergedMassTrackerHostedMiniMixin from mod antikytheramechanism->@Inject::antikytheramechanism$mergeHostedMiniMass(FLorg/spongepowered/asm/mixin/injection/callback/CallbackInfo;)V has 0 override(s) in child classes
[10:16:36] [Server thread/DEBUG] [mixin/]: antikytheramechanism.mixins.json:MergedMassTrackerHostedMiniMixin from mod antikytheramechanism->@Inject::antikytheramechanism$mergeHostedMiniMass(FLorg/spongepowered/asm/mixin/injection/callback/CallbackInfo;)V won't be passed a CallbackInfo as a result
[10:16:36] [Server thread/DEBUG] [de.an.AntikytheraMechanism/]: Frame onRemove at BlockPos{x=-8033520, y=-58, z=9059135} movedByPiston=true relocationJournal=true
[10:16:36] [Server thread/DEBUG] [de.an.AntikytheraMechanism/]: Frame onRemove at BlockPos{x=-8033520, y=-57, z=9059136} movedByPiston=true relocationJournal=true
[10:16:36] [Server thread/DEBUG] [de.an.AntikytheraMechanism/]: Adopted complete Sable relocation for assembly a6ad6488-f164-45de-bba2-6a6ce565d231 by BlockPos{x=28514552, y=186, z=11421897} into host FOREIGN
[10:16:36] [Server thread/DEBUG] [de.an.AntikytheraMechanism/]: Adopted complete Sable relocation for assembly f5c437ff-0bcf-4b2b-a751-54769ce3de71 by BlockPos{x=28514552, y=186, z=11421897} into host FOREIGN
[10:16:36] [Server thread/DEBUG] [de.an.AntikytheraMechanism/]: Staged Sable SubLevel 1458b9cc-0022-4a3e-ab96-36ca149e44ac for content in assembly a6ad6488-f164-45de-bba2-6a6ce565d231
[10:16:36] [Server thread/DEBUG] [de.an.AntikytheraMechanism/]: Staged Sable SubLevel c3697f8a-5030-4d4e-a8c7-373665d5470b for content in assembly f5c437ff-0bcf-4b2b-a751-54769ce3de71
[10:16:36] [Server thread/DEBUG] [mixin/]: Mixing RapierConstraintHandleScaleMixin from sablescale.mixins.json into dev.ryanhcode.sable.physics.impl.rapier.constraint.RapierConstraintHandle
[10:16:36] [Server thread/DEBUG] [mixin/]: Mixing extra_kinetics.RotationPropagatorMixin from simulated.mixins.json into com.simibubi.create.content.kinetics.RotationPropagator
[10:16:36] [Server thread/DEBUG] [mixin/]: Mixing CreateRotationPropagatorMiniKineticsMixin from antikytheramechanism.mixins.json into com.simibubi.create.content.kinetics.RotationPropagator
[10:16:36] [Server thread/DEBUG] [mixin/]: Mixing CreateRotationPropagatorAccessor from antikytheramechanism.mixins.json into com.simibubi.create.content.kinetics.RotationPropagator
[10:16:36] [Server thread/DEBUG] [mixin/]: Renaming @Invoker method antikytheramechanism$propagateMissingSource(Lcom/simibubi/create/content/kinetics/base/KineticBlockEntity;)V to propagateMissingSource$antikytheramechanism_$md$ded47a$0 in antikytheramechanism.mixins.json:CreateRotationPropagatorAccessor from mod antikytheramechanism
[10:16:36] [Server thread/DEBUG] [mixin/]: Mixing RotationPropagatorMixin from offroad.mixins.json into com.simibubi.create.content.kinetics.RotationPropagator
[10:16:36] [Server thread/DEBUG] [mixin/]: offroad.mixins.json:RotationPropagatorMixin from mod offroad: Class version 65 required is higher than the class version supported by the current version of Mixin (JAVA_18 supports class version 62)
[10:16:36] [Server thread/DEBUG] [mixin/]: Mixing flicker_tally_removal.RotationPropagatorMixin from simulated.mixins.json into com.simibubi.create.content.kinetics.RotationPropagator
[10:16:36] [Server thread/DEBUG] [mixin/]: simulated.mixins.json:extra_kinetics.RotationPropagatorMixin from mod simulated->@Inject::simulated$addExtraKineticsBlockEntities(Lcom/simibubi/create/content/kinetics/base/KineticBlockEntity;Lorg/spongepowered/asm/mixin/injection/callback/CallbackInfoReturnable;)V does use it's CallbackInfoReturnable
[10:16:36] [Server thread/DEBUG] [mixin/]: simulated.mixins.json:extra_kinetics.RotationPropagatorMixin from mod simulated->@Inject::simulated$getExtraKineticsBlockPositions(Lcom/simibubi/create/content/kinetics/base/KineticBlockEntity;Lorg/spongepowered/asm/mixin/injection/callback/CallbackInfoReturnable;)V does use it's CallbackInfoReturnable
[10:16:36] [Server thread/DEBUG] [mixin/]: antikytheramechanism.mixins.json:CreateRotationPropagatorMiniKineticsMixin from mod antikytheramechanism->@Inject::antikytheramechanism$appendVisibleMiniDiagonals(Lcom/simibubi/create/content/kinetics/base/KineticBlockEntity;Lorg/spongepowered/asm/mixin/injection/callback/CallbackInfoReturnable;)V does use it's CallbackInfoReturnable
[10:16:36] [Server thread/DEBUG] [mixin/]: antikytheramechanism.mixins.json:CreateRotationPropagatorMiniKineticsMixin from mod antikytheramechanism->@Inject::antikytheramechanism$appendVisibleMiniDiagonals(Lcom/simibubi/create/content/kinetics/base/KineticBlockEntity;Lorg/spongepowered/asm/mixin/injection/callback/CallbackInfoReturnable;)V does use it's CallbackInfoReturnable
[10:16:36] [Server thread/DEBUG] [mixin/]: antikytheramechanism.mixins.json:CreateRotationPropagatorMiniKineticsMixin from mod antikytheramechanism->@Inject::antikytheramechanism$appendVisibleMiniDiagonals(Lcom/simibubi/create/content/kinetics/base/KineticBlockEntity;Lorg/spongepowered/asm/mixin/injection/callback/CallbackInfoReturnable;)V does use it's CallbackInfoReturnable
[10:16:36] [Server thread/WARN] [de.an.AntikytheraMechanism/]: [FREEZE-WATCHDOG] Armed 30s after Mechanism Frame placement at BlockPos{x=-8033483, y=-58, z=9059135} in minecraft:overworld on thread Server thread (stall threshold=2000ms, generation=4)
[10:16:36] [Server thread/WARN] [de.an.AntikytheraMechanism/]: [FREEZE-WATCHDOG] Armed 30s after Mechanism Frame placement at BlockPos{x=-8033483, y=-57, z=9059136} in minecraft:overworld on thread Server thread (stall threshold=2000ms, generation=5)
[10:16:36] [Server thread/DEBUG] [de.an.AntikytheraMechanism/]: Staged Sable SubLevel 062f3e2f-75fd-4d95-a9bf-79a5683ab7ce for content in assembly 267c8f3a-43e0-4c16-b89f-7739314f63e5
[10:16:36] [Server thread/DEBUG] [de.an.AntikytheraMechanism/]: Staged Sable SubLevel 866b990e-e6b5-41b2-8439-94e9f29fc68d for content in assembly e9ce6b57-2caa-41ca-9022-15f5b6622189
[10:16:36] [Server thread/INFO] [minecraft/GameTestServer]: [__]
[10:16:36] [Server thread/DEBUG] [de.an.AntikytheraMechanism/]: Frame onRemove at BlockPos{x=20481032, y=128, z=20481032} movedByPiston=true relocationJournal=true
[10:16:36] [Server thread/DEBUG] [de.an.AntikytheraMechanism/]: Frame onRemove at BlockPos{x=20481032, y=129, z=20481033} movedByPiston=true relocationJournal=true
[10:16:36] [Server thread/DEBUG] [de.an.AntikytheraMechanism/]: Adopted complete Sable relocation for assembly a6ad6488-f164-45de-bba2-6a6ce565d231 by BlockPos{x=-28514552, y=-186, z=-11421897} into host ROOT
[10:16:36] [Server thread/DEBUG] [de.an.AntikytheraMechanism/]: Adopted complete Sable relocation for assembly f5c437ff-0bcf-4b2b-a751-54769ce3de71 by BlockPos{x=-28514552, y=-186, z=-11421897} into host ROOT
[10:16:36] [Server thread/WARN] [de.an.AntikytheraMechanism/]: Managed Sable SubLevel c3697f8a-5030-4d4e-a8c7-373665d5470b for assembly f5c437ff-0bcf-4b2b-a751-54769ce3de71 was removed (REMOVED)
[10:16:37] [Server thread/WARN] [de.an.AntikytheraMechanism/]: Managed Sable SubLevel 062f3e2f-75fd-4d95-a9bf-79a5683ab7ce for assembly 267c8f3a-43e0-4c16-b89f-7739314f63e5 was removed (REMOVED)
[10:16:37] [Server thread/INFO] [minecraft/GameTestServer]: [++]
[10:16:37] [Server thread/INFO] [minecraft/GameTestServer]: ========= 2 GAME TESTS COMPLETE IN 1.373 s ======================
[10:16:37] [Server thread/INFO] [minecraft/GameTestServer]: All 2 required tests passed :)
[10:16:37] [Server thread/INFO] [minecraft/GameTestServer]: ====================================================
[10:16:37] [Server thread/WARN] [de.an.AntikytheraMechanism/]: [FREEZE-WATCHDOG] Armed 5min shutdown/save window after server/world shutdown and save on thread Server thread (stall threshold=30000ms, generation=6)
[10:16:37] [Server thread/INFO] [minecraft/MinecraftServer]: Stopping server
[10:16:37] [Server thread/INFO] [minecraft/MinecraftServer]: Saving players
[10:16:37] [Server thread/INFO] [minecraft/MinecraftServer]: Saving worlds
[10:16:37] [Server thread/INFO] [minecraft/MinecraftServer]: Saving chunks for level 'ServerLevel[Test Level]'/minecraft:overworld
[10:16:37] [Server thread/INFO] [de.ry.sa.Sable/]: Saving sub-levels for level 'ServerLevel[Test Level]'/minecraft:overworld
[10:16:37] [Server thread/DEBUG] [mixin/]: Mixing SubLevelSerializerManagedLoadMixin from antikytheramechanism.mixins.json into dev.ryanhcode.sable.sublevel.storage.serialization.SubLevelSerializer
[10:16:37] [Server thread/DEBUG] [mixin/]: Mixing SableNBTUtilsMixin from sablescale.mixins.json into dev.ryanhcode.sable.util.SableNBTUtils
[10:16:37] [Server thread/DEBUG] [mixin/]: sablescale.mixins.json:SableNBTUtilsMixin from mod sablescale->@Inject::sablescale$writeScale(Ldev/ryanhcode/sable/companion/math/Pose3d;Lorg/spongepowered/asm/mixin/injection/callback/CallbackInfoReturnable;)V does use it's CallbackInfoReturnable
[10:16:37] [Server thread/DEBUG] [mixin/]: sablescale.mixins.json:SableNBTUtilsMixin from mod sablescale->@Inject::sablescale$readScale(Lnet/minecraft/nbt/CompoundTag;Lorg/spongepowered/asm/mixin/injection/callback/CallbackInfoReturnable;)V does use it's CallbackInfoReturnable
[10:16:38] [Server thread/INFO] [minecraft/MinecraftServer]: Saving chunks for level 'ServerLevel[Test Level]'/minecraft:the_end
[10:16:38] [Server thread/INFO] [de.ry.sa.Sable/]: Saving sub-levels for level 'ServerLevel[Test Level]'/minecraft:the_end
[10:16:38] [Server thread/INFO] [minecraft/MinecraftServer]: Saving chunks for level 'ServerLevel[Test Level]'/minecraft:the_nether
[10:16:38] [Server thread/INFO] [de.ry.sa.Sable/]: Saving sub-levels for level 'ServerLevel[Test Level]'/minecraft:the_nether
[10:16:38] [Server thread/DEBUG] [ne.ne.ne.co.CommonHooks/WP]: Gathered mod list to write to world save Test Level
[10:16:38] [Server thread/INFO] [minecraft/MinecraftServer]: ThreadedAnvilChunkStorage (world): All chunks are saved
[10:16:38] [Server thread/INFO] [minecraft/MinecraftServer]: ThreadedAnvilChunkStorage (DIM1): All chunks are saved
[10:16:38] [Server thread/INFO] [minecraft/MinecraftServer]: ThreadedAnvilChunkStorage (DIM-1): All chunks are saved
[10:16:38] [Server thread/INFO] [minecraft/MinecraftServer]: ThreadedAnvilChunkStorage: All dimensions are saved
[10:16:38] [Server thread/DEBUG] [co.si.cr.Create/]: Removed Redstone Network Space for minecraft:overworld
[10:16:38] [Server thread/DEBUG] [co.si.cr.Create/]: Removed Kinetic Network Space for minecraft:overworld
[10:16:38] [Server thread/DEBUG] [de.an.AntikytheraMechanism/]: Managed Sable SubLevel 1458b9cc-0022-4a3e-ab96-36ca149e44ac for assembly a6ad6488-f164-45de-bba2-6a6ce565d231 unloaded normally
[10:16:38] [Server thread/DEBUG] [de.an.AntikytheraMechanism/]: Managed Sable SubLevel 866b990e-e6b5-41b2-8439-94e9f29fc68d for assembly e9ce6b57-2caa-41ca-9022-15f5b6622189 unloaded normally
[10:16:38] [Server thread/DEBUG] [co.si.cr.Create/]: Removed Redstone Network Space for minecraft:the_end
[10:16:38] [Server thread/DEBUG] [co.si.cr.Create/]: Removed Kinetic Network Space for minecraft:the_end
[10:16:38] [Server thread/DEBUG] [co.si.cr.Create/]: Removed Redstone Network Space for minecraft:the_nether
[10:16:38] [Server thread/DEBUG] [co.si.cr.Create/]: Removed Kinetic Network Space for minecraft:the_nether
[10:16:38] [Server thread/INFO] [de.an.AntikytheraMechanism/]: [FREEZE-WATCHDOG] Disarmed after server/world shutdown completed (generation=7)
[10:16:38] [Server thread/DEBUG] [ne.ne.fm.co.ConfigTracker/CONFIG]: Unloading configs type SERVER
[10:16:38] [Server thread/INFO] [minecraft/GameTestServer]: Game test server shutting down
gradle/actions: Writing build results to /home/runner/work/_temp/.gradle-actions/build-results/__run-1787134568976.json

[Incubating] Problems report is available at: file:///home/runner/work/AntikytheraMechanism/AntikytheraMechanism/build/reports/problems/problems-report.html

Deprecated Gradle features were used in this build, making it incompatible with Gradle 10.

You can use '--warning-mode all' to show the individual deprecation warnings and determine if they come from your own scripts or plugins.

For more on this, please refer to https://docs.gradle.org/9.2.1/userguide/command_line_interface.html#sec:command_line_warnings in the Gradle documentation.

BUILD SUCCESSFUL in 33s
8 actionable tasks: 2 executed, 6 up-to-date
Configuration cache entry stored.
