To honour the JVM settings for this build a single-use Daemon process will be forked. For more on this, please refer to https://docs.gradle.org/9.2.1/userguide/gradle_daemon.html#sec:disabling_the_daemon in the Gradle documentation.
Daemon will be stopped at the end of the build 
Calculating task graph as no cached configuration is available for tasks: runGameTestServer

> Configure project :
Creating Minecraft artifacts without recompilation.

> Task :writeGameTestServerLegacyClasspath
> Task :generateModMetadata
> Task :processResources

> Task :downloadAssets
Loaded 131 artifacts from /home/runner/work/AntikytheraMechanism/AntikytheraMechanism/build/tmp/downloadAssets/nfrt_artifact_manifest.properties
Downloading asset index 17
Using Minecraft asset root: /home/runner/.gradle/caches/neoformruntime/assets
  ↓ https://piston-meta.mojang.com/v1/packages/84fb63f8ed4091fab26fb68b32f79dfecfae31d9/17.json

> Task :createMinecraftArtifacts
Loaded 131 artifacts from /home/runner/work/AntikytheraMechanism/AntikytheraMechanism/build/tmp/createMinecraftArtifacts/nfrt_artifact_manifest.properties
[1m*** Started working on [4mdownloadJson[0m[0m
 [1m[92m✓[0m Completed [4mdownloadJson[0m in 0.04s
[1m*** Started working on [4mdownloadServer[0m[0m
[1m*** Started working on [4mdownloadClientMappings[0m[0m
[1m*** Started working on [4mdownloadClient[0m[0m
 [1m[92m✓[0m Completed [4mdownloadServer[0m in 0.09s
 [1m[92m✓[0m Completed [4mdownloadClient[0m in 0.09s
 [1m[92m✓[0m Completed [4mdownloadClientMappings[0m in 0.10s
[1m*** Started working on [4mstripClient[0m[0m
 [1m[92m♻[0m Used cache of [4mstripClient[0m in 0.00s
[1m*** Started working on [4mmergeMappings[0m[0m
 [1m[92m♻[0m Used cache of [4mmergeMappings[0m in 0.00s
[1m*** Started working on [4mextractServer[0m[0m
 [1m[92m♻[0m Used cache of [4mextractServer[0m in 0.00s
[1m*** Started working on [4mstripServer[0m[0m
 [1m[92m♻[0m Used cache of [4mstripServer[0m in 0.00s
[1m*** Started working on [4mmerge[0m[0m
 [1m[92m♻[0m Used cache of [4mmerge[0m in 0.00s
[1m*** Started working on [4mrename[0m[0m
 [1m[92m♻[0m Used cache of [4mrename[0m in 0.00s
[1m*** Started working on [4mbinaryPatch[0m[0m
 [1m[92m♻[0m Used cache of [4mbinaryPatch[0m in 0.01s
[1m*** Started working on [4mcopyUnpatchedClasses[0m[0m
 [1m[92m♻[0m Used cache of [4mcopyUnpatchedClasses[0m in 0.00s
[1m*** Started working on [4mapplyDevTransforms[0m[0m
 [1m[92m♻[0m Used cache of [4mapplyDevTransforms[0m in 0.00s
[1m*** Started working on [4mbinaryWithNeoForge[0m[0m
 [1m[92m♻[0m Used cache of [4mbinaryWithNeoForge[0m in 0.00s
Performing periodic cache maintenance on /home/runner/.gradle/caches/neoformruntime
Cleaning intermediate results cache in /home/runner/.gradle/caches/neoformruntime/intermediate_results
 Maximum age: 744h
 Maximum cache size: 10 GiB
 [0;2;3m30 files found[0m
 [0;2;3m219 MiB overall size[0m
 [0;2;3m0 expired keys found[0m
[0;2;3m Deleted 14 outdated lock files
Total runtime: 1.92s


> Task :downloadAssets
100/3888 downloads
200/3888 downloads
300/3888 downloads
400/3888 downloads
500/3888 downloads
600/3888 downloads
700/3888 downloads
800/3888 downloads
900/3888 downloads
1000/3888 downloads
1100/3888 downloads
1200/3888 downloads
1300/3888 downloads
1400/3888 downloads
1500/3888 downloads
1600/3888 downloads
1700/3888 downloads
1800/3888 downloads
1900/3888 downloads
2000/3888 downloads
2100/3888 downloads
2200/3888 downloads
2300/3888 downloads
2400/3888 downloads
2500/3888 downloads
2600/3888 downloads
2700/3888 downloads
2800/3888 downloads
2900/3888 downloads
3000/3888 downloads
3100/3888 downloads
3200/3888 downloads
3300/3888 downloads
3400/3888 downloads
3500/3888 downloads
3600/3888 downloads
3700/3888 downloads
3800/3888 downloads
Downloaded 3888 files with a total size of 783 MiB

> Task :prepareGameTestServerRun

> Task :compileJava
Note: Some input files use or override a deprecated API.
Note: Recompile with -Xlint:deprecation for details.

> Task :classes

> Task :runGameTestServer
WARN StatusConsoleListener Advanced terminal features are not available in this environment
[10:15:35] [main/INFO] [cp.mo.mo.Launcher/MODLAUNCHER]: ModLauncher running: args [--launchTarget, forgeserverdev, --gameDir, ., --fml.fmlVersion, 4.0.42, --fml.mcVersion, 1.21.1, --fml.neoForgeVersion, 21.1.228, --fml.neoFormVersion, 20240808.144430]
[10:15:35] [main/INFO] [cp.mo.mo.Launcher/MODLAUNCHER]: JVM identified as Eclipse Adoptium OpenJDK 64-Bit Server VM 21.0.12+8-LTS
[10:15:35] [main/INFO] [cp.mo.mo.Launcher/MODLAUNCHER]: ModLauncher 11.0.5+main.901c6ea8 starting: java version 21.0.12 by Eclipse Adoptium; OS Linux arch amd64 version 6.17.0-1022-azure
[10:15:35] [main/DEBUG] [cp.mo.mo.LaunchServiceHandler/MODLAUNCHER]: Found launch services [minecraft,forgeclient,forgedatauserdev,testharness,forgeserverdev,forgeserveruserdev,forgejunitdev,forgeclientdev,forgeclientuserdev,forgeserver,forgejunituserdev,forgedatadev]
[10:15:35] [main/DEBUG] [cp.mo.mo.LaunchPluginHandler/MODLAUNCHER]: Found launch plugins: [mixin,slf4jfixer,runtime_enum_extender,accesstransformer,runtimedistcleaner]
[10:15:35] [main/DEBUG] [cp.mo.mo.TransformationServicesHandler/MODLAUNCHER]: Discovering transformation services
[10:15:35] [main/DEBUG] [ne.ne.fm.lo.FMLPaths/CORE]: Path GAMEDIR is /home/runner/work/AntikytheraMechanism/AntikytheraMechanism/run
[10:15:35] [main/DEBUG] [ne.ne.fm.lo.FMLPaths/CORE]: Path MODSDIR is /home/runner/work/AntikytheraMechanism/AntikytheraMechanism/run/mods
[10:15:35] [main/DEBUG] [ne.ne.fm.lo.FMLPaths/CORE]: Path CONFIGDIR is /home/runner/work/AntikytheraMechanism/AntikytheraMechanism/run/config
[10:15:35] [main/DEBUG] [ne.ne.fm.lo.FMLPaths/CORE]: Path FMLCONFIG is /home/runner/work/AntikytheraMechanism/AntikytheraMechanism/run/config/fml.toml
[10:15:35] [main/DEBUG] [ne.ne.fm.lo.ta.CommonLaunchHandler/CORE]: Got mod coordinates antikytheramechanism%%/home/runner/work/AntikytheraMechanism/AntikytheraMechanism/build/classes/java/main:antikytheramechanism%%/home/runner/work/AntikytheraMechanism/AntikytheraMechanism/build/resources/main from env
[10:15:35] [main/DEBUG] [ne.ne.fm.lo.ta.CommonLaunchHandler/CORE]: Found supplied mod coordinates [{antikytheramechanism=[/home/runner/work/AntikytheraMechanism/AntikytheraMechanism/build/classes/java/main, /home/runner/work/AntikytheraMechanism/AntikytheraMechanism/build/resources/main]}]
[10:15:35] [main/DEBUG] [cp.mo.mo.TransformationServicesHandler/MODLAUNCHER]: Found additional transformation services from discovery services: 
[10:15:35] [main/INFO] [ne.ne.fm.lo.ImmediateWindowHandler/]: ImmediateWindowProvider not loading because launch target is forgeserverdev
[10:15:35] [main/DEBUG] [cp.mo.mo.TransformationServicesHandler/MODLAUNCHER]: Found transformer services : [mixin,fml]
[10:15:35] [main/DEBUG] [cp.mo.mo.TransformationServicesHandler/MODLAUNCHER]: Transformation services loading
[10:15:35] [main/DEBUG] [cp.mo.mo.TransformationServiceDecorator/MODLAUNCHER]: Loading service mixin
[10:15:35] [main/DEBUG] [cp.mo.mo.TransformationServiceDecorator/MODLAUNCHER]: Loaded service mixin
[10:15:35] [main/DEBUG] [cp.mo.mo.TransformationServiceDecorator/MODLAUNCHER]: Loading service fml
[10:15:35] [main/DEBUG] [ne.ne.fm.lo.FMLLoader/CORE]: FML 4.0.42 loading
[10:15:35] [main/DEBUG] [ne.ne.fm.lo.FMLLoader/CORE]: FML found ModLauncher version : 11.0.5+main.901c6ea8
[10:15:35] [main/DEBUG] [ne.ne.fm.lo.FMLLoader/CORE]: FML found AccessTransformer version : 10.0.1+139da711
[10:15:35] [main/DEBUG] [ne.ne.fm.lo.FMLLoader/CORE]: FML found EventBus version : null
[10:15:35] [main/DEBUG] [ne.ne.fm.lo.FMLLoader/CORE]: Found Runtime Dist Cleaner
[10:15:35] [main/DEBUG] [cp.mo.mo.TransformationServiceDecorator/MODLAUNCHER]: Loaded service fml
[10:15:35] [main/DEBUG] [cp.mo.mo.TransformationServicesHandler/MODLAUNCHER]: Configuring option handling for services
[10:15:35] [main/DEBUG] [ne.ne.fm.lo.FMLServiceProvider/CORE]: Received command line version data  : VersionInfo[neoForgeVersion=21.1.228, fmlVersion=4.0.42, mcVersion=1.21.1, neoFormVersion=20240808.144430]
[10:15:35] [main/DEBUG] [cp.mo.mo.TransformationServicesHandler/MODLAUNCHER]: Transformation services initializing
[10:15:35] [main/DEBUG] [cp.mo.mo.TransformationServiceDecorator/MODLAUNCHER]: Initializing transformation service mixin
[10:15:35] [main/DEBUG] [mixin/]: MixinService [ModLauncher] was successfully booted in cpw.mods.cl.ModuleClassLoader@131276c2
[10:15:35] [main/INFO] [mixin/]: SpongePowered MIXIN Subsystem Version=0.8.7 Source=union:/home/runner/.gradle/caches/modules-2/files-2.1/net.fabricmc/sponge-mixin/0.15.2+mixin.0.8.7/2af2f021d8e02a0220dc27a7a72b4666d66d44ca/sponge-mixin-0.15.2+mixin.0.8.7.jar%2394!/ Service=ModLauncher Env=SERVER
[10:15:35] [main/DEBUG] [mixin/]: Initialising Mixin Platform Manager
[10:15:35] [main/DEBUG] [mixin/]: Adding mixin platform agents for container ModLauncher Root Container(ModLauncher:4f56a0a2)
[10:15:35] [main/DEBUG] [mixin/]: Instancing new MixinPlatformAgentMinecraftForge for ModLauncher Root Container(ModLauncher:4f56a0a2)
[10:15:35] [main/DEBUG] [mixin/]: MixinPlatformAgentMinecraftForge rejected container ModLauncher Root Container(ModLauncher:4f56a0a2)
[10:15:35] [main/DEBUG] [mixin/]: Instancing new MixinPlatformAgentDefault for ModLauncher Root Container(ModLauncher:4f56a0a2)
[10:15:35] [main/DEBUG] [mixin/]: MixinPlatformAgentDefault accepted container ModLauncher Root Container(ModLauncher:4f56a0a2)
[10:15:35] [main/DEBUG] [cp.mo.mo.TransformationServiceDecorator/MODLAUNCHER]: Initialized transformation service mixin
[10:15:35] [main/DEBUG] [cp.mo.mo.TransformationServiceDecorator/MODLAUNCHER]: Initializing transformation service fml
[10:15:35] [main/DEBUG] [ne.ne.fm.lo.FMLServiceProvider/CORE]: Setting up basic FML game directories
[10:15:35] [main/DEBUG] [ne.ne.fm.lo.FMLPaths/CORE]: Path GAMEDIR is /home/runner/work/AntikytheraMechanism/AntikytheraMechanism/run
[10:15:35] [main/DEBUG] [ne.ne.fm.lo.FMLPaths/CORE]: Path MODSDIR is /home/runner/work/AntikytheraMechanism/AntikytheraMechanism/run/mods
[10:15:35] [main/DEBUG] [ne.ne.fm.lo.FMLPaths/CORE]: Path CONFIGDIR is /home/runner/work/AntikytheraMechanism/AntikytheraMechanism/run/config
[10:15:35] [main/DEBUG] [ne.ne.fm.lo.FMLPaths/CORE]: Path FMLCONFIG is /home/runner/work/AntikytheraMechanism/AntikytheraMechanism/run/config/fml.toml
[10:15:35] [main/DEBUG] [ne.ne.fm.lo.FMLServiceProvider/CORE]: Loading configuration
[10:15:35] [main/DEBUG] [ne.ne.fm.lo.FMLServiceProvider/CORE]: Preparing launch handler
[10:15:35] [main/DEBUG] [ne.ne.fm.lo.FMLLoader/CORE]: Using forgeserverdev as launch service
[10:15:35] [main/DEBUG] [cp.mo.mo.TransformationServiceDecorator/MODLAUNCHER]: Initialized transformation service fml
[10:15:35] [main/DEBUG] [cp.mo.mo.TransformationServicesHandler/MODLAUNCHER]: Transformation services begin scanning
[10:15:35] [main/DEBUG] [cp.mo.mo.TransformationServiceDecorator/MODLAUNCHER]: Beginning scan trigger - transformation service mixin
[10:15:35] [main/DEBUG] [cp.mo.mo.TransformationServiceDecorator/MODLAUNCHER]: End scan trigger - transformation service mixin
[10:15:35] [main/DEBUG] [cp.mo.mo.TransformationServiceDecorator/MODLAUNCHER]: Beginning scan trigger - transformation service fml
[10:15:35] [main/DEBUG] [ne.ne.fm.lo.FMLServiceProvider/CORE]: Initiating mod scan
[10:15:35] [main/DEBUG] [ne.ne.fm.lo.ta.CommonLaunchHandler/CORE]: Got mod coordinates antikytheramechanism%%/home/runner/work/AntikytheraMechanism/AntikytheraMechanism/build/classes/java/main:antikytheramechanism%%/home/runner/work/AntikytheraMechanism/AntikytheraMechanism/build/resources/main from env
[10:15:35] [main/DEBUG] [ne.ne.fm.lo.ta.CommonLaunchHandler/CORE]: Found supplied mod coordinates [{antikytheramechanism=[/home/runner/work/AntikytheraMechanism/AntikytheraMechanism/build/classes/java/main, /home/runner/work/AntikytheraMechanism/AntikytheraMechanism/build/resources/main]}]
[10:15:35] [main/DEBUG] [ne.ne.fm.lo.ta.CommonDevLaunchHandler/]: Launching with NeoForge from /home/runner/work/AntikytheraMechanism/AntikytheraMechanism/build/moddev/artifacts/neoforge-21.1.228.jar
[10:15:35] [main/DEBUG] [ne.ne.fm.ut.ServiceLoaderUtil/CORE]: Found 4 implementations of IModFileCandidateLocator:
[10:15:35] [main/DEBUG] [ne.ne.fm.ut.ServiceLoaderUtil/CORE]: 	       0 - [built-in] net.neoforged.fml.loading.moddiscovery.locators.NeoForgeDevProvider from loader-4.0.42.jar
[10:15:35] [main/DEBUG] [ne.ne.fm.ut.ServiceLoaderUtil/CORE]: 	       0 - net.neoforged.fml.loading.moddiscovery.locators.ModsFolderLocator from loader-4.0.42.jar
[10:15:35] [main/DEBUG] [ne.ne.fm.ut.ServiceLoaderUtil/CORE]: 	       0 - net.neoforged.fml.loading.moddiscovery.locators.MavenDirectoryLocator from loader-4.0.42.jar
[10:15:35] [main/DEBUG] [ne.ne.fm.ut.ServiceLoaderUtil/CORE]: 	   -1000 - [built-in] net.neoforged.fml.loading.moddiscovery.locators.UserdevLocator from loader-4.0.42.jar
[10:15:35] [main/DEBUG] [ne.ne.fm.ut.ServiceLoaderUtil/CORE]: Found 2 implementations of IModFileReader:
[10:15:35] [main/DEBUG] [ne.ne.fm.ut.ServiceLoaderUtil/CORE]: 	       0 - net.neoforged.fml.loading.moddiscovery.readers.JarModsDotTomlModFileReader from loader-4.0.42.jar
[10:15:35] [main/DEBUG] [ne.ne.fm.ut.ServiceLoaderUtil/CORE]: 	   -1000 - net.neoforged.fml.loading.moddiscovery.readers.NestedLibraryModReader from loader-4.0.42.jar
[10:15:35] [main/DEBUG] [ne.ne.fm.ut.ServiceLoaderUtil/CORE]: Found 1 implementations of IDependencyLocator:
[10:15:35] [main/DEBUG] [ne.ne.fm.ut.ServiceLoaderUtil/CORE]: 	       0 - net.neoforged.fml.loading.moddiscovery.locators.JarInJarDependencyLocator from loader-4.0.42.jar
[10:15:35] [main/DEBUG] [ne.ne.fm.lo.mo.ModFileInfo/LOADING]: Found valid mod file neoforge-21.1.228.jar with {minecraft} mods - versions {1.21.1}
[10:15:35] [main/DEBUG] [ne.ne.fm.lo.mo.ModFileParser/LOADING]: Considering mod file candidate /home/runner/work/AntikytheraMechanism/AntikytheraMechanism/build/moddev/artifacts/neoforge-21.1.228.jar
[10:15:35] [main/DEBUG] [ne.ne.fm.lo.mo.ModFileInfo/LOADING]: Found valid mod file neoforge-21.1.228.jar with {neoforge} mods - versions {21.1.228}
[10:15:35] [main/DEBUG] [ne.ne.fm.lo.mo.ModListHandler/CORE]: Found mod coordinates from lists: []
[10:15:35] [main/DEBUG] [ne.ne.fm.lo.mo.ModFileParser/LOADING]: Considering mod file candidate /home/runner/work/AntikytheraMechanism/AntikytheraMechanism/build/classes/java/main
[10:15:35] [main/DEBUG] [ne.ne.fm.lo.mo.ModFileInfo/LOADING]: Found valid mod file main with {antikytheramechanism} mods - versions {0.1.0}
[10:15:35] [main/DEBUG] [ne.ne.fm.lo.mo.ModFileParser/LOADING]: Considering mod file candidate /home/runner/work/AntikytheraMechanism/AntikytheraMechanism/build/moddev/artifacts/neoforge-21.1.228.jar
[10:15:35] [main/DEBUG] [ne.ne.fm.lo.mo.ModFileInfo/LOADING]: Found valid mod file neoforge-21.1.228.jar with {neoforge} mods - versions {21.1.228}
[10:15:35] [main/DEBUG] [ne.ne.fm.lo.mo.ModFileParser/LOADING]: Considering mod file candidate /home/runner/.gradle/caches/modules-2/files-2.1/dev.ryanhcode.sable/sable-neoforge-1.21.1/2.0.3/f3ba9a497122ba29d9e94ebe6f9a3a3aaa5fa756/sable-neoforge-1.21.1-2.0.3.jar
[10:15:35] [main/DEBUG] [ne.ne.fm.lo.mo.ModFileInfo/LOADING]: Found valid mod file sable-neoforge-1.21.1-2.0.3.jar with {sable} mods - versions {2.0.3}
[10:15:35] [main/DEBUG] [ne.ne.fm.lo.mo.ModFileParser/LOADING]: Considering mod file candidate /home/runner/.gradle/caches/modules-2/files-2.1/curse.maven/sable-scaling-1607775/8564797/9d0ab34cc09e71fbca4129f725e072bbea03cf1c/sable-scaling-1607775-8564797.jar
[10:15:35] [main/DEBUG] [ne.ne.fm.lo.mo.ModFileInfo/LOADING]: Found valid mod file sable-scaling-1607775-8564797.jar with {sablescale} mods - versions {1.2.0}
[10:15:35] [main/DEBUG] [ne.ne.fm.lo.mo.ModFileParser/LOADING]: Considering mod file candidate /home/runner/.gradle/caches/modules-2/files-2.1/dev.ryanhcode.sable-companion/sable-companion-common-1.21.1/1.6.0/370be7db705926176e05c0215ed676150c45daae/sable-companion-common-1.21.1-1.6.0.jar
[10:15:35] [main/DEBUG] [ne.ne.fm.lo.mo.ModFileInfo/LOADING]: Found valid mod file sable-companion-common-1.21.1-1.6.0.jar with {sablecompanion} mods - versions {1.6.0}
[10:15:35] [main/DEBUG] [ne.ne.fm.lo.mo.ModFileParser/LOADING]: Considering mod file candidate /home/runner/.gradle/caches/modules-2/files-2.1/foundry.veil/veil-neoforge-1.21.1/4.1.4/642ec0bd02213ee087d86eda553d6d79c6a04d2b/veil-neoforge-1.21.1-4.1.4.jar
[10:15:35] [main/DEBUG] [ne.ne.fm.lo.mo.ModFileInfo/LOADING]: Found valid mod file veil-neoforge-1.21.1-4.1.4.jar with {veil} mods - versions {4.1.4}
[10:15:35] [main/DEBUG] [ne.ne.fm.lo.mo.ModDiscoverer/]: Skipping /home/runner/.gradle/caches/modules-2/files-2.1/net.neoforged.fancymodloader/earlydisplay/4.0.42/46555dbfff14e9e052f1f693aed14d542a74e111/earlydisplay-4.0.42.jar because it was already located earlier
[10:15:35] [main/DEBUG] [ne.ne.fm.lo.mo.ModDiscoverer/]: Skipping /home/runner/.gradle/caches/modules-2/files-2.1/net.neoforged.fancymodloader/loader/4.0.42/76e15f98bf676fb44b36c5e776f52a55581ec43a/loader-4.0.42.jar because it was already located earlier
[10:15:35] [main/DEBUG] [ne.ne.fm.lo.mo.ModDiscoverer/]: Skipping /home/runner/.gradle/caches/modules-2/files-2.1/net.neoforged.accesstransformers/at-modlauncher/10.0.1/5aba50202aceead086bc09fbc2751c9f05cb4890/at-modlauncher-10.0.1.jar because it was already located earlier
[10:15:35] [main/DEBUG] [ne.ne.fm.lo.mo.ModDiscoverer/]: Skipping /home/runner/.gradle/caches/modules-2/files-2.1/net.neoforged/accesstransformers/10.0.1/fd83b5725f76eae9115e9355fa1c456a6a441400/accesstransformers-10.0.1.jar because it was already located earlier
[10:15:35] [main/DEBUG] [ne.ne.fm.lo.mo.ModDiscoverer/]: Skipping /home/runner/.gradle/caches/modules-2/files-2.1/net.neoforged/bus/8.0.5/5b2d33285ab5d1554e9798ad98c40d6ea3868bd5/bus-8.0.5.jar because it was already located earlier
[10:15:35] [main/DEBUG] [ne.ne.fm.lo.mo.ModDiscoverer/]: Skipping /home/runner/.gradle/caches/modules-2/files-2.1/net.neoforged/coremods/7.0.3/9147e6f638b4272b3bd5fc8f92ad37802512c6c/coremods-7.0.3.jar because it was already located earlier
[10:15:35] [main/DEBUG] [ne.ne.fm.lo.mo.ModDiscoverer/]: Skipping /home/runner/.gradle/caches/modules-2/files-2.1/cpw.mods/modlauncher/11.0.5/b8f0d49294f733fdb6173931b263553e943dc950/modlauncher-11.0.5.jar because it was already located earlier
[10:15:35] [main/DEBUG] [ne.ne.fm.lo.mo.ModDiscoverer/]: Skipping /home/runner/.gradle/caches/modules-2/files-2.1/net.neoforged/mergetool/2.0.0/52fe1949be64e3303aabaaa21e315f551db9c9f4/mergetool-2.0.0-api.jar because it was already located earlier
[10:15:35] [main/DEBUG] [ne.ne.fm.lo.mo.ModDiscoverer/]: Skipping /home/runner/.gradle/caches/modules-2/files-2.1/com.electronwill.night-config/toml/3.8.3/90b2fd6efcb4a7d5b9810cf78f9d824994d717f2/toml-3.8.3.jar because it was already located earlier
[10:15:35] [main/DEBUG] [ne.ne.fm.lo.mo.ModDiscoverer/]: Skipping /home/runner/.gradle/caches/modules-2/files-2.1/com.electronwill.night-config/core/3.8.3/b442a95f09e349927f5a945ecb594455870fcf4f/core-3.8.3.jar because it was already located earlier
[10:15:35] [main/DEBUG] [ne.ne.fm.lo.mo.ModDiscoverer/]: Skipping /home/runner/.gradle/caches/modules-2/files-2.1/net.neoforged/JarJarSelector/0.4.1/fb3cc7a58af22ad2880adb98af6d518128c47dae/JarJarSelector-0.4.1.jar because it was already located earlier
[10:15:35] [main/DEBUG] [ne.ne.fm.lo.mo.ModDiscoverer/]: Skipping /home/runner/.gradle/caches/modules-2/files-2.1/net.neoforged/JarJarMetadata/0.4.1/f8da03683dc81694556dc3e177c5e3bb77ae6fcb/JarJarMetadata-0.4.1.jar because it was already located earlier
[10:15:35] [main/DEBUG] [ne.ne.fm.lo.mo.ModDiscoverer/]: Skipping /home/runner/.gradle/caches/modules-2/files-2.1/org.apache.maven/maven-artifact/3.8.5/4433f50c07debefaed0553bd0068f4f48d449313/maven-artifact-3.8.5.jar because it was already located earlier
[10:15:35] [main/DEBUG] [ne.ne.fm.lo.mo.ModDiscoverer/]: Skipping /home/runner/.gradle/caches/modules-2/files-2.1/net.jodah/typetools/0.6.3/a01aaa6ddaea9ec07ec4f209487b7a46a526283a/typetools-0.6.3.jar because it was already located earlier
[10:15:35] [main/DEBUG] [ne.ne.fm.lo.mo.ModDiscoverer/]: Skipping /home/runner/.gradle/caches/modules-2/files-2.1/net.minecrell/terminalconsoleappender/1.3.0/b562e9bb61235c9520e26282cdee71f8f802d1fc/terminalconsoleappender-1.3.0.jar because it was already located earlier
[10:15:35] [main/DEBUG] [ne.ne.fm.lo.mo.ModDiscoverer/]: Skipping /home/runner/.gradle/caches/modules-2/files-2.1/net.fabricmc/sponge-mixin/0.15.2+mixin.0.8.7/2af2f021d8e02a0220dc27a7a72b4666d66d44ca/sponge-mixin-0.15.2+mixin.0.8.7.jar because it was already located earlier
[10:15:35] [main/DEBUG] [ne.ne.fm.lo.mo.ModDiscoverer/]: Skipping /home/runner/.gradle/caches/modules-2/files-2.1/org.openjdk.nashorn/nashorn-core/15.4/f67f5ffaa5f5130cf6fb9b133da00c7df3b532a5/nashorn-core-15.4.jar because it was already located earlier
[10:15:35] [main/DEBUG] [ne.ne.fm.lo.mo.ModDiscoverer/]: Skipping /home/runner/.gradle/caches/modules-2/files-2.1/org.apache.commons/commons-lang3/3.14.0/1ed471194b02f2c6cb734a0cd6f6f107c673afae/commons-lang3-3.14.0.jar because it was already located earlier
[10:15:35] [main/DEBUG] [ne.ne.fm.lo.mo.ModDiscoverer/]: Skipping /home/runner/.gradle/caches/modules-2/files-2.1/net.sf.jopt-simple/jopt-simple/5.0.4/4fdac2fbe92dfad86aa6e9301736f6b4342a3f5c/jopt-simple-5.0.4.jar because it was already located earlier
[10:15:35] [main/DEBUG] [ne.ne.fm.lo.mo.ModDiscoverer/]: Skipping /home/runner/.gradle/caches/modules-2/files-2.1/commons-io/commons-io/2.15.1/f11560da189ab563a5c8e351941415430e9304ea/commons-io-2.15.1.jar because it was already located earlier
[10:15:35] [main/DEBUG] [ne.ne.fm.lo.mo.ModDiscoverer/]: Skipping /home/runner/.gradle/caches/modules-2/files-2.1/com.mojang/logging/1.2.7/24cb95ffb0e3433fd6e844c04e68009e504ca1c0/logging-1.2.7.jar because it was already located earlier
[10:15:35] [main/DEBUG] [ne.ne.fm.lo.mo.ModDiscoverer/]: Skipping /home/runner/.gradle/caches/modules-2/files-2.1/org.apache.logging.log4j/log4j-slf4j2-impl/2.22.1/d7e6693c2606cb7e7335047d7bb96dec52db5665/log4j-slf4j2-impl-2.22.1.jar because it was already located earlier
[10:15:35] [main/DEBUG] [ne.ne.fm.lo.mo.ModDiscoverer/]: Skipping /home/runner/.gradle/caches/modules-2/files-2.1/org.apache.logging.log4j/log4j-core/2.22.1/7183a25510a02ad00cc6a95d3b3d2a7d3c5a8dc4/log4j-core-2.22.1.jar because it was already located earlier
[10:15:35] [main/DEBUG] [ne.ne.fm.lo.mo.ModDiscoverer/]: Skipping /home/runner/.gradle/caches/modules-2/files-2.1/org.apache.logging.log4j/log4j-api/2.22.1/bea6fede6328fabafd7e68363161a7ea6605abd1/log4j-api-2.22.1.jar because it was already located earlier
[10:15:35] [main/DEBUG] [ne.ne.fm.lo.mo.ModDiscoverer/]: Skipping /home/runner/.gradle/caches/modules-2/files-2.1/com.google.guava/guava/32.1.2-jre/5e64ec7e056456bef3a4bc4c6fdaef71e8ab6318/guava-32.1.2-jre.jar because it was already located earlier
[10:15:35] [main/DEBUG] [ne.ne.fm.lo.mo.ModDiscoverer/]: Skipping /home/runner/.gradle/caches/modules-2/files-2.1/com.google.code.gson/gson/2.10.1/b3add478d4382b78ea20b1671390a858002feb6c/gson-2.10.1.jar because it was already located earlier
[10:15:35] [main/DEBUG] [ne.ne.fm.lo.mo.ModDiscoverer/]: Skipping /home/runner/.gradle/caches/modules-2/files-2.1/org.slf4j/slf4j-api/2.0.9/7cf2726fdcfbc8610f9a71fb3ed639871f315340/slf4j-api-2.0.9.jar because it was already located earlier
[10:15:35] [main/DEBUG] [ne.ne.fm.lo.mo.ModDiscoverer/]: Skipping /home/runner/.gradle/caches/modules-2/files-2.1/org.antlr/antlr4-runtime/4.13.1/17125bae1d965624e265ef49552f6465a2bfa307/antlr4-runtime-4.13.1.jar because it was already located earlier
[10:15:35] [main/DEBUG] [ne.ne.fm.lo.mo.ModDiscoverer/]: Skipping /home/runner/.gradle/caches/modules-2/files-2.1/net.minecraftforge/srgutils/0.4.15/ca408b131759478f164e010fae0d73997e125fb5/srgutils-0.4.15.jar because it was already located earlier
[10:15:35] [main/DEBUG] [ne.ne.fm.lo.mo.ModDiscoverer/]: Skipping /home/runner/.gradle/caches/modules-2/files-2.1/org.codehaus.plexus/plexus-utils/3.3.0/cf43b5391de623b36fe066a21127baef82c64022/plexus-utils-3.3.0.jar because it was already located earlier
[10:15:35] [main/DEBUG] [ne.ne.fm.lo.mo.ModDiscoverer/]: Skipping /home/runner/.gradle/caches/modules-2/files-2.1/org.jline/jline-reader/3.20.0/8f15415b022a25b473e8e16c28ae913186ffb9c4/jline-reader-3.20.0.jar because it was already located earlier
[10:15:35] [main/DEBUG] [ne.ne.fm.lo.mo.ModDiscoverer/]: Skipping /home/runner/.gradle/caches/modules-2/files-2.1/com.machinezoo.noexception/noexception/1.7.1/b65330c98e38a1f915fa54a6e5eca496505e3f0a/noexception-1.7.1.jar because it was already located earlier
[10:15:35] [main/DEBUG] [ne.ne.fm.lo.mo.ModDiscoverer/]: Skipping /home/runner/.gradle/caches/modules-2/files-2.1/com.github.oshi/oshi-core/6.4.10/b1d8ab82d11d92fd639b56d639f8f46f739dd5fa/oshi-core-6.4.10.jar because it was already located earlier
[10:15:35] [main/DEBUG] [ne.ne.fm.lo.mo.ModDiscoverer/]: Skipping /home/runner/.gradle/caches/modules-2/files-2.1/com.google.guava/failureaccess/1.0.1/1dcf1de382a0bf95a3d8b0849546c88bac1292c9/failureaccess-1.0.1.jar because it was already located earlier
[10:15:35] [main/DEBUG] [ne.ne.fm.lo.mo.ModDiscoverer/]: Skipping /home/runner/.gradle/caches/modules-2/files-2.1/com.mojang/authlib/6.0.54/de8bc95660e1b2fe8793fd427a7a10dcec5b3ea7/authlib-6.0.54.jar because it was already located earlier
[10:15:35] [main/DEBUG] [ne.ne.fm.lo.mo.ModDiscoverer/]: Skipping /home/runner/.gradle/caches/modules-2/files-2.1/com.mojang/brigadier/1.3.10/d15b53a14cf20fdcaa98f731af5dda654452c010/brigadier-1.3.10.jar because it was already located earlier
[10:15:35] [main/DEBUG] [ne.ne.fm.lo.mo.ModDiscoverer/]: Skipping /home/runner/.gradle/caches/modules-2/files-2.1/com.mojang/datafixerupper/8.0.16/67d4de6d7f95d89bcf5862995fb854ebaec02a34/datafixerupper-8.0.16.jar because it was already located earlier
[10:15:36] [main/DEBUG] [ne.ne.fm.lo.mo.ModDiscoverer/]: Skipping /home/runner/.gradle/caches/modules-2/files-2.1/io.netty/netty-buffer/4.1.97.Final/f8f3d8644afa5e6e1a40a3a6aeb9d9aa970ecb4f/netty-buffer-4.1.97.Final.jar because it was already located earlier
[10:15:36] [main/DEBUG] [ne.ne.fm.lo.mo.ModDiscoverer/]: Skipping /home/runner/.gradle/caches/modules-2/files-2.1/io.netty/netty-codec/4.1.97.Final/384ba4d75670befbedb45c4d3b497a93639c206d/netty-codec-4.1.97.Final.jar because it was already located earlier
[10:15:36] [main/DEBUG] [ne.ne.fm.lo.mo.ModDiscoverer/]: Skipping /home/runner/.gradle/caches/modules-2/files-2.1/io.netty/netty-common/4.1.97.Final/7cceacaf11df8dc63f23d0fb58e9d4640fc88404/netty-common-4.1.97.Final.jar because it was already located earlier
[10:15:36] [main/DEBUG] [ne.ne.fm.lo.mo.ModDiscoverer/]: Skipping /home/runner/.gradle/caches/modules-2/files-2.1/io.netty/netty-handler/4.1.97.Final/abb86c6906bf512bf2b797a41cd7d2e8d3cd7c36/netty-handler-4.1.97.Final.jar because it was already located earlier
[10:15:36] [main/DEBUG] [ne.ne.fm.lo.mo.ModDiscoverer/]: Skipping /home/runner/.gradle/caches/modules-2/files-2.1/io.netty/netty-resolver/4.1.97.Final/cec8348108dc76c47cf87c669d514be52c922144/netty-resolver-4.1.97.Final.jar because it was already located earlier
[10:15:36] [main/DEBUG] [ne.ne.fm.lo.mo.ModDiscoverer/]: Skipping /home/runner/.gradle/caches/modules-2/files-2.1/io.netty/netty-transport-classes-epoll/4.1.97.Final/795da37ded759e862457a82d9d92c4d39ce8ecee/netty-transport-classes-epoll-4.1.97.Final.jar because it was already located earlier
[10:15:36] [main/DEBUG] [ne.ne.fm.lo.mo.ModDiscoverer/]: Skipping /home/runner/.gradle/caches/modules-2/files-2.1/io.netty/netty-transport-native-unix-common/4.1.97.Final/d469d84265ab70095b01b40886cabdd433b6e664/netty-transport-native-unix-common-4.1.97.Final.jar because it was already located earlier
[10:15:36] [main/DEBUG] [ne.ne.fm.lo.mo.ModDiscoverer/]: Skipping /home/runner/.gradle/caches/modules-2/files-2.1/io.netty/netty-transport/4.1.97.Final/f37380d23c9bb079bc702910833b2fd532c9abd0/netty-transport-4.1.97.Final.jar because it was already located earlier
[10:15:36] [main/DEBUG] [ne.ne.fm.lo.mo.ModDiscoverer/]: Skipping /home/runner/.gradle/caches/modules-2/files-2.1/it.unimi.dsi/fastutil/8.5.12/c24946d46824bd528054bface3231d2ecb7e95e8/fastutil-8.5.12.jar because it was already located earlier
[10:15:36] [main/DEBUG] [ne.ne.fm.lo.mo.ModDiscoverer/]: Skipping /home/runner/.gradle/caches/modules-2/files-2.1/net.java.dev.jna/jna-platform/5.14.0/28934d48aed814f11e4c584da55c49fa7032b31b/jna-platform-5.14.0.jar because it was already located earlier
[10:15:36] [main/DEBUG] [ne.ne.fm.lo.mo.ModDiscoverer/]: Skipping /home/runner/.gradle/caches/modules-2/files-2.1/net.java.dev.jna/jna/5.14.0/67bf3eaea4f0718cb376a181a629e5f88fa1c9dd/jna-5.14.0.jar because it was already located earlier
[10:15:36] [main/DEBUG] [ne.ne.fm.lo.mo.ModDiscoverer/]: Skipping /home/runner/.gradle/caches/modules-2/files-2.1/org.joml/joml/1.10.5/22566d58af70ad3d72308bab63b8339906deb649/joml-1.10.5.jar because it was already located earlier
[10:15:36] [main/DEBUG] [ne.ne.fm.lo.mo.ModDiscoverer/]: Skipping /home/runner/.gradle/caches/modules-2/files-2.1/org.lz4/lz4-java/1.8.0/4b986a99445e49ea5fbf5d149c4b63f6ed6c6780/lz4-java-1.8.0.jar because it was already located earlier
[10:15:36] [main/DEBUG] [ne.ne.fm.lo.mo.ModDiscoverer/]: Skipping /home/runner/.gradle/caches/modules-2/files-2.1/org.jline/jline-terminal/3.20.0/d0ddcc708ddf527a3454c941b7b9225cc83a15ff/jline-terminal-3.20.0.jar because it was already located earlier
[10:15:36] [main/DEBUG] [ne.ne.fm.lo.mo.ModDiscoverer/]: Skipping /home/runner/.gradle/caches/modules-2/files-2.1/io.netty/netty-transport-native-epoll/4.1.97.Final/5514744c588190ffda076b35a9b8c9f24946a960/netty-transport-native-epoll-4.1.97.Final-linux-aarch_64.jar because it was already located earlier
[10:15:36] [main/DEBUG] [ne.ne.fm.lo.mo.ModDiscoverer/]: Skipping /home/runner/.gradle/caches/modules-2/files-2.1/io.netty/netty-transport-native-epoll/4.1.97.Final/54188f271e388e7f313aea995e82f58ce2cdb809/netty-transport-native-epoll-4.1.97.Final-linux-x86_64.jar because it was already located earlier
[10:15:36] [main/DEBUG] [ne.ne.fm.lo.mo.ModDiscoverer/]: Skipping /home/runner/.gradle/caches/modules-2/files-2.1/com.google.guava/listenablefuture/9999.0-empty-to-avoid-conflict-with-guava/b421526c5f297295adef1c886e5246c39d4ac629/listenablefuture-9999.0-empty-to-avoid-conflict-with-guava.jar because it was already located earlier
[10:15:36] [main/DEBUG] [ne.ne.fm.lo.mo.ModDiscoverer/]: Skipping /home/runner/.gradle/caches/modules-2/files-2.1/com.google.code.findbugs/jsr305/3.0.2/25ea2e8b0c338a877313bd4672d3fe056ea78f0d/jsr305-3.0.2.jar because it was already located earlier
[10:15:36] [main/DEBUG] [ne.ne.fm.lo.mo.ModDiscoverer/]: Skipping /home/runner/.gradle/caches/modules-2/files-2.1/org.checkerframework/checker-qual/3.33.0/de2b60b62da487644fc11f734e73c8b0b431238f/checker-qual-3.33.0.jar because it was already located earlier
[10:15:36] [main/DEBUG] [ne.ne.fm.lo.mo.ModDiscoverer/]: Skipping /home/runner/.gradle/caches/modules-2/files-2.1/com.google.errorprone/error_prone_annotations/2.18.0/89b684257096f548fa39a7df9fdaa409d4d4df91/error_prone_annotations-2.18.0.jar because it was already located earlier
[10:15:36] [main/DEBUG] [ne.ne.fm.lo.mo.ModDiscoverer/]: Skipping /home/runner/.gradle/caches/modules-2/files-2.1/com.google.j2objc/j2objc-annotations/2.8/c85270e307e7b822f1086b93689124b89768e273/j2objc-annotations-2.8.jar because it was already located earlier
[10:15:36] [main/DEBUG] [ne.ne.fm.lo.UniqueModListBuilder/]: Found 2 mods for first modid neoforge, selecting most recent based on version data
[10:15:36] [main/DEBUG] [ne.ne.fm.lo.UniqueModListBuilder/]: Selected file neoforge-21.1.228.jar for modid neoforge with version 21.1.228
[10:15:36] [main/DEBUG] [ne.ne.fm.lo.mo.ModFileParser/LOADING]: Considering mod file candidate 
[10:15:36] [main/DEBUG] [ne.ne.fm.lo.mo.ModFileInfo/LOADING]: Found valid mod file sable-companion-common-1.21.1-1.6.0.jar with {sablecompanion} mods - versions {1.6.0}
[10:15:36] [main/DEBUG] [ne.ne.fm.lo.mo.ModFileParser/LOADING]: Considering mod file candidate 
[10:15:36] [main/DEBUG] [ne.ne.fm.lo.mo.ModFileInfo/LOADING]: Found valid mod file veil-neoforge-1.21.1-4.1.4.jar with {veil} mods - versions {4.1.4}
[10:15:36] [main/DEBUG] [ne.ne.fm.lo.mo.ModFileParser/LOADING]: Considering mod file candidate 
[10:15:36] [main/DEBUG] [ne.ne.fm.lo.mo.ModFileInfo/LOADING]: Found valid mod file veil-neoforge-1.21.1-4.1.4.jar with {veil} mods - versions {4.1.4}
[10:15:36] [main/DEBUG] [ne.ne.fm.lo.mo.ModFileParser/LOADING]: Considering mod file candidate 
[10:15:36] [main/DEBUG] [ne.ne.fm.lo.mo.ModFileInfo/LOADING]: Found valid mod file sable-companion-common-1.21.1-1.6.0.jar with {sablecompanion} mods - versions {1.6.0}
[10:15:36] [main/WARN] [ne.ne.ja.se.JarSelector/]: Attempted to select a dependency jar for JarJar which was passed in as source: veil. Using Mod File: /home/runner/.gradle/caches/modules-2/files-2.1/foundry.veil/veil-neoforge-1.21.1/4.1.4/642ec0bd02213ee087d86eda553d6d79c6a04d2b/veil-neoforge-1.21.1-4.1.4.jar
[10:15:36] [main/WARN] [ne.ne.ja.se.JarSelector/]: Attempted to select a dependency jar for JarJar which was passed in as source: sablecompanion. Using Mod File: /home/runner/.gradle/caches/modules-2/files-2.1/dev.ryanhcode.sable-companion/sable-companion-common-1.21.1/1.6.0/370be7db705926176e05c0215ed676150c45daae/sable-companion-common-1.21.1-1.6.0.jar
[10:15:36] [main/WARN] [ne.ne.ja.se.JarSelector/]: Attempted to select a dependency jar for JarJar which was passed in as source: library:sable_rapier. Using Mod File: /home/runner/.gradle/caches/modules-2/files-2.1/dev.ryanhcode.sable/sable-sable_rapier-1.21.1/2.0.3/a88c0860320890144b6b44c332a2a2db3a61e189/sable-sable_rapier-1.21.1-2.0.3.jar
[10:15:36] [main/INFO] [ne.ne.fm.lo.mo.lo.JarInJarDependencyLocator/]: Found 6 dependencies adding them to mods collection
[10:15:36] [main/INFO] [ne.ne.fm.lo.mo.ModDiscoverer/]: 
     Mod List:
		Name Version (Mod Id)

		Antikythera Mechanism 0.1.0 (antikytheramechanism)
		Minecraft 1.21.1 (minecraft)
		NeoForge 21.1.228 (neoforge)
		Sable 2.0.3 (sable)
		Sable Companion 1.6.0 (sablecompanion)
		Sable Scale 1.2.0 (sablescale)
		Veil 4.1.4 (veil)
[10:15:36] [main/DEBUG] [ne.ne.fm.lo.mo.ModFileInfo/LOADING]: Found valid mod file neoforge-21.1.228.jar with {minecraft} mods - versions {1.21.1}
[10:15:36] [main/DEBUG] [ne.ne.fm.lo.mo.ModFile/LOADING]: Loading mod file /home/runner/work/AntikytheraMechanism/AntikytheraMechanism/build/moddev/artifacts/neoforge-21.1.228.jar with languages [LanguageSpec[languageName=minecraft, acceptedVersions=1]]
[10:15:36] [main/DEBUG] [ne.ne.fm.lo.mo.ModFileParser/LOADING]: Considering mod file candidate /home/runner/.gradle/caches/modules-2/files-2.1/curse.maven/sable-scaling-1607775/8564797/9d0ab34cc09e71fbca4129f725e072bbea03cf1c/sable-scaling-1607775-8564797.jar
[10:15:36] [main/DEBUG] [ne.ne.fm.lo.mo.ModFileInfo/LOADING]: Found valid mod file sable-scaling-1607775-8564797.jar with {sablescale} mods - versions {1.2.0}
[10:15:36] [main/DEBUG] [ne.ne.fm.lo.mo.ModFile/LOADING]: Loading mod file /home/runner/.gradle/caches/modules-2/files-2.1/curse.maven/sable-scaling-1607775/8564797/9d0ab34cc09e71fbca4129f725e072bbea03cf1c/sable-scaling-1607775-8564797.jar with languages [LanguageSpec[languageName=javafml, acceptedVersions=[1,)]]
[10:15:36] [main/DEBUG] [ne.ne.fm.lo.mo.ModFile/LOADING]: Found mixin config MixinConfig[config=sablescale.mixins.json, requiredMods=[]]
[10:15:36] [main/DEBUG] [ne.ne.fm.lo.mo.ModFile/LOADING]: Found mixin config MixinConfig[config=sablescale.flywheel.mixins.json, requiredMods=[]]
[10:15:36] [main/DEBUG] [ne.ne.fm.lo.mo.ModFile/LOADING]: Found mixin config MixinConfig[config=sablescale.simulated.mixins.json, requiredMods=[]]
[10:15:36] [main/DEBUG] [ne.ne.fm.lo.mo.ModFileParser/LOADING]: Considering mod file candidate /home/runner/.gradle/caches/modules-2/files-2.1/foundry.veil/veil-neoforge-1.21.1/4.1.4/642ec0bd02213ee087d86eda553d6d79c6a04d2b/veil-neoforge-1.21.1-4.1.4.jar
[10:15:36] [main/DEBUG] [ne.ne.fm.lo.mo.ModFileInfo/LOADING]: Found valid mod file veil-neoforge-1.21.1-4.1.4.jar with {veil} mods - versions {4.1.4}
[10:15:36] [main/DEBUG] [ne.ne.fm.lo.mo.ModFile/LOADING]: Loading mod file /home/runner/.gradle/caches/modules-2/files-2.1/foundry.veil/veil-neoforge-1.21.1/4.1.4/642ec0bd02213ee087d86eda553d6d79c6a04d2b/veil-neoforge-1.21.1-4.1.4.jar with languages [LanguageSpec[languageName=javafml, acceptedVersions=[4,)]]
[10:15:36] [main/DEBUG] [ne.ne.fm.lo.mo.ModFile/LOADING]: Found mixin config MixinConfig[config=veil.command.mixins.json, requiredMods=[]]
[10:15:36] [main/DEBUG] [ne.ne.fm.lo.mo.ModFile/LOADING]: Found mixin config MixinConfig[config=veil.debug.mixins.json, requiredMods=[]]
[10:15:36] [main/DEBUG] [ne.ne.fm.lo.mo.ModFile/LOADING]: Found mixin config MixinConfig[config=veil.dynamicbuffer.mixins.json, requiredMods=[]]
[10:15:36] [main/DEBUG] [ne.ne.fm.lo.mo.ModFile/LOADING]: Found mixin config MixinConfig[config=veil.fix.mixins.json, requiredMods=[]]
[10:15:36] [main/DEBUG] [ne.ne.fm.lo.mo.ModFile/LOADING]: Found mixin config MixinConfig[config=veil.framebuffer.mixins.json, requiredMods=[]]
[10:15:36] [main/DEBUG] [ne.ne.fm.lo.mo.ModFile/LOADING]: Found mixin config MixinConfig[config=veil.necromancer.mixins.json, requiredMods=[]]
[10:15:36] [main/DEBUG] [ne.ne.fm.lo.mo.ModFile/LOADING]: Found mixin config MixinConfig[config=veil.network.mixins.json, requiredMods=[]]
[10:15:36] [main/DEBUG] [ne.ne.fm.lo.mo.ModFile/LOADING]: Found mixin config MixinConfig[config=veil.performance.mixins.json, requiredMods=[]]
[10:15:36] [main/DEBUG] [ne.ne.fm.lo.mo.ModFile/LOADING]: Found mixin config MixinConfig[config=veil.perspective.mixins.json, requiredMods=[]]
[10:15:36] [main/DEBUG] [ne.ne.fm.lo.mo.ModFile/LOADING]: Found mixin config MixinConfig[config=veil.pipeline.mixins.json, requiredMods=[]]
[10:15:36] [main/DEBUG] [ne.ne.fm.lo.mo.ModFile/LOADING]: Found mixin config MixinConfig[config=veil.quasar.mixins.json, requiredMods=[]]
[10:15:36] [main/DEBUG] [ne.ne.fm.lo.mo.ModFile/LOADING]: Found mixin config MixinConfig[config=veil.registry.mixins.json, requiredMods=[]]
[10:15:36] [main/DEBUG] [ne.ne.fm.lo.mo.ModFile/LOADING]: Found mixin config MixinConfig[config=veil.rendertype.mixins.json, requiredMods=[]]
[10:15:36] [main/DEBUG] [ne.ne.fm.lo.mo.ModFile/LOADING]: Found mixin config MixinConfig[config=veil.resource.mixins.json, requiredMods=[]]
[10:15:36] [main/DEBUG] [ne.ne.fm.lo.mo.ModFile/LOADING]: Found mixin config MixinConfig[config=veil.scheduler.mixins.json, requiredMods=[]]
[10:15:36] [main/DEBUG] [ne.ne.fm.lo.mo.ModFile/LOADING]: Found mixin config MixinConfig[config=veil.shader.mixins.json, requiredMods=[]]
[10:15:36] [main/DEBUG] [ne.ne.fm.lo.mo.ModFile/LOADING]: Found mixin config MixinConfig[config=veil.neoforge.mixins.json, requiredMods=[]]
[10:15:36] [main/DEBUG] [ne.ne.fm.lo.mo.ModFileParser/LOADING]: Considering mod file candidate /home/runner/.gradle/caches/modules-2/files-2.1/dev.ryanhcode.sable/sable-neoforge-1.21.1/2.0.3/f3ba9a497122ba29d9e94ebe6f9a3a3aaa5fa756/sable-neoforge-1.21.1-2.0.3.jar
[10:15:36] [main/DEBUG] [ne.ne.fm.lo.mo.ModFileInfo/LOADING]: Found valid mod file sable-neoforge-1.21.1-2.0.3.jar with {sable} mods - versions {2.0.3}
[10:15:36] [main/DEBUG] [ne.ne.fm.lo.mo.ModFile/LOADING]: Loading mod file /home/runner/.gradle/caches/modules-2/files-2.1/dev.ryanhcode.sable/sable-neoforge-1.21.1/2.0.3/f3ba9a497122ba29d9e94ebe6f9a3a3aaa5fa756/sable-neoforge-1.21.1-2.0.3.jar with languages [LanguageSpec[languageName=javafml, acceptedVersions=[4,)]]
[10:15:36] [main/DEBUG] [ne.ne.fm.lo.mo.ModFile/LOADING]: Found mixin config MixinConfig[config=sable.mixins.json, requiredMods=[]]
[10:15:36] [main/DEBUG] [ne.ne.fm.lo.mo.ModFile/LOADING]: Found mixin config MixinConfig[config=sable-neoforge.mixins.json, requiredMods=[]]
[10:15:36] [main/DEBUG] [ne.ne.fm.lo.mo.ModFileParser/LOADING]: Considering mod file candidate /home/runner/work/AntikytheraMechanism/AntikytheraMechanism/build/classes/java/main
[10:15:36] [main/DEBUG] [ne.ne.fm.lo.mo.ModFileInfo/LOADING]: Found valid mod file main with {antikytheramechanism} mods - versions {0.1.0}
[10:15:36] [main/DEBUG] [ne.ne.fm.lo.mo.ModFile/LOADING]: Loading mod file /home/runner/work/AntikytheraMechanism/AntikytheraMechanism/build/classes/java/main with languages [LanguageSpec[languageName=javafml, acceptedVersions=[1,)]]
[10:15:36] [main/DEBUG] [ne.ne.fm.lo.mo.ModFile/LOADING]: Found mixin config MixinConfig[config=antikytheramechanism.mixins.json, requiredMods=[]]
[10:15:36] [main/DEBUG] [ne.ne.fm.lo.mo.ModFile/LOADING]: Found mixin config MixinConfig[config=antikytheramechanism.client.mixins.json, requiredMods=[]]
[10:15:36] [main/DEBUG] [ne.ne.fm.lo.mo.ModFileParser/LOADING]: Considering mod file candidate /home/runner/.gradle/caches/modules-2/files-2.1/dev.ryanhcode.sable-companion/sable-companion-common-1.21.1/1.6.0/370be7db705926176e05c0215ed676150c45daae/sable-companion-common-1.21.1-1.6.0.jar
[10:15:36] [main/DEBUG] [ne.ne.fm.lo.mo.ModFileInfo/LOADING]: Found valid mod file sable-companion-common-1.21.1-1.6.0.jar with {sablecompanion} mods - versions {1.6.0}
[10:15:36] [main/DEBUG] [ne.ne.fm.lo.mo.ModFile/LOADING]: Loading mod file /home/runner/.gradle/caches/modules-2/files-2.1/dev.ryanhcode.sable-companion/sable-companion-common-1.21.1/1.6.0/370be7db705926176e05c0215ed676150c45daae/sable-companion-common-1.21.1-1.6.0.jar with languages [LanguageSpec[languageName=javafml, acceptedVersions=[4,)]]
[10:15:36] [main/DEBUG] [ne.ne.fm.lo.mo.ModFileParser/LOADING]: Considering mod file candidate /home/runner/work/AntikytheraMechanism/AntikytheraMechanism/build/moddev/artifacts/neoforge-21.1.228.jar
[10:15:36] [main/DEBUG] [ne.ne.fm.lo.mo.ModFileInfo/LOADING]: Found valid mod file neoforge-21.1.228.jar with {neoforge} mods - versions {21.1.228}
[10:15:36] [main/DEBUG] [ne.ne.fm.lo.mo.ModFile/LOADING]: Loading mod file /home/runner/work/AntikytheraMechanism/AntikytheraMechanism/build/moddev/artifacts/neoforge-21.1.228.jar with languages [LanguageSpec[languageName=javafml, acceptedVersions=[3,]]]
[10:15:36] [main/DEBUG] [ne.ne.fm.lo.mo.ModFile/LOADING]: Found mixin config MixinConfig[config=neoforge.mixins.json, requiredMods=[]]
[10:15:36] [main/DEBUG] [ne.ne.fm.lo.mo.ModFile/LOADING]: Loading mod file /home/runner/.gradle/caches/modules-2/files-2.1/dev.ryanhcode.sable/sable-sable_rapier-1.21.1/2.0.3/a88c0860320890144b6b44c332a2a2db3a61e189/sable-sable_rapier-1.21.1-2.0.3.jar with languages []
[10:15:36] [main/DEBUG] [ne.ne.fm.lo.mo.ModFile/LOADING]: Loading mod file  with languages []
[10:15:36] [main/DEBUG] [ne.ne.fm.lo.mo.ModFile/LOADING]: Loading mod file  with languages []
[10:15:36] [main/DEBUG] [cp.mo.mo.TransformationServiceDecorator/MODLAUNCHER]: End scan trigger - transformation service fml
[10:15:36] [main/DEBUG] [ne.ne.fm.ut.ServiceLoaderUtil/CORE]: Found 3 implementations of IModLanguageLoader:
[10:15:36] [main/DEBUG] [ne.ne.fm.ut.ServiceLoaderUtil/CORE]: 	net.neoforged.fml.javafmlmod.FMLJavaModLanguageProvider from loader-4.0.42.jar
[10:15:36] [main/DEBUG] [ne.ne.fm.ut.ServiceLoaderUtil/CORE]: 	net.neoforged.fml.lowcodemod.LowCodeModLanguageProvider from loader-4.0.42.jar
[10:15:36] [main/DEBUG] [ne.ne.fm.ut.ServiceLoaderUtil/CORE]: 	net.neoforged.fml.mclanguageprovider.MinecraftModLanguageProvider from loader-4.0.42.jar
[10:15:36] [main/DEBUG] [ne.ne.fm.lo.LanguageProviderLoader/CORE]: Found language provider javafml, version 4.0.42
[10:15:36] [main/DEBUG] [ne.ne.fm.lo.LanguageProviderLoader/CORE]: Found language provider lowcodefml, version 4.0.42
[10:15:36] [main/DEBUG] [ne.ne.fm.lo.LanguageProviderLoader/CORE]: Found language provider minecraft, version 4.0.42
[10:15:36] [main/DEBUG] [ne.ne.fm.lo.ModSorter/]: Configured system mods: [minecraft, neoforge]
[10:15:36] [main/DEBUG] [ne.ne.fm.lo.ModSorter/]: Found system mod: minecraft
[10:15:36] [main/DEBUG] [ne.ne.fm.lo.ModSorter/]: Found system mod: neoforge
[10:15:36] [main/DEBUG] [ne.ne.fm.lo.ModSorter/LOADING]: Found 21 mod requirements (12 mandatory, 9 optional)
[10:15:36] [main/DEBUG] [ne.ne.fm.lo.ModSorter/LOADING]: Found 0 mod requirements missing (0 mandatory, 0 optional)
[10:15:36] [main/DEBUG] [mixin/]: Adding mixin platform agents for container net.neoforged.fml.loading.mixin.FMLMixinContainerHandle@3c7cfcbb
[10:15:36] [main/DEBUG] [mixin/]: Instancing new MixinPlatformAgentMinecraftForge for net.neoforged.fml.loading.mixin.FMLMixinContainerHandle@3c7cfcbb
[10:15:36] [main/DEBUG] [mixin/]: MixinPlatformAgentMinecraftForge rejected container net.neoforged.fml.loading.mixin.FMLMixinContainerHandle@3c7cfcbb
[10:15:36] [main/DEBUG] [mixin/]: Instancing new MixinPlatformAgentDefault for net.neoforged.fml.loading.mixin.FMLMixinContainerHandle@3c7cfcbb
[10:15:36] [main/DEBUG] [mixin/]: MixinPlatformAgentDefault accepted container net.neoforged.fml.loading.mixin.FMLMixinContainerHandle@3c7cfcbb
[10:15:36] [main/DEBUG] [mixin/]: Instancing new FMLMixinPlatformAgent for net.neoforged.fml.loading.mixin.FMLMixinContainerHandle@3c7cfcbb
[10:15:36] [main/DEBUG] [mixin/]: FMLMixinPlatformAgent accepted container net.neoforged.fml.loading.mixin.FMLMixinContainerHandle@3c7cfcbb
[10:15:36] [main/DEBUG] [cp.mo.mo.TransformationServicesHandler/MODLAUNCHER]: Transformation services loading transformers
[10:15:36] [main/DEBUG] [cp.mo.mo.TransformationServiceDecorator/MODLAUNCHER]: Initializing transformers for transformation service mixin
[10:15:36] [main/DEBUG] [cp.mo.mo.TransformationServiceDecorator/MODLAUNCHER]: Initialized transformers for transformation service mixin
[10:15:36] [main/DEBUG] [cp.mo.mo.TransformationServiceDecorator/MODLAUNCHER]: Initializing transformers for transformation service fml
[10:15:36] [main/DEBUG] [ne.ne.fm.lo.FMLServiceProvider/LOADING]: Loading coremod transformers
[10:15:36] [main/DEBUG] [ne.ne.fm.lo.FMLServiceProvider/CORE]: Not loading coremod script-engine since no mod requested it
[10:15:36] [main/DEBUG] [ne.ne.fm.ut.ServiceLoaderUtil/CORE]: Found 1 implementations of ICoreMod:
[10:15:36] [main/DEBUG] [ne.ne.fm.ut.ServiceLoaderUtil/CORE]: 	net.neoforged.neoforge.coremods.NeoForgeCoreMod from neoforge-21.1.228.jar > net.neoforged.neoforge-coremods-21.1.228.jar
[10:15:36] [main/DEBUG] [ne.ne.fm.lo.FMLServiceProvider/CORE]: Adding [Target[className=net.minecraft.world.level.biome.Biome, elementName=, elementDescriptor=, targetType=cpw.mods.modlauncher.api.TargetType@6179e425]] transformer from core-mod net.neoforged.neoforge.coremods.NeoForgeCoreMod@1eb6e1c in neoforge-21.1.228.jar > net.neoforged.neoforge-coremods-21.1.228.jar
[10:15:36] [main/DEBUG] [ne.ne.fm.lo.FMLServiceProvider/CORE]: Adding [Target[className=net.minecraft.world.level.levelgen.structure.Structure, elementName=, elementDescriptor=, targetType=cpw.mods.modlauncher.api.TargetType@6179e425]] transformer from core-mod net.neoforged.neoforge.coremods.NeoForgeCoreMod@1eb6e1c in neoforge-21.1.228.jar > net.neoforged.neoforge-coremods-21.1.228.jar
[10:15:36] [main/DEBUG] [ne.ne.fm.lo.FMLServiceProvider/CORE]: Adding [Target[className=net.minecraft.world.level.block.FlowerPotBlock, elementName=, elementDescriptor=, targetType=cpw.mods.modlauncher.api.TargetType@6179e425]] transformer from core-mod net.neoforged.neoforge.coremods.NeoForgeCoreMod@1eb6e1c in neoforge-21.1.228.jar > net.neoforged.neoforge-coremods-21.1.228.jar
[10:15:36] [main/DEBUG] [ne.ne.fm.lo.FMLServiceProvider/CORE]: Adding [Target[className=net/minecraft/world/entity/animal/frog/Tadpole, elementName=, elementDescriptor=, targetType=cpw.mods.modlauncher.api.TargetType@6179e425], Target[className=net/minecraft/world/level/levelgen/structure/structures/SwampHutPiece, elementName=, elementDescriptor=, targetType=cpw.mods.modlauncher.api.TargetType@6179e425], Target[className=net/minecraft/world/entity/monster/Evoker$EvokerSummonSpellGoal, elementName=, elementDescriptor=, targetType=cpw.mods.modlauncher.api.TargetType@6179e425], Target[className=net/minecraft/world/level/levelgen/structure/structures/OceanMonumentPieces$OceanMonumentPiece, elementName=, elementDescriptor=, targetType=cpw.mods.modlauncher.api.TargetType@6179e425], Target[className=net/minecraft/world/level/levelgen/structure/templatesystem/StructureTemplate, elementName=, elementDescriptor=, targetType=cpw.mods.modlauncher.api.TargetType@6179e425], Target[className=net/minecraft/world/entity/raid/Raid, elementName=, elementDescriptor=, targetType=cpw.mods.modlauncher.api.TargetType@6179e425], Target[className=net/minecraft/world/entity/monster/Spider, elementName=, elementDescriptor=, targetType=cpw.mods.modlauncher.api.TargetType@6179e425], Target[className=net/minecraft/world/level/levelgen/structure/structures/OceanRuinPieces$OceanRuinPiece, elementName=, elementDescriptor=, targetType=cpw.mods.modlauncher.api.TargetType@6179e425], Target[className=net/minecraft/world/entity/monster/ZombieVillager, elementName=, elementDescriptor=, targetType=cpw.mods.modlauncher.api.TargetType@6179e425], Target[className=net/minecraft/world/entity/npc/Villager, elementName=, elementDescriptor=, targetType=cpw.mods.modlauncher.api.TargetType@6179e425], Target[className=net/minecraft/world/level/levelgen/PhantomSpawner, elementName=, elementDescriptor=, targetType=cpw.mods.modlauncher.api.TargetType@6179e425], Target[className=net/minecraft/world/entity/ai/village/VillageSiege, elementName=, elementDescriptor=, targetType=cpw.mods.modlauncher.api.TargetType@6179e425], Target[className=net/minecraft/world/level/NaturalSpawner, elementName=, elementDescriptor=, targetType=cpw.mods.modlauncher.api.TargetType@6179e425], Target[className=net/minecraft/world/entity/monster/Zombie, elementName=, elementDescriptor=, targetType=cpw.mods.modlauncher.api.TargetType@6179e425], Target[className=net/minecraft/world/level/levelgen/PatrolSpawner, elementName=, elementDescriptor=, targetType=cpw.mods.modlauncher.api.TargetType@6179e425], Target[className=net/minecraft/server/commands/SummonCommand, elementName=, elementDescriptor=, targetType=cpw.mods.modlauncher.api.TargetType@6179e425], Target[className=net/minecraft/world/entity/monster/Strider, elementName=, elementDescriptor=, targetType=cpw.mods.modlauncher.api.TargetType@6179e425], Target[className=net/minecraft/world/level/levelgen/structure/structures/WoodlandMansionPieces$WoodlandMansionPiece, elementName=, elementDescriptor=, targetType=cpw.mods.modlauncher.api.TargetType@6179e425], Target[className=net/minecraft/server/commands/RaidCommand, elementName=, elementDescriptor=, targetType=cpw.mods.modlauncher.api.TargetType@6179e425], Target[className=net/minecraft/world/entity/EntityType, elementName=, elementDescriptor=, targetType=cpw.mods.modlauncher.api.TargetType@6179e425], Target[className=net/minecraft/world/entity/animal/horse/SkeletonTrapGoal, elementName=, elementDescriptor=, targetType=cpw.mods.modlauncher.api.TargetType@6179e425], Target[className=net/minecraft/world/entity/npc/CatSpawner, elementName=, elementDescriptor=, targetType=cpw.mods.modlauncher.api.TargetType@6179e425]] transformer from core-mod net.neoforged.neoforge.coremods.NeoForgeCoreMod@1eb6e1c in neoforge-21.1.228.jar > net.neoforged.neoforge-coremods-21.1.228.jar
[10:15:36] [main/DEBUG] [cp.mo.mo.TransformStore/MODLAUNCHER]: Adding transformer net.neoforged.neoforge.coremods.ReplaceFieldWithGetterAccess@77d18d0b to Target : cpw.mods.modlauncher.api.TargetType@6179e425 {Lnet/minecraft/world/level/biome/Biome;} {} {V}
[10:15:36] [main/DEBUG] [cp.mo.mo.TransformStore/MODLAUNCHER]: Adding transformer net.neoforged.neoforge.coremods.ReplaceFieldWithGetterAccess@6a9d5dff to Target : cpw.mods.modlauncher.api.TargetType@6179e425 {Lnet/minecraft/world/level/levelgen/structure/Structure;} {} {V}
[10:15:36] [main/DEBUG] [cp.mo.mo.TransformStore/MODLAUNCHER]: Adding transformer net.neoforged.neoforge.coremods.ReplaceFieldWithGetterAccess@3b08f438 to Target : cpw.mods.modlauncher.api.TargetType@6179e425 {Lnet/minecraft/world/level/block/FlowerPotBlock;} {} {V}
[10:15:36] [main/DEBUG] [cp.mo.mo.TransformStore/MODLAUNCHER]: Adding transformer net.neoforged.neoforge.coremods.MethodRedirector@2bac9ba to Target : cpw.mods.modlauncher.api.TargetType@6179e425 {Lnet/minecraft/world/entity/animal/frog/Tadpole;} {} {V}
[10:15:36] [main/DEBUG] [cp.mo.mo.TransformStore/MODLAUNCHER]: Adding transformer net.neoforged.neoforge.coremods.MethodRedirector@2bac9ba to Target : cpw.mods.modlauncher.api.TargetType@6179e425 {Lnet/minecraft/world/level/levelgen/structure/structures/SwampHutPiece;} {} {V}
[10:15:36] [main/DEBUG] [cp.mo.mo.TransformStore/MODLAUNCHER]: Adding transformer net.neoforged.neoforge.coremods.MethodRedirector@2bac9ba to Target : cpw.mods.modlauncher.api.TargetType@6179e425 {Lnet/minecraft/world/entity/monster/Evoker$EvokerSummonSpellGoal;} {} {V}
[10:15:36] [main/DEBUG] [cp.mo.mo.TransformStore/MODLAUNCHER]: Adding transformer net.neoforged.neoforge.coremods.MethodRedirector@2bac9ba to Target : cpw.mods.modlauncher.api.TargetType@6179e425 {Lnet/minecraft/world/level/levelgen/structure/structures/OceanMonumentPieces$OceanMonumentPiece;} {} {V}
[10:15:36] [main/DEBUG] [cp.mo.mo.TransformStore/MODLAUNCHER]: Adding transformer net.neoforged.neoforge.coremods.MethodRedirector@2bac9ba to Target : cpw.mods.modlauncher.api.TargetType@6179e425 {Lnet/minecraft/world/level/levelgen/structure/templatesystem/StructureTemplate;} {} {V}
[10:15:36] [main/DEBUG] [cp.mo.mo.TransformStore/MODLAUNCHER]: Adding transformer net.neoforged.neoforge.coremods.MethodRedirector@2bac9ba to Target : cpw.mods.modlauncher.api.TargetType@6179e425 {Lnet/minecraft/world/entity/raid/Raid;} {} {V}
[10:15:36] [main/DEBUG] [cp.mo.mo.TransformStore/MODLAUNCHER]: Adding transformer net.neoforged.neoforge.coremods.MethodRedirector@2bac9ba to Target : cpw.mods.modlauncher.api.TargetType@6179e425 {Lnet/minecraft/world/entity/monster/Spider;} {} {V}
[10:15:36] [main/DEBUG] [cp.mo.mo.TransformStore/MODLAUNCHER]: Adding transformer net.neoforged.neoforge.coremods.MethodRedirector@2bac9ba to Target : cpw.mods.modlauncher.api.TargetType@6179e425 {Lnet/minecraft/world/level/levelgen/structure/structures/OceanRuinPieces$OceanRuinPiece;} {} {V}
[10:15:36] [main/DEBUG] [cp.mo.mo.TransformStore/MODLAUNCHER]: Adding transformer net.neoforged.neoforge.coremods.MethodRedirector@2bac9ba to Target : cpw.mods.modlauncher.api.TargetType@6179e425 {Lnet/minecraft/world/entity/monster/ZombieVillager;} {} {V}
[10:15:36] [main/DEBUG] [cp.mo.mo.TransformStore/MODLAUNCHER]: Adding transformer net.neoforged.neoforge.coremods.MethodRedirector@2bac9ba to Target : cpw.mods.modlauncher.api.TargetType@6179e425 {Lnet/minecraft/world/entity/npc/Villager;} {} {V}
[10:15:36] [main/DEBUG] [cp.mo.mo.TransformStore/MODLAUNCHER]: Adding transformer net.neoforged.neoforge.coremods.MethodRedirector@2bac9ba to Target : cpw.mods.modlauncher.api.TargetType@6179e425 {Lnet/minecraft/world/level/levelgen/PhantomSpawner;} {} {V}
[10:15:36] [main/DEBUG] [cp.mo.mo.TransformStore/MODLAUNCHER]: Adding transformer net.neoforged.neoforge.coremods.MethodRedirector@2bac9ba to Target : cpw.mods.modlauncher.api.TargetType@6179e425 {Lnet/minecraft/world/entity/ai/village/VillageSiege;} {} {V}
[10:15:36] [main/DEBUG] [cp.mo.mo.TransformStore/MODLAUNCHER]: Adding transformer net.neoforged.neoforge.coremods.MethodRedirector@2bac9ba to Target : cpw.mods.modlauncher.api.TargetType@6179e425 {Lnet/minecraft/world/level/NaturalSpawner;} {} {V}
[10:15:36] [main/DEBUG] [cp.mo.mo.TransformStore/MODLAUNCHER]: Adding transformer net.neoforged.neoforge.coremods.MethodRedirector@2bac9ba to Target : cpw.mods.modlauncher.api.TargetType@6179e425 {Lnet/minecraft/world/entity/monster/Zombie;} {} {V}
[10:15:36] [main/DEBUG] [cp.mo.mo.TransformStore/MODLAUNCHER]: Adding transformer net.neoforged.neoforge.coremods.MethodRedirector@2bac9ba to Target : cpw.mods.modlauncher.api.TargetType@6179e425 {Lnet/minecraft/world/level/levelgen/PatrolSpawner;} {} {V}
[10:15:36] [main/DEBUG] [cp.mo.mo.TransformStore/MODLAUNCHER]: Adding transformer net.neoforged.neoforge.coremods.MethodRedirector@2bac9ba to Target : cpw.mods.modlauncher.api.TargetType@6179e425 {Lnet/minecraft/server/commands/SummonCommand;} {} {V}
[10:15:36] [main/DEBUG] [cp.mo.mo.TransformStore/MODLAUNCHER]: Adding transformer net.neoforged.neoforge.coremods.MethodRedirector@2bac9ba to Target : cpw.mods.modlauncher.api.TargetType@6179e425 {Lnet/minecraft/world/entity/monster/Strider;} {} {V}
[10:15:36] [main/DEBUG] [cp.mo.mo.TransformStore/MODLAUNCHER]: Adding transformer net.neoforged.neoforge.coremods.MethodRedirector@2bac9ba to Target : cpw.mods.modlauncher.api.TargetType@6179e425 {Lnet/minecraft/world/level/levelgen/structure/structures/WoodlandMansionPieces$WoodlandMansionPiece;} {} {V}
[10:15:36] [main/DEBUG] [cp.mo.mo.TransformStore/MODLAUNCHER]: Adding transformer net.neoforged.neoforge.coremods.MethodRedirector@2bac9ba to Target : cpw.mods.modlauncher.api.TargetType@6179e425 {Lnet/minecraft/server/commands/RaidCommand;} {} {V}
[10:15:36] [main/DEBUG] [cp.mo.mo.TransformStore/MODLAUNCHER]: Adding transformer net.neoforged.neoforge.coremods.MethodRedirector@2bac9ba to Target : cpw.mods.modlauncher.api.TargetType@6179e425 {Lnet/minecraft/world/entity/EntityType;} {} {V}
[10:15:36] [main/DEBUG] [cp.mo.mo.TransformStore/MODLAUNCHER]: Adding transformer net.neoforged.neoforge.coremods.MethodRedirector@2bac9ba to Target : cpw.mods.modlauncher.api.TargetType@6179e425 {Lnet/minecraft/world/entity/animal/horse/SkeletonTrapGoal;} {} {V}
[10:15:36] [main/DEBUG] [cp.mo.mo.TransformStore/MODLAUNCHER]: Adding transformer net.neoforged.neoforge.coremods.MethodRedirector@2bac9ba to Target : cpw.mods.modlauncher.api.TargetType@6179e425 {Lnet/minecraft/world/entity/npc/CatSpawner;} {} {V}
[10:15:36] [main/DEBUG] [cp.mo.mo.TransformationServiceDecorator/MODLAUNCHER]: Initialized transformers for transformation service fml
[10:15:37] [main/DEBUG] [mixin/]: Processing prepare() for PlatformAgent[MixinPlatformAgentDefault:ModLauncher Root Container(ModLauncher:4f56a0a2)]
[10:15:37] [main/DEBUG] [mixin/]: Processing prepare() for PlatformAgent[MixinPlatformAgentDefault:net.neoforged.fml.loading.mixin.FMLMixinContainerHandle@3c7cfcbb]
[10:15:37] [main/DEBUG] [mixin/]: Processing prepare() for PlatformAgent[FMLMixinPlatformAgent:null]
[10:15:37] [main/DEBUG] [mixin/]: Compatibility level JAVA_21 specified by veil.command.mixins.json is higher than the maximum level supported by this version of mixin (JAVA_13).
[10:15:37] [main/INFO] [mixin/]: Compatibility level set to JAVA_21
[10:15:37] [main/DEBUG] [mixin/]: Processing launch tasks for PlatformAgent[MixinPlatformAgentDefault:ModLauncher Root Container(ModLauncher:4f56a0a2)]
[10:15:37] [main/DEBUG] [mixin/]: Adding mixin platform agents for container SecureJarResource(mixin_synthetic)
[10:15:37] [main/DEBUG] [mixin/]: Instancing new MixinPlatformAgentMinecraftForge for SecureJarResource(mixin_synthetic)
[10:15:37] [main/DEBUG] [mixin/]: MixinPlatformAgentMinecraftForge rejected container SecureJarResource(mixin_synthetic)
[10:15:37] [main/DEBUG] [mixin/]: Instancing new MixinPlatformAgentDefault for SecureJarResource(mixin_synthetic)
[10:15:37] [main/DEBUG] [mixin/]: MixinPlatformAgentDefault accepted container SecureJarResource(mixin_synthetic)
[10:15:37] [main/DEBUG] [mixin/]: Instancing new FMLMixinPlatformAgent for SecureJarResource(mixin_synthetic)
[10:15:37] [main/DEBUG] [mixin/]: FMLMixinPlatformAgent rejected container SecureJarResource(mixin_synthetic)
[10:15:37] [main/DEBUG] [mixin/]: Processing prepare() for PlatformAgent[MixinPlatformAgentDefault:SecureJarResource(mixin_synthetic)]
[10:15:37] [main/DEBUG] [mixin/]: Adding mixin platform agents for container SecureJarResource(minecraft)
[10:15:37] [main/DEBUG] [mixin/]: Instancing new MixinPlatformAgentMinecraftForge for SecureJarResource(minecraft)
[10:15:37] [main/DEBUG] [mixin/]: MixinPlatformAgentMinecraftForge rejected container SecureJarResource(minecraft)
[10:15:37] [main/DEBUG] [mixin/]: Instancing new MixinPlatformAgentDefault for SecureJarResource(minecraft)
[10:15:37] [main/DEBUG] [mixin/]: MixinPlatformAgentDefault accepted container SecureJarResource(minecraft)
[10:15:37] [main/DEBUG] [mixin/]: Instancing new FMLMixinPlatformAgent for SecureJarResource(minecraft)
[10:15:37] [main/DEBUG] [mixin/]: FMLMixinPlatformAgent rejected container SecureJarResource(minecraft)
[10:15:37] [main/DEBUG] [mixin/]: Processing prepare() for PlatformAgent[MixinPlatformAgentDefault:SecureJarResource(minecraft)]
[10:15:37] [main/DEBUG] [mixin/]: Adding mixin platform agents for container SecureJarResource(veil)
[10:15:37] [main/DEBUG] [mixin/]: Instancing new MixinPlatformAgentMinecraftForge for SecureJarResource(veil)
[10:15:37] [main/DEBUG] [mixin/]: MixinPlatformAgentMinecraftForge rejected container SecureJarResource(veil)
[10:15:37] [main/DEBUG] [mixin/]: Instancing new MixinPlatformAgentDefault for SecureJarResource(veil)
[10:15:37] [main/DEBUG] [mixin/]: MixinPlatformAgentDefault accepted container SecureJarResource(veil)
[10:15:37] [main/DEBUG] [mixin/]: Instancing new FMLMixinPlatformAgent for SecureJarResource(veil)
[10:15:37] [main/DEBUG] [mixin/]: FMLMixinPlatformAgent rejected container SecureJarResource(veil)
[10:15:37] [main/DEBUG] [mixin/]: Processing prepare() for PlatformAgent[MixinPlatformAgentDefault:SecureJarResource(veil)]
[10:15:37] [main/DEBUG] [mixin/]: Adding mixin platform agents for container SecureJarResource(sablecompanion)
[10:15:37] [main/DEBUG] [mixin/]: Instancing new MixinPlatformAgentMinecraftForge for SecureJarResource(sablecompanion)
[10:15:37] [main/DEBUG] [mixin/]: MixinPlatformAgentMinecraftForge rejected container SecureJarResource(sablecompanion)
[10:15:37] [main/DEBUG] [mixin/]: Instancing new MixinPlatformAgentDefault for SecureJarResource(sablecompanion)
[10:15:37] [main/DEBUG] [mixin/]: MixinPlatformAgentDefault accepted container SecureJarResource(sablecompanion)
[10:15:37] [main/DEBUG] [mixin/]: Instancing new FMLMixinPlatformAgent for SecureJarResource(sablecompanion)
[10:15:37] [main/DEBUG] [mixin/]: FMLMixinPlatformAgent rejected container SecureJarResource(sablecompanion)
[10:15:37] [main/DEBUG] [mixin/]: Processing prepare() for PlatformAgent[MixinPlatformAgentDefault:SecureJarResource(sablecompanion)]
[10:15:37] [main/DEBUG] [mixin/]: Adding mixin platform agents for container SecureJarResource(sable)
[10:15:37] [main/DEBUG] [mixin/]: Instancing new MixinPlatformAgentMinecraftForge for SecureJarResource(sable)
[10:15:37] [main/DEBUG] [mixin/]: MixinPlatformAgentMinecraftForge rejected container SecureJarResource(sable)
[10:15:37] [main/DEBUG] [mixin/]: Instancing new MixinPlatformAgentDefault for SecureJarResource(sable)
[10:15:37] [main/DEBUG] [mixin/]: MixinPlatformAgentDefault accepted container SecureJarResource(sable)
[10:15:37] [main/DEBUG] [mixin/]: Instancing new FMLMixinPlatformAgent for SecureJarResource(sable)
[10:15:37] [main/DEBUG] [mixin/]: FMLMixinPlatformAgent rejected container SecureJarResource(sable)
[10:15:37] [main/DEBUG] [mixin/]: Processing prepare() for PlatformAgent[MixinPlatformAgentDefault:SecureJarResource(sable)]
[10:15:37] [main/DEBUG] [mixin/]: Adding mixin platform agents for container SecureJarResource(sablescale)
[10:15:37] [main/DEBUG] [mixin/]: Instancing new MixinPlatformAgentMinecraftForge for SecureJarResource(sablescale)
[10:15:37] [main/DEBUG] [mixin/]: MixinPlatformAgentMinecraftForge rejected container SecureJarResource(sablescale)
[10:15:37] [main/DEBUG] [mixin/]: Instancing new MixinPlatformAgentDefault for SecureJarResource(sablescale)
[10:15:37] [main/DEBUG] [mixin/]: MixinPlatformAgentDefault accepted container SecureJarResource(sablescale)
[10:15:37] [main/DEBUG] [mixin/]: Instancing new FMLMixinPlatformAgent for SecureJarResource(sablescale)
[10:15:37] [main/DEBUG] [mixin/]: FMLMixinPlatformAgent rejected container SecureJarResource(sablescale)
[10:15:37] [main/DEBUG] [mixin/]: Processing prepare() for PlatformAgent[MixinPlatformAgentDefault:SecureJarResource(sablescale)]
[10:15:37] [main/DEBUG] [mixin/]: Adding mixin platform agents for container SecureJarResource(antikytheramechanism)
[10:15:37] [main/DEBUG] [mixin/]: Instancing new MixinPlatformAgentMinecraftForge for SecureJarResource(antikytheramechanism)
[10:15:37] [main/DEBUG] [mixin/]: MixinPlatformAgentMinecraftForge rejected container SecureJarResource(antikytheramechanism)
[10:15:37] [main/DEBUG] [mixin/]: Instancing new MixinPlatformAgentDefault for SecureJarResource(antikytheramechanism)
[10:15:37] [main/DEBUG] [mixin/]: MixinPlatformAgentDefault accepted container SecureJarResource(antikytheramechanism)
[10:15:37] [main/DEBUG] [mixin/]: Instancing new FMLMixinPlatformAgent for SecureJarResource(antikytheramechanism)
[10:15:37] [main/DEBUG] [mixin/]: FMLMixinPlatformAgent rejected container SecureJarResource(antikytheramechanism)
[10:15:37] [main/DEBUG] [mixin/]: Processing prepare() for PlatformAgent[MixinPlatformAgentDefault:SecureJarResource(antikytheramechanism)]
[10:15:37] [main/DEBUG] [mixin/]: Adding mixin platform agents for container SecureJarResource(sable_rapier)
[10:15:37] [main/DEBUG] [mixin/]: Instancing new MixinPlatformAgentMinecraftForge for SecureJarResource(sable_rapier)
[10:15:37] [main/DEBUG] [mixin/]: MixinPlatformAgentMinecraftForge rejected container SecureJarResource(sable_rapier)
[10:15:37] [main/DEBUG] [mixin/]: Instancing new MixinPlatformAgentDefault for SecureJarResource(sable_rapier)
[10:15:37] [main/DEBUG] [mixin/]: MixinPlatformAgentDefault accepted container SecureJarResource(sable_rapier)
[10:15:37] [main/DEBUG] [mixin/]: Instancing new FMLMixinPlatformAgent for SecureJarResource(sable_rapier)
[10:15:37] [main/DEBUG] [mixin/]: FMLMixinPlatformAgent rejected container SecureJarResource(sable_rapier)
[10:15:37] [main/DEBUG] [mixin/]: Processing prepare() for PlatformAgent[MixinPlatformAgentDefault:SecureJarResource(sable_rapier)]
[10:15:37] [main/DEBUG] [mixin/]: Adding mixin platform agents for container SecureJarResource(mixinsquared.neoforge)
[10:15:37] [main/DEBUG] [mixin/]: Instancing new MixinPlatformAgentMinecraftForge for SecureJarResource(mixinsquared.neoforge)
[10:15:37] [main/DEBUG] [mixin/]: MixinPlatformAgentMinecraftForge rejected container SecureJarResource(mixinsquared.neoforge)
[10:15:37] [main/DEBUG] [mixin/]: Instancing new MixinPlatformAgentDefault for SecureJarResource(mixinsquared.neoforge)
[10:15:37] [main/DEBUG] [mixin/]: MixinPlatformAgentDefault accepted container SecureJarResource(mixinsquared.neoforge)
[10:15:37] [main/DEBUG] [mixin/]: Instancing new FMLMixinPlatformAgent for SecureJarResource(mixinsquared.neoforge)
[10:15:37] [main/DEBUG] [mixin/]: FMLMixinPlatformAgent rejected container SecureJarResource(mixinsquared.neoforge)
[10:15:37] [main/DEBUG] [mixin/]: Processing prepare() for PlatformAgent[MixinPlatformAgentDefault:SecureJarResource(mixinsquared.neoforge)]
[10:15:37] [main/DEBUG] [mixin/]: Registering mixin config: mixinsquared.init.mixins.json source=SecureJarResource(mixinsquared.neoforge)
[10:15:37] [main/DEBUG] [mixin/]: Adding mixin platform agents for container SecureJarResource(mixinextras.neoforge)
[10:15:37] [main/DEBUG] [mixin/]: Instancing new MixinPlatformAgentMinecraftForge for SecureJarResource(mixinextras.neoforge)
[10:15:37] [main/DEBUG] [mixin/]: MixinPlatformAgentMinecraftForge rejected container SecureJarResource(mixinextras.neoforge)
[10:15:37] [main/DEBUG] [mixin/]: Instancing new MixinPlatformAgentDefault for SecureJarResource(mixinextras.neoforge)
[10:15:37] [main/DEBUG] [mixin/]: MixinPlatformAgentDefault accepted container SecureJarResource(mixinextras.neoforge)
[10:15:37] [main/DEBUG] [mixin/]: Instancing new FMLMixinPlatformAgent for SecureJarResource(mixinextras.neoforge)
[10:15:37] [main/DEBUG] [mixin/]: FMLMixinPlatformAgent rejected container SecureJarResource(mixinextras.neoforge)
[10:15:37] [main/DEBUG] [mixin/]: Processing prepare() for PlatformAgent[MixinPlatformAgentDefault:SecureJarResource(mixinextras.neoforge)]
[10:15:37] [main/DEBUG] [mixin/]: Registering mixin config: mixinextras.init.mixins.json source=SecureJarResource(mixinextras.neoforge)
[10:15:37] [main/DEBUG] [mixin/]: inject() running with 12 agents
[10:15:37] [main/DEBUG] [mixin/]: Processing inject() for PlatformAgent[MixinPlatformAgentDefault:ModLauncher Root Container(ModLauncher:4f56a0a2)]
[10:15:37] [main/DEBUG] [mixin/]: Processing inject() for PlatformAgent[MixinPlatformAgentDefault:net.neoforged.fml.loading.mixin.FMLMixinContainerHandle@3c7cfcbb]
[10:15:37] [main/DEBUG] [mixin/]: Processing inject() for PlatformAgent[FMLMixinPlatformAgent:null]
[10:15:37] [main/DEBUG] [mixin/]: Processing inject() for PlatformAgent[MixinPlatformAgentDefault:SecureJarResource(mixin_synthetic)]
[10:15:37] [main/DEBUG] [mixin/]: Processing inject() for PlatformAgent[MixinPlatformAgentDefault:SecureJarResource(minecraft)]
[10:15:37] [main/DEBUG] [mixin/]: Processing inject() for PlatformAgent[MixinPlatformAgentDefault:SecureJarResource(veil)]
[10:15:37] [main/DEBUG] [mixin/]: Processing inject() for PlatformAgent[MixinPlatformAgentDefault:SecureJarResource(sablecompanion)]
[10:15:37] [main/DEBUG] [mixin/]: Processing inject() for PlatformAgent[MixinPlatformAgentDefault:SecureJarResource(sable)]
[10:15:37] [main/DEBUG] [mixin/]: Processing inject() for PlatformAgent[MixinPlatformAgentDefault:SecureJarResource(sablescale)]
[10:15:37] [main/DEBUG] [mixin/]: Processing inject() for PlatformAgent[MixinPlatformAgentDefault:SecureJarResource(antikytheramechanism)]
[10:15:37] [main/DEBUG] [mixin/]: Processing inject() for PlatformAgent[MixinPlatformAgentDefault:SecureJarResource(sable_rapier)]
[10:15:37] [main/DEBUG] [mixin/]: Processing inject() for PlatformAgent[MixinPlatformAgentDefault:SecureJarResource(mixinsquared.neoforge)]
[10:15:37] [main/DEBUG] [mixin/]: Processing inject() for PlatformAgent[MixinPlatformAgentDefault:SecureJarResource(mixinextras.neoforge)]
[10:15:37] [main/INFO] [cp.mo.mo.LaunchServiceHandler/MODLAUNCHER]: Launching target 'forgeserverdev' with arguments [--gameDir, .]
[10:15:37] [main/DEBUG] [mixin/]: Preparing mixins for MixinEnvironment[DEFAULT]
[10:15:37] [main/DEBUG] [mixin/]: Selecting config veil.command.mixins.json
[10:15:37] [main/DEBUG] [mixin/]: Selecting config veil.debug.mixins.json
[10:15:37] [main/DEBUG] [mixin/]: Selecting config veil.dynamicbuffer.mixins.json
[10:15:37] [main/DEBUG] [mixin/]: Selecting config veil.fix.mixins.json
[10:15:37] [main/DEBUG] [mixin/]: Selecting config veil.framebuffer.mixins.json
[10:15:37] [main/DEBUG] [mixin/]: Selecting config veil.necromancer.mixins.json
[10:15:37] [main/DEBUG] [mixin/]: Selecting config veil.network.mixins.json
[10:15:37] [main/DEBUG] [mixin/]: Selecting config veil.performance.mixins.json
[10:15:37] [main/DEBUG] [mixin/]: Selecting config veil.perspective.mixins.json
[10:15:37] [main/DEBUG] [mixin/]: Selecting config veil.pipeline.mixins.json
[10:15:37] [main/DEBUG] [mixin/]: Selecting config veil.quasar.mixins.json
[10:15:37] [main/DEBUG] [mixin/]: Selecting config veil.registry.mixins.json
[10:15:37] [main/DEBUG] [mixin/]: Selecting config veil.rendertype.mixins.json
[10:15:37] [main/DEBUG] [mixin/]: Selecting config veil.resource.mixins.json
[10:15:37] [main/DEBUG] [mixin/]: Selecting config veil.scheduler.mixins.json
[10:15:37] [main/DEBUG] [mixin/]: Selecting config veil.shader.mixins.json
[10:15:37] [main/DEBUG] [mixin/]: Selecting config veil.neoforge.mixins.json
[10:15:37] [main/DEBUG] [mixin/]: Selecting config neoforge.mixins.json
[10:15:37] [main/DEBUG] [mixin/]: Selecting config sable.mixins.json
[10:15:37] [main/INFO] [de.ry.sa.mi.AbstractSableMixinPlugin/]: Using Vanilla renderer mixins
[10:15:37] [main/DEBUG] [mixin/]: Selecting config sable-neoforge.mixins.json
[10:15:37] [main/INFO] [de.ry.sa.mi.AbstractSableMixinPlugin/]: Using Vanilla renderer mixins
[10:15:37] [main/DEBUG] [mixin/]: Selecting config sablescale.mixins.json
[10:15:37] [main/DEBUG] [mixin/]: Selecting config sablescale.flywheel.mixins.json
[10:15:37] [main/INFO] [de.sa.co.RequiredModsMixinPlugin/]: [Sable Scale] patch 'Flywheel sub-level scaling' dormant - missing one of sable, flywheel; skipping its mixins.
[10:15:37] [main/DEBUG] [mixin/]: Selecting config sablescale.simulated.mixins.json
[10:15:37] [main/INFO] [de.sa.co.RequiredModsMixinPlugin/]: [Sable Scale] patch 'Create Simulated sub-level scaling' dormant - missing one of sable, simulated; skipping its mixins.
[10:15:37] [main/DEBUG] [mixin/]: Selecting config antikytheramechanism.mixins.json
[10:15:37] [main/DEBUG] [mixin/]: Selecting config antikytheramechanism.client.mixins.json
[10:15:37] [main/DEBUG] [mixin/]: Selecting config mixinsquared.init.mixins.json
[10:15:37] [main/DEBUG] [mixin/]: Registering new target selector for @mixinsquared:handler with com.bawnorton.mixinsquared.selector.DynamicSelectorHandler
[10:15:37] [main/DEBUG] [mixin/]: Selecting config mixinextras.init.mixins.json
[10:15:37] [main/DEBUG] [MixinExtras|Service/]: com.llamalad7.mixinextras.service.MixinExtrasServiceImpl(version=0.5.3) is taking over from null
[10:15:37] [main/DEBUG] [mixin/]: Registering new injector for @Inject with org.spongepowered.asm.mixin.injection.struct.CallbackInjectionInfo
[10:15:37] [main/DEBUG] [mixin/]: Registering new injector for @ModifyArg with org.spongepowered.asm.mixin.injection.struct.ModifyArgInjectionInfo
[10:15:37] [main/DEBUG] [mixin/]: Registering new injector for @ModifyArgs with org.spongepowered.asm.mixin.injection.struct.ModifyArgsInjectionInfo
[10:15:37] [main/DEBUG] [mixin/]: Registering new injector for @Redirect with org.spongepowered.asm.mixin.injection.struct.RedirectInjectionInfo
[10:15:37] [main/DEBUG] [mixin/]: Registering new injector for @ModifyVariable with org.spongepowered.asm.mixin.injection.struct.ModifyVariableInjectionInfo
[10:15:37] [main/DEBUG] [mixin/]: Registering new injector for @ModifyConstant with org.spongepowered.asm.mixin.injection.struct.ModifyConstantInjectionInfo
[10:15:37] [main/DEBUG] [mixin/]: Preparing veil.command.mixins.json (1)
[10:15:37] [main/DEBUG] [mixin/]: Preparing veil.debug.mixins.json (15)
[10:15:37] [main/DEBUG] [mixin/]: Preparing veil.dynamicbuffer.mixins.json (5)
[10:15:37] [main/DEBUG] [mixin/]: Preparing veil.fix.mixins.json (3)
[10:15:37] [main/DEBUG] [mixin/]: Preparing veil.framebuffer.mixins.json (1)
[10:15:37] [main/DEBUG] [mixin/]: Preparing veil.necromancer.mixins.json (2)
[10:15:37] [main/DEBUG] [mixin/]: Preparing veil.network.mixins.json (3)
[10:15:37] [main/DEBUG] [mixin/]: Preparing veil.performance.mixins.json (4)
[10:15:37] [main/DEBUG] [mixin/]: Preparing veil.perspective.mixins.json (3)
[10:15:37] [main/DEBUG] [mixin/]: Preparing veil.pipeline.mixins.json (19)
[10:15:37] [main/DEBUG] [mixin/]: Preparing veil.quasar.mixins.json (2)
[10:15:37] [main/DEBUG] [mixin/]: Preparing veil.registry.mixins.json (1)
[10:15:37] [main/DEBUG] [mixin/]: Preparing veil.rendertype.mixins.json (6)
[10:15:37] [main/DEBUG] [mixin/]: Preparing veil.resource.mixins.json (6)
[10:15:37] [main/DEBUG] [mixin/]: Preparing veil.scheduler.mixins.json (1)
[10:15:37] [main/DEBUG] [mixin/]: Preparing veil.shader.mixins.json (4)
[10:15:37] [main/DEBUG] [mixin/]: Preparing veil.neoforge.mixins.json (34)
[10:15:37] [main/DEBUG] [mixin/]: Preparing neoforge.mixins.json (2)
[10:15:37] [main/DEBUG] [mixin/]: Preparing sable.mixins.json (215)
[10:15:37] [main/ERROR] [ne.ne.fm.co.as.RuntimeDistCleaner/DISTXFORM]: Attempted to load class net/minecraft/client/multiplayer/ClientLevel for invalid dist DEDICATED_SERVER
[10:15:38] [main/WARN] [mixin/]: Error loading class: net/minecraft/client/multiplayer/ClientLevel (java.lang.RuntimeException: Attempted to load class net/minecraft/client/multiplayer/ClientLevel for invalid dist DEDICATED_SERVER)
[10:15:38] [main/DEBUG] [mixin/]: Skipping virtual target net.minecraft.client.multiplayer.ClientLevel for sable.mixins.json:entity.entity_aabb_lookup.LevelsMixin from mod sable
[10:15:38] [main/ERROR] [ne.ne.fm.co.as.RuntimeDistCleaner/DISTXFORM]: Attempted to load class net/minecraft/client/multiplayer/ClientLevel for invalid dist DEDICATED_SERVER
[10:15:38] [main/WARN] [mixin/]: Error loading class: net/minecraft/client/multiplayer/ClientLevel (java.lang.RuntimeException: Attempted to load class net/minecraft/client/multiplayer/ClientLevel for invalid dist DEDICATED_SERVER)
[10:15:38] [main/DEBUG] [mixin/]: Skipping virtual target net.minecraft.client.multiplayer.ClientLevel for sable.mixins.json:plot.LevelsMixin from mod sable
[10:15:38] [main/ERROR] [ne.ne.fm.co.as.RuntimeDistCleaner/DISTXFORM]: Attempted to load class net/minecraft/client/multiplayer/ClientLevel for invalid dist DEDICATED_SERVER
[10:15:38] [main/WARN] [mixin/]: Error loading class: net/minecraft/client/multiplayer/ClientLevel (java.lang.RuntimeException: Attempted to load class net/minecraft/client/multiplayer/ClientLevel for invalid dist DEDICATED_SERVER)
[10:15:38] [main/DEBUG] [mixin/]: Skipping virtual target net.minecraft.client.multiplayer.ClientLevel for sable.mixins.json:water_occlusion.LevelsMixin from mod sable
[10:15:38] [main/DEBUG] [mixin/]: Preparing sable-neoforge.mixins.json (158)
[10:15:38] [main/DEBUG] [mixin/]: Preparing sablescale.mixins.json (25)
[10:15:38] [main/DEBUG] [mixin/]: Preparing sablescale.flywheel.mixins.json (1)
[10:15:38] [main/DEBUG] [mixin/]: Preparing sablescale.simulated.mixins.json (3)
[10:15:38] [main/DEBUG] [mixin/]: Preparing antikytheramechanism.mixins.json (50)
[10:15:38] [main/DEBUG] [mixin/]: Preparing antikytheramechanism.client.mixins.json (17)
[10:15:38] [main/DEBUG] [mixin/]: Preparing mixinsquared.init.mixins.json (0)
[10:15:38] [main/DEBUG] [mixin/]: Preparing mixinextras.init.mixins.json (0)
[10:15:38] [main/DEBUG] [mixin/]: Inner class foundry/veil/mixin/resource/ResourceVanillaPackResourcesMixin$1 in foundry/veil/mixin/resource/ResourceVanillaPackResourcesMixin on net/minecraft/server/packs/VanillaPackResources gets unique name net/minecraft/server/packs/VanillaPackResources$Anonymous$87043dbea4ed446e8e470d878fdfb855
[10:15:38] [main/DEBUG] [mixin/]: Inner class foundry/veil/forge/mixin/resources/PathPackResourcesMixin$1 in foundry/veil/forge/mixin/resources/PathPackResourcesMixin on net/minecraft/server/packs/PathPackResources gets unique name net/minecraft/server/packs/PathPackResources$Anonymous$61b23b9da7f345f68010b151faf091b2
[10:15:38] [main/ERROR] [ne.ne.fm.co.as.RuntimeDistCleaner/DISTXFORM]: Attempted to load class net/minecraft/client/multiplayer/ClientLevel for invalid dist DEDICATED_SERVER
[10:15:38] [main/WARN] [mixin/]: Error loading class: net/minecraft/client/multiplayer/ClientLevel (java.lang.RuntimeException: Attempted to load class net/minecraft/client/multiplayer/ClientLevel for invalid dist DEDICATED_SERVER)
[10:15:38] [main/ERROR] [ne.ne.fm.co.as.RuntimeDistCleaner/DISTXFORM]: Attempted to load class net/minecraft/client/multiplayer/ClientLevel for invalid dist DEDICATED_SERVER
[10:15:38] [main/WARN] [mixin/]: Error loading class: net/minecraft/client/multiplayer/ClientLevel (java.lang.RuntimeException: Attempted to load class net/minecraft/client/multiplayer/ClientLevel for invalid dist DEDICATED_SERVER)
[10:15:38] [main/ERROR] [ne.ne.fm.co.as.RuntimeDistCleaner/DISTXFORM]: Attempted to load class net/minecraft/client/multiplayer/ClientLevel for invalid dist DEDICATED_SERVER
[10:15:38] [main/WARN] [mixin/]: Error loading class: net/minecraft/client/multiplayer/ClientLevel (java.lang.RuntimeException: Attempted to load class net/minecraft/client/multiplayer/ClientLevel for invalid dist DEDICATED_SERVER)
[10:15:38] [main/ERROR] [ne.ne.fm.co.as.RuntimeDistCleaner/DISTXFORM]: Attempted to load class net/minecraft/client/multiplayer/ClientLevel for invalid dist DEDICATED_SERVER
[10:15:38] [main/WARN] [mixin/]: Error loading class: net/minecraft/client/multiplayer/ClientLevel (java.lang.RuntimeException: Attempted to load class net/minecraft/client/multiplayer/ClientLevel for invalid dist DEDICATED_SERVER)
[10:15:38] [main/DEBUG] [mixin/]: Inner class dev/ryanhcode/sable/mixin/udp/ConnectionMixin$2 in dev/ryanhcode/sable/mixin/udp/ConnectionMixin on net/minecraft/network/Connection gets unique name net/minecraft/network/Connection$Anonymous$500fda87bed344f5832bf033208799d3
[10:15:38] [main/DEBUG] [mixin/]: Inner class dev/ryanhcode/sable/mixin/udp/ConnectionMixin$1 in dev/ryanhcode/sable/mixin/udp/ConnectionMixin on net/minecraft/network/Connection gets unique name net/minecraft/network/Connection$Anonymous$ce78f1e930e54ae6a8a33edce68f69ee
[10:15:38] [main/DEBUG] [mixin/]: Inner class dev/ryanhcode/sable/mixin/udp/ServerConnectionListenerMixin$2 in dev/ryanhcode/sable/mixin/udp/ServerConnectionListenerMixin on net/minecraft/server/network/ServerConnectionListener gets unique name net/minecraft/server/network/ServerConnectionListener$Anonymous$a13d7d04fb7246549f6d535a397da6fb
[10:15:38] [main/DEBUG] [mixin/]: Inner class dev/ryanhcode/sable/mixin/udp/ServerConnectionListenerMixin$1 in dev/ryanhcode/sable/mixin/udp/ServerConnectionListenerMixin on net/minecraft/server/network/ServerConnectionListener gets unique name net/minecraft/server/network/ServerConnectionListener$Anonymous$f68dbeb5ba9c4468b94a449177d18170
[10:15:38] [main/ERROR] [ne.ne.fm.co.as.RuntimeDistCleaner/DISTXFORM]: Attempted to load class net/minecraft/client/multiplayer/ClientLevel for invalid dist DEDICATED_SERVER
[10:15:38] [main/WARN] [mixin/]: Error loading class: net/minecraft/client/multiplayer/ClientLevel (java.lang.RuntimeException: Attempted to load class net/minecraft/client/multiplayer/ClientLevel for invalid dist DEDICATED_SERVER)
[10:15:38] [main/ERROR] [ne.ne.fm.co.as.RuntimeDistCleaner/DISTXFORM]: Attempted to load class net/minecraft/client/multiplayer/ClientLevel for invalid dist DEDICATED_SERVER
[10:15:38] [main/WARN] [mixin/]: Error loading class: net/minecraft/client/multiplayer/ClientLevel (java.lang.RuntimeException: Attempted to load class net/minecraft/client/multiplayer/ClientLevel for invalid dist DEDICATED_SERVER)
[10:15:38] [main/DEBUG] [mixin/]: Prepared 197 mixins in 1.172 sec (5.9ms avg) (0ms load, 0ms transform, 0ms plugin)
[10:15:38] [main/DEBUG] [io.ne.ut.in.lo.InternalLoggerFactory/]: Using SLF4J as the default logging framework
[10:15:38] [main/DEBUG] [io.ne.ut.ResourceLeakDetector/]: -Dio.netty.leakDetection.level: simple
[10:15:38] [main/DEBUG] [io.ne.ut.ResourceLeakDetector/]: -Dio.netty.leakDetection.targetRecords: 4
[10:15:38] [main/DEBUG] [os.ut.FileUtil/]: No oshi.properties file found from ClassLoader cpw.mods.modlauncher.TransformingClassLoader@6ed06f69
[10:15:38] [main/DEBUG] [os.ut.FileUtil/]: Reading file /proc/self/auxv
[10:15:38] [main/DEBUG] [os.ut.FileUtil/]: Reading file /proc/self/auxv
[10:15:38] [main/DEBUG] [os.ut.FileUtil/]: Reading file /proc/stat
[10:15:38] [main/DEBUG] [os.ut.FileUtil/]: Reading file /sys/devices/system/cpu/cpu0/topology/core_id
[10:15:38] [main/DEBUG] [os.ut.FileUtil/]: Reading file /sys/devices/system/cpu/cpu0/topology/core_id
[10:15:38] [main/DEBUG] [os.ut.FileUtil/]: Reading file /sys/devices/system/cpu/cpu0/topology/physical_package_id
[10:15:38] [main/DEBUG] [os.ut.FileUtil/]: Reading file /sys/devices/system/cpu/cpu0/topology/physical_package_id
[10:15:38] [main/DEBUG] [os.ut.FileUtil/]: Reading file /sys/devices/system/cpu/cpu0/cpu_capacity
[10:15:38] [main/DEBUG] [os.ut.FileUtil/]: Reading file /sys/devices/system/cpu/cpu0/cpu_capacity
[10:15:38] [main/DEBUG] [os.ut.FileUtil/]: Reading file /sys/devices/system/cpu/cpu0/cache/index2/level
[10:15:38] [main/DEBUG] [os.ut.FileUtil/]: Reading file /sys/devices/system/cpu/cpu0/cache/index2/level
[10:15:38] [main/DEBUG] [os.ut.FileUtil/]: Reading file /sys/devices/system/cpu/cpu0/cache/index2/type
[10:15:38] [main/DEBUG] [os.ut.FileUtil/]: Reading file /sys/devices/system/cpu/cpu0/cache/index2/type
[10:15:38] [main/DEBUG] [os.ut.FileUtil/]: Reading file /sys/devices/system/cpu/cpu0/cache/index2/ways_of_associativity
[10:15:38] [main/DEBUG] [os.ut.FileUtil/]: Reading file /sys/devices/system/cpu/cpu0/cache/index2/ways_of_associativity
[10:15:38] [main/DEBUG] [os.ut.FileUtil/]: Reading file /sys/devices/system/cpu/cpu0/cache/index2/coherency_line_size
[10:15:38] [main/DEBUG] [os.ut.FileUtil/]: Reading file /sys/devices/system/cpu/cpu0/cache/index2/coherency_line_size
[10:15:38] [main/DEBUG] [os.ut.FileUtil/]: Reading file /sys/devices/system/cpu/cpu0/cache/index2/size
[10:15:38] [main/DEBUG] [os.ut.FileUtil/]: Reading file /sys/devices/system/cpu/cpu0/cache/index2/size
[10:15:38] [main/DEBUG] [os.ut.FileUtil/]: Reading file /sys/devices/system/cpu/cpu0/cache/index0/level
[10:15:38] [main/DEBUG] [os.ut.FileUtil/]: Reading file /sys/devices/system/cpu/cpu0/cache/index0/level
[10:15:38] [main/DEBUG] [os.ut.FileUtil/]: Reading file /sys/devices/system/cpu/cpu0/cache/index0/type
[10:15:38] [main/DEBUG] [os.ut.FileUtil/]: Reading file /sys/devices/system/cpu/cpu0/cache/index0/type
[10:15:38] [main/DEBUG] [os.ut.FileUtil/]: Reading file /sys/devices/system/cpu/cpu0/cache/index0/ways_of_associativity
[10:15:38] [main/DEBUG] [os.ut.FileUtil/]: Reading file /sys/devices/system/cpu/cpu0/cache/index0/ways_of_associativity
[10:15:38] [main/DEBUG] [os.ut.FileUtil/]: Reading file /sys/devices/system/cpu/cpu0/cache/index0/coherency_line_size
[10:15:38] [main/DEBUG] [os.ut.FileUtil/]: Reading file /sys/devices/system/cpu/cpu0/cache/index0/coherency_line_size
[10:15:38] [main/DEBUG] [os.ut.FileUtil/]: Reading file /sys/devices/system/cpu/cpu0/cache/index0/size
[10:15:38] [main/DEBUG] [os.ut.FileUtil/]: Reading file /sys/devices/system/cpu/cpu0/cache/index0/size
[10:15:38] [main/DEBUG] [os.ut.FileUtil/]: Reading file /sys/devices/system/cpu/cpu0/cache/index3/level
[10:15:38] [main/DEBUG] [os.ut.FileUtil/]: Reading file /sys/devices/system/cpu/cpu0/cache/index3/level
[10:15:38] [main/DEBUG] [os.ut.FileUtil/]: Reading file /sys/devices/system/cpu/cpu0/cache/index3/type
[10:15:38] [main/DEBUG] [os.ut.FileUtil/]: Reading file /sys/devices/system/cpu/cpu0/cache/index3/type
[10:15:38] [main/DEBUG] [os.ut.FileUtil/]: Reading file /sys/devices/system/cpu/cpu0/cache/index3/ways_of_associativity
[10:15:38] [main/DEBUG] [os.ut.FileUtil/]: Reading file /sys/devices/system/cpu/cpu0/cache/index3/ways_of_associativity
[10:15:38] [main/DEBUG] [os.ut.FileUtil/]: Reading file /sys/devices/system/cpu/cpu0/cache/index3/coherency_line_size
[10:15:38] [main/DEBUG] [os.ut.FileUtil/]: Reading file /sys/devices/system/cpu/cpu0/cache/index3/coherency_line_size
[10:15:38] [main/DEBUG] [os.ut.FileUtil/]: Reading file /sys/devices/system/cpu/cpu0/cache/index3/size
[10:15:38] [main/DEBUG] [os.ut.FileUtil/]: Reading file /sys/devices/system/cpu/cpu0/cache/index3/size
[10:15:38] [main/DEBUG] [os.ut.FileUtil/]: Reading file /sys/devices/system/cpu/cpu0/cache/index1/level
[10:15:38] [main/DEBUG] [os.ut.FileUtil/]: Reading file /sys/devices/system/cpu/cpu0/cache/index1/level
[10:15:38] [main/DEBUG] [os.ut.FileUtil/]: Reading file /sys/devices/system/cpu/cpu0/cache/index1/type
[10:15:38] [main/DEBUG] [os.ut.FileUtil/]: Reading file /sys/devices/system/cpu/cpu0/cache/index1/type
[10:15:38] [main/DEBUG] [os.ut.FileUtil/]: Reading file /sys/devices/system/cpu/cpu0/cache/index1/ways_of_associativity
[10:15:38] [main/DEBUG] [os.ut.FileUtil/]: Reading file /sys/devices/system/cpu/cpu0/cache/index1/ways_of_associativity
[10:15:38] [main/DEBUG] [os.ut.FileUtil/]: Reading file /sys/devices/system/cpu/cpu0/cache/index1/coherency_line_size
[10:15:38] [main/DEBUG] [os.ut.FileUtil/]: Reading file /sys/devices/system/cpu/cpu0/cache/index1/coherency_line_size
[10:15:38] [main/DEBUG] [os.ut.FileUtil/]: Reading file /sys/devices/system/cpu/cpu0/cache/index1/size
[10:15:38] [main/DEBUG] [os.ut.FileUtil/]: Reading file /sys/devices/system/cpu/cpu0/cache/index1/size
[10:15:38] [main/DEBUG] [os.ut.FileUtil/]: Reading file /sys/devices/system/cpu/cpu1/topology/core_id
[10:15:38] [main/DEBUG] [os.ut.FileUtil/]: Reading file /sys/devices/system/cpu/cpu1/topology/core_id
[10:15:38] [main/DEBUG] [os.ut.FileUtil/]: Reading file /sys/devices/system/cpu/cpu1/topology/physical_package_id
[10:15:38] [main/DEBUG] [os.ut.FileUtil/]: Reading file /sys/devices/system/cpu/cpu1/topology/physical_package_id
[10:15:38] [main/DEBUG] [os.ut.FileUtil/]: Reading file /sys/devices/system/cpu/cpu1/cpu_capacity
[10:15:38] [main/DEBUG] [os.ut.FileUtil/]: Reading file /sys/devices/system/cpu/cpu1/cpu_capacity
[10:15:38] [main/DEBUG] [os.ut.FileUtil/]: Reading file /sys/devices/system/cpu/cpu1/cache/index2/level
[10:15:38] [main/DEBUG] [os.ut.FileUtil/]: Reading file /sys/devices/system/cpu/cpu1/cache/index2/level
[10:15:38] [main/DEBUG] [os.ut.FileUtil/]: Reading file /sys/devices/system/cpu/cpu1/cache/index2/type
[10:15:38] [main/DEBUG] [os.ut.FileUtil/]: Reading file /sys/devices/system/cpu/cpu1/cache/index2/type
[10:15:38] [main/DEBUG] [os.ut.FileUtil/]: Reading file /sys/devices/system/cpu/cpu1/cache/index2/ways_of_associativity
[10:15:38] [main/DEBUG] [os.ut.FileUtil/]: Reading file /sys/devices/system/cpu/cpu1/cache/index2/ways_of_associativity
[10:15:38] [main/DEBUG] [os.ut.FileUtil/]: Reading file /sys/devices/system/cpu/cpu1/cache/index2/coherency_line_size
[10:15:38] [main/DEBUG] [os.ut.FileUtil/]: Reading file /sys/devices/system/cpu/cpu1/cache/index2/coherency_line_size
[10:15:38] [main/DEBUG] [os.ut.FileUtil/]: Reading file /sys/devices/system/cpu/cpu1/cache/index2/size
[10:15:38] [main/DEBUG] [os.ut.FileUtil/]: Reading file /sys/devices/system/cpu/cpu1/cache/index2/size
[10:15:38] [main/DEBUG] [os.ut.FileUtil/]: Reading file /sys/devices/system/cpu/cpu1/cache/index0/level
[10:15:38] [main/DEBUG] [os.ut.FileUtil/]: Reading file /sys/devices/system/cpu/cpu1/cache/index0/level
[10:15:38] [main/DEBUG] [os.ut.FileUtil/]: Reading file /sys/devices/system/cpu/cpu1/cache/index0/type
[10:15:38] [main/DEBUG] [os.ut.FileUtil/]: Reading file /sys/devices/system/cpu/cpu1/cache/index0/type
[10:15:38] [main/DEBUG] [os.ut.FileUtil/]: Reading file /sys/devices/system/cpu/cpu1/cache/index0/ways_of_associativity
[10:15:38] [main/DEBUG] [os.ut.FileUtil/]: Reading file /sys/devices/system/cpu/cpu1/cache/index0/ways_of_associativity
[10:15:38] [main/DEBUG] [os.ut.FileUtil/]: Reading file /sys/devices/system/cpu/cpu1/cache/index0/coherency_line_size
[10:15:38] [main/DEBUG] [os.ut.FileUtil/]: Reading file /sys/devices/system/cpu/cpu1/cache/index0/coherency_line_size
[10:15:38] [main/DEBUG] [os.ut.FileUtil/]: Reading file /sys/devices/system/cpu/cpu1/cache/index0/size
[10:15:38] [main/DEBUG] [os.ut.FileUtil/]: Reading file /sys/devices/system/cpu/cpu1/cache/index0/size
[10:15:38] [main/DEBUG] [os.ut.FileUtil/]: Reading file /sys/devices/system/cpu/cpu1/cache/index3/level
[10:15:38] [main/DEBUG] [os.ut.FileUtil/]: Reading file /sys/devices/system/cpu/cpu1/cache/index3/level
[10:15:38] [main/DEBUG] [os.ut.FileUtil/]: Reading file /sys/devices/system/cpu/cpu1/cache/index3/type
[10:15:38] [main/DEBUG] [os.ut.FileUtil/]: Reading file /sys/devices/system/cpu/cpu1/cache/index3/type
[10:15:38] [main/DEBUG] [os.ut.FileUtil/]: Reading file /sys/devices/system/cpu/cpu1/cache/index3/ways_of_associativity
[10:15:38] [main/DEBUG] [os.ut.FileUtil/]: Reading file /sys/devices/system/cpu/cpu1/cache/index3/ways_of_associativity
[10:15:38] [main/DEBUG] [os.ut.FileUtil/]: Reading file /sys/devices/system/cpu/cpu1/cache/index3/coherency_line_size
[10:15:38] [main/DEBUG] [os.ut.FileUtil/]: Reading file /sys/devices/system/cpu/cpu1/cache/index3/coherency_line_size
[10:15:38] [main/DEBUG] [os.ut.FileUtil/]: Reading file /sys/devices/system/cpu/cpu1/cache/index3/size
[10:15:38] [main/DEBUG] [os.ut.FileUtil/]: Reading file /sys/devices/system/cpu/cpu1/cache/index3/size
[10:15:38] [main/DEBUG] [os.ut.FileUtil/]: Reading file /sys/devices/system/cpu/cpu1/cache/index1/level
[10:15:38] [main/DEBUG] [os.ut.FileUtil/]: Reading file /sys/devices/system/cpu/cpu1/cache/index1/level
[10:15:38] [main/DEBUG] [os.ut.FileUtil/]: Reading file /sys/devices/system/cpu/cpu1/cache/index1/type
[10:15:38] [main/DEBUG] [os.ut.FileUtil/]: Reading file /sys/devices/system/cpu/cpu1/cache/index1/type
[10:15:38] [main/DEBUG] [os.ut.FileUtil/]: Reading file /sys/devices/system/cpu/cpu1/cache/index1/ways_of_associativity
[10:15:38] [main/DEBUG] [os.ut.FileUtil/]: Reading file /sys/devices/system/cpu/cpu1/cache/index1/ways_of_associativity
[10:15:38] [main/DEBUG] [os.ut.FileUtil/]: Reading file /sys/devices/system/cpu/cpu1/cache/index1/coherency_line_size
[10:15:38] [main/DEBUG] [os.ut.FileUtil/]: Reading file /sys/devices/system/cpu/cpu1/cache/index1/coherency_line_size
[10:15:38] [main/DEBUG] [os.ut.FileUtil/]: Reading file /sys/devices/system/cpu/cpu1/cache/index1/size
[10:15:38] [main/DEBUG] [os.ut.FileUtil/]: Reading file /sys/devices/system/cpu/cpu1/cache/index1/size
[10:15:38] [main/DEBUG] [os.ut.FileUtil/]: Reading file /sys/devices/system/cpu/cpu2/topology/core_id
[10:15:38] [main/DEBUG] [os.ut.FileUtil/]: Reading file /sys/devices/system/cpu/cpu2/topology/core_id
[10:15:38] [main/DEBUG] [os.ut.FileUtil/]: Reading file /sys/devices/system/cpu/cpu2/topology/physical_package_id
[10:15:38] [main/DEBUG] [os.ut.FileUtil/]: Reading file /sys/devices/system/cpu/cpu2/topology/physical_package_id
[10:15:38] [main/DEBUG] [os.ut.FileUtil/]: Reading file /sys/devices/system/cpu/cpu2/cpu_capacity
[10:15:38] [main/DEBUG] [os.ut.FileUtil/]: Reading file /sys/devices/system/cpu/cpu2/cpu_capacity
[10:15:38] [main/DEBUG] [os.ut.FileUtil/]: Reading file /sys/devices/system/cpu/cpu2/cache/index2/level
[10:15:38] [main/DEBUG] [os.ut.FileUtil/]: Reading file /sys/devices/system/cpu/cpu2/cache/index2/level
[10:15:38] [main/DEBUG] [os.ut.FileUtil/]: Reading file /sys/devices/system/cpu/cpu2/cache/index2/type
[10:15:38] [main/DEBUG] [os.ut.FileUtil/]: Reading file /sys/devices/system/cpu/cpu2/cache/index2/type
[10:15:38] [main/DEBUG] [os.ut.FileUtil/]: Reading file /sys/devices/system/cpu/cpu2/cache/index2/ways_of_associativity
[10:15:38] [main/DEBUG] [os.ut.FileUtil/]: Reading file /sys/devices/system/cpu/cpu2/cache/index2/ways_of_associativity
[10:15:38] [main/DEBUG] [os.ut.FileUtil/]: Reading file /sys/devices/system/cpu/cpu2/cache/index2/coherency_line_size
[10:15:38] [main/DEBUG] [os.ut.FileUtil/]: Reading file /sys/devices/system/cpu/cpu2/cache/index2/coherency_line_size
[10:15:38] [main/DEBUG] [os.ut.FileUtil/]: Reading file /sys/devices/system/cpu/cpu2/cache/index2/size
[10:15:38] [main/DEBUG] [os.ut.FileUtil/]: Reading file /sys/devices/system/cpu/cpu2/cache/index2/size
[10:15:38] [main/DEBUG] [os.ut.FileUtil/]: Reading file /sys/devices/system/cpu/cpu2/cache/index0/level
[10:15:38] [main/DEBUG] [os.ut.FileUtil/]: Reading file /sys/devices/system/cpu/cpu2/cache/index0/level
[10:15:38] [main/DEBUG] [os.ut.FileUtil/]: Reading file /sys/devices/system/cpu/cpu2/cache/index0/type
[10:15:38] [main/DEBUG] [os.ut.FileUtil/]: Reading file /sys/devices/system/cpu/cpu2/cache/index0/type
[10:15:38] [main/DEBUG] [os.ut.FileUtil/]: Reading file /sys/devices/system/cpu/cpu2/cache/index0/ways_of_associativity
[10:15:38] [main/DEBUG] [os.ut.FileUtil/]: Reading file /sys/devices/system/cpu/cpu2/cache/index0/ways_of_associativity
[10:15:38] [main/DEBUG] [os.ut.FileUtil/]: Reading file /sys/devices/system/cpu/cpu2/cache/index0/coherency_line_size
[10:15:38] [main/DEBUG] [os.ut.FileUtil/]: Reading file /sys/devices/system/cpu/cpu2/cache/index0/coherency_line_size
[10:15:38] [main/DEBUG] [os.ut.FileUtil/]: Reading file /sys/devices/system/cpu/cpu2/cache/index0/size
[10:15:38] [main/DEBUG] [os.ut.FileUtil/]: Reading file /sys/devices/system/cpu/cpu2/cache/index0/size
[10:15:38] [main/DEBUG] [os.ut.FileUtil/]: Reading file /sys/devices/system/cpu/cpu2/cache/index3/level
[10:15:38] [main/DEBUG] [os.ut.FileUtil/]: Reading file /sys/devices/system/cpu/cpu2/cache/index3/level
[10:15:38] [main/DEBUG] [os.ut.FileUtil/]: Reading file /sys/devices/system/cpu/cpu2/cache/index3/type
[10:15:38] [main/DEBUG] [os.ut.FileUtil/]: Reading file /sys/devices/system/cpu/cpu2/cache/index3/type
[10:15:38] [main/DEBUG] [os.ut.FileUtil/]: Reading file /sys/devices/system/cpu/cpu2/cache/index3/ways_of_associativity
[10:15:38] [main/DEBUG] [os.ut.FileUtil/]: Reading file /sys/devices/system/cpu/cpu2/cache/index3/ways_of_associativity
[10:15:38] [main/DEBUG] [os.ut.FileUtil/]: Reading file /sys/devices/system/cpu/cpu2/cache/index3/coherency_line_size
[10:15:38] [main/DEBUG] [os.ut.FileUtil/]: Reading file /sys/devices/system/cpu/cpu2/cache/index3/coherency_line_size
[10:15:38] [main/DEBUG] [os.ut.FileUtil/]: Reading file /sys/devices/system/cpu/cpu2/cache/index3/size
[10:15:38] [main/DEBUG] [os.ut.FileUtil/]: Reading file /sys/devices/system/cpu/cpu2/cache/index3/size
[10:15:38] [main/DEBUG] [os.ut.FileUtil/]: Reading file /sys/devices/system/cpu/cpu2/cache/index1/level
[10:15:38] [main/DEBUG] [os.ut.FileUtil/]: Reading file /sys/devices/system/cpu/cpu2/cache/index1/level
[10:15:38] [main/DEBUG] [os.ut.FileUtil/]: Reading file /sys/devices/system/cpu/cpu2/cache/index1/type
[10:15:38] [main/DEBUG] [os.ut.FileUtil/]: Reading file /sys/devices/system/cpu/cpu2/cache/index1/type
[10:15:38] [main/DEBUG] [os.ut.FileUtil/]: Reading file /sys/devices/system/cpu/cpu2/cache/index1/ways_of_associativity
[10:15:38] [main/DEBUG] [os.ut.FileUtil/]: Reading file /sys/devices/system/cpu/cpu2/cache/index1/ways_of_associativity
[10:15:38] [main/DEBUG] [os.ut.FileUtil/]: Reading file /sys/devices/system/cpu/cpu2/cache/index1/coherency_line_size
[10:15:38] [main/DEBUG] [os.ut.FileUtil/]: Reading file /sys/devices/system/cpu/cpu2/cache/index1/coherency_line_size
[10:15:38] [main/DEBUG] [os.ut.FileUtil/]: Reading file /sys/devices/system/cpu/cpu2/cache/index1/size
[10:15:38] [main/DEBUG] [os.ut.FileUtil/]: Reading file /sys/devices/system/cpu/cpu2/cache/index1/size
[10:15:38] [main/DEBUG] [os.ut.FileUtil/]: Reading file /sys/devices/system/cpu/cpu3/topology/core_id
[10:15:38] [main/DEBUG] [os.ut.FileUtil/]: Reading file /sys/devices/system/cpu/cpu3/topology/core_id
[10:15:38] [main/DEBUG] [os.ut.FileUtil/]: Reading file /sys/devices/system/cpu/cpu3/topology/physical_package_id
[10:15:38] [main/DEBUG] [os.ut.FileUtil/]: Reading file /sys/devices/system/cpu/cpu3/topology/physical_package_id
[10:15:38] [main/DEBUG] [os.ut.FileUtil/]: Reading file /sys/devices/system/cpu/cpu3/cpu_capacity
[10:15:38] [main/DEBUG] [os.ut.FileUtil/]: Reading file /sys/devices/system/cpu/cpu3/cpu_capacity
[10:15:38] [main/DEBUG] [os.ut.FileUtil/]: Reading file /sys/devices/system/cpu/cpu3/cache/index2/level
[10:15:38] [main/DEBUG] [os.ut.FileUtil/]: Reading file /sys/devices/system/cpu/cpu3/cache/index2/level
[10:15:38] [main/DEBUG] [os.ut.FileUtil/]: Reading file /sys/devices/system/cpu/cpu3/cache/index2/type
[10:15:38] [main/DEBUG] [os.ut.FileUtil/]: Reading file /sys/devices/system/cpu/cpu3/cache/index2/type
[10:15:38] [main/DEBUG] [os.ut.FileUtil/]: Reading file /sys/devices/system/cpu/cpu3/cache/index2/ways_of_associativity
[10:15:38] [main/DEBUG] [os.ut.FileUtil/]: Reading file /sys/devices/system/cpu/cpu3/cache/index2/ways_of_associativity
[10:15:38] [main/DEBUG] [os.ut.FileUtil/]: Reading file /sys/devices/system/cpu/cpu3/cache/index2/coherency_line_size
[10:15:38] [main/DEBUG] [os.ut.FileUtil/]: Reading file /sys/devices/system/cpu/cpu3/cache/index2/coherency_line_size
[10:15:38] [main/DEBUG] [os.ut.FileUtil/]: Reading file /sys/devices/system/cpu/cpu3/cache/index2/size
[10:15:38] [main/DEBUG] [os.ut.FileUtil/]: Reading file /sys/devices/system/cpu/cpu3/cache/index2/size
[10:15:38] [main/DEBUG] [os.ut.FileUtil/]: Reading file /sys/devices/system/cpu/cpu3/cache/index0/level
[10:15:38] [main/DEBUG] [os.ut.FileUtil/]: Reading file /sys/devices/system/cpu/cpu3/cache/index0/level
[10:15:38] [main/DEBUG] [os.ut.FileUtil/]: Reading file /sys/devices/system/cpu/cpu3/cache/index0/type
[10:15:38] [main/DEBUG] [os.ut.FileUtil/]: Reading file /sys/devices/system/cpu/cpu3/cache/index0/type
[10:15:38] [main/DEBUG] [os.ut.FileUtil/]: Reading file /sys/devices/system/cpu/cpu3/cache/index0/ways_of_associativity
[10:15:38] [main/DEBUG] [os.ut.FileUtil/]: Reading file /sys/devices/system/cpu/cpu3/cache/index0/ways_of_associativity
[10:15:38] [main/DEBUG] [os.ut.FileUtil/]: Reading file /sys/devices/system/cpu/cpu3/cache/index0/coherency_line_size
[10:15:38] [main/DEBUG] [os.ut.FileUtil/]: Reading file /sys/devices/system/cpu/cpu3/cache/index0/coherency_line_size
[10:15:38] [main/DEBUG] [os.ut.FileUtil/]: Reading file /sys/devices/system/cpu/cpu3/cache/index0/size
[10:15:38] [main/DEBUG] [os.ut.FileUtil/]: Reading file /sys/devices/system/cpu/cpu3/cache/index0/size
[10:15:38] [main/DEBUG] [os.ut.FileUtil/]: Reading file /sys/devices/system/cpu/cpu3/cache/index3/level
[10:15:38] [main/DEBUG] [os.ut.FileUtil/]: Reading file /sys/devices/system/cpu/cpu3/cache/index3/level
[10:15:38] [main/DEBUG] [os.ut.FileUtil/]: Reading file /sys/devices/system/cpu/cpu3/cache/index3/type
[10:15:38] [main/DEBUG] [os.ut.FileUtil/]: Reading file /sys/devices/system/cpu/cpu3/cache/index3/type
[10:15:38] [main/DEBUG] [os.ut.FileUtil/]: Reading file /sys/devices/system/cpu/cpu3/cache/index3/ways_of_associativity
[10:15:38] [main/DEBUG] [os.ut.FileUtil/]: Reading file /sys/devices/system/cpu/cpu3/cache/index3/ways_of_associativity
[10:15:38] [main/DEBUG] [os.ut.FileUtil/]: Reading file /sys/devices/system/cpu/cpu3/cache/index3/coherency_line_size
[10:15:38] [main/DEBUG] [os.ut.FileUtil/]: Reading file /sys/devices/system/cpu/cpu3/cache/index3/coherency_line_size
[10:15:38] [main/DEBUG] [os.ut.FileUtil/]: Reading file /sys/devices/system/cpu/cpu3/cache/index3/size
[10:15:38] [main/DEBUG] [os.ut.FileUtil/]: Reading file /sys/devices/system/cpu/cpu3/cache/index3/size
[10:15:38] [main/DEBUG] [os.ut.FileUtil/]: Reading file /sys/devices/system/cpu/cpu3/cache/index1/level
[10:15:38] [main/DEBUG] [os.ut.FileUtil/]: Reading file /sys/devices/system/cpu/cpu3/cache/index1/level
[10:15:38] [main/DEBUG] [os.ut.FileUtil/]: Reading file /sys/devices/system/cpu/cpu3/cache/index1/type
[10:15:38] [main/DEBUG] [os.ut.FileUtil/]: Reading file /sys/devices/system/cpu/cpu3/cache/index1/type
[10:15:38] [main/DEBUG] [os.ut.FileUtil/]: Reading file /sys/devices/system/cpu/cpu3/cache/index1/ways_of_associativity
[10:15:38] [main/DEBUG] [os.ut.FileUtil/]: Reading file /sys/devices/system/cpu/cpu3/cache/index1/ways_of_associativity
[10:15:38] [main/DEBUG] [os.ut.FileUtil/]: Reading file /sys/devices/system/cpu/cpu3/cache/index1/coherency_line_size
[10:15:38] [main/DEBUG] [os.ut.FileUtil/]: Reading file /sys/devices/system/cpu/cpu3/cache/index1/coherency_line_size
[10:15:38] [main/DEBUG] [os.ut.FileUtil/]: Reading file /sys/devices/system/cpu/cpu3/cache/index1/size
[10:15:38] [main/DEBUG] [os.ut.FileUtil/]: Reading file /sys/devices/system/cpu/cpu3/cache/index1/size
[10:15:38] [main/DEBUG] [os.ut.FileUtil/]: Reading file /proc/cpuinfo
[10:15:39] [main/DEBUG] [os.ut.FileUtil/]: Reading file /proc/self/auxv
[10:15:39] [main/DEBUG] [os.ut.FileUtil/]: No oshi.architecture.properties file found from ClassLoader cpw.mods.modlauncher.TransformingClassLoader@6ed06f69
[10:15:39] [main/DEBUG] [os.ut.FileUtil/]: Reading file /proc/meminfo
[10:15:39] [main/DEBUG] [os.ut.FileUtil/]: Reading file /proc/meminfo
[10:15:39] [main/INFO] [MixinExtras|Service/]: Initializing MixinExtras via com.llamalad7.mixinextras.service.MixinExtrasServiceImpl(version=0.5.3).
[10:15:39] [main/DEBUG] [mixin/]: Registering new injector for @SugarWrapper with com.llamalad7.mixinextras.sugar.impl.SugarWrapperInjectionInfo
[10:15:39] [main/DEBUG] [mixin/]: Registering new injector for @FactoryRedirectWrapper with com.llamalad7.mixinextras.wrapper.factory.FactoryRedirectWrapperInjectionInfo
[10:15:39] [main/DEBUG] [mixin/]: Registering new injector for @ExpressionInjectorWrapper with com.llamalad7.mixinextras.expression.impl.wrapper.ExpressionInjectorWrapperInjectionInfo
[10:15:39] [main/DEBUG] [mixin/]: Mixing MappedRegistryAccessor from neoforge.mixins.json into net.minecraft.core.MappedRegistry
[10:15:39] [main/DEBUG] [mixin/]: Mixing RegistriesMixin from veil.neoforge.mixins.json into net.minecraft.core.registries.Registries
[10:15:39] [main/DEBUG] [mixin/]: veil.neoforge.mixins.json:RegistriesMixin from mod veil->@Inject::veilElementsPath(Lnet/minecraft/resources/ResourceKey;Lorg/spongepowered/asm/mixin/injection/callback/CallbackInfoReturnable;)V does use it's CallbackInfoReturnable
[10:15:39] [main/DEBUG] [mixin/]: veil.neoforge.mixins.json:RegistriesMixin from mod veil->@Inject::veilTagsPath(Lnet/minecraft/resources/ResourceKey;Lorg/spongepowered/asm/mixin/injection/callback/CallbackInfoReturnable;)V does use it's CallbackInfoReturnable
[10:15:39] [main/DEBUG] [mixin/]: Mixing command.ArgumentTypeInfosMixin from sable.mixins.json into net.minecraft.commands.synchronization.ArgumentTypeInfos
[10:15:39] [main/DEBUG] [mixin/]: sable.mixins.json:command.ArgumentTypeInfosMixin from mod sable->@Inject::sable$bootstrap(Lnet/minecraft/core/Registry;Lorg/spongepowered/asm/mixin/injection/callback/CallbackInfoReturnable;)V doesn't use it's CallbackInfoReturnable
[10:15:39] [main/DEBUG] [mixin/]: Mixing entity.entity_kicking.BlockMixin from sable.mixins.json into net.minecraft.world.level.block.Block
[10:15:39] [main/DEBUG] [mixin/]: Renaming synthetic method lambda$sable$popResourceFromFace$0(Lnet/minecraft/world/level/Level;DDDLnet/minecraft/world/item/ItemStack;Ldev/ryanhcode/sable/sublevel/SubLevel;)Lnet/minecraft/world/entity/item/ItemEntity; to mdb0c6f7$sable$lambda$sable$popResourceFromFace$0$0 in sable.mixins.json:entity.entity_kicking.BlockMixin from mod sable
[10:15:39] [main/DEBUG] [mixin/]: Mixing entity.entity_rotations_and_riding.BlockMixin from sable.mixins.json into net.minecraft.world.level.block.Block
[10:15:39] [main/DEBUG] [mixin/]: Mixing BlockReadOnlyProjectedShellMixin from antikytheramechanism.mixins.json into net.minecraft.world.level.block.Block
[10:15:39] [main/DEBUG] [mixin/]: sable.mixins.json:entity.entity_kicking.BlockMixin from mod sable->@Inject::sable$popResourceFromFace(Lnet/minecraft/world/level/Level;Lnet/minecraft/core/BlockPos;Lnet/minecraft/world/item/ItemStack;Lorg/spongepowered/asm/mixin/injection/callback/CallbackInfo;DDDD)V does use it's CallbackInfo
[10:15:39] [main/DEBUG] [mixin/]: antikytheramechanism.mixins.json:BlockReadOnlyProjectedShellMixin from mod antikytheramechanism->@Inject::antikytheramechanism$skipProjectedShellDrop(Lnet/minecraft/world/level/Level;Lnet/minecraft/core/BlockPos;Lnet/minecraft/world/item/ItemStack;Lorg/spongepowered/asm/mixin/injection/callback/CallbackInfo;)V does use it's CallbackInfo
[10:15:39] [main/DEBUG] [mixin/]: Mixing BlockStateManagedVirtualEnvironmentMixin from antikytheramechanism.mixins.json into net.minecraft.world.level.block.state.BlockBehaviour$BlockStateBase
[10:15:39] [main/DEBUG] [mixin/]: Renaming synthetic method lambda$antikytheramechanism$projectSupportForRandomTick$8(Lcom/llamalad7/mixinextras/injector/wrapoperation/Operation;Lnet/minecraft/server/level/ServerLevel;Lnet/minecraft/core/BlockPos;Lnet/minecraft/util/RandomSource;)Ljava/lang/Void; to mdb0c6f7$antikytheramechanism$lambda$antikytheramechanism$projectSupportForRandomTick$8$0 in antikytheramechanism.mixins.json:BlockStateManagedVirtualEnvironmentMixin from mod antikytheramechanism
[10:15:39] [main/DEBUG] [mixin/]: Renaming synthetic method lambda$antikytheramechanism$projectSupportForScheduledTick$7(Lcom/llamalad7/mixinextras/injector/wrapoperation/Operation;Lnet/minecraft/server/level/ServerLevel;Lnet/minecraft/core/BlockPos;Lnet/minecraft/util/RandomSource;)Ljava/lang/Void; to mdb0c6f7$antikytheramechanism$lambda$antikytheramechanism$projectSupportForScheduledTick$7$1 in antikytheramechanism.mixins.json:BlockStateManagedVirtualEnvironmentMixin from mod antikytheramechanism
[10:15:39] [main/DEBUG] [mixin/]: Renaming synthetic method lambda$antikytheramechanism$projectBoundaryForBlockEvent$6(Lcom/llamalad7/mixinextras/injector/wrapoperation/Operation;Lnet/minecraft/world/level/Level;Lnet/minecraft/core/BlockPos;II)Ljava/lang/Boolean; to mdb0c6f7$antikytheramechanism$lambda$antikytheramechanism$projectBoundaryForBlockEvent$6$2 in antikytheramechanism.mixins.json:BlockStateManagedVirtualEnvironmentMixin from mod antikytheramechanism
[10:15:39] [main/DEBUG] [mixin/]: Renaming synthetic method lambda$antikytheramechanism$projectSupportForIndirectShapeUpdates$5(Lcom/llamalad7/mixinextras/injector/wrapoperation/Operation;Lnet/minecraft/world/level/LevelAccessor;Lnet/minecraft/core/BlockPos;II)Ljava/lang/Void; to mdb0c6f7$antikytheramechanism$lambda$antikytheramechanism$projectSupportForIndirectShapeUpdates$5$3 in antikytheramechanism.mixins.json:BlockStateManagedVirtualEnvironmentMixin from mod antikytheramechanism
[10:15:39] [main/DEBUG] [mixin/]: Renaming synthetic method lambda$antikytheramechanism$projectSupportForOnPlace$4(Lcom/llamalad7/mixinextras/injector/wrapoperation/Operation;Lnet/minecraft/world/level/Level;Lnet/minecraft/core/BlockPos;Lnet/minecraft/world/level/block/state/BlockState;Z)Ljava/lang/Void; to mdb0c6f7$antikytheramechanism$lambda$antikytheramechanism$projectSupportForOnPlace$4$4 in antikytheramechanism.mixins.json:BlockStateManagedVirtualEnvironmentMixin from mod antikytheramechanism
[10:15:39] [main/DEBUG] [mixin/]: Renaming synthetic method lambda$antikytheramechanism$projectSupportForNeighborChanged$3(Lcom/llamalad7/mixinextras/injector/wrapoperation/Operation;Lnet/minecraft/world/level/Level;Lnet/minecraft/core/BlockPos;Lnet/minecraft/world/level/block/Block;Lnet/minecraft/core/BlockPos;Z)Ljava/lang/Void; to mdb0c6f7$antikytheramechanism$lambda$antikytheramechanism$projectSupportForNeighborChanged$3$5 in antikytheramechanism.mixins.json:BlockStateManagedVirtualEnvironmentMixin from mod antikytheramechanism
[10:15:39] [main/DEBUG] [mixin/]: Renaming synthetic method lambda$antikytheramechanism$projectSupportForUpdateShape$2(Lcom/llamalad7/mixinextras/injector/wrapoperation/Operation;Lnet/minecraft/core/Direction;Lnet/minecraft/world/level/block/state/BlockState;Lnet/minecraft/world/level/LevelAccessor;Lnet/minecraft/core/BlockPos;Lnet/minecraft/core/BlockPos;)Lnet/minecraft/world/level/block/state/BlockState; to mdb0c6f7$antikytheramechanism$lambda$antikytheramechanism$projectSupportForUpdateShape$2$6 in antikytheramechanism.mixins.json:BlockStateManagedVirtualEnvironmentMixin from mod antikytheramechanism
[10:15:39] [main/DEBUG] [mixin/]: Renaming synthetic method lambda$antikytheramechanism$projectSupportForCanSurvive$1(Lcom/llamalad7/mixinextras/injector/wrapoperation/Operation;Lnet/minecraft/world/level/LevelReader;Lnet/minecraft/core/BlockPos;)Ljava/lang/Boolean; to mdb0c6f7$antikytheramechanism$lambda$antikytheramechanism$projectSupportForCanSurvive$1$7 in antikytheramechanism.mixins.json:BlockStateManagedVirtualEnvironmentMixin from mod antikytheramechanism
[10:15:39] [main/DEBUG] [mixin/]: Renaming synthetic method lambda$antikytheramechanism$withLifecycleEnvironment$0(Ljava/lang/Runnable;)Ljava/lang/Object; to mdb0c6f7$antikytheramechanism$lambda$antikytheramechanism$withLifecycleEnvironment$0$8 in antikytheramechanism.mixins.json:BlockStateManagedVirtualEnvironmentMixin from mod antikytheramechanism
[10:15:39] [main/DEBUG] [mixin/]: Mixing block_properties.BlockStateMixin from sable.mixins.json into net.minecraft.world.level.block.state.BlockState
[10:15:39] [main/DEBUG] [mixin/]: Mixing clip_overwrite.BlockGetterMixin from sable.mixins.json into net.minecraft.world.level.BlockGetter
[10:15:39] [main/DEBUG] [mixin/]: Renaming synthetic method lambda$originalClip$1(Lnet/minecraft/world/level/ClipContext;)Lnet/minecraft/world/phys/BlockHitResult; to mdb0c6f7$sable$lambda$originalClip$1$0 in sable.mixins.json:clip_overwrite.BlockGetterMixin from mod sable
[10:15:39] [main/DEBUG] [mixin/]: Renaming synthetic method lambda$originalClip$0(Lnet/minecraft/world/level/BlockGetter;Lnet/minecraft/world/level/ClipContext;Lnet/minecraft/core/BlockPos;)Lnet/minecraft/world/phys/BlockHitResult; to mdb0c6f7$sable$lambda$originalClip$0$1 in sable.mixins.json:clip_overwrite.BlockGetterMixin from mod sable
[10:15:39] [main/DEBUG] [mixin/]: Mixing BlockGetterClipScaleMixin from sablescale.mixins.json into net.minecraft.world.level.BlockGetter
[10:15:39] [main/DEBUG] [mixin/]: Renaming synthetic method lambda$sablescale$originalClip$1(Lnet/minecraft/world/level/ClipContext;)Lnet/minecraft/world/phys/BlockHitResult; to mdb0c6f7$sablescale$lambda$sablescale$originalClip$1$2 in sablescale.mixins.json:BlockGetterClipScaleMixin from mod sablescale
[10:15:39] [main/DEBUG] [mixin/]: Renaming synthetic method lambda$sablescale$originalClip$0(Lnet/minecraft/world/level/BlockGetter;Lnet/minecraft/world/level/ClipContext;Lnet/minecraft/core/BlockPos;)Lnet/minecraft/world/phys/BlockHitResult; to mdb0c6f7$sablescale$lambda$sablescale$originalClip$0$3 in sablescale.mixins.json:BlockGetterClipScaleMixin from mod sablescale
[10:15:40] [main/DEBUG] [mixin/]: Mixing block_placement.EntityGetterMixin from sable.mixins.json into net.minecraft.world.level.EntityGetter
[10:15:40] [main/DEBUG] [mixin/]: Mixing plot.lighting.BlockAndTintGetterMixin from sable.mixins.json into net.minecraft.world.level.BlockAndTintGetter
[10:15:40] [main/DEBUG] [mixin/]: Mixing SignalGetterRedstoneBoundaryMixin from antikytheramechanism.mixins.json into net.minecraft.world.level.SignalGetter
[10:15:40] [main/DEBUG] [mixin/]: antikytheramechanism.mixins.json:SignalGetterRedstoneBoundaryMixin from mod antikytheramechanism->@Inject::antikytheramechanism$bridgeProjectedWeakSignal(Lnet/minecraft/core/BlockPos;Lnet/minecraft/core/Direction;Lorg/spongepowered/asm/mixin/injection/callback/CallbackInfoReturnable;)V does use it's CallbackInfoReturnable
[10:15:40] [main/DEBUG] [mixin/]: antikytheramechanism.mixins.json:SignalGetterRedstoneBoundaryMixin from mod antikytheramechanism->@Inject::antikytheramechanism$bridgeProjectedDirectSignal(Lnet/minecraft/core/BlockPos;Lnet/minecraft/core/Direction;Lorg/spongepowered/asm/mixin/injection/callback/CallbackInfoReturnable;)V does use it's CallbackInfoReturnable
[10:15:40] [main/DEBUG] [mixin/]: Mixing entity.entity_swimming.EntityMixin from sable-neoforge.mixins.json into net.minecraft.world.entity.Entity
[10:15:40] [main/DEBUG] [mixin/]: Renaming synthetic method lambda$updateFluidHeightAndDoFluidPushing$2(Lnet/neoforged/neoforge/fluids/FluidType;Ldev/ryanhcode/sable/neoforge/mixinhelper/entity/SableInterimCalculation;)V to mdb0c6f7$sable$lambda$updateFluidHeightAndDoFluidPushing$2$0 in sable-neoforge.mixins.json:entity.entity_swimming.EntityMixin from mod sable
[10:15:40] [main/DEBUG] [mixin/]: Renaming synthetic method lambda$updateFluidHeightAndDoFluidPushing$1(Ljava/lang/Object;)Ldev/ryanhcode/sable/neoforge/mixinhelper/entity/SableInterimCalculation; to mdb0c6f7$sable$lambda$updateFluidHeightAndDoFluidPushing$1$1 in sable-neoforge.mixins.json:entity.entity_swimming.EntityMixin from mod sable
[10:15:40] [main/DEBUG] [mixin/]: Renaming synthetic method lambda$updateFluidHeightAndDoFluidPushing$0(Ljava/lang/Object;)Ldev/ryanhcode/sable/neoforge/mixinhelper/entity/SableInterimCalculation; to mdb0c6f7$sable$lambda$updateFluidHeightAndDoFluidPushing$0$2 in sable-neoforge.mixins.json:entity.entity_swimming.EntityMixin from mod sable
[10:15:40] [main/DEBUG] [mixin/]: Mixing clip_overwrite.EntityMixin from sable.mixins.json into net.minecraft.world.entity.Entity
[10:15:40] [main/DEBUG] [mixin/]: Mixing death_message.EntityMixin from sable.mixins.json into net.minecraft.world.entity.Entity
[10:15:40] [main/DEBUG] [mixin/]: Mixing entity.entities_in_blocks.EntityMixin from sable.mixins.json into net.minecraft.world.entity.Entity
[10:15:40] [main/DEBUG] [mixin/]: Mixing entity.entities_stick_sublevels.EntityMixin from sable.mixins.json into net.minecraft.world.entity.Entity
[10:15:40] [main/DEBUG] [mixin/]: Mixing entity.entities_stick_sublevels.effects.EntityMixin from sable.mixins.json into net.minecraft.world.entity.Entity
[10:15:40] [main/DEBUG] [mixin/]: Mixing entity.entity_collision.EntityMixin from sable.mixins.json into net.minecraft.world.entity.Entity
[10:15:40] [main/DEBUG] [mixin/]: Mixing entity.entity_rotations_and_riding.EntityMixin from sable.mixins.json into net.minecraft.world.entity.Entity
[10:15:40] [main/DEBUG] [mixin/]: Mixing extension.EntityMixin from sable.mixins.json into net.minecraft.world.entity.Entity
[10:15:40] [main/DEBUG] [mixin/]: Mixing interaction_distance.EntityMixin from sable.mixins.json into net.minecraft.world.entity.Entity
[10:15:40] [main/DEBUG] [mixin/]: Mixing portal.EntityMixin from sable.mixins.json into net.minecraft.world.entity.Entity
[10:15:40] [main/DEBUG] [mixin/]: Mixing tracking_points.EntityMixin from sable.mixins.json into net.minecraft.world.entity.Entity
[10:15:40] [main/DEBUG] [mixin/]: Mixing water_occlusion.EntityMixin from sable.mixins.json into net.minecraft.world.entity.Entity
[10:15:40] [main/DEBUG] [mixin/]: Mixing entity.entity_sublevel_collision.EntityMixin from sable.mixins.json into net.minecraft.world.entity.Entity
[10:15:40] [main/DEBUG] [mixin/]: sable-neoforge.mixins.json:entity.entity_swimming.EntityMixin from mod sable->@Inject::sable$subLevelFluidOnEyes(Lorg/spongepowered/asm/mixin/injection/callback/CallbackInfo;)V doesn't use it's CallbackInfo
[10:15:40] [main/DEBUG] [mixin/]: sable-neoforge.mixins.json:entity.entity_swimming.EntityMixin from mod sable->@Inject::sable$subLevelFluidOnEyes(Lorg/spongepowered/asm/mixin/injection/callback/CallbackInfo;)V has 0 override(s) in child classes
[10:15:40] [main/DEBUG] [mixin/]: sable-neoforge.mixins.json:entity.entity_swimming.EntityMixin from mod sable->@Inject::sable$subLevelFluidOnEyes(Lorg/spongepowered/asm/mixin/injection/callback/CallbackInfo;)V won't be passed a CallbackInfo as a result
[10:15:40] [main/DEBUG] [mixin/]: sable.mixins.json:death_message.EntityMixin from mod sable->@Inject::sable$updateLastSubLevelId(Lorg/spongepowered/asm/mixin/injection/callback/CallbackInfo;)V doesn't use it's CallbackInfo
[10:15:40] [main/DEBUG] [mixin/]: sable.mixins.json:death_message.EntityMixin from mod sable->@Inject::sable$updateLastSubLevelId(Lorg/spongepowered/asm/mixin/injection/callback/CallbackInfo;)V has 0 override(s) in child classes
[10:15:40] [main/DEBUG] [mixin/]: sable.mixins.json:death_message.EntityMixin from mod sable->@Inject::sable$updateLastSubLevelId(Lorg/spongepowered/asm/mixin/injection/callback/CallbackInfo;)V won't be passed a CallbackInfo as a result
[10:15:40] [main/DEBUG] [mixin/]: sable.mixins.json:entity.entities_in_blocks.EntityMixin from mod sable->@Inject::checkInsideBlocks(Lorg/spongepowered/asm/mixin/injection/callback/CallbackInfo;)V doesn't use it's CallbackInfo
[10:15:40] [main/DEBUG] [mixin/]: sable.mixins.json:entity.entities_in_blocks.EntityMixin from mod sable->@Inject::checkInsideBlocks(Lorg/spongepowered/asm/mixin/injection/callback/CallbackInfo;)V has 0 override(s) in child classes
[10:15:40] [main/DEBUG] [mixin/]: sable.mixins.json:entity.entities_in_blocks.EntityMixin from mod sable->@Inject::checkInsideBlocks(Lorg/spongepowered/asm/mixin/injection/callback/CallbackInfo;)V won't be passed a CallbackInfo as a result
[10:15:40] [main/DEBUG] [mixin/]: sable.mixins.json:entity.entities_stick_sublevels.EntityMixin from mod sable->@Inject::sable$updateSubLevelPosition(Lorg/spongepowered/asm/mixin/injection/callback/CallbackInfo;)V doesn't use it's CallbackInfo
[10:15:40] [main/DEBUG] [mixin/]: sable.mixins.json:entity.entities_stick_sublevels.EntityMixin from mod sable->@Inject::sable$updateSubLevelPosition(Lorg/spongepowered/asm/mixin/injection/callback/CallbackInfo;)V has 0 override(s) in child classes
[10:15:40] [main/DEBUG] [mixin/]: sable.mixins.json:entity.entities_stick_sublevels.EntityMixin from mod sable->@Inject::sable$updateSubLevelPosition(Lorg/spongepowered/asm/mixin/injection/callback/CallbackInfo;)V won't be passed a CallbackInfo as a result
[10:15:40] [main/DEBUG] [mixin/]: sable.mixins.json:entity.entities_stick_sublevels.EntityMixin from mod sable->@Inject::sable$recreateFromPacket(Lnet/minecraft/network/protocol/game/ClientboundAddEntityPacket;Lorg/spongepowered/asm/mixin/injection/callback/CallbackInfo;)V doesn't use it's CallbackInfo
[10:15:40] [main/DEBUG] [mixin/]: sable.mixins.json:entity.entities_stick_sublevels.EntityMixin from mod sable->@Inject::sable$recreateFromPacket(Lnet/minecraft/network/protocol/game/ClientboundAddEntityPacket;Lorg/spongepowered/asm/mixin/injection/callback/CallbackInfo;)V has 0 override(s) in child classes
[10:15:40] [main/DEBUG] [mixin/]: sable.mixins.json:entity.entities_stick_sublevels.EntityMixin from mod sable->@Inject::sable$recreateFromPacket(Lnet/minecraft/network/protocol/game/ClientboundAddEntityPacket;Lorg/spongepowered/asm/mixin/injection/callback/CallbackInfo;)V won't be passed a CallbackInfo as a result
[10:15:40] [main/DEBUG] [mixin/]: sable.mixins.json:entity.entities_stick_sublevels.effects.EntityMixin from mod sable->@Inject::sable$spawnSprintParticle(Lorg/spongepowered/asm/mixin/injection/callback/CallbackInfo;)V doesn't use it's CallbackInfo
[10:15:40] [main/DEBUG] [mixin/]: sable.mixins.json:entity.entities_stick_sublevels.effects.EntityMixin from mod sable->@Inject::sable$spawnSprintParticle(Lorg/spongepowered/asm/mixin/injection/callback/CallbackInfo;)V has 0 override(s) in child classes
[10:15:40] [main/DEBUG] [mixin/]: sable.mixins.json:entity.entities_stick_sublevels.effects.EntityMixin from mod sable->@Inject::sable$spawnSprintParticle(Lorg/spongepowered/asm/mixin/injection/callback/CallbackInfo;)V won't be passed a CallbackInfo as a result
[10:15:40] [main/DEBUG] [mixin/]: sable.mixins.json:entity.entities_stick_sublevels.effects.EntityMixin from mod sable->@Inject::sable$preGetOnPos(FLorg/spongepowered/asm/mixin/injection/callback/CallbackInfoReturnable;)V does use it's CallbackInfoReturnable
[10:15:40] [main/DEBUG] [mixin/]: sable.mixins.json:entity.entity_rotations_and_riding.EntityMixin from mod sable->@Inject::moveRelative(FLnet/minecraft/world/phys/Vec3;Lorg/spongepowered/asm/mixin/injection/callback/CallbackInfo;)V does use it's CallbackInfo
[10:15:40] [main/DEBUG] [mixin/]: sable.mixins.json:entity.entity_rotations_and_riding.EntityMixin from mod sable->@Inject::sable$onRidingTick(Lorg/spongepowered/asm/mixin/injection/callback/CallbackInfo;)V doesn't use it's CallbackInfo
[10:15:40] [main/DEBUG] [mixin/]: sable.mixins.json:entity.entity_rotations_and_riding.EntityMixin from mod sable->@Inject::sable$onRidingTick(Lorg/spongepowered/asm/mixin/injection/callback/CallbackInfo;)V has 0 override(s) in child classes
[10:15:40] [main/DEBUG] [mixin/]: sable.mixins.json:entity.entity_rotations_and_riding.EntityMixin from mod sable->@Inject::sable$onRidingTick(Lorg/spongepowered/asm/mixin/injection/callback/CallbackInfo;)V won't be passed a CallbackInfo as a result
[10:15:40] [main/DEBUG] [mixin/]: sable.mixins.json:entity.entity_rotations_and_riding.EntityMixin from mod sable->@Inject::sable$onPositionRider(Lnet/minecraft/world/entity/Entity;Lorg/spongepowered/asm/mixin/injection/callback/CallbackInfo;)V doesn't use it's CallbackInfo
[10:15:40] [main/DEBUG] [mixin/]: sable.mixins.json:entity.entity_rotations_and_riding.EntityMixin from mod sable->@Inject::sable$onPositionRider(Lnet/minecraft/world/entity/Entity;Lorg/spongepowered/asm/mixin/injection/callback/CallbackInfo;)V has 0 override(s) in child classes
[10:15:40] [main/DEBUG] [mixin/]: sable.mixins.json:entity.entity_rotations_and_riding.EntityMixin from mod sable->@Inject::sable$onPositionRider(Lnet/minecraft/world/entity/Entity;Lorg/spongepowered/asm/mixin/injection/callback/CallbackInfo;)V won't be passed a CallbackInfo as a result
[10:15:40] [main/DEBUG] [mixin/]: sable.mixins.json:tracking_points.EntityMixin from mod sable->@Inject::sable$load(Lnet/minecraft/nbt/CompoundTag;Lorg/spongepowered/asm/mixin/injection/callback/CallbackInfo;)V doesn't use it's CallbackInfo
[10:15:40] [main/DEBUG] [mixin/]: sable.mixins.json:tracking_points.EntityMixin from mod sable->@Inject::sable$load(Lnet/minecraft/nbt/CompoundTag;Lorg/spongepowered/asm/mixin/injection/callback/CallbackInfo;)V has 0 override(s) in child classes
[10:15:40] [main/DEBUG] [mixin/]: sable.mixins.json:tracking_points.EntityMixin from mod sable->@Inject::sable$load(Lnet/minecraft/nbt/CompoundTag;Lorg/spongepowered/asm/mixin/injection/callback/CallbackInfo;)V won't be passed a CallbackInfo as a result
[10:15:40] [main/DEBUG] [mixin/]: sable.mixins.json:water_occlusion.EntityMixin from mod sable->@Inject::sable$updateFluidHeightAndDoFluidPushing(Lnet/minecraft/tags/TagKey;DLorg/spongepowered/asm/mixin/injection/callback/CallbackInfoReturnable;)V does use it's CallbackInfoReturnable
[10:15:40] [main/DEBUG] [mixin/]: sable.mixins.json:entity.entity_sublevel_collision.EntityMixin from mod sable->@Inject::sable$moveInject(Lnet/minecraft/world/entity/MoverType;Lnet/minecraft/world/phys/Vec3;Lorg/spongepowered/asm/mixin/injection/callback/CallbackInfo;)V doesn't use it's CallbackInfo
[10:15:40] [main/DEBUG] [mixin/]: sable.mixins.json:entity.entity_sublevel_collision.EntityMixin from mod sable->@Inject::sable$moveInject(Lnet/minecraft/world/entity/MoverType;Lnet/minecraft/world/phys/Vec3;Lorg/spongepowered/asm/mixin/injection/callback/CallbackInfo;)V has 0 override(s) in child classes
[10:15:40] [main/DEBUG] [mixin/]: sable.mixins.json:entity.entity_sublevel_collision.EntityMixin from mod sable->@Inject::sable$moveInject(Lnet/minecraft/world/entity/MoverType;Lnet/minecraft/world/phys/Vec3;Lorg/spongepowered/asm/mixin/injection/callback/CallbackInfo;)V won't be passed a CallbackInfo as a result
[10:15:40] [main/DEBUG] [mixin/]: sable.mixins.json:entity.entity_sublevel_collision.EntityMixin from mod sable->@Inject::sable$tickInject(Lorg/spongepowered/asm/mixin/injection/callback/CallbackInfo;)V doesn't use it's CallbackInfo
[10:15:40] [main/DEBUG] [mixin/]: sable.mixins.json:entity.entity_sublevel_collision.EntityMixin from mod sable->@Inject::sable$tickInject(Lorg/spongepowered/asm/mixin/injection/callback/CallbackInfo;)V has 0 override(s) in child classes
[10:15:40] [main/DEBUG] [mixin/]: sable.mixins.json:entity.entity_sublevel_collision.EntityMixin from mod sable->@Inject::sable$tickInject(Lorg/spongepowered/asm/mixin/injection/callback/CallbackInfo;)V won't be passed a CallbackInfo as a result
[10:15:40] [main/DEBUG] [mixin/]: Mixing PlayerReachScaleMixin from sablescale.mixins.json into net.minecraft.world.entity.player.Player
[10:15:40] [main/DEBUG] [mixin/]: Mixing entity.entity_rotations_and_riding.PlayerMixin from sable.mixins.json into net.minecraft.world.entity.player.Player
[10:15:40] [main/DEBUG] [mixin/]: Mixing entity.entity_sublevel_collision.PlayerMixin from sable.mixins.json into net.minecraft.world.entity.player.Player
[10:15:40] [main/DEBUG] [mixin/]: Mixing interaction_distance.PlayerMixin from sable.mixins.json into net.minecraft.world.entity.player.Player
[10:15:40] [main/DEBUG] [mixin/]: Mixing player_freezing.PlayerMixin from sable.mixins.json into net.minecraft.world.entity.player.Player
[10:15:40] [main/DEBUG] [mixin/]: sablescale.mixins.json:PlayerReachScaleMixin from mod sablescale->@Inject::sablescale$scaledReach(Lnet/minecraft/core/BlockPos;DLorg/spongepowered/asm/mixin/injection/callback/CallbackInfoReturnable;)V does use it's CallbackInfoReturnable
[10:15:40] [main/DEBUG] [mixin/]: sable.mixins.json:entity.entity_rotations_and_riding.PlayerMixin from mod sable->@Inject::sable$storeUpDeltaMovement(Lnet/minecraft/world/phys/Vec3;Lorg/spongepowered/asm/mixin/injection/callback/CallbackInfo;)V doesn't use it's CallbackInfo
[10:15:40] [main/DEBUG] [mixin/]: sable.mixins.json:entity.entity_rotations_and_riding.PlayerMixin from mod sable->@Inject::sable$storeUpDeltaMovement(Lnet/minecraft/world/phys/Vec3;Lorg/spongepowered/asm/mixin/injection/callback/CallbackInfo;)V has 0 override(s) in child classes
[10:15:40] [main/DEBUG] [mixin/]: sable.mixins.json:entity.entity_rotations_and_riding.PlayerMixin from mod sable->@Inject::sable$storeUpDeltaMovement(Lnet/minecraft/world/phys/Vec3;Lorg/spongepowered/asm/mixin/injection/callback/CallbackInfo;)V won't be passed a CallbackInfo as a result
[10:15:40] [main/DEBUG] [mixin/]: sable.mixins.json:entity.entity_sublevel_collision.PlayerMixin from mod sable->@Inject::sable$maybeBackOffFromEdge(Lnet/minecraft/world/phys/Vec3;Lnet/minecraft/world/entity/MoverType;Lorg/spongepowered/asm/mixin/injection/callback/CallbackInfoReturnable;)V does use it's CallbackInfoReturnable
[10:15:40] [main/DEBUG] [mixin/]: sable.mixins.json:interaction_distance.PlayerMixin from mod sable->@Inject::sable$canInteractWithBlock(Lnet/minecraft/core/BlockPos;DLorg/spongepowered/asm/mixin/injection/callback/CallbackInfoReturnable;)V does use it's CallbackInfoReturnable
[10:15:40] [main/DEBUG] [mixin/]: sable.mixins.json:interaction_distance.PlayerMixin from mod sable->@Inject::sable$canInteractWithEntity(Lnet/minecraft/world/phys/AABB;DLorg/spongepowered/asm/mixin/injection/callback/CallbackInfoReturnable;)V does use it's CallbackInfoReturnable
[10:15:40] [main/DEBUG] [mixin/]: sable.mixins.json:player_freezing.PlayerMixin from mod sable->@Inject::sable$preFrozenTick(Lorg/spongepowered/asm/mixin/injection/callback/CallbackInfo;)V doesn't use it's CallbackInfo
[10:15:40] [main/DEBUG] [mixin/]: sable.mixins.json:player_freezing.PlayerMixin from mod sable->@Inject::sable$preFrozenTick(Lorg/spongepowered/asm/mixin/injection/callback/CallbackInfo;)V has 0 override(s) in child classes
[10:15:40] [main/DEBUG] [mixin/]: sable.mixins.json:player_freezing.PlayerMixin from mod sable->@Inject::sable$preFrozenTick(Lorg/spongepowered/asm/mixin/injection/callback/CallbackInfo;)V won't be passed a CallbackInfo as a result
[10:15:40] [main/DEBUG] [mixin/]: Mixing climbing_sub_levels.LivingEntityMixin from sable.mixins.json into net.minecraft.world.entity.LivingEntity
[10:15:40] [main/DEBUG] [mixin/]: Mixing entity.entities_stick_sublevels.LivingEntityMixin from sable.mixins.json into net.minecraft.world.entity.LivingEntity
[10:15:40] [main/DEBUG] [mixin/]: Mixing entity.entities_stick_sublevels.effects.LivingEntityMixin from sable.mixins.json into net.minecraft.world.entity.LivingEntity
[10:15:40] [main/DEBUG] [mixin/]: Mixing entity.entity_rotations_and_riding.LivingEntityMixin from sable.mixins.json into net.minecraft.world.entity.LivingEntity
[10:15:40] [main/DEBUG] [mixin/]: Mixing entity.entity_sublevel_collision.LivingEntityMixin from sable.mixins.json into net.minecraft.world.entity.LivingEntity
[10:15:40] [main/DEBUG] [mixin/]: Mixing respawn_point.sleeping.LivingEntityMixin from sable.mixins.json into net.minecraft.world.entity.LivingEntity
[10:15:40] [main/DEBUG] [mixin/]: Mixing entities_stick_sublevels.effects.LivingEntityMixin from sable-neoforge.mixins.json into net.minecraft.world.entity.LivingEntity
[10:15:40] [main/DEBUG] [mixin/]: sable.mixins.json:entity.entities_stick_sublevels.LivingEntityMixin from mod sable->@Inject::sable$updateRotLerp(Lorg/spongepowered/asm/mixin/injection/callback/CallbackInfo;)V doesn't use it's CallbackInfo
[10:15:40] [main/DEBUG] [mixin/]: sable.mixins.json:entity.entities_stick_sublevels.LivingEntityMixin from mod sable->@Inject::sable$updateRotLerp(Lorg/spongepowered/asm/mixin/injection/callback/CallbackInfo;)V has 0 override(s) in child classes
[10:15:40] [main/DEBUG] [mixin/]: sable.mixins.json:entity.entities_stick_sublevels.LivingEntityMixin from mod sable->@Inject::sable$updateRotLerp(Lorg/spongepowered/asm/mixin/injection/callback/CallbackInfo;)V won't be passed a CallbackInfo as a result
[10:15:40] [main/DEBUG] [mixin/]: sable.mixins.json:entity.entities_stick_sublevels.LivingEntityMixin from mod sable->@Inject::sable$updatePlotPosition(Lorg/spongepowered/asm/mixin/injection/callback/CallbackInfo;)V doesn't use it's CallbackInfo
[10:15:40] [main/DEBUG] [mixin/]: sable.mixins.json:entity.entities_stick_sublevels.LivingEntityMixin from mod sable->@Inject::sable$updatePlotPosition(Lorg/spongepowered/asm/mixin/injection/callback/CallbackInfo;)V has 0 override(s) in child classes
[10:15:40] [main/DEBUG] [mixin/]: sable.mixins.json:entity.entities_stick_sublevels.LivingEntityMixin from mod sable->@Inject::sable$updatePlotPosition(Lorg/spongepowered/asm/mixin/injection/callback/CallbackInfo;)V won't be passed a CallbackInfo as a result
[10:15:40] [main/DEBUG] [mixin/]: sable.mixins.json:entity.entities_stick_sublevels.LivingEntityMixin from mod sable->@Inject::sable$recreateFromPacket(Lnet/minecraft/network/protocol/game/ClientboundAddEntityPacket;Lorg/spongepowered/asm/mixin/injection/callback/CallbackInfo;)V doesn't use it's CallbackInfo
[10:15:40] [main/DEBUG] [mixin/]: sable.mixins.json:entity.entities_stick_sublevels.LivingEntityMixin from mod sable->@Inject::sable$recreateFromPacket(Lnet/minecraft/network/protocol/game/ClientboundAddEntityPacket;Lorg/spongepowered/asm/mixin/injection/callback/CallbackInfo;)V has 0 override(s) in child classes
[10:15:40] [main/DEBUG] [mixin/]: sable.mixins.json:entity.entities_stick_sublevels.LivingEntityMixin from mod sable->@Inject::sable$recreateFromPacket(Lnet/minecraft/network/protocol/game/ClientboundAddEntityPacket;Lorg/spongepowered/asm/mixin/injection/callback/CallbackInfo;)V won't be passed a CallbackInfo as a result
[10:15:40] [main/DEBUG] [mixin/]: sable.mixins.json:entity.entity_rotations_and_riding.LivingEntityMixin from mod sable->@Inject::sable$jumpFromGround(Lorg/spongepowered/asm/mixin/injection/callback/CallbackInfo;)V does use it's CallbackInfo
[10:15:40] [main/DEBUG] [mixin/]: sable.mixins.json:entity.entity_sublevel_collision.LivingEntityMixin from mod sable->@Inject::sable$beforeAnimation(Lnet/minecraft/world/phys/Vec3;Lorg/spongepowered/asm/mixin/injection/callback/CallbackInfo;)V doesn't use it's CallbackInfo
[10:15:40] [main/DEBUG] [mixin/]: sable.mixins.json:entity.entity_sublevel_collision.LivingEntityMixin from mod sable->@Inject::sable$beforeAnimation(Lnet/minecraft/world/phys/Vec3;Lorg/spongepowered/asm/mixin/injection/callback/CallbackInfo;)V has 0 override(s) in child classes
[10:15:40] [main/DEBUG] [mixin/]: sable.mixins.json:entity.entity_sublevel_collision.LivingEntityMixin from mod sable->@Inject::sable$beforeAnimation(Lnet/minecraft/world/phys/Vec3;Lorg/spongepowered/asm/mixin/injection/callback/CallbackInfo;)V won't be passed a CallbackInfo as a result
[10:15:40] [main/DEBUG] [mixin/]: sable-neoforge.mixins.json:entities_stick_sublevels.effects.LivingEntityMixin from mod sable->@Inject::playBlockFallSound(Lorg/spongepowered/asm/mixin/injection/callback/CallbackInfo;)V doesn't use it's CallbackInfo
[10:15:40] [main/DEBUG] [mixin/]: sable-neoforge.mixins.json:entities_stick_sublevels.effects.LivingEntityMixin from mod sable->@Inject::playBlockFallSound(Lorg/spongepowered/asm/mixin/injection/callback/CallbackInfo;)V has 0 override(s) in child classes
[10:15:40] [main/DEBUG] [mixin/]: sable-neoforge.mixins.json:entities_stick_sublevels.effects.LivingEntityMixin from mod sable->@Inject::playBlockFallSound(Lorg/spongepowered/asm/mixin/injection/callback/CallbackInfo;)V won't be passed a CallbackInfo as a result
[10:15:40] [main/DEBUG] [mixin/]: Mixing entity.entity_sublevel_collision.LevelMixin from sable.mixins.json into net.minecraft.world.level.Level
[10:15:40] [main/DEBUG] [mixin/]: Mixing world_border.LevelMixin from sable.mixins.json into net.minecraft.world.level.Level
[10:15:40] [main/DEBUG] [mixin/]: Mixing LevelFrameRemovalPreflightMixin from antikytheramechanism.mixins.json into net.minecraft.world.level.Level
[10:15:40] [main/DEBUG] [mixin/]: Mixing LevelMiniWorldEnvironmentMixin from antikytheramechanism.mixins.json into net.minecraft.world.level.Level
[10:15:40] [main/DEBUG] [mixin/]: sable.mixins.json:world_border.LevelMixin from mod sable->@Inject::sable$initializeWorldBorder(Lnet/minecraft/world/level/storage/WritableLevelData;Lnet/minecraft/resources/ResourceKey;Lnet/minecraft/core/RegistryAccess;Lnet/minecraft/core/Holder;Ljava/util/function/Supplier;ZZJILorg/spongepowered/asm/mixin/injection/callback/CallbackInfo;)V doesn't use it's CallbackInfo
[10:15:40] [main/DEBUG] [mixin/]: sable.mixins.json:world_border.LevelMixin from mod sable->@Inject::sable$initializeWorldBorder(Lnet/minecraft/world/level/storage/WritableLevelData;Lnet/minecraft/resources/ResourceKey;Lnet/minecraft/core/RegistryAccess;Lnet/minecraft/core/Holder;Ljava/util/function/Supplier;ZZJILorg/spongepowered/asm/mixin/injection/callback/CallbackInfo;)V has 0 override(s) in child classes
[10:15:40] [main/DEBUG] [mixin/]: sable.mixins.json:world_border.LevelMixin from mod sable->@Inject::sable$initializeWorldBorder(Lnet/minecraft/world/level/storage/WritableLevelData;Lnet/minecraft/resources/ResourceKey;Lnet/minecraft/core/RegistryAccess;Lnet/minecraft/core/Holder;Ljava/util/function/Supplier;ZZJILorg/spongepowered/asm/mixin/injection/callback/CallbackInfo;)V won't be passed a CallbackInfo as a result
[10:15:40] [main/DEBUG] [mixin/]: antikytheramechanism.mixins.json:LevelFrameRemovalPreflightMixin from mod antikytheramechanism->@Inject::antikytheramechanism$evacuateFrameBeforeChunkWrite(Lnet/minecraft/core/BlockPos;Lnet/minecraft/world/level/block/state/BlockState;IILorg/spongepowered/asm/mixin/injection/callback/CallbackInfoReturnable;)V does use it's CallbackInfoReturnable
[10:15:40] [main/DEBUG] [mixin/]: antikytheramechanism.mixins.json:LevelMiniWorldEnvironmentMixin from mod antikytheramechanism->@Inject::antikytheramechanism$projectParentEnvironment(Lnet/minecraft/core/BlockPos;Lorg/spongepowered/asm/mixin/injection/callback/CallbackInfoReturnable;)V does use it's CallbackInfoReturnable
[10:15:40] [main/DEBUG] [mixin/]: antikytheramechanism.mixins.json:LevelMiniWorldEnvironmentMixin from mod antikytheramechanism->@Inject::antikytheramechanism$refuseProjectedShellDestroy(Lnet/minecraft/core/BlockPos;ZLnet/minecraft/world/entity/Entity;ILorg/spongepowered/asm/mixin/injection/callback/CallbackInfoReturnable;)V does use it's CallbackInfoReturnable
[10:15:40] [main/DEBUG] [mixin/]: Mixing NetworkServerLevelMixin from veil.network.mixins.json into net.minecraft.server.level.ServerLevel
[10:15:40] [main/DEBUG] [mixin/]: Mixing block_decal_render.ServerLevelMixin from sable.mixins.json into net.minecraft.server.level.ServerLevel
[10:15:40] [main/DEBUG] [mixin/]: Mixing entity.entity_aabb_lookup.LevelsMixin from sable.mixins.json into net.minecraft.server.level.ServerLevel
[10:15:40] [main/ERROR] [ne.ne.fm.co.as.RuntimeDistCleaner/DISTXFORM]: Attempted to load class net/minecraft/client/multiplayer/ClientLevel for invalid dist DEDICATED_SERVER
[10:15:40] [main/WARN] [mixin/]: Error loading class: net/minecraft/client/multiplayer/ClientLevel (java.lang.RuntimeException: Attempted to load class net/minecraft/client/multiplayer/ClientLevel for invalid dist DEDICATED_SERVER)
[10:15:40] [main/DEBUG] [mixin/]: Mixing entity.entity_kicking.ServerLevelMixin from sable.mixins.json into net.minecraft.server.level.ServerLevel
[10:15:40] [main/DEBUG] [mixin/]: Mixing entity.server_entities_tick.ServerLevelMixin from sable.mixins.json into net.minecraft.server.level.ServerLevel
[10:15:40] [main/DEBUG] [mixin/]: Mixing explosion.ServerLevelMixin from sable.mixins.json into net.minecraft.server.level.ServerLevel
[10:15:40] [main/DEBUG] [mixin/]: Mixing particle.ServerLevelMixin from sable.mixins.json into net.minecraft.server.level.ServerLevel
[10:15:40] [main/DEBUG] [mixin/]: Mixing physics.ServerLevelMixin from sable.mixins.json into net.minecraft.server.level.ServerLevel
[10:15:40] [main/DEBUG] [mixin/]: Mixing plot.LevelsMixin from sable.mixins.json into net.minecraft.server.level.ServerLevel
[10:15:40] [main/ERROR] [ne.ne.fm.co.as.RuntimeDistCleaner/DISTXFORM]: Attempted to load class net/minecraft/client/multiplayer/ClientLevel for invalid dist DEDICATED_SERVER
[10:15:40] [main/WARN] [mixin/]: Error loading class: net/minecraft/client/multiplayer/ClientLevel (java.lang.RuntimeException: Attempted to load class net/minecraft/client/multiplayer/ClientLevel for invalid dist DEDICATED_SERVER)
[10:15:40] [main/DEBUG] [mixin/]: Mixing plot.ServerLevelMixin from sable.mixins.json into net.minecraft.server.level.ServerLevel
[10:15:40] [main/DEBUG] [mixin/]: Mixing water_occlusion.LevelsMixin from sable.mixins.json into net.minecraft.server.level.ServerLevel
[10:15:40] [main/ERROR] [ne.ne.fm.co.as.RuntimeDistCleaner/DISTXFORM]: Attempted to load class net/minecraft/client/multiplayer/ClientLevel for invalid dist DEDICATED_SERVER
[10:15:40] [main/WARN] [mixin/]: Error loading class: net/minecraft/client/multiplayer/ClientLevel (java.lang.RuntimeException: Attempted to load class net/minecraft/client/multiplayer/ClientLevel for invalid dist DEDICATED_SERVER)
[10:15:40] [main/DEBUG] [mixin/]: Mixing ServerLevelRedstoneBoundaryUpdateCenterMixin from antikytheramechanism.mixins.json into net.minecraft.server.level.ServerLevel
[10:15:40] [main/DEBUG] [mixin/]: sable.mixins.json:entity.entity_aabb_lookup.LevelsMixin from mod sable->@Inject::sable$postGetEntities(Lorg/spongepowered/asm/mixin/injection/callback/CallbackInfoReturnable;)V does use it's CallbackInfoReturnable
[10:15:40] [main/DEBUG] [mixin/]: sable.mixins.json:entity.entity_kicking.ServerLevelMixin from mod sable->@Inject::sable$kickEntity(Lnet/minecraft/world/entity/Entity;Lorg/spongepowered/asm/mixin/injection/callback/CallbackInfoReturnable;)V doesn't use it's CallbackInfoReturnable
[10:15:40] [main/DEBUG] [mixin/]: sable.mixins.json:entity.entity_kicking.ServerLevelMixin from mod sable->@Inject::sable$kickEntity(Lnet/minecraft/world/entity/Entity;Lorg/spongepowered/asm/mixin/injection/callback/CallbackInfoReturnable;)V has 0 override(s) in child classes
[10:15:40] [main/DEBUG] [mixin/]: sable.mixins.json:entity.entity_kicking.ServerLevelMixin from mod sable->@Inject::sable$kickEntity(Lnet/minecraft/world/entity/Entity;Lorg/spongepowered/asm/mixin/injection/callback/CallbackInfoReturnable;)V won't be passed a CallbackInfoReturnable as a result
[10:15:40] [main/DEBUG] [mixin/]: sable.mixins.json:plot.ServerLevelMixin from mod sable->@Inject::sable$init(Lorg/spongepowered/asm/mixin/injection/callback/CallbackInfo;)V doesn't use it's CallbackInfo
[10:15:40] [main/DEBUG] [mixin/]: sable.mixins.json:plot.ServerLevelMixin from mod sable->@Inject::sable$init(Lorg/spongepowered/asm/mixin/injection/callback/CallbackInfo;)V has 0 override(s) in child classes
[10:15:40] [main/DEBUG] [mixin/]: sable.mixins.json:plot.ServerLevelMixin from mod sable->@Inject::sable$init(Lorg/spongepowered/asm/mixin/injection/callback/CallbackInfo;)V won't be passed a CallbackInfo as a result
[10:15:40] [main/DEBUG] [mixin/]: sable.mixins.json:plot.ServerLevelMixin from mod sable->@Inject::sable$saveSubLevels(Lnet/minecraft/util/ProgressListener;ZZLorg/spongepowered/asm/mixin/injection/callback/CallbackInfo;)V doesn't use it's CallbackInfo
[10:15:40] [main/DEBUG] [mixin/]: sable.mixins.json:plot.ServerLevelMixin from mod sable->@Inject::sable$saveSubLevels(Lnet/minecraft/util/ProgressListener;ZZLorg/spongepowered/asm/mixin/injection/callback/CallbackInfo;)V has 0 override(s) in child classes
[10:15:40] [main/DEBUG] [mixin/]: sable.mixins.json:plot.ServerLevelMixin from mod sable->@Inject::sable$saveSubLevels(Lnet/minecraft/util/ProgressListener;ZZLorg/spongepowered/asm/mixin/injection/callback/CallbackInfo;)V won't be passed a CallbackInfo as a result
[10:15:40] [main/DEBUG] [mixin/]: sable.mixins.json:plot.ServerLevelMixin from mod sable->@Inject::sable$tickPlotContainer(Ljava/util/function/BooleanSupplier;Lorg/spongepowered/asm/mixin/injection/callback/CallbackInfo;)V doesn't use it's CallbackInfo
[10:15:40] [main/DEBUG] [mixin/]: sable.mixins.json:plot.ServerLevelMixin from mod sable->@Inject::sable$tickPlotContainer(Ljava/util/function/BooleanSupplier;Lorg/spongepowered/asm/mixin/injection/callback/CallbackInfo;)V has 0 override(s) in child classes
[10:15:40] [main/DEBUG] [mixin/]: sable.mixins.json:plot.ServerLevelMixin from mod sable->@Inject::sable$tickPlotContainer(Ljava/util/function/BooleanSupplier;Lorg/spongepowered/asm/mixin/injection/callback/CallbackInfo;)V won't be passed a CallbackInfo as a result
[10:15:40] [main/DEBUG] [mixin/]: sable.mixins.json:plot.ServerLevelMixin from mod sable->@Inject::sable$shouldTickBlocksAt(JLorg/spongepowered/asm/mixin/injection/callback/CallbackInfoReturnable;)V does use it's CallbackInfoReturnable
[10:15:40] [main/DEBUG] [mixin/]: sable.mixins.json:plot.ServerLevelMixin from mod sable->@Inject::sable$isNaturalSpawningAllowed(Lnet/minecraft/world/level/ChunkPos;Lorg/spongepowered/asm/mixin/injection/callback/CallbackInfoReturnable;)V does use it's CallbackInfoReturnable
[10:15:40] [main/DEBUG] [mixin/]: sable.mixins.json:plot.ServerLevelMixin from mod sable->@Inject::sable$close(Lorg/spongepowered/asm/mixin/injection/callback/CallbackInfo;)V doesn't use it's CallbackInfo
[10:15:40] [main/DEBUG] [mixin/]: sable.mixins.json:plot.ServerLevelMixin from mod sable->@Inject::sable$close(Lorg/spongepowered/asm/mixin/injection/callback/CallbackInfo;)V has 0 override(s) in child classes
[10:15:40] [main/DEBUG] [mixin/]: sable.mixins.json:plot.ServerLevelMixin from mod sable->@Inject::sable$close(Lorg/spongepowered/asm/mixin/injection/callback/CallbackInfo;)V won't be passed a CallbackInfo as a result
[10:15:40] [main/DEBUG] [mixin/]: antikytheramechanism.mixins.json:ServerLevelRedstoneBoundaryUpdateCenterMixin from mod antikytheramechanism->@Inject::antikytheramechanism$mirrorRedstoneBoundaryUpdateCenter(Lnet/minecraft/core/BlockPos;Lnet/minecraft/world/level/block/Block;Lorg/spongepowered/asm/mixin/injection/callback/CallbackInfo;)V doesn't use it's CallbackInfo
[10:15:40] [main/DEBUG] [mixin/]: antikytheramechanism.mixins.json:ServerLevelRedstoneBoundaryUpdateCenterMixin from mod antikytheramechanism->@Inject::antikytheramechanism$mirrorRedstoneBoundaryUpdateCenter(Lnet/minecraft/core/BlockPos;Lnet/minecraft/world/level/block/Block;Lorg/spongepowered/asm/mixin/injection/callback/CallbackInfo;)V has 0 override(s) in child classes
[10:15:40] [main/DEBUG] [mixin/]: antikytheramechanism.mixins.json:ServerLevelRedstoneBoundaryUpdateCenterMixin from mod antikytheramechanism->@Inject::antikytheramechanism$mirrorRedstoneBoundaryUpdateCenter(Lnet/minecraft/core/BlockPos;Lnet/minecraft/world/level/block/Block;Lorg/spongepowered/asm/mixin/injection/callback/CallbackInfo;)V won't be passed a CallbackInfo as a result
[10:15:40] [main/DEBUG] [mixin/]: Mixing entity.entity_sublevel_collision.ItemEntityMixin from sable.mixins.json into net.minecraft.world.entity.item.ItemEntity
[10:15:40] [main/DEBUG] [mixin/]: Mixing voxel_shape_iteration.DiscreteVoxelShapeAccessor from sable.mixins.json into net.minecraft.world.phys.shapes.DiscreteVoxelShape
[10:15:40] [main/DEBUG] [mixin/]: Mixing voxel_shape_iteration.BitSetDiscreteVoxelShapeAccessor from sable.mixins.json into net.minecraft.world.phys.shapes.BitSetDiscreteVoxelShape
[10:15:40] [main/DEBUG] [mixin/]: Mixing voxel_shape_iteration.VoxelShapeMixin from sable.mixins.json into net.minecraft.world.phys.shapes.VoxelShape
[10:15:40] [main/DEBUG] [mixin/]: Mixing DispenserBlockContextMixin from antikytheramechanism.mixins.json into net.minecraft.world.level.block.DispenserBlock
[10:15:40] [main/DEBUG] [mixin/]: Mixing impact.TntBlockMixin from sable.mixins.json into net.minecraft.world.level.block.TntBlock
[10:15:40] [main/DEBUG] [mixin/]: Mixing RedStoneWireBlockAccessor from antikytheramechanism.mixins.json into net.minecraft.world.level.block.RedStoneWireBlock
[10:15:40] [main/DEBUG] [mixin/]: Mixing portal.NetherPortalBlockMixin from sable.mixins.json into net.minecraft.world.level.block.NetherPortalBlock
[10:15:40] [main/DEBUG] [mixin/]: Mixing prevent_overgrowth.VineBlockMixin from sable.mixins.json into net.minecraft.world.level.block.VineBlock
[10:15:41] [main/DEBUG] [mixin/]: Mixing impact.BellBlockMixin from sable.mixins.json into net.minecraft.world.level.block.BellBlock
[10:15:41] [main/DEBUG] [mixin/]: Mixing impact.BeehiveBlockMixin from sable.mixins.json into net.minecraft.world.level.block.BeehiveBlock
[10:15:41] [main/DEBUG] [mixin/]: Mixing PistonBaseBlockMechanismFrameMixin from antikytheramechanism.mixins.json into net.minecraft.world.level.block.piston.PistonBaseBlock
[10:15:41] [main/DEBUG] [mixin/]: Mixing entity.entity_rotations_and_riding.EntityTypeMixin from sable.mixins.json into net.minecraft.world.entity.EntityType
[10:15:41] [main/DEBUG] [mixin/]: sable.mixins.json:entity.entity_rotations_and_riding.EntityTypeMixin from mod sable->@Inject::sable$startRidingEntity(Lnet/minecraft/nbt/CompoundTag;Lnet/minecraft/world/level/Level;Ljava/util/function/Function;Lnet/minecraft/world/entity/Entity;Lorg/spongepowered/asm/mixin/injection/callback/CallbackInfoReturnable;)V doesn't use it's CallbackInfoReturnable
[10:15:41] [main/DEBUG] [mixin/]: Mixing water_occlusion.WaterFluidMixin from sable.mixins.json into net.minecraft.world.level.material.WaterFluid
[10:15:41] [main/DEBUG] [mixin/]: Mixing fluids_on_sub_levels.FlowingFluidMixin from sable.mixins.json into net.minecraft.world.level.material.FlowingFluid
[10:15:41] [main/DEBUG] [mixin/]: sable.mixins.json:fluids_on_sub_levels.FlowingFluidMixin from mod sable->@Inject::sable$canSpreadTo(Lnet/minecraft/world/level/BlockGetter;Lnet/minecraft/core/BlockPos;Lnet/minecraft/world/level/block/state/BlockState;Lnet/minecraft/core/Direction;Lnet/minecraft/core/BlockPos;Lnet/minecraft/world/level/block/state/BlockState;Lnet/minecraft/world/level/material/FluidState;Lnet/minecraft/world/level/material/Fluid;Lorg/spongepowered/asm/mixin/injection/callback/CallbackInfoReturnable;)V does use it's CallbackInfoReturnable
[10:15:41] [main/DEBUG] [mixin/]: Mixing entity.falling_block.FallingBlockEntityMixin from sable.mixins.json into net.minecraft.world.entity.item.FallingBlockEntity
[10:15:41] [main/DEBUG] [mixin/]: sable.mixins.json:entity.falling_block.FallingBlockEntityMixin from mod sable->@Inject::sable$beforeOnGroundCheck(Lorg/spongepowered/asm/mixin/injection/callback/CallbackInfo;)V doesn't use it's CallbackInfo
[10:15:41] [main/DEBUG] [mixin/]: sable.mixins.json:entity.falling_block.FallingBlockEntityMixin from mod sable->@Inject::sable$beforeOnGroundCheck(Lorg/spongepowered/asm/mixin/injection/callback/CallbackInfo;)V has 0 override(s) in child classes
[10:15:41] [main/DEBUG] [mixin/]: sable.mixins.json:entity.falling_block.FallingBlockEntityMixin from mod sable->@Inject::sable$beforeOnGroundCheck(Lorg/spongepowered/asm/mixin/injection/callback/CallbackInfo;)V won't be passed a CallbackInfo as a result
[10:15:41] [main/DEBUG] [mixin/]: Mixing PistonMovingBlockEntityAssemblyMixin from antikytheramechanism.mixins.json into net.minecraft.world.level.block.piston.PistonMovingBlockEntity
[10:15:41] [main/DEBUG] [mixin/]: antikytheramechanism.mixins.json:PistonMovingBlockEntityAssemblyMixin from mod antikytheramechanism->@Inject::antikytheramechanism$followAssemblyPose(Lnet/minecraft/world/level/Level;Lnet/minecraft/core/BlockPos;Lnet/minecraft/world/level/block/state/BlockState;Lnet/minecraft/world/level/block/piston/PistonMovingBlockEntity;Lorg/spongepowered/asm/mixin/injection/callback/CallbackInfo;)V doesn't use it's CallbackInfo
[10:15:41] [main/DEBUG] [mixin/]: antikytheramechanism.mixins.json:PistonMovingBlockEntityAssemblyMixin from mod antikytheramechanism->@Inject::antikytheramechanism$finishInterruptedCarrier(Lorg/spongepowered/asm/mixin/injection/callback/CallbackInfo;)V doesn't use it's CallbackInfo
[10:15:41] [main/DEBUG] [mixin/]: antikytheramechanism.mixins.json:PistonMovingBlockEntityAssemblyMixin from mod antikytheramechanism->@Inject::antikytheramechanism$finishInterruptedCarrier(Lorg/spongepowered/asm/mixin/injection/callback/CallbackInfo;)V has 0 override(s) in child classes
[10:15:41] [main/DEBUG] [mixin/]: antikytheramechanism.mixins.json:PistonMovingBlockEntityAssemblyMixin from mod antikytheramechanism->@Inject::antikytheramechanism$finishInterruptedCarrier(Lorg/spongepowered/asm/mixin/injection/callback/CallbackInfo;)V won't be passed a CallbackInfo as a result
[10:15:41] [main/DEBUG] [mixin/]: Mixing entity.sublevels_block_sky.SubLevelsBlockSkyMixin from sable.mixins.json into net.minecraft.world.entity.Mob
[10:15:41] [main/DEBUG] [mixin/]: Mixing entity.entity_leashing.LeashableMixin from sable.mixins.json into net.minecraft.world.entity.Leashable
[10:15:41] [main/DEBUG] [mixin/]: Mixing entity.tnt_jumps.PrimedTntMixin from sable.mixins.json into net.minecraft.world.entity.item.PrimedTnt
[10:15:41] [main/DEBUG] [mixin/]: sable.mixins.json:entity.tnt_jumps.PrimedTntMixin from mod sable->@Inject::sable$setTntJump(Lnet/minecraft/world/level/Level;DDDLnet/minecraft/world/entity/LivingEntity;Lorg/spongepowered/asm/mixin/injection/callback/CallbackInfo;)V doesn't use it's CallbackInfo
[10:15:41] [main/DEBUG] [mixin/]: sable.mixins.json:entity.tnt_jumps.PrimedTntMixin from mod sable->@Inject::sable$setTntJump(Lnet/minecraft/world/level/Level;DDDLnet/minecraft/world/entity/LivingEntity;Lorg/spongepowered/asm/mixin/injection/callback/CallbackInfo;)V has 0 override(s) in child classes
[10:15:41] [main/DEBUG] [mixin/]: sable.mixins.json:entity.tnt_jumps.PrimedTntMixin from mod sable->@Inject::sable$setTntJump(Lnet/minecraft/world/level/Level;DDDLnet/minecraft/world/entity/LivingEntity;Lorg/spongepowered/asm/mixin/injection/callback/CallbackInfo;)V won't be passed a CallbackInfo as a result
[10:15:41] [main/DEBUG] [mixin/]: Mixing BlockEntityTypeAccessor from neoforge.mixins.json into net.minecraft.world.level.block.entity.BlockEntityType
[10:15:41] [main/DEBUG] [mixin/]: Mixing assembly.AbstractFurnaceBlockEntityMixin from sable.mixins.json into net.minecraft.world.level.block.entity.AbstractFurnaceBlockEntity
[10:15:41] [main/DEBUG] [mixin/]: Mixing sign_interaction.SignBlockEntityMixin from sable.mixins.json into net.minecraft.world.level.block.entity.SignBlockEntity
[10:15:41] [main/DEBUG] [mixin/]: Mixing entity.arrows_hit_blocks.AbstractArrowMixin from sable.mixins.json into net.minecraft.world.entity.projectile.AbstractArrow
[10:15:41] [main/DEBUG] [mixin/]: sable.mixins.json:entity.arrows_hit_blocks.AbstractArrowMixin from mod sable->@Inject::sable$startFalling(Lorg/spongepowered/asm/mixin/injection/callback/CallbackInfo;)V doesn't use it's CallbackInfo
[10:15:41] [main/DEBUG] [mixin/]: sable.mixins.json:entity.arrows_hit_blocks.AbstractArrowMixin from mod sable->@Inject::sable$startFalling(Lorg/spongepowered/asm/mixin/injection/callback/CallbackInfo;)V has 0 override(s) in child classes
[10:15:41] [main/DEBUG] [mixin/]: sable.mixins.json:entity.arrows_hit_blocks.AbstractArrowMixin from mod sable->@Inject::sable$startFalling(Lorg/spongepowered/asm/mixin/injection/callback/CallbackInfo;)V won't be passed a CallbackInfo as a result
[10:15:41] [main/DEBUG] [mixin/]: Mixing entity.projectile.ProjectileMixin from sable.mixins.json into net.minecraft.world.entity.projectile.Projectile
[10:15:41] [main/DEBUG] [mixin/]: sable.mixins.json:entity.projectile.ProjectileMixin from mod sable->@Inject::sable$shootFromRotation(Lnet/minecraft/world/entity/Entity;FFFFFLorg/spongepowered/asm/mixin/injection/callback/CallbackInfo;)V doesn't use it's CallbackInfo
[10:15:41] [main/DEBUG] [mixin/]: sable.mixins.json:entity.projectile.ProjectileMixin from mod sable->@Inject::sable$shootFromRotation(Lnet/minecraft/world/entity/Entity;FFFFFLorg/spongepowered/asm/mixin/injection/callback/CallbackInfo;)V has 0 override(s) in child classes
[10:15:41] [main/DEBUG] [mixin/]: sable.mixins.json:entity.projectile.ProjectileMixin from mod sable->@Inject::sable$shootFromRotation(Lnet/minecraft/world/entity/Entity;FFFFFLorg/spongepowered/asm/mixin/injection/callback/CallbackInfo;)V won't be passed a CallbackInfo as a result
[10:15:41] [main/DEBUG] [mixin/]: Mixing enchanting_table.EnchantingTableBlockEntityMixin from sable.mixins.json into net.minecraft.world.level.block.entity.EnchantingTableBlockEntity
[10:15:41] [main/DEBUG] [mixin/]: Mixing ItemStackMiniPlacementMixin from antikytheramechanism.mixins.json into net.minecraft.world.item.ItemStack
[10:15:41] [main/DEBUG] [mixin/]: Renaming synthetic method lambda$runTrackedBlockUse$4(Lnet/minecraft/world/item/BlockItem;Lnet/minecraft/world/item/context/UseOnContext;Lnet/minecraft/world/item/context/BlockPlaceContext;)Lnet/minecraft/world/InteractionResult; to mdb0c6f7$antikytheramechanism$lambda$runTrackedBlockUse$4$0 in antikytheramechanism.mixins.json:ItemStackMiniPlacementMixin from mod antikytheramechanism
[10:15:41] [main/DEBUG] [mixin/]: Renaming synthetic method lambda$runTrackedBlockUse$3(Lnet/minecraft/world/item/BlockItem;Lnet/minecraft/world/item/context/UseOnContext;Lnet/minecraft/world/item/context/BlockPlaceContext;)Lnet/minecraft/world/InteractionResult; to mdb0c6f7$antikytheramechanism$lambda$runTrackedBlockUse$3$1 in antikytheramechanism.mixins.json:ItemStackMiniPlacementMixin from mod antikytheramechanism
[10:15:41] [main/DEBUG] [mixin/]: Renaming synthetic method lambda$antikytheramechanism$trackPlacementHelpers$2(Lcom/llamalad7/mixinextras/injector/wrapoperation/Operation;Lnet/minecraft/world/item/context/UseOnContext;)Lnet/minecraft/world/InteractionResult; to mdb0c6f7$antikytheramechanism$lambda$antikytheramechanism$trackPlacementHelpers$2$2 in antikytheramechanism.mixins.json:ItemStackMiniPlacementMixin from mod antikytheramechanism
[10:15:41] [main/DEBUG] [mixin/]: Renaming synthetic method lambda$antikytheramechanism$routeAndTrackMiniPlacement$1(Lnet/minecraft/world/item/context/UseOnContext;Lcom/llamalad7/mixinextras/injector/wrapoperation/Operation;Lnet/minecraft/world/item/BlockItem;)Lnet/minecraft/world/InteractionResult; to mdb0c6f7$antikytheramechanism$lambda$antikytheramechanism$routeAndTrackMiniPlacement$1$3 in antikytheramechanism.mixins.json:ItemStackMiniPlacementMixin from mod antikytheramechanism
[10:15:41] [main/DEBUG] [mixin/]: Renaming synthetic method lambda$antikytheramechanism$routeAndTrackMiniPlacement$0(Lnet/minecraft/world/item/BlockItem;Lnet/minecraft/world/item/context/UseOnContext;)Lnet/minecraft/world/InteractionResult; to mdb0c6f7$antikytheramechanism$lambda$antikytheramechanism$routeAndTrackMiniPlacement$0$4 in antikytheramechanism.mixins.json:ItemStackMiniPlacementMixin from mod antikytheramechanism
[10:15:41] [main/DEBUG] [mixin/]: Mixing prevent_freezing.BiomeMixin from sable.mixins.json into net.minecraft.world.level.biome.Biome
[10:15:41] [main/DEBUG] [mixin/]: Renaming synthetic method lambda$sable$preventFreezing$0(Lnet/minecraft/world/level/Level;Lnet/minecraft/core/BlockPos;)Z to mdb0c6f7$sable$lambda$sable$preventFreezing$0$0 in sable.mixins.json:prevent_freezing.BiomeMixin from mod sable
[10:15:42] [main/DEBUG] [mixin/]: Mixing entity.entity_collision.CollisionContextMixin from sable.mixins.json into net.minecraft.world.phys.shapes.CollisionContext
[10:15:42] [main/DEBUG] [mixin/]: Mixing NetworkServerPlayerMixin from veil.network.mixins.json into net.minecraft.server.level.ServerPlayer
[10:15:42] [main/DEBUG] [mixin/]: Mixing entity.entities_stick_sublevels.player.ServerPlayerMixin from sable.mixins.json into net.minecraft.server.level.ServerPlayer
[10:15:42] [main/DEBUG] [mixin/]: Mixing entity.entity_rotations_and_riding.ServerPlayerMixin from sable.mixins.json into net.minecraft.server.level.ServerPlayer
[10:15:42] [main/DEBUG] [mixin/]: Mixing entity.teleport_players.ServerPlayerMixin from sable.mixins.json into net.minecraft.server.level.ServerPlayer
[10:15:42] [main/DEBUG] [mixin/]: Mixing player_freezing.ServerPlayerMixin from sable.mixins.json into net.minecraft.server.level.ServerPlayer
[10:15:42] [main/DEBUG] [mixin/]: Mixing respawn_point.ServerPlayerMixin from sable.mixins.json into net.minecraft.server.level.ServerPlayer
[10:15:42] [main/DEBUG] [mixin/]: Mixing respawn_point.sleeping.ServerPlayerMixin from sable.mixins.json into net.minecraft.server.level.ServerPlayer
[10:15:42] [main/DEBUG] [mixin/]: Mixing tracking_points.ServerPlayerMixin from sable.mixins.json into net.minecraft.server.level.ServerPlayer
[10:15:42] [main/DEBUG] [mixin/]: sable.mixins.json:entity.entities_stick_sublevels.player.ServerPlayerMixin from mod sable->@Inject::tick(Lorg/spongepowered/asm/mixin/injection/callback/CallbackInfo;)V doesn't use it's CallbackInfo
[10:15:42] [main/DEBUG] [mixin/]: sable.mixins.json:entity.entities_stick_sublevels.player.ServerPlayerMixin from mod sable->@Inject::tick(Lorg/spongepowered/asm/mixin/injection/callback/CallbackInfo;)V has 0 override(s) in child classes
[10:15:42] [main/DEBUG] [mixin/]: sable.mixins.json:entity.entities_stick_sublevels.player.ServerPlayerMixin from mod sable->@Inject::tick(Lorg/spongepowered/asm/mixin/injection/callback/CallbackInfo;)V won't be passed a CallbackInfo as a result
[10:15:42] [main/DEBUG] [mixin/]: sable.mixins.json:player_freezing.ServerPlayerMixin from mod sable->@Inject::setSable$frozenToSubLevel(Lorg/spongepowered/asm/mixin/injection/callback/CallbackInfo;)V doesn't use it's CallbackInfo
[10:15:42] [main/DEBUG] [mixin/]: sable.mixins.json:player_freezing.ServerPlayerMixin from mod sable->@Inject::setSable$frozenToSubLevel(Lorg/spongepowered/asm/mixin/injection/callback/CallbackInfo;)V has 0 override(s) in child classes
[10:15:42] [main/DEBUG] [mixin/]: sable.mixins.json:player_freezing.ServerPlayerMixin from mod sable->@Inject::setSable$frozenToSubLevel(Lorg/spongepowered/asm/mixin/injection/callback/CallbackInfo;)V won't be passed a CallbackInfo as a result
[10:15:42] [main/DEBUG] [mixin/]: sable.mixins.json:respawn_point.ServerPlayerMixin from mod sable->@Inject::sable$setRespawnPosition(Lnet/minecraft/resources/ResourceKey;Lnet/minecraft/core/BlockPos;FZZLorg/spongepowered/asm/mixin/injection/callback/CallbackInfo;)V does use it's CallbackInfo
[10:15:42] [main/DEBUG] [mixin/]: sable.mixins.json:respawn_point.ServerPlayerMixin from mod sable->@Inject::sable$addRespawnPoint(Lnet/minecraft/nbt/CompoundTag;Lorg/spongepowered/asm/mixin/injection/callback/CallbackInfo;)V doesn't use it's CallbackInfo
[10:15:42] [main/DEBUG] [mixin/]: sable.mixins.json:respawn_point.ServerPlayerMixin from mod sable->@Inject::sable$addRespawnPoint(Lnet/minecraft/nbt/CompoundTag;Lorg/spongepowered/asm/mixin/injection/callback/CallbackInfo;)V has 0 override(s) in child classes
[10:15:42] [main/DEBUG] [mixin/]: sable.mixins.json:respawn_point.ServerPlayerMixin from mod sable->@Inject::sable$addRespawnPoint(Lnet/minecraft/nbt/CompoundTag;Lorg/spongepowered/asm/mixin/injection/callback/CallbackInfo;)V won't be passed a CallbackInfo as a result
[10:15:42] [main/DEBUG] [mixin/]: sable.mixins.json:respawn_point.ServerPlayerMixin from mod sable->@Inject::sable$readRespawnPoint(Lnet/minecraft/nbt/CompoundTag;Lorg/spongepowered/asm/mixin/injection/callback/CallbackInfo;)V doesn't use it's CallbackInfo
[10:15:42] [main/DEBUG] [mixin/]: sable.mixins.json:respawn_point.ServerPlayerMixin from mod sable->@Inject::sable$readRespawnPoint(Lnet/minecraft/nbt/CompoundTag;Lorg/spongepowered/asm/mixin/injection/callback/CallbackInfo;)V has 0 override(s) in child classes
[10:15:42] [main/DEBUG] [mixin/]: sable.mixins.json:respawn_point.ServerPlayerMixin from mod sable->@Inject::sable$readRespawnPoint(Lnet/minecraft/nbt/CompoundTag;Lorg/spongepowered/asm/mixin/injection/callback/CallbackInfo;)V won't be passed a CallbackInfo as a result
[10:15:42] [main/DEBUG] [mixin/]: sable.mixins.json:tracking_points.ServerPlayerMixin from mod sable->@Inject::addAdditionalSaveData(Lnet/minecraft/nbt/CompoundTag;Lorg/spongepowered/asm/mixin/injection/callback/CallbackInfo;)V doesn't use it's CallbackInfo
[10:15:42] [main/DEBUG] [mixin/]: sable.mixins.json:tracking_points.ServerPlayerMixin from mod sable->@Inject::addAdditionalSaveData(Lnet/minecraft/nbt/CompoundTag;Lorg/spongepowered/asm/mixin/injection/callback/CallbackInfo;)V has 0 override(s) in child classes
[10:15:42] [main/DEBUG] [mixin/]: sable.mixins.json:tracking_points.ServerPlayerMixin from mod sable->@Inject::addAdditionalSaveData(Lnet/minecraft/nbt/CompoundTag;Lorg/spongepowered/asm/mixin/injection/callback/CallbackInfo;)V won't be passed a CallbackInfo as a result
[10:15:43] [main/DEBUG] [mixin/]: Mixing punching.ItemInvoker from sable.mixins.json into net.minecraft.world.item.Item
[10:15:43] [main/DEBUG] [mixin/]: Renaming @Invoker method sable$getPlayerPOVHitResult(Lnet/minecraft/world/level/Level;Lnet/minecraft/world/entity/player/Player;Lnet/minecraft/world/level/ClipContext$Fluid;)Lnet/minecraft/world/phys/BlockHitResult; to getPlayerPOVHitResult$sable_$md$b0c6f7$0 in sable.mixins.json:punching.ItemInvoker from mod sable
[10:15:43] [main/DEBUG] [mixin/]: Mixing BlockItemMiniEnvironmentMixin from antikytheramechanism.mixins.json into net.minecraft.world.item.BlockItem
[10:15:43] [main/DEBUG] [mixin/]: Renaming synthetic method lambda$antikytheramechanism$readVirtualSupportForSurvival$2(Lcom/llamalad7/mixinextras/injector/wrapoperation/Operation;Lnet/minecraft/world/item/context/BlockPlaceContext;Lnet/minecraft/world/level/block/state/BlockState;)Ljava/lang/Boolean; to mdb0c6f7$antikytheramechanism$lambda$antikytheramechanism$readVirtualSupportForSurvival$2$0 in antikytheramechanism.mixins.json:BlockItemMiniEnvironmentMixin from mod antikytheramechanism
[10:15:43] [main/DEBUG] [mixin/]: Renaming synthetic method lambda$antikytheramechanism$readVirtualSupportForPlacementState$1(Lcom/llamalad7/mixinextras/injector/wrapoperation/Operation;Lnet/minecraft/world/item/context/BlockPlaceContext;)Lnet/minecraft/world/level/block/state/BlockState; to mdb0c6f7$antikytheramechanism$lambda$antikytheramechanism$readVirtualSupportForPlacementState$1$1 in antikytheramechanism.mixins.json:BlockItemMiniEnvironmentMixin from mod antikytheramechanism
[10:15:43] [main/DEBUG] [mixin/]: Renaming synthetic method lambda$antikytheramechanism$readVirtualBoundaryDuringSetPlacedBy$0(Lcom/llamalad7/mixinextras/injector/wrapoperation/Operation;Lnet/minecraft/world/level/block/Block;Lnet/minecraft/world/level/Level;Lnet/minecraft/core/BlockPos;Lnet/minecraft/world/level/block/state/BlockState;Lnet/minecraft/world/entity/LivingEntity;Lnet/minecraft/world/item/ItemStack;)Ljava/lang/Void; to mdb0c6f7$antikytheramechanism$lambda$antikytheramechanism$readVirtualBoundaryDuringSetPlacedBy$0$2 in antikytheramechanism.mixins.json:BlockItemMiniEnvironmentMixin from mod antikytheramechanism
[10:15:43] [main/DEBUG] [mixin/]: Mixing BucketItemMiniFluidPolicyMixin from antikytheramechanism.mixins.json into net.minecraft.world.item.BucketItem
[10:15:43] [main/DEBUG] [mixin/]: antikytheramechanism.mixins.json:BucketItemMiniFluidPolicyMixin from mod antikytheramechanism->@Inject::antikytheramechanism$rejectDeniedMiniFluid(Lnet/minecraft/world/entity/player/Player;Lnet/minecraft/world/level/Level;Lnet/minecraft/core/BlockPos;Lnet/minecraft/world/phys/BlockHitResult;Lnet/minecraft/world/item/ItemStack;Lorg/spongepowered/asm/mixin/injection/callback/CallbackInfoReturnable;)V does use it's CallbackInfoReturnable
[10:15:43] [main/DEBUG] [io.ne.ut.in.PlatformDependent0/]: -Dio.netty.noUnsafe: false
[10:15:43] [main/DEBUG] [io.ne.ut.in.PlatformDependent0/]: Java version: 21
[10:15:43] [main/DEBUG] [io.ne.ut.in.PlatformDependent0/]: sun.misc.Unsafe.theUnsafe: available
[10:15:43] [main/DEBUG] [io.ne.ut.in.PlatformDependent0/]: sun.misc.Unsafe.copyMemory: available
[10:15:43] [main/DEBUG] [io.ne.ut.in.PlatformDependent0/]: sun.misc.Unsafe.storeFence: available
[10:15:43] [main/DEBUG] [io.ne.ut.in.PlatformDependent0/]: java.nio.Buffer.address: available
[10:15:43] [main/DEBUG] [io.ne.ut.in.PlatformDependent0/]: direct buffer constructor: unavailable: Reflective setAccessible(true) disabled
[10:15:43] [main/DEBUG] [io.ne.ut.in.PlatformDependent0/]: java.nio.Bits.unaligned: available, true
[10:15:43] [main/DEBUG] [io.ne.ut.in.PlatformDependent0/]: jdk.internal.misc.Unsafe.allocateUninitializedArray(int): unavailable: class io.netty.util.internal.PlatformDependent0$7 (in module io.netty.common) cannot access class jdk.internal.misc.Unsafe (in module java.base) because module java.base does not export jdk.internal.misc to module io.netty.common
[10:15:43] [main/DEBUG] [io.ne.ut.in.PlatformDependent0/]: java.nio.DirectByteBuffer.<init>(long, {int,long}): unavailable
[10:15:43] [main/DEBUG] [io.ne.ut.in.PlatformDependent/]: sun.misc.Unsafe: available
[10:15:43] [main/DEBUG] [io.ne.ut.in.PlatformDependent/]: maxDirectMemory: 4192206848 bytes (maybe)
[10:15:43] [main/DEBUG] [io.ne.ut.in.PlatformDependent/]: -Dio.netty.tmpdir: /tmp (java.io.tmpdir)
[10:15:43] [main/DEBUG] [io.ne.ut.in.PlatformDependent/]: -Dio.netty.bitMode: 64 (sun.arch.data.model)
[10:15:43] [main/DEBUG] [io.ne.ut.in.PlatformDependent/]: -Dio.netty.maxDirectMemory: -1 bytes
[10:15:43] [main/DEBUG] [io.ne.ut.in.PlatformDependent/]: -Dio.netty.uninitializedArrayAllocationThreshold: -1
[10:15:43] [main/DEBUG] [io.ne.ut.in.CleanerJava9/]: java.nio.ByteBuffer.cleaner(): available
[10:15:43] [main/DEBUG] [io.ne.ut.in.PlatformDependent/]: -Dio.netty.noPreferDirect: false
[10:15:43] [main/DEBUG] [mixin/]: Mixing world_border.WorldBorderMixin from sable.mixins.json into net.minecraft.world.level.border.WorldBorder
[10:15:43] [main/DEBUG] [mixin/]: sable.mixins.json:world_border.WorldBorderMixin from mod sable->@Inject::sable$isWithinBounds(DDDLorg/spongepowered/asm/mixin/injection/callback/CallbackInfoReturnable;)V does use it's CallbackInfoReturnable
[10:15:43] [main/DEBUG] [mixin/]: sable.mixins.json:world_border.WorldBorderMixin from mod sable->@Inject::sable$clampToBounds(DDDLorg/spongepowered/asm/mixin/injection/callback/CallbackInfoReturnable;)V does use it's CallbackInfoReturnable
[10:15:43] [main/DEBUG] [mixin/]: sable.mixins.json:world_border.WorldBorderMixin from mod sable->@Inject::sable$isInsideCloseToBorder(Lnet/minecraft/world/entity/Entity;Lnet/minecraft/world/phys/AABB;Lorg/spongepowered/asm/mixin/injection/callback/CallbackInfoReturnable;)V does use it's CallbackInfoReturnable
[10:15:43] [main/DEBUG] [mixin/]: Mixing NeighborUpdaterReadOnlyShellMixin from antikytheramechanism.mixins.json into net.minecraft.world.level.redstone.NeighborUpdater
[10:15:43] [main/DEBUG] [mixin/]: antikytheramechanism.mixins.json:NeighborUpdaterReadOnlyShellMixin from mod antikytheramechanism->@Inject::antikytheramechanism$skipProjectedShellNeighborLifecycle(Lnet/minecraft/world/level/Level;Lnet/minecraft/world/level/block/state/BlockState;Lnet/minecraft/core/BlockPos;Lnet/minecraft/world/level/block/Block;Lnet/minecraft/core/BlockPos;ZLorg/spongepowered/asm/mixin/injection/callback/CallbackInfo;)V does use it's CallbackInfo
[10:15:43] [main/DEBUG] [mixin/]: antikytheramechanism.mixins.json:NeighborUpdaterReadOnlyShellMixin from mod antikytheramechanism->@Inject::antikytheramechanism$skipProjectedShellShapeLifecycle(Lnet/minecraft/world/level/LevelAccessor;Lnet/minecraft/core/Direction;Lnet/minecraft/world/level/block/state/BlockState;Lnet/minecraft/core/BlockPos;Lnet/minecraft/core/BlockPos;IILorg/spongepowered/asm/mixin/injection/callback/CallbackInfo;)V does use it's CallbackInfo
[10:15:43] [main/DEBUG] [mixin/]: Mixing plot.LevelChunkMixin from sable.mixins.json into net.minecraft.world.level.chunk.LevelChunk
[10:15:43] [main/DEBUG] [mixin/]: Mixing plot.lighting.LevelChunkMixin from sable.mixins.json into net.minecraft.world.level.chunk.LevelChunk
[10:15:43] [main/DEBUG] [mixin/]: Mixing LevelChunkFrameMaskMixin from antikytheramechanism.mixins.json into net.minecraft.world.level.chunk.LevelChunk
[10:15:43] [main/DEBUG] [mixin/]: sable.mixins.json:plot.LevelChunkMixin from mod sable->@Inject::sable$preSetBlockState(Lnet/minecraft/core/BlockPos;Lnet/minecraft/world/level/block/state/BlockState;ZLorg/spongepowered/asm/mixin/injection/callback/CallbackInfoReturnable;)V doesn't use it's CallbackInfoReturnable
[10:15:43] [main/DEBUG] [mixin/]: sable.mixins.json:plot.LevelChunkMixin from mod sable->@Inject::sable$preSetBlockState(Lnet/minecraft/core/BlockPos;Lnet/minecraft/world/level/block/state/BlockState;ZLorg/spongepowered/asm/mixin/injection/callback/CallbackInfoReturnable;)V has 0 override(s) in child classes
[10:15:43] [main/DEBUG] [mixin/]: sable.mixins.json:plot.LevelChunkMixin from mod sable->@Inject::sable$preSetBlockState(Lnet/minecraft/core/BlockPos;Lnet/minecraft/world/level/block/state/BlockState;ZLorg/spongepowered/asm/mixin/injection/callback/CallbackInfoReturnable;)V won't be passed a CallbackInfoReturnable as a result
[10:15:43] [main/DEBUG] [mixin/]: sable.mixins.json:plot.LevelChunkMixin from mod sable->@Inject::sable$postSetBlockState(Lnet/minecraft/core/BlockPos;Lnet/minecraft/world/level/block/state/BlockState;ZLorg/spongepowered/asm/mixin/injection/callback/CallbackInfoReturnable;)V doesn't use it's CallbackInfoReturnable
[10:15:43] [main/DEBUG] [mixin/]: sable.mixins.json:plot.LevelChunkMixin from mod sable->@Inject::sable$postSetBlockState(Lnet/minecraft/core/BlockPos;Lnet/minecraft/world/level/block/state/BlockState;ZLorg/spongepowered/asm/mixin/injection/callback/CallbackInfoReturnable;)V has 0 override(s) in child classes
[10:15:43] [main/DEBUG] [mixin/]: sable.mixins.json:plot.LevelChunkMixin from mod sable->@Inject::sable$postSetBlockState(Lnet/minecraft/core/BlockPos;Lnet/minecraft/world/level/block/state/BlockState;ZLorg/spongepowered/asm/mixin/injection/callback/CallbackInfoReturnable;)V won't be passed a CallbackInfoReturnable as a result
[10:15:43] [main/DEBUG] [mixin/]: sable.mixins.json:plot.LevelChunkMixin from mod sable->@Inject::sable$postSetBlockState(Lnet/minecraft/core/BlockPos;Lnet/minecraft/world/level/block/state/BlockState;ZLorg/spongepowered/asm/mixin/injection/callback/CallbackInfoReturnable;)V doesn't use it's CallbackInfoReturnable
[10:15:43] [main/DEBUG] [mixin/]: sable.mixins.json:plot.LevelChunkMixin from mod sable->@Inject::sable$postSetBlockState(Lnet/minecraft/core/BlockPos;Lnet/minecraft/world/level/block/state/BlockState;ZLorg/spongepowered/asm/mixin/injection/callback/CallbackInfoReturnable;)V has 0 override(s) in child classes
[10:15:43] [main/DEBUG] [mixin/]: sable.mixins.json:plot.LevelChunkMixin from mod sable->@Inject::sable$postSetBlockState(Lnet/minecraft/core/BlockPos;Lnet/minecraft/world/level/block/state/BlockState;ZLorg/spongepowered/asm/mixin/injection/callback/CallbackInfoReturnable;)V won't be passed a CallbackInfoReturnable as a result
[10:15:43] [main/DEBUG] [mixin/]: sable.mixins.json:plot.LevelChunkMixin from mod sable->@Inject::sable$postSetBlockState(Lnet/minecraft/core/BlockPos;Lnet/minecraft/world/level/block/state/BlockState;ZLorg/spongepowered/asm/mixin/injection/callback/CallbackInfoReturnable;)V doesn't use it's CallbackInfoReturnable
[10:15:43] [main/DEBUG] [mixin/]: sable.mixins.json:plot.LevelChunkMixin from mod sable->@Inject::sable$postSetBlockState(Lnet/minecraft/core/BlockPos;Lnet/minecraft/world/level/block/state/BlockState;ZLorg/spongepowered/asm/mixin/injection/callback/CallbackInfoReturnable;)V has 0 override(s) in child classes
[10:15:43] [main/DEBUG] [mixin/]: sable.mixins.json:plot.LevelChunkMixin from mod sable->@Inject::sable$postSetBlockState(Lnet/minecraft/core/BlockPos;Lnet/minecraft/world/level/block/state/BlockState;ZLorg/spongepowered/asm/mixin/injection/callback/CallbackInfoReturnable;)V won't be passed a CallbackInfoReturnable as a result
[10:15:43] [main/DEBUG] [mixin/]: sable.mixins.json:plot.LevelChunkMixin from mod sable->@Inject::sable$postSetBlockState(Lnet/minecraft/core/BlockPos;Lnet/minecraft/world/level/block/state/BlockState;ZLorg/spongepowered/asm/mixin/injection/callback/CallbackInfoReturnable;)V doesn't use it's CallbackInfoReturnable
[10:15:43] [main/DEBUG] [mixin/]: sable.mixins.json:plot.LevelChunkMixin from mod sable->@Inject::sable$postSetBlockState(Lnet/minecraft/core/BlockPos;Lnet/minecraft/world/level/block/state/BlockState;ZLorg/spongepowered/asm/mixin/injection/callback/CallbackInfoReturnable;)V has 0 override(s) in child classes
[10:15:43] [main/DEBUG] [mixin/]: sable.mixins.json:plot.LevelChunkMixin from mod sable->@Inject::sable$postSetBlockState(Lnet/minecraft/core/BlockPos;Lnet/minecraft/world/level/block/state/BlockState;ZLorg/spongepowered/asm/mixin/injection/callback/CallbackInfoReturnable;)V won't be passed a CallbackInfoReturnable as a result
[10:15:43] [main/DEBUG] [mixin/]: antikytheramechanism.mixins.json:LevelChunkFrameMaskMixin from mod antikytheramechanism->@Inject::antikytheramechanism$enforceFrameMask(Lnet/minecraft/core/BlockPos;Lnet/minecraft/world/level/block/state/BlockState;ZLorg/spongepowered/asm/mixin/injection/callback/CallbackInfoReturnable;)V does use it's CallbackInfoReturnable
[10:15:43] [main/DEBUG] [mixin/]: antikytheramechanism.mixins.json:LevelChunkFrameMaskMixin from mod antikytheramechanism->@Inject::antikytheramechanism$refreshManagedWorldState(Lnet/minecraft/core/BlockPos;Lnet/minecraft/world/level/block/state/BlockState;ZLorg/spongepowered/asm/mixin/injection/callback/CallbackInfoReturnable;)V does use it's CallbackInfoReturnable
[10:15:43] [main/DEBUG] [mixin/]: antikytheramechanism.mixins.json:LevelChunkFrameMaskMixin from mod antikytheramechanism->@Inject::antikytheramechanism$refreshManagedWorldState(Lnet/minecraft/core/BlockPos;Lnet/minecraft/world/level/block/state/BlockState;ZLorg/spongepowered/asm/mixin/injection/callback/CallbackInfoReturnable;)V does use it's CallbackInfoReturnable
[10:15:43] [main/DEBUG] [mixin/]: antikytheramechanism.mixins.json:LevelChunkFrameMaskMixin from mod antikytheramechanism->@Inject::antikytheramechanism$refreshManagedWorldState(Lnet/minecraft/core/BlockPos;Lnet/minecraft/world/level/block/state/BlockState;ZLorg/spongepowered/asm/mixin/injection/callback/CallbackInfoReturnable;)V does use it's CallbackInfoReturnable
[10:15:43] [main/DEBUG] [mixin/]: antikytheramechanism.mixins.json:LevelChunkFrameMaskMixin from mod antikytheramechanism->@Inject::antikytheramechanism$refreshManagedWorldState(Lnet/minecraft/core/BlockPos;Lnet/minecraft/world/level/block/state/BlockState;ZLorg/spongepowered/asm/mixin/injection/callback/CallbackInfoReturnable;)V does use it's CallbackInfoReturnable
[10:15:43] [main/DEBUG] [mixin/]: Mixing block_placement.BlockPlaceContextMixin from sable.mixins.json into net.minecraft.world.item.context.BlockPlaceContext
[10:15:43] [main/DEBUG] [mixin/]: sable.mixins.json:block_placement.BlockPlaceContextMixin from mod sable->@Inject::sable$canPlace(Lorg/spongepowered/asm/mixin/injection/callback/CallbackInfoReturnable;)V does use it's CallbackInfoReturnable
[10:15:43] [main/DEBUG] [mixin/]: Mixing block_placement.UseOnContextMixin from sable.mixins.json into net.minecraft.world.item.context.UseOnContext
[10:15:43] [main/DEBUG] [mixin/]: sable.mixins.json:block_placement.UseOnContextMixin from mod sable->@Inject::sable$getHorizontalDirection(Lorg/spongepowered/asm/mixin/injection/callback/CallbackInfoReturnable;)V does use it's CallbackInfoReturnable
[10:15:43] [main/DEBUG] [mixin/]: sable.mixins.json:block_placement.UseOnContextMixin from mod sable->@Inject::sable$getRotation(Lorg/spongepowered/asm/mixin/injection/callback/CallbackInfoReturnable;)V does use it's CallbackInfoReturnable
[10:15:43] [main/DEBUG] [mixin/]: Mixing explosion.ExplosionMixin from sable.mixins.json into net.minecraft.world.level.Explosion
[10:15:43] [main/DEBUG] [mixin/]: sable.mixins.json:explosion.ExplosionMixin from mod sable->@Inject::sable$preExplode(Lorg/spongepowered/asm/mixin/injection/callback/CallbackInfo;)V doesn't use it's CallbackInfo
[10:15:43] [main/DEBUG] [mixin/]: sable.mixins.json:explosion.ExplosionMixin from mod sable->@Inject::sable$preExplode(Lorg/spongepowered/asm/mixin/injection/callback/CallbackInfo;)V has 0 override(s) in child classes
[10:15:43] [main/DEBUG] [mixin/]: sable.mixins.json:explosion.ExplosionMixin from mod sable->@Inject::sable$preExplode(Lorg/spongepowered/asm/mixin/injection/callback/CallbackInfo;)V won't be passed a CallbackInfo as a result
[10:15:43] [main/DEBUG] [mixin/]: sable.mixins.json:explosion.ExplosionMixin from mod sable->@Inject::sable$redirectBlockExplosionResistance(Lorg/spongepowered/asm/mixin/injection/callback/CallbackInfo;Ljava/util/Set;IIIIDDDDFDDDFLnet/minecraft/core/BlockPos;Lnet/minecraft/world/level/block/state/BlockState;Lnet/minecraft/world/level/material/FluidState;)V doesn't use it's CallbackInfo
[10:15:43] [main/DEBUG] [mixin/]: sable.mixins.json:explosion.ExplosionMixin from mod sable->@Inject::sable$redirectBlockExplosionResistance(Lorg/spongepowered/asm/mixin/injection/callback/CallbackInfo;Ljava/util/Set;IIIIDDDDFDDDFLnet/minecraft/core/BlockPos;Lnet/minecraft/world/level/block/state/BlockState;Lnet/minecraft/world/level/material/FluidState;)V has 0 override(s) in child classes
[10:15:43] [main/DEBUG] [mixin/]: sable.mixins.json:explosion.ExplosionMixin from mod sable->@Inject::sable$redirectBlockExplosionResistance(Lorg/spongepowered/asm/mixin/injection/callback/CallbackInfo;Ljava/util/Set;IIIIDDDDFDDDFLnet/minecraft/core/BlockPos;Lnet/minecraft/world/level/block/state/BlockState;Lnet/minecraft/world/level/material/FluidState;)V won't be passed a CallbackInfo as a result
[10:15:43] [main/DEBUG] [mixin/]: Mixing clip_overwrite.HitResultMixin from sable.mixins.json into net.minecraft.world.phys.HitResult
[10:15:43] [main/DEBUG] [mixin/]: Mixing entity.entity_sublevel_collision.AbstractMinecartMixin from sable.mixins.json into net.minecraft.world.entity.vehicle.AbstractMinecart
[10:15:43] [main/DEBUG] [mixin/]: sable.mixins.json:entity.entity_sublevel_collision.AbstractMinecartMixin from mod sable->@Inject::sable$postTick(Lorg/spongepowered/asm/mixin/injection/callback/CallbackInfo;)V doesn't use it's CallbackInfo
[10:15:43] [main/DEBUG] [mixin/]: sable.mixins.json:entity.entity_sublevel_collision.AbstractMinecartMixin from mod sable->@Inject::sable$postTick(Lorg/spongepowered/asm/mixin/injection/callback/CallbackInfo;)V has 0 override(s) in child classes
[10:15:43] [main/DEBUG] [mixin/]: sable.mixins.json:entity.entity_sublevel_collision.AbstractMinecartMixin from mod sable->@Inject::sable$postTick(Lorg/spongepowered/asm/mixin/injection/callback/CallbackInfo;)V won't be passed a CallbackInfo as a result
[10:15:43] [main/DEBUG] [mixin/]: Mixing entity.entity_pathfinding.PathNavigationMixin from sable.mixins.json into net.minecraft.world.entity.ai.navigation.PathNavigation
[10:15:43] [main/DEBUG] [mixin/]: sable.mixins.json:entity.entity_pathfinding.PathNavigationMixin from mod sable->@Inject::sable$createPath(Ljava/util/Set;IZIFLorg/spongepowered/asm/mixin/injection/callback/CallbackInfoReturnable;)V does use it's CallbackInfoReturnable
[10:15:43] [main/DEBUG] [mixin/]: Mixing entity.entity_pathfinding.GroundPathNavigationMixin from sable.mixins.json into net.minecraft.world.entity.ai.navigation.GroundPathNavigation
[10:15:43] [main/DEBUG] [mixin/]: Mixing entity.sublevels_block_sky.SubLevelsBlockSkyMixin from sable.mixins.json into net.minecraft.world.entity.ai.navigation.GroundPathNavigation
[10:15:43] [main/DEBUG] [mixin/]: sable.mixins.json:entity.entity_pathfinding.GroundPathNavigationMixin from mod sable->@Inject::sable$createPath(Lnet/minecraft/world/entity/Entity;ILorg/spongepowered/asm/mixin/injection/callback/CallbackInfoReturnable;)V does use it's CallbackInfoReturnable
[10:15:44] [main/DEBUG] [mixin/]: Mixing entity.sublevels_block_sky.SubLevelsBlockSkyMixin from sable.mixins.json into net.minecraft.world.entity.ai.goal.FleeSunGoal
[10:15:44] [main/DEBUG] [mixin/]: Mixing entity.tamed_teleport.TamableAnimalMixin from sable.mixins.json into net.minecraft.world.entity.TamableAnimal
[10:15:44] [main/DEBUG] [mixin/]: Mixing entity.trident.ThrownTridentMixin from sable.mixins.json into net.minecraft.world.entity.projectile.ThrownTrident
[10:15:44] [main/DEBUG] [mixin/]: sable.mixins.json:entity.trident.ThrownTridentMixin from mod sable->@Inject::sable$startReturning(Lorg/spongepowered/asm/mixin/injection/callback/CallbackInfo;)V doesn't use it's CallbackInfo
[10:15:44] [main/DEBUG] [mixin/]: sable.mixins.json:entity.trident.ThrownTridentMixin from mod sable->@Inject::sable$startReturning(Lorg/spongepowered/asm/mixin/injection/callback/CallbackInfo;)V has 0 override(s) in child classes
[10:15:44] [main/DEBUG] [mixin/]: sable.mixins.json:entity.trident.ThrownTridentMixin from mod sable->@Inject::sable$startReturning(Lorg/spongepowered/asm/mixin/injection/callback/CallbackInfo;)V won't be passed a CallbackInfo as a result
[10:15:44] [main/DEBUG] [mixin/]: Mixing entity.entity_ai.EatBlockGoalMixin from sable.mixins.json into net.minecraft.world.entity.ai.goal.EatBlockGoal
[10:15:45] [main/DEBUG] [mixin/]: Mixing recoil.ProjectileDispenseBehaviorMixin from sable.mixins.json into net.minecraft.core.dispenser.ProjectileDispenseBehavior
[10:15:45] [main/DEBUG] [mixin/]: sable.mixins.json:recoil.ProjectileDispenseBehaviorMixin from mod sable->@Inject::sable$applyRecoil(Lnet/minecraft/core/dispenser/BlockSource;Lnet/minecraft/world/item/ItemStack;Lorg/spongepowered/asm/mixin/injection/callback/CallbackInfoReturnable;)V doesn't use it's CallbackInfoReturnable
[10:15:45] [main/DEBUG] [mixin/]: sable.mixins.json:recoil.ProjectileDispenseBehaviorMixin from mod sable->@Inject::sable$applyRecoil(Lnet/minecraft/core/dispenser/BlockSource;Lnet/minecraft/world/item/ItemStack;Lorg/spongepowered/asm/mixin/injection/callback/CallbackInfoReturnable;)V has 0 override(s) in child classes
[10:15:45] [main/DEBUG] [mixin/]: sable.mixins.json:recoil.ProjectileDispenseBehaviorMixin from mod sable->@Inject::sable$applyRecoil(Lnet/minecraft/core/dispenser/BlockSource;Lnet/minecraft/world/item/ItemStack;Lorg/spongepowered/asm/mixin/injection/callback/CallbackInfoReturnable;)V won't be passed a CallbackInfoReturnable as a result
[10:15:45] [main/DEBUG] [mixin/]: Mixing NetworkMinecraftServerMixin from veil.network.mixins.json into net.minecraft.server.MinecraftServer
[10:15:45] [main/DEBUG] [mixin/]: Mixing MinecraftServerMixin from veil.scheduler.mixins.json into net.minecraft.server.MinecraftServer
[10:15:45] [main/DEBUG] [mixin/]: Mixing udp.MinecraftServerMixin from sable.mixins.json into net.minecraft.server.MinecraftServer
[10:15:45] [main/DEBUG] [mixin/]: veil.scheduler.mixins.json:MinecraftServerMixin from mod veil->@Inject::stopServer(Lorg/spongepowered/asm/mixin/injection/callback/CallbackInfo;)V doesn't use it's CallbackInfo
[10:15:45] [main/DEBUG] [mixin/]: veil.scheduler.mixins.json:MinecraftServerMixin from mod veil->@Inject::stopServer(Lorg/spongepowered/asm/mixin/injection/callback/CallbackInfo;)V has 0 override(s) in child classes
[10:15:45] [main/DEBUG] [mixin/]: veil.scheduler.mixins.json:MinecraftServerMixin from mod veil->@Inject::stopServer(Lorg/spongepowered/asm/mixin/injection/callback/CallbackInfo;)V won't be passed a CallbackInfo as a result
[10:15:45] [main/DEBUG] [mixin/]: sable.mixins.json:udp.MinecraftServerMixin from mod sable->@Inject::sable$keepUdpSocketsAlive(Ljava/util/function/BooleanSupplier;Lorg/spongepowered/asm/mixin/injection/callback/CallbackInfo;)V doesn't use it's CallbackInfo
[10:15:45] [main/DEBUG] [mixin/]: sable.mixins.json:udp.MinecraftServerMixin from mod sable->@Inject::sable$keepUdpSocketsAlive(Ljava/util/function/BooleanSupplier;Lorg/spongepowered/asm/mixin/injection/callback/CallbackInfo;)V has 0 override(s) in child classes
[10:15:45] [main/DEBUG] [mixin/]: sable.mixins.json:udp.MinecraftServerMixin from mod sable->@Inject::sable$keepUdpSocketsAlive(Ljava/util/function/BooleanSupplier;Lorg/spongepowered/asm/mixin/injection/callback/CallbackInfo;)V won't be passed a CallbackInfo as a result
[10:15:45] [main/DEBUG] [mixin/]: Mixing level_accelerator.ServerChunkCacheAccessor from sable.mixins.json into net.minecraft.server.level.ServerChunkCache
[10:15:45] [main/DEBUG] [mixin/]: Mixing plot.ServerChunkCacheMixin from sable.mixins.json into net.minecraft.server.level.ServerChunkCache
[10:15:45] [main/DEBUG] [mixin/]: Mixing ServerChunkCacheAccessor from antikytheramechanism.mixins.json into net.minecraft.server.level.ServerChunkCache
[10:15:45] [main/DEBUG] [mixin/]: sable.mixins.json:plot.ServerChunkCacheMixin from mod sable->@Inject::init(Lnet/minecraft/server/level/ServerLevel;Lnet/minecraft/world/level/storage/LevelStorageSource$LevelStorageAccess;Lcom/mojang/datafixers/DataFixer;Lnet/minecraft/world/level/levelgen/structure/templatesystem/StructureTemplateManager;Ljava/util/concurrent/Executor;Lnet/minecraft/world/level/chunk/ChunkGenerator;IIZLnet/minecraft/server/level/progress/ChunkProgressListener;Lnet/minecraft/world/level/entity/ChunkStatusUpdateListener;Ljava/util/function/Supplier;Lorg/spongepowered/asm/mixin/injection/callback/CallbackInfo;)V doesn't use it's CallbackInfo
[10:15:45] [main/DEBUG] [mixin/]: sable.mixins.json:plot.ServerChunkCacheMixin from mod sable->@Inject::init(Lnet/minecraft/server/level/ServerLevel;Lnet/minecraft/world/level/storage/LevelStorageSource$LevelStorageAccess;Lcom/mojang/datafixers/DataFixer;Lnet/minecraft/world/level/levelgen/structure/templatesystem/StructureTemplateManager;Ljava/util/concurrent/Executor;Lnet/minecraft/world/level/chunk/ChunkGenerator;IIZLnet/minecraft/server/level/progress/ChunkProgressListener;Lnet/minecraft/world/level/entity/ChunkStatusUpdateListener;Ljava/util/function/Supplier;Lorg/spongepowered/asm/mixin/injection/callback/CallbackInfo;)V has 0 override(s) in child classes
[10:15:45] [main/DEBUG] [mixin/]: sable.mixins.json:plot.ServerChunkCacheMixin from mod sable->@Inject::init(Lnet/minecraft/server/level/ServerLevel;Lnet/minecraft/world/level/storage/LevelStorageSource$LevelStorageAccess;Lcom/mojang/datafixers/DataFixer;Lnet/minecraft/world/level/levelgen/structure/templatesystem/StructureTemplateManager;Ljava/util/concurrent/Executor;Lnet/minecraft/world/level/chunk/ChunkGenerator;IIZLnet/minecraft/server/level/progress/ChunkProgressListener;Lnet/minecraft/world/level/entity/ChunkStatusUpdateListener;Ljava/util/function/Supplier;Lorg/spongepowered/asm/mixin/injection/callback/CallbackInfo;)V won't be passed a CallbackInfo as a result
[10:15:45] [main/DEBUG] [mixin/]: sable.mixins.json:plot.ServerChunkCacheMixin from mod sable->@Inject::getChunkNow(IILorg/spongepowered/asm/mixin/injection/callback/CallbackInfoReturnable;)V does use it's CallbackInfoReturnable
[10:15:45] [main/DEBUG] [mixin/]: sable.mixins.json:plot.ServerChunkCacheMixin from mod sable->@Inject::getChunkFutureMainThread(IILnet/minecraft/world/level/chunk/status/ChunkStatus;ZLorg/spongepowered/asm/mixin/injection/callback/CallbackInfoReturnable;)V does use it's CallbackInfoReturnable
[10:15:45] [main/DEBUG] [mixin/]: sable.mixins.json:plot.ServerChunkCacheMixin from mod sable->@Inject::hasChunk(IILorg/spongepowered/asm/mixin/injection/callback/CallbackInfoReturnable;)V does use it's CallbackInfoReturnable
[10:15:45] [main/DEBUG] [mixin/]: sable.mixins.json:plot.ServerChunkCacheMixin from mod sable->@Inject::getChunkForLighting(IILorg/spongepowered/asm/mixin/injection/callback/CallbackInfoReturnable;)V does use it's CallbackInfoReturnable
[10:15:45] [main/DEBUG] [mixin/]: sable.mixins.json:plot.ServerChunkCacheMixin from mod sable->@Inject::isPositionTicking(JLorg/spongepowered/asm/mixin/injection/callback/CallbackInfoReturnable;)V does use it's CallbackInfoReturnable
[10:15:45] [main/DEBUG] [mixin/]: sable.mixins.json:plot.ServerChunkCacheMixin from mod sable->@Inject::getFullChunk(JLjava/util/function/Consumer;Lorg/spongepowered/asm/mixin/injection/callback/CallbackInfo;)V does use it's CallbackInfo
[10:15:45] [main/DEBUG] [mixin/]: sable.mixins.json:plot.ServerChunkCacheMixin from mod sable->@Inject::blockChanged(Lnet/minecraft/core/BlockPos;Lorg/spongepowered/asm/mixin/injection/callback/CallbackInfo;)V does use it's CallbackInfo
[10:15:45] [main/DEBUG] [mixin/]: sable.mixins.json:plot.ServerChunkCacheMixin from mod sable->@Inject::getVisibleChunkIfPresent(JLorg/spongepowered/asm/mixin/injection/callback/CallbackInfoReturnable;)V does use it's CallbackInfoReturnable
[10:15:45] [main/DEBUG] [mixin/]: sable.mixins.json:plot.ServerChunkCacheMixin from mod sable->@Inject::addRegionTicket(Lnet/minecraft/server/level/TicketType;Lnet/minecraft/world/level/ChunkPos;ILjava/lang/Object;Lorg/spongepowered/asm/mixin/injection/callback/CallbackInfo;)V does use it's CallbackInfo
[10:15:46] [main/DEBUG] [mixin/]: Mixing command.ExecuteCommandMixin from sable.mixins.json into net.minecraft.server.commands.ExecuteCommand
[10:15:46] [main/DEBUG] [mixin/]: Renaming synthetic method lambda$sable$then$2(Lcom/mojang/brigadier/context/CommandContext;)Ljava/util/Collection; to mdb0c6f7$sable$lambda$sable$then$2$0 in sable.mixins.json:command.ExecuteCommandMixin from mod sable
[10:15:46] [main/DEBUG] [mixin/]: Renaming synthetic method lambda$sable$then$1(Lcom/mojang/brigadier/context/CommandContext;)Ljava/util/Collection; to mdb0c6f7$sable$lambda$sable$then$1$1 in sable.mixins.json:command.ExecuteCommandMixin from mod sable
[10:15:46] [main/DEBUG] [mixin/]: Renaming synthetic method lambda$sable$then$0(Lcom/mojang/brigadier/context/CommandContext;)Ljava/util/Collection; to mdb0c6f7$sable$lambda$sable$then$0$2 in sable.mixins.json:command.ExecuteCommandMixin from mod sable
[10:15:46] [main/DEBUG] [mixin/]: Mixing command.DataCommandsMixin from sable.mixins.json into net.minecraft.server.commands.data.DataCommands
[10:15:46] [main/DEBUG] [mixin/]: Mixing game_test.TestCommandMixin from sable.mixins.json into net.minecraft.gametest.framework.TestCommand
[10:15:46] [main/DEBUG] [mixin/]: sable.mixins.json:game_test.TestCommandMixin from mod sable->@Inject::resetGameTestInfo(Lnet/minecraft/gametest/framework/GameTestInfo;Lorg/spongepowered/asm/mixin/injection/callback/CallbackInfoReturnable;)V doesn't use it's CallbackInfoReturnable
[10:15:46] [main/WARN] [minecraft/Commands]: Ambiguity between arguments [teleport, location] and [teleport, destination] with inputs: [0.1 -0.5 .9, 0 0 0]
[10:15:46] [main/WARN] [minecraft/Commands]: Ambiguity between arguments [teleport, location] and [teleport, targets] with inputs: [0.1 -0.5 .9, 0 0 0]
[10:15:46] [main/WARN] [minecraft/Commands]: Ambiguity between arguments [teleport, destination] and [teleport, targets] with inputs: [Player, 0123, @e, dd12be42-52a9-4a91-a8a1-11c01849e498]
[10:15:46] [main/WARN] [minecraft/Commands]: Ambiguity between arguments [teleport, targets] and [teleport, destination] with inputs: [Player, 0123, dd12be42-52a9-4a91-a8a1-11c01849e498]
[10:15:46] [main/WARN] [minecraft/Commands]: Ambiguity between arguments [teleport, targets, location] and [teleport, targets, destination] with inputs: [0.1 -0.5 .9, 0 0 0]
[10:15:46] [main/DEBUG] [ne.ne.fm.ModWorkManager/LOADING]: Using 4 threads for parallel mod-loading
[10:15:46] [main/DEBUG] [ne.ne.fm.ja.FMLModContainer/LOADING]: Creating FMLModContainer instance for [foundry.veil.forge.VeilForge]
[10:15:46] [main/DEBUG] [ne.ne.fm.ja.FMLModContainer/LOADING]: Creating FMLModContainer instance for []
[10:15:46] [main/DEBUG] [ne.ne.fm.ja.FMLModContainer/LOADING]: Creating FMLModContainer instance for [net.neoforged.neoforge.common.NeoForgeMod]
[10:15:46] [main/DEBUG] [ne.ne.fm.ja.FMLModContainer/LOADING]: Creating FMLModContainer instance for [dev.ryanhcode.sable.neoforge.SableNeoForge]
[10:15:46] [main/DEBUG] [ne.ne.fm.ja.FMLModContainer/LOADING]: Creating FMLModContainer instance for [dev.sablescale.SableScale]
[10:15:46] [main/DEBUG] [ne.ne.fm.ja.FMLModContainer/LOADING]: Creating FMLModContainer instance for [dev.antikytheramechanism.AntikytheraMechanism]
[10:15:46] [modloading-worker-0/INFO] [Veil/]: Veil is initializing.
[10:15:46] [modloading-worker-0/DEBUG] [ne.ne.fm.ja.AutomaticEventSubscriber/LOADING]: Attempting to inject @EventBusSubscriber classes into the eventbus for sablecompanion
[10:15:46] [modloading-worker-0/DEBUG] [mixin/]: Mixing DeferredRegisterMixin from veil.neoforge.mixins.json into net.neoforged.neoforge.registries.DeferredRegister
[10:15:46] [modloading-worker-0/DEBUG] [mixin/]: Renaming synthetic method lambda$register$0(Ljava/util/function/Function;Lnet/minecraft/resources/ResourceLocation;)Ljava/lang/Object; to mdb0c6f7$veil$lambda$register$0$0 in veil.neoforge.mixins.json:DeferredRegisterMixin from mod veil
[10:15:46] [modloading-worker-0/DEBUG] [ne.ne.ne.in.ve.ne.NeoForgeVersion/CORE]: Found NeoForge version 21.1.228
[10:15:46] [modloading-worker-0/DEBUG] [ne.ne.ne.in.ve.ne.NeoForgeVersion/CORE]: Found FML version 4.0.42
[10:15:46] [modloading-worker-0/INFO] [ne.ne.ne.co.NeoForgeMod/NEOFORGE-MOD]: NeoForge mod loading, version 21.1.228, for MC 1.21.1
[10:15:46] [modloading-worker-0/DEBUG] [ne.ne.fm.ja.AutomaticEventSubscriber/LOADING]: Attempting to inject @EventBusSubscriber classes into the eventbus for veil
[10:15:46] [modloading-worker-0/DEBUG] [ne.ne.fm.ja.AutomaticEventSubscriber/LOADING]: Scanning class foundry.veil.forge.VeilForgeEvents for @SubscribeEvent-annotated methods
[10:15:46] [modloading-worker-0/DEBUG] [ne.ne.fm.ja.AutomaticEventSubscriber/]: Subscribing @EventBusSubscriber class Lfoundry/veil/forge/VeilForgeEvents; to the game event bus
[10:15:46] [modloading-worker-0/DEBUG] [ne.ne.fm.co.ConfigTracker/CONFIG]: Config file neoforge-client.toml for neoforge tracking
[10:15:46] [modloading-worker-0/DEBUG] [ne.ne.fm.co.ConfigTracker/CONFIG]: Config file neoforge-server.toml for neoforge tracking
[10:15:46] [modloading-worker-0/DEBUG] [ne.ne.fm.co.ConfigTracker/CONFIG]: Config file neoforge-common.toml for neoforge tracking
[10:15:46] [modloading-worker-0/DEBUG] [mixin/]: Mixing SableBufferUtilsMixin from sablescale.mixins.json into dev.ryanhcode.sable.util.SableBufferUtils
[10:15:46] [modloading-worker-0/DEBUG] [mixin/]: sablescale.mixins.json:SableBufferUtilsMixin from mod sablescale->@Inject::sablescale$writeScale(Lio/netty/buffer/ByteBuf;Ldev/ryanhcode/sable/companion/math/Pose3dc;Lorg/spongepowered/asm/mixin/injection/callback/CallbackInfo;)V doesn't use it's CallbackInfo
[10:15:46] [modloading-worker-0/DEBUG] [mixin/]: sablescale.mixins.json:SableBufferUtilsMixin from mod sablescale->@Inject::sablescale$readScale(Lio/netty/buffer/ByteBuf;Ldev/ryanhcode/sable/companion/math/Pose3d;Lorg/spongepowered/asm/mixin/injection/callback/CallbackInfoReturnable;)V doesn't use it's CallbackInfoReturnable
[10:15:46] [modloading-worker-0/DEBUG] [mixin/]: Mixing PunchStrengthMassScaleMixin from sablescale.mixins.json into dev.ryanhcode.sable.network.packets.tcp.ServerboundPunchSubLevelPacket
[10:15:46] [modloading-worker-0/DEBUG] [mixin/]: Mixing ServerboundPunchSubLevelPacketHostedMiniMixin from antikytheramechanism.mixins.json into dev.ryanhcode.sable.network.packets.tcp.ServerboundPunchSubLevelPacket
[10:15:46] [modloading-worker-0/DEBUG] [mixin/]: sablescale.mixins.json:PunchStrengthMassScaleMixin from mod sablescale->@Inject::sablescale$scaledPunchStrength(Ldev/ryanhcode/sable/sublevel/ServerSubLevel;Lorg/joml/Vector3dc;Lorg/joml/Vector3dc;Lorg/spongepowered/asm/mixin/injection/callback/CallbackInfoReturnable;)V does use it's CallbackInfoReturnable
[10:15:46] [modloading-worker-0/INFO] [de.ry.sa.Sable/]: Sable loaded!
[10:15:46] [modloading-worker-0/DEBUG] [mixin/]: Mixing SelectorMassScaleMixin from sablescale.mixins.json into dev.ryanhcode.sable.command.argument.SubLevelSelectorModifiers
[10:15:46] [modloading-worker-0/DEBUG] [mixin/]: Mixing ServerSubLevelFrameGraphMixin from antikytheramechanism.mixins.json into dev.ryanhcode.sable.sublevel.ServerSubLevel
[10:15:46] [modloading-worker-0/DEBUG] [mixin/]: Mixing ServerSubLevelMiniPhysicsMixin from antikytheramechanism.mixins.json into dev.ryanhcode.sable.sublevel.ServerSubLevel
[10:15:46] [modloading-worker-0/DEBUG] [mixin/]: Mixing ServerSubLevelManagedEmptyBoundsMixin from antikytheramechanism.mixins.json into dev.ryanhcode.sable.sublevel.ServerSubLevel
[10:15:46] [modloading-worker-0/DEBUG] [mixin/]: Mixing ServerSubLevelStructuralMassMixin from antikytheramechanism.mixins.json into dev.ryanhcode.sable.sublevel.ServerSubLevel
[10:15:46] [modloading-worker-0/DEBUG] [mixin/]: antikytheramechanism.mixins.json:ServerSubLevelManagedEmptyBoundsMixin from mod antikytheramechanism->@Inject::antikytheramechanism$preserveManagedEmptyAssembly(Lorg/spongepowered/asm/mixin/injection/callback/CallbackInfo;)V does use it's CallbackInfo
[10:15:46] [modloading-worker-0/DEBUG] [mixin/]: antikytheramechanism.mixins.json:ServerSubLevelStructuralMassMixin from mod antikytheramechanism->@Inject::antikytheramechanism$addStructuralMass(Lorg/spongepowered/asm/mixin/injection/callback/CallbackInfo;)V doesn't use it's CallbackInfo
[10:15:46] [modloading-worker-0/DEBUG] [mixin/]: antikytheramechanism.mixins.json:ServerSubLevelStructuralMassMixin from mod antikytheramechanism->@Inject::antikytheramechanism$addStructuralMass(Lorg/spongepowered/asm/mixin/injection/callback/CallbackInfo;)V has 0 override(s) in child classes
[10:15:46] [modloading-worker-0/DEBUG] [mixin/]: antikytheramechanism.mixins.json:ServerSubLevelStructuralMassMixin from mod antikytheramechanism->@Inject::antikytheramechanism$addStructuralMass(Lorg/spongepowered/asm/mixin/injection/callback/CallbackInfo;)V won't be passed a CallbackInfo as a result
[10:15:46] [modloading-worker-0/DEBUG] [mixin/]: Mixing SubLevelManagedEmptyGlobalBoundsMixin from antikytheramechanism.mixins.json into dev.ryanhcode.sable.sublevel.SubLevel
[10:15:46] [modloading-worker-0/DEBUG] [mixin/]: antikytheramechanism.mixins.json:SubLevelManagedEmptyGlobalBoundsMixin from mod antikytheramechanism->@Inject::antikytheramechanism$keepManagedEmptyBoundsFinite(Lorg/spongepowered/asm/mixin/injection/callback/CallbackInfo;)V does use it's CallbackInfo
[10:15:46] [modloading-worker-0/DEBUG] [ne.ne.fm.ja.AutomaticEventSubscriber/LOADING]: Attempting to inject @EventBusSubscriber classes into the eventbus for neoforge
[10:15:46] [modloading-worker-0/DEBUG] [ne.ne.fm.ja.AutomaticEventSubscriber/LOADING]: Scanning class net.neoforged.neoforge.network.filters.GenericPacketSplitter for @SubscribeEvent-annotated methods
[10:15:46] [modloading-worker-0/DEBUG] [ne.ne.fm.co.ConfigTracker/CONFIG]: Config file sable-common.toml for sable tracking
[10:15:46] [modloading-worker-0/DEBUG] [ne.ne.fm.ja.AutomaticEventSubscriber/LOADING]: Attempting to inject @EventBusSubscriber classes into the eventbus for sable
[10:15:46] [modloading-worker-0/INFO] [de.sa.SableScale/]: [Sable Scale] loaded - sub-level scaling ACTIVE.
[10:15:46] [modloading-worker-0/DEBUG] [ne.ne.fm.ja.AutomaticEventSubscriber/LOADING]: Attempting to inject @EventBusSubscriber classes into the eventbus for sablescale
[10:15:46] [modloading-worker-0/DEBUG] [mixin/]: Mixing MechanismFrameDeferredRemovalMixin from antikytheramechanism.mixins.json into dev.antikytheramechanism.frame.MechanismFrameBlock
[10:15:46] [modloading-worker-0/DEBUG] [de.an.AntikytheraMechanism/]: Create is absent; Create compatibility remains unloaded
[10:15:46] [modloading-worker-0/DEBUG] [ne.ne.fm.co.ConfigTracker/CONFIG]: Config file antikytheramechanism-common.toml for antikytheramechanism tracking
[10:15:46] [modloading-worker-0/DEBUG] [io.ne.bu.AbstractByteBuf/]: -Dio.netty.buffer.checkAccessible: true
[10:15:46] [modloading-worker-0/DEBUG] [io.ne.bu.AbstractByteBuf/]: -Dio.netty.buffer.checkBounds: true
[10:15:46] [modloading-worker-0/DEBUG] [io.ne.ut.ResourceLeakDetectorFactory/]: Loaded default ResourceLeakDetector: io.netty.util.ResourceLeakDetector@1a4108f3
[10:15:46] [modloading-worker-0/INFO] [de.an.AntikytheraMechanism/]: Antikythera Mechanism initialized
[10:15:46] [modloading-worker-0/DEBUG] [ne.ne.fm.ja.AutomaticEventSubscriber/LOADING]: Attempting to inject @EventBusSubscriber classes into the eventbus for antikytheramechanism
[10:15:46] [modloading-worker-0/DEBUG] [io.ne.ut.in.InternalThreadLocalMap/]: -Dio.netty.threadLocalMap.stringBuilder.initialSize: 1024
[10:15:46] [modloading-worker-0/DEBUG] [io.ne.ut.in.InternalThreadLocalMap/]: -Dio.netty.threadLocalMap.stringBuilder.maxSize: 4096
[10:15:46] [modloading-worker-0/DEBUG] [io.ne.bu.PooledByteBufAllocator/]: -Dio.netty.allocator.numHeapArenas: 8
[10:15:46] [modloading-worker-0/DEBUG] [io.ne.bu.PooledByteBufAllocator/]: -Dio.netty.allocator.numDirectArenas: 8
[10:15:46] [modloading-worker-0/DEBUG] [io.ne.bu.PooledByteBufAllocator/]: -Dio.netty.allocator.pageSize: 8192
[10:15:46] [modloading-worker-0/DEBUG] [io.ne.bu.PooledByteBufAllocator/]: -Dio.netty.allocator.maxOrder: 9
[10:15:46] [modloading-worker-0/DEBUG] [io.ne.bu.PooledByteBufAllocator/]: -Dio.netty.allocator.chunkSize: 4194304
[10:15:46] [modloading-worker-0/DEBUG] [io.ne.bu.PooledByteBufAllocator/]: -Dio.netty.allocator.smallCacheSize: 256
[10:15:46] [modloading-worker-0/DEBUG] [io.ne.bu.PooledByteBufAllocator/]: -Dio.netty.allocator.normalCacheSize: 64
[10:15:46] [modloading-worker-0/DEBUG] [io.ne.bu.PooledByteBufAllocator/]: -Dio.netty.allocator.maxCachedBufferCapacity: 32768
[10:15:46] [modloading-worker-0/DEBUG] [io.ne.bu.PooledByteBufAllocator/]: -Dio.netty.allocator.cacheTrimInterval: 8192
[10:15:46] [modloading-worker-0/DEBUG] [io.ne.bu.PooledByteBufAllocator/]: -Dio.netty.allocator.cacheTrimIntervalMillis: 0
[10:15:46] [modloading-worker-0/DEBUG] [io.ne.bu.PooledByteBufAllocator/]: -Dio.netty.allocator.useCacheForAllThreads: false
[10:15:46] [modloading-worker-0/DEBUG] [io.ne.bu.PooledByteBufAllocator/]: -Dio.netty.allocator.maxCachedByteBuffersPerChunk: 1023
[10:15:46] [modloading-worker-0/DEBUG] [io.ne.bu.ByteBufUtil/]: -Dio.netty.allocator.type: pooled
[10:15:46] [modloading-worker-0/DEBUG] [io.ne.bu.ByteBufUtil/]: -Dio.netty.threadLocalDirectBufferSize: 0
[10:15:46] [modloading-worker-0/DEBUG] [io.ne.bu.ByteBufUtil/]: -Dio.netty.maxThreadLocalCharBufferSize: 16384
[10:15:46] [modloading-worker-0/DEBUG] [mixin/]: Mixing udp.ConnectionMixin from sable.mixins.json into net.minecraft.network.Connection
[10:15:46] [modloading-worker-0/DEBUG] [mixin/]: Renaming synthetic method lambda$sable$onDisconnect$0(Lio/netty/util/concurrent/Future;)V to mdb0c6f7$sable$lambda$sable$onDisconnect$0$0 in sable.mixins.json:udp.ConnectionMixin from mod sable
[10:15:46] [modloading-worker-0/DEBUG] [mixin/]: sable.mixins.json:udp.ConnectionMixin from mod sable->@Inject::sable$onDisconnect(Lnet/minecraft/network/DisconnectionDetails;Lorg/spongepowered/asm/mixin/injection/callback/CallbackInfo;)V doesn't use it's CallbackInfo
[10:15:46] [modloading-worker-0/DEBUG] [mixin/]: sable.mixins.json:udp.ConnectionMixin from mod sable->@Inject::sable$onDisconnect(Lnet/minecraft/network/DisconnectionDetails;Lorg/spongepowered/asm/mixin/injection/callback/CallbackInfo;)V has 0 override(s) in child classes
[10:15:46] [modloading-worker-0/DEBUG] [mixin/]: sable.mixins.json:udp.ConnectionMixin from mod sable->@Inject::sable$onDisconnect(Lnet/minecraft/network/DisconnectionDetails;Lorg/spongepowered/asm/mixin/injection/callback/CallbackInfo;)V won't be passed a CallbackInfo as a result
[10:15:46] [modloading-worker-0/DEBUG] [mixin/]: sable.mixins.json:udp.ConnectionMixin from mod sable->@Inject::sable$connect(Ljava/net/InetSocketAddress;ZLnet/minecraft/network/Connection;Lorg/spongepowered/asm/mixin/injection/callback/CallbackInfoReturnable;)V doesn't use it's CallbackInfoReturnable
[10:15:46] [modloading-worker-0/DEBUG] [mixin/]: sable.mixins.json:udp.ConnectionMixin from mod sable->@Inject::sable$connectToLocalServer(Ljava/net/SocketAddress;Lorg/spongepowered/asm/mixin/injection/callback/CallbackInfoReturnable;)V doesn't use it's CallbackInfoReturnable
[10:15:46] [modloading-worker-0/DEBUG] [ne.ne.fm.ja.AutomaticEventSubscriber/]: Subscribing @EventBusSubscriber class Lnet/neoforged/neoforge/network/filters/GenericPacketSplitter; to the mod event bus of mod neoforge
[10:15:46] [modloading-worker-0/DEBUG] [ne.ne.fm.ja.AutomaticEventSubscriber/LOADING]: Scanning class net.neoforged.neoforge.network.NetworkInitialization for @SubscribeEvent-annotated methods
[10:15:46] [modloading-worker-0/DEBUG] [ne.ne.fm.ja.AutomaticEventSubscriber/]: Subscribing @EventBusSubscriber class Lnet/neoforged/neoforge/network/NetworkInitialization; to the mod event bus of mod neoforge
[10:15:46] [modloading-worker-0/DEBUG] [ne.ne.fm.ja.AutomaticEventSubscriber/LOADING]: Scanning class net.neoforged.neoforge.network.ConfigurationInitialization for @SubscribeEvent-annotated methods
[10:15:46] [modloading-worker-0/DEBUG] [ne.ne.fm.ja.AutomaticEventSubscriber/]: Subscribing @EventBusSubscriber class Lnet/neoforged/neoforge/network/ConfigurationInitialization; to the mod event bus of mod neoforge
[10:15:46] [modloading-worker-0/DEBUG] [ne.ne.fm.ja.AutomaticEventSubscriber/LOADING]: Scanning class net.neoforged.neoforge.common.MonsterRoomHooks for @SubscribeEvent-annotated methods
[10:15:46] [modloading-worker-0/DEBUG] [ne.ne.fm.ja.AutomaticEventSubscriber/]: Subscribing @EventBusSubscriber class Lnet/neoforged/neoforge/common/MonsterRoomHooks; to the game event bus
[10:15:46] [modloading-worker-0/DEBUG] [ne.ne.fm.ja.AutomaticEventSubscriber/LOADING]: Scanning class net.neoforged.neoforge.common.DeferredSpawnEggItem$CommonHandler for @SubscribeEvent-annotated methods
[10:15:46] [modloading-worker-0/DEBUG] [ne.ne.fm.ja.AutomaticEventSubscriber/]: Subscribing @EventBusSubscriber class Lnet/neoforged/neoforge/common/DeferredSpawnEggItem$CommonHandler; to the mod event bus of mod neoforge
[10:15:46] [modloading-worker-0/DEBUG] [ne.ne.fm.ja.AutomaticEventSubscriber/LOADING]: Scanning class net.neoforged.neoforge.attachment.AttachmentSync for @SubscribeEvent-annotated methods
[10:15:46] [modloading-worker-0/DEBUG] [ne.ne.fm.ja.AutomaticEventSubscriber/]: Subscribing @EventBusSubscriber class Lnet/neoforged/neoforge/attachment/AttachmentSync; to the game event bus
[10:15:46] [modloading-worker-0/DEBUG] [ne.ne.fm.ja.AutomaticEventSubscriber/LOADING]: Scanning class net.neoforged.neoforge.attachment.AttachmentInternals for @SubscribeEvent-annotated methods
[10:15:46] [modloading-worker-0/DEBUG] [ne.ne.fm.ja.AutomaticEventSubscriber/]: Subscribing @EventBusSubscriber class Lnet/neoforged/neoforge/attachment/AttachmentInternals; to the game event bus
[10:15:46] [modloading-sync-worker/DEBUG] [mixin/]: Mixing accessor.RegistryDataAccessor from veil.registry.mixins.json into net.minecraft.resources.RegistryDataLoader$RegistryData
[10:15:47] [modloading-sync-worker/DEBUG] [ne.ne.fm.co.ConfigTracker/CONFIG]: Loading configs type COMMON
[10:15:47] [modloading-sync-worker/DEBUG] [ne.ne.ne.co.NeoForgeConfig/FORGEMOD]: Loaded NeoForge config file neoforge-common.toml
[10:15:47] [modloading-sync-worker/DEBUG] [ne.ne.fm.co.ConfigTracker/CONFIG]: Loaded TOML config file /home/runner/work/AntikytheraMechanism/AntikytheraMechanism/run/config/neoforge-common.toml
[10:15:47] [modloading-sync-worker/DEBUG] [ne.ne.fm.co.ConfigTracker/CONFIG]: Watching TOML config file /home/runner/work/AntikytheraMechanism/AntikytheraMechanism/run/config/neoforge-common.toml for changes
[10:15:47] [modloading-sync-worker/DEBUG] [ne.ne.fm.co.ConfigTracker/CONFIG]: Loaded TOML config file /home/runner/work/AntikytheraMechanism/AntikytheraMechanism/run/config/sable-common.toml
[10:15:47] [modloading-sync-worker/DEBUG] [ne.ne.fm.co.ConfigTracker/CONFIG]: Watching TOML config file /home/runner/work/AntikytheraMechanism/AntikytheraMechanism/run/config/sable-common.toml for changes
[10:15:47] [modloading-sync-worker/DEBUG] [ne.ne.ne.co.ModConfigSpec/CORE]: List on key deny is deemed to need correction, as it is null, not a list, or the wrong size.
[10:15:47] [modloading-sync-worker/DEBUG] [ne.ne.ne.co.ModConfigSpec/CORE]: List on key allow is deemed to need correction, as it is null, not a list, or the wrong size.
[10:15:47] [modloading-sync-worker/DEBUG] [ne.ne.fm.co.ConfigTracker/CONFIG]: Loaded TOML config file /home/runner/work/AntikytheraMechanism/AntikytheraMechanism/run/config/antikytheramechanism-common.toml
[10:15:47] [modloading-sync-worker/DEBUG] [ne.ne.fm.co.ConfigTracker/CONFIG]: Watching TOML config file /home/runner/work/AntikytheraMechanism/AntikytheraMechanism/run/config/antikytheramechanism-common.toml for changes
[10:15:47] [modloading-sync-worker/DEBUG] [ne.ne.fm.DeferredWorkQueue/LOADING]: Dispatching synchronous work for work queue Common setup: 1 jobs
[10:15:47] [modloading-sync-worker/DEBUG] [ne.ne.fm.DeferredWorkQueue/LOADING]: Synchronous work queue completed in 1.124 ms
[10:15:47] [main/ERROR] [minecraft/Settings]: Failed to load properties from file: server.properties
java.nio.file.NoSuchFileException: server.properties
	at java.base/sun.nio.fs.UnixException.translateToIOException(UnixException.java:92) ~[?:?] {}
	at java.base/sun.nio.fs.UnixException.rethrowAsIOException(UnixException.java:106) ~[?:?] {}
	at java.base/sun.nio.fs.UnixException.rethrowAsIOException(UnixException.java:111) ~[?:?] {}
	at java.base/sun.nio.fs.UnixFileSystemProvider.newByteChannel(UnixFileSystemProvider.java:261) ~[?:?] {}
	at java.base/java.nio.file.Files.newByteChannel(Files.java:380) ~[?:?] {}
	at java.base/java.nio.file.Files.newByteChannel(Files.java:432) ~[?:?] {}
	at java.base/java.nio.file.spi.FileSystemProvider.newInputStream(FileSystemProvider.java:420) ~[?:?] {}
	at java.base/java.nio.file.Files.newInputStream(Files.java:160) ~[?:?] {}
	at TRANSFORMER/minecraft@1.21.1/net.minecraft.server.dedicated.Settings.loadFromFile(Settings.java:38) ~[neoforge-21.1.228.jar%23125!/:?] {re:classloading}
	at TRANSFORMER/minecraft@1.21.1/net.minecraft.server.dedicated.DedicatedServerProperties.fromFile(DedicatedServerProperties.java:132) ~[neoforge-21.1.228.jar%23125!/:?] {re:classloading}
	at TRANSFORMER/minecraft@1.21.1/net.minecraft.server.dedicated.DedicatedServerSettings.<init>(DedicatedServerSettings.java:12) ~[neoforge-21.1.228.jar%23125!/:?] {re:classloading}
	at TRANSFORMER/minecraft@1.21.1/net.minecraft.server.Main.main(Main.java:125) ~[neoforge-21.1.228.jar%23125!/:?] {re:classloading}
	at java.base/jdk.internal.reflect.DirectMethodHandleAccessor.invoke(DirectMethodHandleAccessor.java:103) ~[?:?] {}
	at java.base/java.lang.reflect.Method.invoke(Method.java:580) ~[?:?] {}
	at MC-BOOTSTRAP/fml_loader@4.0.42/net.neoforged.fml.loading.targets.CommonLaunchHandler.runTarget(CommonLaunchHandler.java:136) ~[loader-4.0.42.jar%23102!/:4.0] {}
	at MC-BOOTSTRAP/fml_loader@4.0.42/net.neoforged.fml.loading.targets.CommonLaunchHandler.serverService(CommonLaunchHandler.java:128) ~[loader-4.0.42.jar%23102!/:4.0] {}
	at MC-BOOTSTRAP/fml_loader@4.0.42/net.neoforged.fml.loading.targets.NeoForgeServerDevLaunchHandler.runService(NeoForgeServerDevLaunchHandler.java:23) ~[loader-4.0.42.jar%23102!/:4.0] {}
	at MC-BOOTSTRAP/fml_loader@4.0.42/net.neoforged.fml.loading.targets.CommonLaunchHandler.lambda$launchService$4(CommonLaunchHandler.java:118) ~[loader-4.0.42.jar%23102!/:4.0] {}
	at MC-BOOTSTRAP/cpw.mods.modlauncher@11.0.5/cpw.mods.modlauncher.LaunchServiceHandlerDecorator.launch(LaunchServiceHandlerDecorator.java:30) [modlauncher-11.0.5.jar%2382!/:?] {}
	at MC-BOOTSTRAP/cpw.mods.modlauncher@11.0.5/cpw.mods.modlauncher.LaunchServiceHandler.launch(LaunchServiceHandler.java:53) [modlauncher-11.0.5.jar%2382!/:?] {}
	at MC-BOOTSTRAP/cpw.mods.modlauncher@11.0.5/cpw.mods.modlauncher.LaunchServiceHandler.launch(LaunchServiceHandler.java:71) [modlauncher-11.0.5.jar%2382!/:?] {}
	at MC-BOOTSTRAP/cpw.mods.modlauncher@11.0.5/cpw.mods.modlauncher.Launcher.run(Launcher.java:103) [modlauncher-11.0.5.jar%2382!/:?] {}
	at MC-BOOTSTRAP/cpw.mods.modlauncher@11.0.5/cpw.mods.modlauncher.Launcher.main(Launcher.java:74) [modlauncher-11.0.5.jar%2382!/:?] {}
	at MC-BOOTSTRAP/cpw.mods.modlauncher@11.0.5/cpw.mods.modlauncher.BootstrapLaunchConsumer.accept(BootstrapLaunchConsumer.java:26) [modlauncher-11.0.5.jar%2382!/:?] {}
	at MC-BOOTSTRAP/cpw.mods.modlauncher@11.0.5/cpw.mods.modlauncher.BootstrapLaunchConsumer.accept(BootstrapLaunchConsumer.java:23) [modlauncher-11.0.5.jar%2382!/:?] {}
	at cpw.mods.bootstraplauncher@2.0.2/cpw.mods.bootstraplauncher.BootstrapLauncher.run(BootstrapLauncher.java:210) [bootstraplauncher-2.0.2.jar:?] {}
	at cpw.mods.bootstraplauncher@2.0.2/cpw.mods.bootstraplauncher.BootstrapLauncher.main(BootstrapLauncher.java:69) [bootstraplauncher-2.0.2.jar:?] {}
	at java.base/jdk.internal.reflect.DirectMethodHandleAccessor.invoke(DirectMethodHandleAccessor.java:103) ~[?:?] {}
	at java.base/java.lang.reflect.Method.invoke(Method.java:580) ~[?:?] {}
	at net.neoforged.devlaunch.Main.main(Main.java:57) [DevLaunch-1.0.2.jar:?] {}
[10:15:47] [main/INFO] [mojang/YggdrasilAuthenticationService]: Environment: Environment[sessionHost=https://sessionserver.mojang.com, servicesHost=https://api.minecraftservices.com, name=PROD]
[10:15:47] [main/DEBUG] [mixin/]: Mixing ResourceVanillaPackResourcesMixin from veil.resource.mixins.json into net.minecraft.server.packs.VanillaPackResources
[10:15:47] [main/WARN] [minecraft/VanillaPackResourcesBuilder]: Assets URL 'union:/home/runner/work/AntikytheraMechanism/AntikytheraMechanism/build/moddev/artifacts/neoforge-21.1.228.jar%23125!/assets/.mcassetsroot' uses unexpected schema
[10:15:47] [main/WARN] [minecraft/VanillaPackResourcesBuilder]: Assets URL 'union:/home/runner/work/AntikytheraMechanism/AntikytheraMechanism/build/moddev/artifacts/neoforge-21.1.228.jar%23125!/data/.mcassetsroot' uses unexpected schema
[10:15:47] [main/INFO] [ne.ne.ne.ga.GameTestHooks/]: Enabled Gametest Namespaces: [antikytheramechanism]
[10:15:47] [main/DEBUG] [mixin/]: Mixing MechanismAssemblyManagerAccessor from antikytheramechanism.mixins.json into dev.antikytheramechanism.assembly.MechanismAssemblyManager
[10:15:47] [main/DEBUG] [mixin/]: Mixing MechanismAssemblyOriginInvariantMixin from antikytheramechanism.mixins.json into dev.antikytheramechanism.assembly.MechanismAssemblyManager
[10:15:47] [main/DEBUG] [mixin/]: Mixing MechanismAssemblyManagerDeferredRemovalMixin from antikytheramechanism.mixins.json into dev.antikytheramechanism.assembly.MechanismAssemblyManager
[10:15:47] [main/DEBUG] [mixin/]: antikytheramechanism.mixins.json:MechanismAssemblyOriginInvariantMixin from mod antikytheramechanism->@Inject::antikytheramechanism$repairRetainedOrigin(Lnet/minecraft/server/level/ServerLevel;Ldev/antikytheramechanism/assembly/MechanismAssembly;Lorg/spongepowered/asm/mixin/injection/callback/CallbackInfo;)V doesn't use it's CallbackInfo
[10:15:47] [main/DEBUG] [mixin/]: antikytheramechanism.mixins.json:MechanismAssemblyOriginInvariantMixin from mod antikytheramechanism->@Inject::antikytheramechanism$repairRetainedOrigin(Lnet/minecraft/server/level/ServerLevel;Ldev/antikytheramechanism/assembly/MechanismAssembly;Lorg/spongepowered/asm/mixin/injection/callback/CallbackInfo;)V doesn't use it's CallbackInfo
[10:15:47] [main/DEBUG] [mixin/]: antikytheramechanism.mixins.json:MechanismAssemblyOriginInvariantMixin from mod antikytheramechanism->@Inject::antikytheramechanism$repairRetainedOrigin(Lnet/minecraft/server/level/ServerLevel;Ldev/antikytheramechanism/assembly/MechanismAssembly;Lorg/spongepowered/asm/mixin/injection/callback/CallbackInfo;)V doesn't use it's CallbackInfo
[10:15:47] [main/DEBUG] [mixin/]: antikytheramechanism.mixins.json:MechanismAssemblyOriginInvariantMixin from mod antikytheramechanism->@Inject::antikytheramechanism$repairRetainedOrigin(Lnet/minecraft/server/level/ServerLevel;Ldev/antikytheramechanism/assembly/MechanismAssembly;Lorg/spongepowered/asm/mixin/injection/callback/CallbackInfo;)V doesn't use it's CallbackInfo
[10:15:47] [main/DEBUG] [mixin/]: antikytheramechanism.mixins.json:MechanismAssemblyManagerDeferredRemovalMixin from mod antikytheramechanism->@Inject::antikytheramechanism$processDeferredFrameRemovals(Lnet/minecraft/server/level/ServerLevel;Lorg/spongepowered/asm/mixin/injection/callback/CallbackInfo;)V doesn't use it's CallbackInfo
[10:15:47] [main/DEBUG] [mixin/]: Mixing game_test.StructureUtilsMixin from sable.mixins.json into net.minecraft.gametest.framework.StructureUtils
[10:15:47] [main/DEBUG] [mixin/]: sable.mixins.json:game_test.StructureUtilsMixin from mod sable->@Inject::clearSpaceForStructure(Lnet/minecraft/world/level/levelgen/structure/BoundingBox;Lnet/minecraft/server/level/ServerLevel;Lorg/spongepowered/asm/mixin/injection/callback/CallbackInfo;)V doesn't use it's CallbackInfo
[10:15:47] [main/DEBUG] [mixin/]: Mixing player_freezing.PlayerListMixin from sable.mixins.json into net.minecraft.server.players.PlayerList
[10:15:47] [main/DEBUG] [mixin/]: Mixing plot.PlayerListMixin from sable.mixins.json into net.minecraft.server.players.PlayerList
[10:15:47] [main/DEBUG] [mixin/]: Mixing udp.PlayerListMixin from sable.mixins.json into net.minecraft.server.players.PlayerList
[10:15:47] [main/DEBUG] [mixin/]: sable.mixins.json:player_freezing.PlayerListMixin from mod sable->@Inject::sable$player(Lnet/minecraft/network/Connection;Lnet/minecraft/server/level/ServerPlayer;Lnet/minecraft/server/network/CommonListenerCookie;Lorg/spongepowered/asm/mixin/injection/callback/CallbackInfo;)V doesn't use it's CallbackInfo
[10:15:47] [main/DEBUG] [mixin/]: sable.mixins.json:player_freezing.PlayerListMixin from mod sable->@Inject::sable$player(Lnet/minecraft/network/Connection;Lnet/minecraft/server/level/ServerPlayer;Lnet/minecraft/server/network/CommonListenerCookie;Lorg/spongepowered/asm/mixin/injection/callback/CallbackInfo;)V has 0 override(s) in child classes
[10:15:47] [main/DEBUG] [mixin/]: sable.mixins.json:player_freezing.PlayerListMixin from mod sable->@Inject::sable$player(Lnet/minecraft/network/Connection;Lnet/minecraft/server/level/ServerPlayer;Lnet/minecraft/server/network/CommonListenerCookie;Lorg/spongepowered/asm/mixin/injection/callback/CallbackInfo;)V won't be passed a CallbackInfo as a result
[10:15:47] [main/DEBUG] [mixin/]: sable.mixins.json:player_freezing.PlayerListMixin from mod sable->@Inject::sable$respawn(Lnet/minecraft/server/level/ServerPlayer;ZLnet/minecraft/world/entity/Entity$RemovalReason;Lorg/spongepowered/asm/mixin/injection/callback/CallbackInfoReturnable;)V does use it's CallbackInfoReturnable
[10:15:47] [main/DEBUG] [mixin/]: sable.mixins.json:udp.PlayerListMixin from mod sable->@Inject::onPlayerJoin(Lnet/minecraft/network/Connection;Lnet/minecraft/server/level/ServerPlayer;Lnet/minecraft/server/network/CommonListenerCookie;Lorg/spongepowered/asm/mixin/injection/callback/CallbackInfo;)V doesn't use it's CallbackInfo
[10:15:47] [main/DEBUG] [mixin/]: sable.mixins.json:udp.PlayerListMixin from mod sable->@Inject::onPlayerJoin(Lnet/minecraft/network/Connection;Lnet/minecraft/server/level/ServerPlayer;Lnet/minecraft/server/network/CommonListenerCookie;Lorg/spongepowered/asm/mixin/injection/callback/CallbackInfo;)V has 0 override(s) in child classes
[10:15:47] [main/DEBUG] [mixin/]: sable.mixins.json:udp.PlayerListMixin from mod sable->@Inject::onPlayerJoin(Lnet/minecraft/network/Connection;Lnet/minecraft/server/level/ServerPlayer;Lnet/minecraft/server/network/CommonListenerCookie;Lorg/spongepowered/asm/mixin/injection/callback/CallbackInfo;)V won't be passed a CallbackInfo as a result
[10:15:47] [main/DEBUG] [mixin/]: Mixing resources.PathPackResourcesMixin from veil.neoforge.mixins.json into net.minecraft.server.packs.PathPackResources
[10:15:48] [Worker-Main-1/DEBUG] [mixin/]: Mixing SableInfoMassScaleMixin from sablescale.mixins.json into dev.ryanhcode.sable.command.SableCommand
[10:15:48] [Worker-Main-1/DEBUG] [mixin/]: Mixing SimpleReloadInstanceMixin from veil.debug.mixins.json into net.minecraft.server.packs.resources.SimpleReloadInstance
[10:15:48] [main/INFO] [minecraft/RecipeManager]: Loaded 1292 recipes
[10:15:49] [main/INFO] [minecraft/AdvancementTree]: Loaded 1400 advancements
[10:15:49] [main/DEBUG] [mixin/]: Mixing udp.ServerConnectionListenerMixin from sable.mixins.json into net.minecraft.server.network.ServerConnectionListener
[10:15:49] [main/DEBUG] [mixin/]: sable.mixins.json:udp.ServerConnectionListenerMixin from mod sable->@Inject::sable$startTcpServerListener(Ljava/net/InetAddress;ILorg/spongepowered/asm/mixin/injection/callback/CallbackInfo;)V doesn't use it's CallbackInfo
[10:15:49] [main/DEBUG] [mixin/]: sable.mixins.json:udp.ServerConnectionListenerMixin from mod sable->@Inject::sable$startTcpServerListener(Ljava/net/InetAddress;ILorg/spongepowered/asm/mixin/injection/callback/CallbackInfo;)V has 0 override(s) in child classes
[10:15:49] [main/DEBUG] [mixin/]: sable.mixins.json:udp.ServerConnectionListenerMixin from mod sable->@Inject::sable$startTcpServerListener(Ljava/net/InetAddress;ILorg/spongepowered/asm/mixin/injection/callback/CallbackInfo;)V won't be passed a CallbackInfo as a result
[10:15:49] [main/DEBUG] [mixin/]: sable.mixins.json:udp.ServerConnectionListenerMixin from mod sable->@Inject::sable$startMemoryChannel(Lorg/spongepowered/asm/mixin/injection/callback/CallbackInfoReturnable;)V doesn't use it's CallbackInfoReturnable
[10:15:49] [main/DEBUG] [mixin/]: sable.mixins.json:udp.ServerConnectionListenerMixin from mod sable->@Inject::sable$startMemoryChannel(Lorg/spongepowered/asm/mixin/injection/callback/CallbackInfoReturnable;)V has 0 override(s) in child classes
[10:15:49] [main/DEBUG] [mixin/]: sable.mixins.json:udp.ServerConnectionListenerMixin from mod sable->@Inject::sable$startMemoryChannel(Lorg/spongepowered/asm/mixin/injection/callback/CallbackInfoReturnable;)V won't be passed a CallbackInfoReturnable as a result
[10:15:49] [main/DEBUG] [mixin/]: sable.mixins.json:udp.ServerConnectionListenerMixin from mod sable->@Inject::sable$stop(Lorg/spongepowered/asm/mixin/injection/callback/CallbackInfo;)V doesn't use it's CallbackInfo
[10:15:49] [main/DEBUG] [mixin/]: sable.mixins.json:udp.ServerConnectionListenerMixin from mod sable->@Inject::sable$stop(Lorg/spongepowered/asm/mixin/injection/callback/CallbackInfo;)V has 0 override(s) in child classes
[10:15:49] [main/DEBUG] [mixin/]: sable.mixins.json:udp.ServerConnectionListenerMixin from mod sable->@Inject::sable$stop(Lorg/spongepowered/asm/mixin/injection/callback/CallbackInfo;)V won't be passed a CallbackInfo as a result
[10:15:49] [Server thread/DEBUG] [ne.ne.fm.co.ConfigTracker/CONFIG]: Loading configs type SERVER
[10:15:49] [Server thread/DEBUG] [ne.ne.ne.co.NeoForgeConfig/FORGEMOD]: Loaded NeoForge config file neoforge-server.toml
[10:15:49] [Server thread/DEBUG] [ne.ne.fm.co.ConfigTracker/CONFIG]: Loaded TOML config file /home/runner/work/AntikytheraMechanism/AntikytheraMechanism/run/config/neoforge-server.toml
[10:15:49] [Server thread/DEBUG] [ne.ne.fm.co.ConfigTracker/CONFIG]: Watching TOML config file /home/runner/work/AntikytheraMechanism/AntikytheraMechanism/run/config/neoforge-server.toml for changes
[10:15:49] [Server thread/WARN] [de.an.AntikytheraMechanism/]: [FREEZE-WATCHDOG] Armed 3min bootstrap window after server/world bootstrap on thread Server thread (stall threshold=20000ms, generation=1)
[10:15:49] [Server thread/INFO] [de.ry.sa.Sable/]: Creating physics pipeline for ResourceKey[minecraft:dimension / minecraft:overworld] using RapierPhysicsPipelineProvider
[10:15:49] [Server thread/DEBUG] [mixin/]: Mixing RapierPhysicsPipelineMixin from sablescale.mixins.json into dev.ryanhcode.sable.physics.impl.rapier.RapierPhysicsPipeline
[10:15:49] [Server thread/DEBUG] [mixin/]: Mixing RapierActuatorForceScaleMixin from sablescale.mixins.json into dev.ryanhcode.sable.physics.impl.rapier.RapierPhysicsPipeline
[10:15:49] [Server thread/DEBUG] [mixin/]: Mixing RapierConstraintScaleMixin from sablescale.mixins.json into dev.ryanhcode.sable.physics.impl.rapier.RapierPhysicsPipeline
[10:15:49] [Server thread/DEBUG] [mixin/]: sablescale.mixins.json:RapierPhysicsPipelineMixin from mod sablescale->@Inject::sablescale$register(Lnet/minecraft/server/level/ServerLevel;Lorg/spongepowered/asm/mixin/injection/callback/CallbackInfo;)V doesn't use it's CallbackInfo
[10:15:49] [Server thread/DEBUG] [mixin/]: sablescale.mixins.json:RapierPhysicsPipelineMixin from mod sablescale->@Inject::sablescale$register(Lnet/minecraft/server/level/ServerLevel;Lorg/spongepowered/asm/mixin/injection/callback/CallbackInfo;)V has 0 override(s) in child classes
[10:15:49] [Server thread/DEBUG] [mixin/]: sablescale.mixins.json:RapierPhysicsPipelineMixin from mod sablescale->@Inject::sablescale$register(Lnet/minecraft/server/level/ServerLevel;Lorg/spongepowered/asm/mixin/injection/callback/CallbackInfo;)V won't be passed a CallbackInfo as a result
[10:15:49] [Server thread/DEBUG] [mixin/]: sablescale.mixins.json:RapierPhysicsPipelineMixin from mod sablescale->@Inject::sablescale$correctWaterDrag(Lorg/spongepowered/asm/mixin/injection/callback/CallbackInfo;)V doesn't use it's CallbackInfo
[10:15:49] [Server thread/DEBUG] [mixin/]: sablescale.mixins.json:RapierPhysicsPipelineMixin from mod sablescale->@Inject::sablescale$correctWaterDrag(Lorg/spongepowered/asm/mixin/injection/callback/CallbackInfo;)V has 0 override(s) in child classes
[10:15:49] [Server thread/DEBUG] [mixin/]: sablescale.mixins.json:RapierPhysicsPipelineMixin from mod sablescale->@Inject::sablescale$correctWaterDrag(Lorg/spongepowered/asm/mixin/injection/callback/CallbackInfo;)V won't be passed a CallbackInfo as a result
[10:15:49] [Server thread/DEBUG] [mixin/]: sablescale.mixins.json:RapierPhysicsPipelineMixin from mod sablescale->@Inject::sablescale$speedCeiling(DLorg/spongepowered/asm/mixin/injection/callback/CallbackInfo;)V doesn't use it's CallbackInfo
[10:15:49] [Server thread/DEBUG] [mixin/]: sablescale.mixins.json:RapierPhysicsPipelineMixin from mod sablescale->@Inject::sablescale$speedCeiling(DLorg/spongepowered/asm/mixin/injection/callback/CallbackInfo;)V has 0 override(s) in child classes
[10:15:49] [Server thread/DEBUG] [mixin/]: sablescale.mixins.json:RapierPhysicsPipelineMixin from mod sablescale->@Inject::sablescale$speedCeiling(DLorg/spongepowered/asm/mixin/injection/callback/CallbackInfo;)V won't be passed a CallbackInfo as a result
[10:15:49] [Server thread/DEBUG] [mixin/]: sablescale.mixins.json:RapierPhysicsPipelineMixin from mod sablescale->@Inject::sablescale$interceptSectionAdd(Lnet/minecraft/world/level/chunk/LevelChunkSection;IIIZLorg/spongepowered/asm/mixin/injection/callback/CallbackInfo;)V does use it's CallbackInfo
[10:15:49] [Server thread/DEBUG] [mixin/]: sablescale.mixins.json:RapierPhysicsPipelineMixin from mod sablescale->@Inject::sablescale$interceptSectionRemove(IIILorg/spongepowered/asm/mixin/injection/callback/CallbackInfo;)V does use it's CallbackInfo
[10:15:49] [Server thread/DEBUG] [mixin/]: sablescale.mixins.json:RapierPhysicsPipelineMixin from mod sablescale->@Inject::sablescale$interceptBlockChange(Lnet/minecraft/core/SectionPos;Lnet/minecraft/world/level/chunk/LevelChunkSection;IIILnet/minecraft/world/level/block/state/BlockState;Lnet/minecraft/world/level/block/state/BlockState;Lorg/spongepowered/asm/mixin/injection/callback/CallbackInfo;)V does use it's CallbackInfo
[10:15:49] [Server thread/DEBUG] [mixin/]: sablescale.mixins.json:RapierPhysicsPipelineMixin from mod sablescale->@Inject::sablescale$onBodyAdded(Ldev/ryanhcode/sable/sublevel/ServerSubLevel;Ldev/ryanhcode/sable/companion/math/Pose3dc;Lorg/spongepowered/asm/mixin/injection/callback/CallbackInfo;)V doesn't use it's CallbackInfo
[10:15:49] [Server thread/DEBUG] [mixin/]: sablescale.mixins.json:RapierPhysicsPipelineMixin from mod sablescale->@Inject::sablescale$onBodyAdded(Ldev/ryanhcode/sable/sublevel/ServerSubLevel;Ldev/ryanhcode/sable/companion/math/Pose3dc;Lorg/spongepowered/asm/mixin/injection/callback/CallbackInfo;)V has 0 override(s) in child classes
[10:15:49] [Server thread/DEBUG] [mixin/]: sablescale.mixins.json:RapierPhysicsPipelineMixin from mod sablescale->@Inject::sablescale$onBodyAdded(Ldev/ryanhcode/sable/sublevel/ServerSubLevel;Ldev/ryanhcode/sable/companion/math/Pose3dc;Lorg/spongepowered/asm/mixin/injection/callback/CallbackInfo;)V won't be passed a CallbackInfo as a result
[10:15:49] [Server thread/DEBUG] [mixin/]: sablescale.mixins.json:RapierPhysicsPipelineMixin from mod sablescale->@Inject::sablescale$onBodyRemoved(Ldev/ryanhcode/sable/sublevel/ServerSubLevel;Lorg/spongepowered/asm/mixin/injection/callback/CallbackInfo;)V doesn't use it's CallbackInfo
[10:15:49] [Server thread/DEBUG] [mixin/]: sablescale.mixins.json:RapierPhysicsPipelineMixin from mod sablescale->@Inject::sablescale$onBodyRemoved(Ldev/ryanhcode/sable/sublevel/ServerSubLevel;Lorg/spongepowered/asm/mixin/injection/callback/CallbackInfo;)V has 0 override(s) in child classes
[10:15:49] [Server thread/DEBUG] [mixin/]: sablescale.mixins.json:RapierPhysicsPipelineMixin from mod sablescale->@Inject::sablescale$onBodyRemoved(Ldev/ryanhcode/sable/sublevel/ServerSubLevel;Lorg/spongepowered/asm/mixin/injection/callback/CallbackInfo;)V won't be passed a CallbackInfo as a result
[10:15:49] [Server thread/DEBUG] [mixin/]: Mixing ScaledCollidersManagedEmptyBoundsMixin from antikytheramechanism.mixins.json into dev.sablescale.scale.ScaledColliders
[10:15:49] [Server thread/DEBUG] [mixin/]: antikytheramechanism.mixins.json:ScaledCollidersManagedEmptyBoundsMixin from mod antikytheramechanism->@Inject::antikytheramechanism$finiteManagedEmptyBounds(Ldev/ryanhcode/sable/sublevel/ServerSubLevel;Lorg/spongepowered/asm/mixin/injection/callback/CallbackInfoReturnable;)V does use it's CallbackInfoReturnable
[10:15:49] [Server thread/DEBUG] [mixin/]: Mixing Rapier3DAccessor from sablescale.mixins.json into dev.ryanhcode.sable.physics.impl.rapier.Rapier3D
[10:15:49] [Server thread/DEBUG] [mixin/]: Renaming @Invoker method sablescale$addChunk(JIII[IZI)V to addChunk$sablescale_$md$b0c6f7$0 in sablescale.mixins.json:Rapier3DAccessor from mod sablescale
[10:15:49] [Server thread/DEBUG] [mixin/]: Renaming @Invoker method sablescale$removeChunk(JIIIZ)V to removeChunk$sablescale_$md$b0c6f7$1 in sablescale.mixins.json:Rapier3DAccessor from mod sablescale
[10:15:49] [Server thread/DEBUG] [mixin/]: Renaming @Invoker method sablescale$setLocalBounds(JIIIIIII)V to setLocalBounds$sablescale_$md$b0c6f7$2 in sablescale.mixins.json:Rapier3DAccessor from mod sablescale
[10:15:49] [Server thread/DEBUG] [mixin/]: Renaming @Invoker method sablescale$setMassProperties(JID[D[D)V to setMassProperties$sablescale_$md$b0c6f7$3 in sablescale.mixins.json:Rapier3DAccessor from mod sablescale
[10:15:49] [Server thread/DEBUG] [mixin/]: Renaming @Invoker method sablescale$setMassPropertiesFrom(JILdev/ryanhcode/sable/api/physics/mass/MassData;)V to setMassPropertiesFrom$sablescale_$md$b0c6f7$4 in sablescale.mixins.json:Rapier3DAccessor from mod sablescale
[10:15:49] [Server thread/DEBUG] [mixin/]: Renaming @Invoker method sablescale$applyForceAndTorque(JIDDDDDDZ)V to applyForceAndTorque$sablescale_$md$b0c6f7$5 in sablescale.mixins.json:Rapier3DAccessor from mod sablescale
[10:15:49] [Server thread/DEBUG] [mixin/]: Renaming @Invoker method sablescale$applyForce(JIDDDDDDZ)V to applyForce$sablescale_$md$b0c6f7$6 in sablescale.mixins.json:Rapier3DAccessor from mod sablescale
[10:15:49] [Server thread/DEBUG] [mixin/]: Renaming @Invoker method sablescale$setConstraintFrame(JJIDDDDDDD)V to setConstraintFrame$sablescale_$md$b0c6f7$7 in sablescale.mixins.json:Rapier3DAccessor from mod sablescale
[10:15:49] [Server thread/DEBUG] [mixin/]: Renaming @Invoker method sablescale$isConstraintValid(JJ)Z to isConstraintValid$sablescale_$md$b0c6f7$8 in sablescale.mixins.json:Rapier3DAccessor from mod sablescale
[10:15:49] [Server thread/DEBUG] [mixin/]: Renaming @Invoker method sablescale$addLinearAngularVelocities(JIDDDDDDZ)V to addLinearAngularVelocities$sablescale_$md$b0c6f7$9 in sablescale.mixins.json:Rapier3DAccessor from mod sablescale
[10:15:49] [Server thread/DEBUG] [mixin/]: Mixing Rapier3DInvoker from antikytheramechanism.mixins.json into dev.ryanhcode.sable.physics.impl.rapier.Rapier3D
[10:15:49] [Server thread/DEBUG] [mixin/]: Renaming @Invoker method antikytheramechanism$getSceneHandle(Lnet/minecraft/server/level/ServerLevel;)J to getSceneHandle$antikytheramechanism_$md$b0c6f7$a in antikytheramechanism.mixins.json:Rapier3DInvoker from mod antikytheramechanism
[10:15:49] [Server thread/DEBUG] [mixin/]: Renaming @Invoker method antikytheramechanism$newVoxelCollider(DDDZLdev/ryanhcode/sable/api/physics/callback/BlockSubLevelCollisionCallback;)I to newVoxelCollider$antikytheramechanism_$md$b0c6f7$b in antikytheramechanism.mixins.json:Rapier3DInvoker from mod antikytheramechanism
[10:15:49] [Server thread/DEBUG] [mixin/]: Renaming @Invoker method antikytheramechanism$addVoxelColliderBox(I[D)V to addVoxelColliderBox$antikytheramechanism_$md$b0c6f7$c in antikytheramechanism.mixins.json:Rapier3DInvoker from mod antikytheramechanism
[10:15:49] [Server thread/DEBUG] [mixin/]: Renaming @Invoker method antikytheramechanism$createKinematicContraption(JII[D)V to createKinematicContraption$antikytheramechanism_$md$b0c6f7$d in antikytheramechanism.mixins.json:Rapier3DInvoker from mod antikytheramechanism
[10:15:49] [Server thread/DEBUG] [mixin/]: Renaming @Invoker method antikytheramechanism$removeKinematicContraption(JI)V to removeKinematicContraption$antikytheramechanism_$md$b0c6f7$e in antikytheramechanism.mixins.json:Rapier3DInvoker from mod antikytheramechanism
[10:15:49] [Server thread/DEBUG] [mixin/]: Renaming @Invoker method antikytheramechanism$setKinematicContraptionTransform(JI[D[D[D)V to setKinematicContraptionTransform$antikytheramechanism_$md$b0c6f7$f in antikytheramechanism.mixins.json:Rapier3DInvoker from mod antikytheramechanism
[10:15:49] [Server thread/DEBUG] [mixin/]: Renaming @Invoker method antikytheramechanism$addKinematicContraptionChunkSection(JIIII[I)V to addKinematicContraptionChunkSection$antikytheramechanism_$md$b0c6f7$10 in antikytheramechanism.mixins.json:Rapier3DInvoker from mod antikytheramechanism
[10:15:49] [Server thread/DEBUG] [mixin/]: Renaming @Invoker method antikytheramechanism$setLocalBounds(JIIIIIII)V to setLocalBounds$antikytheramechanism_$md$b0c6f7$11 in antikytheramechanism.mixins.json:Rapier3DInvoker from mod antikytheramechanism
[2026-08-18T10:15:49.773939675Z] [[32mINFO[0m] (sable_rapier) Rapier scene initialized
[10:15:49] [Server thread/ERROR] [de.ry.sa.Sable/]: Failed to apply tag physics properties. Unknown block: create:flywheel
[10:15:49] [Server thread/DEBUG] [mixin/]: Mixing LevelTicksAccessor from antikytheramechanism.mixins.json into net.minecraft.world.ticks.LevelTicks
[10:15:49] [Server thread/DEBUG] [mixin/]: Mixing plot.serialization.LevelChunkTicksMixin from sable.mixins.json into net.minecraft.world.ticks.LevelChunkTicks
[10:15:49] [Server thread/DEBUG] [mixin/]: Mixing entity.entity_unloading.PersistentEntitySectionManagerMixin from sable.mixins.json into net.minecraft.world.level.entity.PersistentEntitySectionManager
[10:15:49] [Server thread/DEBUG] [mixin/]: sable.mixins.json:entity.entity_unloading.PersistentEntitySectionManagerMixin from mod sable->@Inject::processChunkUnload(JLorg/spongepowered/asm/mixin/injection/callback/CallbackInfoReturnable;)V doesn't use it's CallbackInfoReturnable
[10:15:49] [Server thread/DEBUG] [mixin/]: sable.mixins.json:entity.entity_unloading.PersistentEntitySectionManagerMixin from mod sable->@Inject::processChunkUnload(JLorg/spongepowered/asm/mixin/injection/callback/CallbackInfoReturnable;)V has 0 override(s) in child classes
[10:15:49] [Server thread/DEBUG] [mixin/]: sable.mixins.json:entity.entity_unloading.PersistentEntitySectionManagerMixin from mod sable->@Inject::processChunkUnload(JLorg/spongepowered/asm/mixin/injection/callback/CallbackInfoReturnable;)V won't be passed a CallbackInfoReturnable as a result
[10:15:49] [Server thread/DEBUG] [mixin/]: Mixing entity.server_entities_tick.ChunkMapMixin from sable.mixins.json into net.minecraft.server.level.ChunkMap
[10:15:49] [Server thread/DEBUG] [mixin/]: Mixing plot.ChunkMapMixin from sable.mixins.json into net.minecraft.server.level.ChunkMap
[10:15:49] [Server thread/DEBUG] [mixin/]: Renaming synthetic method lambda$sable$hasWork$0(Lnet/minecraft/server/level/ChunkHolder;)Z to mdb0c6f7$sable$lambda$sable$hasWork$0$0 in sable.mixins.json:plot.ChunkMapMixin from mod sable
[10:15:49] [Server thread/DEBUG] [mixin/]: Mixing plot.serialization.ChunkMapMixin from sable.mixins.json into net.minecraft.server.level.ChunkMap
[10:15:49] [Server thread/DEBUG] [mixin/]: sable.mixins.json:plot.ChunkMapMixin from mod sable->@Inject::sable$getPlayers(Lnet/minecraft/world/level/ChunkPos;ZLorg/spongepowered/asm/mixin/injection/callback/CallbackInfoReturnable;)V does use it's CallbackInfoReturnable
[10:15:49] [Server thread/DEBUG] [mixin/]: sable.mixins.json:plot.ChunkMapMixin from mod sable->@Inject::sable$saveChunkIfNeeded(Lnet/minecraft/server/level/ChunkHolder;Lorg/spongepowered/asm/mixin/injection/callback/CallbackInfoReturnable;)V does use it's CallbackInfoReturnable
[10:15:49] [Server thread/DEBUG] [mixin/]: sable.mixins.json:plot.ChunkMapMixin from mod sable->@Inject::sable$isChunkTracked(Lnet/minecraft/server/level/ServerPlayer;IILorg/spongepowered/asm/mixin/injection/callback/CallbackInfoReturnable;)V does use it's CallbackInfoReturnable
[10:15:49] [Server thread/DEBUG] [mixin/]: sable.mixins.json:plot.ChunkMapMixin from mod sable->@Inject::sable$anyPlayerCloseEnoughForSpawning(Lnet/minecraft/world/level/ChunkPos;Lorg/spongepowered/asm/mixin/injection/callback/CallbackInfoReturnable;)V does use it's CallbackInfoReturnable
[10:15:49] [Server thread/DEBUG] [mixin/]: sable.mixins.json:plot.serialization.ChunkMapMixin from mod sable->@Inject::sable$init(Lnet/minecraft/server/level/ServerLevel;Lnet/minecraft/world/level/storage/LevelStorageSource$LevelStorageAccess;Lcom/mojang/datafixers/DataFixer;Lnet/minecraft/world/level/levelgen/structure/templatesystem/StructureTemplateManager;Ljava/util/concurrent/Executor;Lnet/minecraft/util/thread/BlockableEventLoop;Lnet/minecraft/world/level/chunk/LightChunkGetter;Lnet/minecraft/world/level/chunk/ChunkGenerator;Lnet/minecraft/server/level/progress/ChunkProgressListener;Lnet/minecraft/world/level/entity/ChunkStatusUpdateListener;Ljava/util/function/Supplier;IZLorg/spongepowered/asm/mixin/injection/callback/CallbackInfo;)V doesn't use it's CallbackInfo
[10:15:49] [Server thread/DEBUG] [mixin/]: sable.mixins.json:plot.serialization.ChunkMapMixin from mod sable->@Inject::sable$init(Lnet/minecraft/server/level/ServerLevel;Lnet/minecraft/world/level/storage/LevelStorageSource$LevelStorageAccess;Lcom/mojang/datafixers/DataFixer;Lnet/minecraft/world/level/levelgen/structure/templatesystem/StructureTemplateManager;Ljava/util/concurrent/Executor;Lnet/minecraft/util/thread/BlockableEventLoop;Lnet/minecraft/world/level/chunk/LightChunkGetter;Lnet/minecraft/world/level/chunk/ChunkGenerator;Lnet/minecraft/server/level/progress/ChunkProgressListener;Lnet/minecraft/world/level/entity/ChunkStatusUpdateListener;Ljava/util/function/Supplier;IZLorg/spongepowered/asm/mixin/injection/callback/CallbackInfo;)V has 0 override(s) in child classes
[10:15:49] [Server thread/DEBUG] [mixin/]: sable.mixins.json:plot.serialization.ChunkMapMixin from mod sable->@Inject::sable$init(Lnet/minecraft/server/level/ServerLevel;Lnet/minecraft/world/level/storage/LevelStorageSource$LevelStorageAccess;Lcom/mojang/datafixers/DataFixer;Lnet/minecraft/world/level/levelgen/structure/templatesystem/StructureTemplateManager;Ljava/util/concurrent/Executor;Lnet/minecraft/util/thread/BlockableEventLoop;Lnet/minecraft/world/level/chunk/LightChunkGetter;Lnet/minecraft/world/level/chunk/ChunkGenerator;Lnet/minecraft/server/level/progress/ChunkProgressListener;Lnet/minecraft/world/level/entity/ChunkStatusUpdateListener;Ljava/util/function/Supplier;IZLorg/spongepowered/asm/mixin/injection/callback/CallbackInfo;)V won't be passed a CallbackInfo as a result
[10:15:49] [Server thread/DEBUG] [mixin/]: sable.mixins.json:plot.serialization.ChunkMapMixin from mod sable->@Inject::sable$onStatusChange(Lnet/minecraft/world/level/ChunkPos;Lnet/minecraft/server/level/FullChunkStatus;Lorg/spongepowered/asm/mixin/injection/callback/CallbackInfo;)V doesn't use it's CallbackInfo
[10:15:49] [Server thread/DEBUG] [mixin/]: sable.mixins.json:plot.serialization.ChunkMapMixin from mod sable->@Inject::sable$onStatusChange(Lnet/minecraft/world/level/ChunkPos;Lnet/minecraft/server/level/FullChunkStatus;Lorg/spongepowered/asm/mixin/injection/callback/CallbackInfo;)V has 0 override(s) in child classes
[10:15:49] [Server thread/DEBUG] [mixin/]: sable.mixins.json:plot.serialization.ChunkMapMixin from mod sable->@Inject::sable$onStatusChange(Lnet/minecraft/world/level/ChunkPos;Lnet/minecraft/server/level/FullChunkStatus;Lorg/spongepowered/asm/mixin/injection/callback/CallbackInfo;)V won't be passed a CallbackInfo as a result
[10:15:49] [Server thread/DEBUG] [mixin/]: Mixing chunk_container_replacement.LevelChunkSectionMixin from sable.mixins.json into net.minecraft.world.level.chunk.LevelChunkSection
[10:15:49] [Server thread/DEBUG] [mixin/]: Mixing sculk_vibrations.GameEventDispatcherMixin from sable.mixins.json into net.minecraft.world.level.gameevent.GameEventDispatcher
[10:15:49] [Server thread/DEBUG] [mixin/]: Renaming synthetic method lambda$sable$visitShipListeners$0(Ldev/ryanhcode/sable/companion/math/BoundingBox3dc;Lcom/llamalad7/mixinextras/sugar/ref/LocalRef;Ldev/ryanhcode/sable/companion/math/BoundingBox3i;Lcom/llamalad7/mixinextras/injector/wrapoperation/Operation;Lnet/minecraft/core/Holder;Lnet/minecraft/world/phys/Vec3;Lnet/minecraft/world/level/gameevent/GameEvent$Context;Ldev/ryanhcode/sable/sublevel/SubLevel;)V to mdb0c6f7$sable$lambda$sable$visitShipListeners$0$0 in sable.mixins.json:sculk_vibrations.GameEventDispatcherMixin from mod sable
[10:15:49] [Server thread/DEBUG] [mixin/]: sable.mixins.json:sculk_vibrations.GameEventDispatcherMixin from mod sable->@Inject::sable$useBBIntersection(Lnet/minecraft/core/Holder;Lnet/minecraft/world/phys/Vec3;Lnet/minecraft/world/level/gameevent/GameEvent$Context;Lorg/spongepowered/asm/mixin/injection/callback/CallbackInfo;)V doesn't use it's CallbackInfo
[10:15:49] [Server thread/DEBUG] [mixin/]: sable.mixins.json:sculk_vibrations.GameEventDispatcherMixin from mod sable->@Inject::sable$useBBIntersection(Lnet/minecraft/core/Holder;Lnet/minecraft/world/phys/Vec3;Lnet/minecraft/world/level/gameevent/GameEvent$Context;Lorg/spongepowered/asm/mixin/injection/callback/CallbackInfo;)V has 0 override(s) in child classes
[10:15:49] [Server thread/DEBUG] [mixin/]: sable.mixins.json:sculk_vibrations.GameEventDispatcherMixin from mod sable->@Inject::sable$useBBIntersection(Lnet/minecraft/core/Holder;Lnet/minecraft/world/phys/Vec3;Lnet/minecraft/world/level/gameevent/GameEvent$Context;Lorg/spongepowered/asm/mixin/injection/callback/CallbackInfo;)V won't be passed a CallbackInfo as a result
[10:15:50] [Server thread/INFO] [de.ry.sa.Sable/]: Creating physics pipeline for ResourceKey[minecraft:dimension / minecraft:the_nether] using RapierPhysicsPipelineProvider
[2026-08-18T10:15:50.453332529Z] [[32mINFO[0m] (sable_rapier) Rapier scene initialized
[10:15:50] [Server thread/ERROR] [de.ry.sa.Sable/]: Failed to apply tag physics properties. Unknown block: create:flywheel
[10:15:50] [Server thread/INFO] [de.ry.sa.Sable/]: Creating physics pipeline for ResourceKey[minecraft:dimension / minecraft:the_end] using RapierPhysicsPipelineProvider
[2026-08-18T10:15:50.467608325Z] [[32mINFO[0m] (sable_rapier) Rapier scene initialized
[10:15:50] [Server thread/ERROR] [de.ry.sa.Sable/]: Failed to apply tag physics properties. Unknown block: create:flywheel
[10:15:50] [Server thread/INFO] [minecraft/MinecraftServer]: Preparing start region for dimension minecraft:overworld
[10:15:50] [worldgen/INFO] [minecraft/LoggerChunkProgressListener]: Preparing spawn area: 2%
[10:15:50] [Server thread/INFO] [minecraft/LoggerChunkProgressListener]: Time elapsed: 306 ms
[10:15:50] [Server thread/DEBUG] [mixin/]: Mixing game_test.GameTestInfoMixin from sable.mixins.json into net.minecraft.gametest.framework.GameTestInfo
[10:15:50] [Server thread/DEBUG] [mixin/]: sable.mixins.json:game_test.GameTestInfoMixin from mod sable->@Inject::removeSublevels(Lorg/spongepowered/asm/mixin/injection/callback/CallbackInfo;)V doesn't use it's CallbackInfo
[10:15:50] [Server thread/DEBUG] [mixin/]: sable.mixins.json:game_test.GameTestInfoMixin from mod sable->@Inject::removeSublevels(Lorg/spongepowered/asm/mixin/injection/callback/CallbackInfo;)V has 0 override(s) in child classes
[10:15:50] [Server thread/DEBUG] [mixin/]: sable.mixins.json:game_test.GameTestInfoMixin from mod sable->@Inject::removeSublevels(Lorg/spongepowered/asm/mixin/injection/callback/CallbackInfo;)V won't be passed a CallbackInfo as a result
[10:15:50] [Server thread/INFO] [minecraft/GameTestServer]: Started game test server
[10:15:50] [Server thread/DEBUG] [ne.ne.ne.se.LanguageHook/]: Loaded 8 language files for en_us
[10:15:50] [Server thread/INFO] [ne.ne.ne.se.pe.PermissionAPI/]: Successfully initialized permission handler neoforge:default_handler
[10:15:50] [Server thread/INFO] [minecraft/GameTestServer]: 87 tests are now running at position 6590311, -59, 13817888!
[10:15:51] [Server thread/DEBUG] [mixin/]: Mixing PhysicsBlockPropertyHelperFrameMassMixin from antikytheramechanism.mixins.json into dev.ryanhcode.sable.physics.config.block_properties.PhysicsBlockPropertyHelper
[10:15:51] [Server thread/DEBUG] [mixin/]: antikytheramechanism.mixins.json:PhysicsBlockPropertyHelperFrameMassMixin from mod antikytheramechanism->@Inject::antikytheramechanism$useManagedFrameMass(Lnet/minecraft/world/level/BlockGetter;Lnet/minecraft/core/BlockPos;Lnet/minecraft/world/level/block/state/BlockState;Lorg/spongepowered/asm/mixin/injection/callback/CallbackInfoReturnable;)V does use it's CallbackInfoReturnable
[10:15:53] [Server thread/INFO] [minecraft/GameTestRunner]: Running test batch 'defaultBatch:0' (50 tests)...
[10:15:53] [Server thread/WARN] [minecraft/MinecraftServer]: Can't keep up! Is the server overloaded? Running 2597ms or 51 ticks behind
[10:15:53] [Server thread/INFO] [minecraft/GameTestServer]: [                                                                                       ]
[10:15:53] [Server thread/ERROR] [de.an.AntikytheraMechanism/]: [HOST-WRITE-DIAG] HEAD pos=BlockPos{x=6590313, y=-57, z=13817890} before=Block{minecraft:air} requested=Block{antikytheramechanism:mechanism_frame}[connected_down=false,connected_east=false,connected_north=false,connected_south=false,connected_up=false,connected_west=false,empty=true,facing=north] moving=false destinationTransition=false allowed=true receiver=1375732828 resolved=1375732828 sameChunk=true containing=ROOT
[10:15:53] [Server thread/WARN] [de.an.AntikytheraMechanism/]: [FREEZE-WATCHDOG] Armed 30s after Mechanism Frame placement at BlockPos{x=6590313, y=-57, z=13817890} in minecraft:overworld on thread Server thread (stall threshold=2000ms, generation=2)
[10:15:53] [Server thread/ERROR] [de.an.AntikytheraMechanism/]: [HOST-WRITE-DIAG] RETURN pos=BlockPos{x=6590313, y=-57, z=13817890} previousReturn=Block{minecraft:air} actual=Block{antikytheramechanism:mechanism_frame}[connected_down=false,connected_east=false,connected_north=false,connected_south=false,connected_up=false,connected_west=false,empty=true,facing=north] destinationTransition=false receiver=1375732828 resolved=1375732828 sameChunk=true
[10:15:53] [Server thread/DEBUG] [mixin/]: Mixing FloatingBlockControllerAccessor from antikytheramechanism.mixins.json into dev.ryanhcode.sable.physics.floating_block.FloatingBlockController
[10:15:53] [Server thread/DEBUG] [mixin/]: Mixing FloatingBlockControllerHostedMiniMixin from antikytheramechanism.mixins.json into dev.ryanhcode.sable.physics.floating_block.FloatingBlockController
[10:15:53] [Server thread/DEBUG] [mixin/]: antikytheramechanism.mixins.json:FloatingBlockControllerHostedMiniMixin from mod antikytheramechanism->@Inject::antikytheramechanism$wakeForHostedMiniMaterials(Lorg/spongepowered/asm/mixin/injection/callback/CallbackInfoReturnable;)V does use it's CallbackInfoReturnable
[10:15:53] [Server thread/DEBUG] [mixin/]: antikytheramechanism.mixins.json:FloatingBlockControllerHostedMiniMixin from mod antikytheramechanism->@Inject::antikytheramechanism$wakeForHostedMiniMaterials(Lorg/spongepowered/asm/mixin/injection/callback/CallbackInfoReturnable;)V does use it's CallbackInfoReturnable
[10:15:53] [Server thread/DEBUG] [mixin/]: antikytheramechanism.mixins.json:FloatingBlockControllerHostedMiniMixin from mod antikytheramechanism->@Inject::antikytheramechanism$wakeForHostedMiniMaterials(Lorg/spongepowered/asm/mixin/injection/callback/CallbackInfoReturnable;)V does use it's CallbackInfoReturnable
[10:15:53] [Server thread/DEBUG] [mixin/]: antikytheramechanism.mixins.json:FloatingBlockControllerHostedMiniMixin from mod antikytheramechanism->@Inject::antikytheramechanism$appendHostedMiniMaterials(DDLorg/joml/Vector3dc;Lorg/joml/Vector3dc;Lorg/joml/Vector3d;Lorg/joml/Vector3d;Lorg/spongepowered/asm/mixin/injection/callback/CallbackInfo;)V doesn't use it's CallbackInfo
[10:15:53] [Server thread/DEBUG] [mixin/]: antikytheramechanism.mixins.json:FloatingBlockControllerHostedMiniMixin from mod antikytheramechanism->@Inject::antikytheramechanism$appendHostedMiniMaterials(DDLorg/joml/Vector3dc;Lorg/joml/Vector3dc;Lorg/joml/Vector3d;Lorg/joml/Vector3d;Lorg/spongepowered/asm/mixin/injection/callback/CallbackInfo;)V has 0 override(s) in child classes
[10:15:53] [Server thread/DEBUG] [mixin/]: antikytheramechanism.mixins.json:FloatingBlockControllerHostedMiniMixin from mod antikytheramechanism->@Inject::antikytheramechanism$appendHostedMiniMaterials(DDLorg/joml/Vector3dc;Lorg/joml/Vector3dc;Lorg/joml/Vector3d;Lorg/joml/Vector3d;Lorg/spongepowered/asm/mixin/injection/callback/CallbackInfo;)V won't be passed a CallbackInfo as a result
[10:15:53] [Server thread/DEBUG] [mixin/]: antikytheramechanism.mixins.json:FloatingBlockControllerHostedMiniMixin from mod antikytheramechanism->@Inject::antikytheramechanism$clearHostedMiniMaterialCache(DDLorg/joml/Vector3dc;Lorg/joml/Vector3dc;Lorg/joml/Vector3d;Lorg/joml/Vector3d;Lorg/spongepowered/asm/mixin/injection/callback/CallbackInfo;)V doesn't use it's CallbackInfo
[10:15:53] [Server thread/DEBUG] [mixin/]: antikytheramechanism.mixins.json:FloatingBlockControllerHostedMiniMixin from mod antikytheramechanism->@Inject::antikytheramechanism$clearHostedMiniMaterialCache(DDLorg/joml/Vector3dc;Lorg/joml/Vector3dc;Lorg/joml/Vector3d;Lorg/joml/Vector3d;Lorg/spongepowered/asm/mixin/injection/callback/CallbackInfo;)V has 0 override(s) in child classes
[10:15:53] [Server thread/DEBUG] [mixin/]: antikytheramechanism.mixins.json:FloatingBlockControllerHostedMiniMixin from mod antikytheramechanism->@Inject::antikytheramechanism$clearHostedMiniMaterialCache(DDLorg/joml/Vector3dc;Lorg/joml/Vector3dc;Lorg/joml/Vector3d;Lorg/joml/Vector3d;Lorg/spongepowered/asm/mixin/injection/callback/CallbackInfo;)V won't be passed a CallbackInfo as a result
[10:15:53] [Server thread/DEBUG] [mixin/]: antikytheramechanism.mixins.json:FloatingBlockControllerHostedMiniMixin from mod antikytheramechanism->@Inject::antikytheramechanism$clearHostedMiniMaterialCache(DDLorg/joml/Vector3dc;Lorg/joml/Vector3dc;Lorg/joml/Vector3d;Lorg/joml/Vector3d;Lorg/spongepowered/asm/mixin/injection/callback/CallbackInfo;)V doesn't use it's CallbackInfo
[10:15:53] [Server thread/DEBUG] [mixin/]: antikytheramechanism.mixins.json:FloatingBlockControllerHostedMiniMixin from mod antikytheramechanism->@Inject::antikytheramechanism$clearHostedMiniMaterialCache(DDLorg/joml/Vector3dc;Lorg/joml/Vector3dc;Lorg/joml/Vector3d;Lorg/joml/Vector3d;Lorg/spongepowered/asm/mixin/injection/callback/CallbackInfo;)V has 0 override(s) in child classes
[10:15:53] [Server thread/DEBUG] [mixin/]: antikytheramechanism.mixins.json:FloatingBlockControllerHostedMiniMixin from mod antikytheramechanism->@Inject::antikytheramechanism$clearHostedMiniMaterialCache(DDLorg/joml/Vector3dc;Lorg/joml/Vector3dc;Lorg/joml/Vector3d;Lorg/joml/Vector3d;Lorg/spongepowered/asm/mixin/injection/callback/CallbackInfo;)V won't be passed a CallbackInfo as a result
[10:15:53] [Server thread/DEBUG] [mixin/]: Mixing MergedMassTrackerMixin from sablescale.mixins.json into dev.ryanhcode.sable.api.physics.mass.MergedMassTracker
[10:15:53] [Server thread/DEBUG] [mixin/]: Mixing MergedMassTrackerHostedMiniMixin from antikytheramechanism.mixins.json into dev.ryanhcode.sable.api.physics.mass.MergedMassTracker
[10:15:53] [Server thread/DEBUG] [mixin/]: antikytheramechanism.mixins.json:MergedMassTrackerHostedMiniMixin from mod antikytheramechanism->@Inject::antikytheramechanism$mergeHostedMiniMass(FLorg/spongepowered/asm/mixin/injection/callback/CallbackInfo;)V doesn't use it's CallbackInfo
[10:15:53] [Server thread/DEBUG] [mixin/]: antikytheramechanism.mixins.json:MergedMassTrackerHostedMiniMixin from mod antikytheramechanism->@Inject::antikytheramechanism$mergeHostedMiniMass(FLorg/spongepowered/asm/mixin/injection/callback/CallbackInfo;)V has 0 override(s) in child classes
[10:15:53] [Server thread/DEBUG] [mixin/]: antikytheramechanism.mixins.json:MergedMassTrackerHostedMiniMixin from mod antikytheramechanism->@Inject::antikytheramechanism$mergeHostedMiniMass(FLorg/spongepowered/asm/mixin/injection/callback/CallbackInfo;)V won't be passed a CallbackInfo as a result
[10:15:53] [Server thread/DEBUG] [de.an.AntikytheraMechanism/]: Staged Sable SubLevel 18c1d9b2-11f5-4aff-baf6-8c28d59ee7ed for content in assembly 8f634752-a084-4b9e-bfa9-2051535cbab4
[10:15:53] [Server thread/DEBUG] [de.an.AntikytheraMechanism/]: Staged Sable SubLevel 27bfbd7a-950b-41ef-b0a5-7ce12f45a6e3 for content in assembly 42c60c50-af60-404e-b8f9-9d56aed4d25f
[10:15:53] [Server thread/WARN] [de.an.AntikytheraMechanism/]: Managed Sable SubLevel 27bfbd7a-950b-41ef-b0a5-7ce12f45a6e3 for assembly 42c60c50-af60-404e-b8f9-9d56aed4d25f was removed (REMOVED)
[10:15:53] [Server thread/WARN] [de.an.AntikytheraMechanism/]: Managed Sable SubLevel 18c1d9b2-11f5-4aff-baf6-8c28d59ee7ed for assembly 8f634752-a084-4b9e-bfa9-2051535cbab4 was removed (REMOVED)
[10:15:53] [Server thread/ERROR] [de.an.AntikytheraMechanism/]: [HOST-WRITE-DIAG] HEAD pos=BlockPos{x=6590351, y=-57, z=13817893} before=Block{minecraft:air} requested=Block{antikytheramechanism:mechanism_frame}[connected_down=false,connected_east=false,connected_north=false,connected_south=false,connected_up=false,connected_west=false,empty=true,facing=north] moving=false destinationTransition=false allowed=true receiver=1219971544 resolved=1219971544 sameChunk=true containing=ROOT
[10:15:53] [Server thread/WARN] [de.an.AntikytheraMechanism/]: [FREEZE-WATCHDOG] Armed 30s after Mechanism Frame placement at BlockPos{x=6590351, y=-57, z=13817893} in minecraft:overworld on thread Server thread (stall threshold=2000ms, generation=3)
[10:15:53] [Server thread/ERROR] [de.an.AntikytheraMechanism/]: [HOST-WRITE-DIAG] RETURN pos=BlockPos{x=6590351, y=-57, z=13817893} previousReturn=Block{minecraft:air} actual=Block{antikytheramechanism:mechanism_frame}[connected_down=false,connected_east=false,connected_north=false,connected_south=false,connected_up=false,connected_west=false,empty=true,facing=north] destinationTransition=false receiver=1219971544 resolved=1219971544 sameChunk=true
[10:15:53] [Server thread/ERROR] [de.an.AntikytheraMechanism/]: [HOST-WRITE-DIAG] HEAD pos=BlockPos{x=6590352, y=-57, z=13817893} before=Block{minecraft:air} requested=Block{antikytheramechanism:mechanism_frame}[connected_down=false,connected_east=false,connected_north=false,connected_south=false,connected_up=false,connected_west=false,empty=true,facing=north] moving=false destinationTransition=false allowed=true receiver=1390839175 resolved=1390839175 sameChunk=true containing=ROOT
[10:15:53] [Server thread/WARN] [de.an.AntikytheraMechanism/]: [FREEZE-WATCHDOG] Armed 30s after Mechanism Frame placement at BlockPos{x=6590352, y=-57, z=13817893} in minecraft:overworld on thread Server thread (stall threshold=2000ms, generation=4)
[10:15:53] [Server thread/ERROR] [de.an.AntikytheraMechanism/]: [HOST-WRITE-DIAG] RETURN pos=BlockPos{x=6590352, y=-57, z=13817893} previousReturn=Block{minecraft:air} actual=Block{antikytheramechanism:mechanism_frame}[connected_down=false,connected_east=false,connected_north=false,connected_south=false,connected_up=false,connected_west=false,empty=true,facing=north] destinationTransition=false receiver=1390839175 resolved=1390839175 sameChunk=true
[10:15:53] [Server thread/ERROR] [de.an.AntikytheraMechanism/]: [HOST-WRITE-DIAG] HEAD pos=BlockPos{x=6590351, y=-57, z=13817893} before=Block{antikytheramechanism:mechanism_frame}[connected_down=false,connected_east=false,connected_north=false,connected_south=false,connected_up=false,connected_west=false,empty=true,facing=north] requested=Block{antikytheramechanism:mechanism_frame}[connected_down=false,connected_east=true,connected_north=false,connected_south=false,connected_up=false,connected_west=false,empty=true,facing=north] moving=false destinationTransition=false allowed=true receiver=1219971544 resolved=1219971544 sameChunk=true containing=ROOT
[10:15:53] [Server thread/ERROR] [de.an.AntikytheraMechanism/]: [HOST-WRITE-DIAG] RETURN pos=BlockPos{x=6590351, y=-57, z=13817893} previousReturn=Block{antikytheramechanism:mechanism_frame}[connected_down=false,connected_east=false,connected_north=false,connected_south=false,connected_up=false,connected_west=false,empty=true,facing=north] actual=Block{antikytheramechanism:mechanism_frame}[connected_down=false,connected_east=true,connected_north=false,connected_south=false,connected_up=false,connected_west=false,empty=true,facing=north] destinationTransition=false receiver=1219971544 resolved=1219971544 sameChunk=true
[10:15:53] [Server thread/ERROR] [de.an.AntikytheraMechanism/]: [HOST-WRITE-DIAG] HEAD pos=BlockPos{x=6590352, y=-57, z=13817893} before=Block{antikytheramechanism:mechanism_frame}[connected_down=false,connected_east=false,connected_north=false,connected_south=false,connected_up=false,connected_west=false,empty=true,facing=north] requested=Block{antikytheramechanism:mechanism_frame}[connected_down=false,connected_east=false,connected_north=false,connected_south=false,connected_up=false,connected_west=true,empty=true,facing=north] moving=false destinationTransition=false allowed=true receiver=1390839175 resolved=1390839175 sameChunk=true containing=ROOT
[10:15:53] [Server thread/ERROR] [de.an.AntikytheraMechanism/]: [HOST-WRITE-DIAG] RETURN pos=BlockPos{x=6590352, y=-57, z=13817893} previousReturn=Block{antikytheramechanism:mechanism_frame}[connected_down=false,connected_east=false,connected_north=false,connected_south=false,connected_up=false,connected_west=false,empty=true,facing=north] actual=Block{antikytheramechanism:mechanism_frame}[connected_down=false,connected_east=false,connected_north=false,connected_south=false,connected_up=false,connected_west=true,empty=true,facing=north] destinationTransition=false receiver=1390839175 resolved=1390839175 sameChunk=true
[10:15:53] [Server thread/ERROR] [de.an.AntikytheraMechanism/]: [HOST-WRITE-DIAG] HEAD pos=BlockPos{x=6590353, y=-57, z=13817893} before=Block{minecraft:air} requested=Block{antikytheramechanism:mechanism_frame}[connected_down=false,connected_east=false,connected_north=false,connected_south=false,connected_up=false,connected_west=false,empty=true,facing=north] moving=false destinationTransition=false allowed=true receiver=1390839175 resolved=1390839175 sameChunk=true containing=ROOT
[10:15:53] [Server thread/WARN] [de.an.AntikytheraMechanism/]: [FREEZE-WATCHDOG] Armed 30s after Mechanism Frame placement at BlockPos{x=6590353, y=-57, z=13817893} in minecraft:overworld on thread Server thread (stall threshold=2000ms, generation=5)
[10:15:53] [Server thread/ERROR] [de.an.AntikytheraMechanism/]: [HOST-WRITE-DIAG] RETURN pos=BlockPos{x=6590353, y=-57, z=13817893} previousReturn=Block{minecraft:air} actual=Block{antikytheramechanism:mechanism_frame}[connected_down=false,connected_east=false,connected_north=false,connected_south=false,connected_up=false,connected_west=false,empty=true,facing=north] destinationTransition=false receiver=1390839175 resolved=1390839175 sameChunk=true
[10:15:53] [Server thread/ERROR] [de.an.AntikytheraMechanism/]: [HOST-WRITE-DIAG] HEAD pos=BlockPos{x=6590352, y=-57, z=13817893} before=Block{antikytheramechanism:mechanism_frame}[connected_down=false,connected_east=false,connected_north=false,connected_south=false,connected_up=false,connected_west=true,empty=true,facing=north] requested=Block{antikytheramechanism:mechanism_frame}[connected_down=false,connected_east=true,connected_north=false,connected_south=false,connected_up=false,connected_west=true,empty=true,facing=north] moving=false destinationTransition=false allowed=true receiver=1390839175 resolved=1390839175 sameChunk=true containing=ROOT
[10:15:53] [Server thread/ERROR] [de.an.AntikytheraMechanism/]: [HOST-WRITE-DIAG] RETURN pos=BlockPos{x=6590352, y=-57, z=13817893} previousReturn=Block{antikytheramechanism:mechanism_frame}[connected_down=false,connected_east=false,connected_north=false,connected_south=false,connected_up=false,connected_west=true,empty=true,facing=north] actual=Block{antikytheramechanism:mechanism_frame}[connected_down=false,connected_east=true,connected_north=false,connected_south=false,connected_up=false,connected_west=true,empty=true,facing=north] destinationTransition=false receiver=1390839175 resolved=1390839175 sameChunk=true
[10:15:53] [Server thread/ERROR] [de.an.AntikytheraMechanism/]: [HOST-WRITE-DIAG] HEAD pos=BlockPos{x=6590353, y=-57, z=13817893} before=Block{antikytheramechanism:mechanism_frame}[connected_down=false,connected_east=false,connected_north=false,connected_south=false,connected_up=false,connected_west=false,empty=true,facing=north] requested=Block{antikytheramechanism:mechanism_frame}[connected_down=false,connected_east=false,connected_north=false,connected_south=false,connected_up=false,connected_west=true,empty=true,facing=north] moving=false destinationTransition=false allowed=true receiver=1390839175 resolved=1390839175 sameChunk=true containing=ROOT
[10:15:53] [Server thread/ERROR] [de.an.AntikytheraMechanism/]: [HOST-WRITE-DIAG] RETURN pos=BlockPos{x=6590353, y=-57, z=13817893} previousReturn=Block{antikytheramechanism:mechanism_frame}[connected_down=false,connected_east=false,connected_north=false,connected_south=false,connected_up=false,connected_west=false,empty=true,facing=north] actual=Block{antikytheramechanism:mechanism_frame}[connected_down=false,connected_east=false,connected_north=false,connected_south=false,connected_up=false,connected_west=true,empty=true,facing=north] destinationTransition=false receiver=1390839175 resolved=1390839175 sameChunk=true
[10:15:53] [Server thread/DEBUG] [de.an.AntikytheraMechanism/]: Staged Sable SubLevel a08bef15-9850-45a2-8e17-4af39a28a43d for content in assembly 8eeeb257-756d-4178-8f84-40c219e88ea0
[10:15:53] [Server thread/DEBUG] [de.an.AntikytheraMechanism/]: Frame onRemove at BlockPos{x=6590351, y=-57, z=13817893} movedByPiston=false relocationJournal=false
[10:15:53] [Server thread/ERROR] [de.an.AntikytheraMechanism/]: Assembly lifecycle listener antikytheramechanism:gametest_origin_rebase_outbound_before rejected beforeAssemblyTransfer
[10:15:53] [Server thread/ERROR] [de.an.AntikytheraMechanism/]: Locked assembly 8eeeb257-756d-4178-8f84-40c219e88ea0 after stale-origin repair failed: staging the retained payload for origin rebase rolled back. Its existing assembly and physical payload were retained.
[10:15:53] [Server thread/ERROR] [de.an.AntikytheraMechanism/]: [HOST-WRITE-DIAG] HEAD pos=BlockPos{x=6590352, y=-57, z=13817893} before=Block{antikytheramechanism:mechanism_frame}[connected_down=false,connected_east=true,connected_north=false,connected_south=false,connected_up=false,connected_west=true,empty=true,facing=north] requested=Block{antikytheramechanism:mechanism_frame}[connected_down=false,connected_east=true,connected_north=false,connected_south=false,connected_up=false,connected_west=false,empty=true,facing=north] moving=false destinationTransition=false allowed=true receiver=1390839175 resolved=1390839175 sameChunk=true containing=ROOT
[10:15:53] [Server thread/ERROR] [de.an.AntikytheraMechanism/]: [HOST-WRITE-DIAG] RETURN pos=BlockPos{x=6590352, y=-57, z=13817893} previousReturn=Block{antikytheramechanism:mechanism_frame}[connected_down=false,connected_east=true,connected_north=false,connected_south=false,connected_up=false,connected_west=true,empty=true,facing=north] actual=Block{antikytheramechanism:mechanism_frame}[connected_down=false,connected_east=true,connected_north=false,connected_south=false,connected_up=false,connected_west=false,empty=true,facing=north] destinationTransition=false receiver=1390839175 resolved=1390839175 sameChunk=true
[10:15:53] [Server thread/DEBUG] [mixin/]: Mixing sculk_vibrations.EuclideanGameEventListenerRegistryMixin from sable.mixins.json into net.minecraft.world.level.gameevent.EuclideanGameEventListenerRegistry
[10:15:53] [Server thread/WARN] [de.an.AntikytheraMechanism/]: Managed Sable SubLevel a08bef15-9850-45a2-8e17-4af39a28a43d for assembly 8eeeb257-756d-4178-8f84-40c219e88ea0 was removed (REMOVED)
[10:15:53] [Server thread/ERROR] [de.an.AntikytheraMechanism/]: [HOST-WRITE-DIAG] HEAD pos=BlockPos{x=6590426, y=-57, z=13817892} before=Block{minecraft:air} requested=Block{antikytheramechanism:mechanism_frame}[connected_down=false,connected_east=false,connected_north=false,connected_south=false,connected_up=false,connected_west=false,empty=true,facing=north] moving=false destinationTransition=false allowed=true receiver=360465461 resolved=360465461 sameChunk=true containing=ROOT
[10:15:53] [Server thread/WARN] [de.an.AntikytheraMechanism/]: [FREEZE-WATCHDOG] Armed 30s after Mechanism Frame placement at BlockPos{x=6590426, y=-57, z=13817892} in minecraft:overworld on thread Server thread (stall threshold=2000ms, generation=6)
[10:15:53] [Server thread/ERROR] [de.an.AntikytheraMechanism/]: [HOST-WRITE-DIAG] RETURN pos=BlockPos{x=6590426, y=-57, z=13817892} previousReturn=Block{minecraft:air} actual=Block{antikytheramechanism:mechanism_frame}[connected_down=false,connected_east=false,connected_north=false,connected_south=false,connected_up=false,connected_west=false,empty=true,facing=north] destinationTransition=false receiver=360465461 resolved=360465461 sameChunk=true
[10:15:53] [Server thread/DEBUG] [de.an.AntikytheraMechanism/]: Staged Sable SubLevel 56582cb9-7a40-4686-80fc-03540056eb63 for content in assembly 61c1f537-8979-4dd6-99a4-a29d93f53617
[10:15:53] [Server thread/WARN] [de.an.AntikytheraMechanism/]: Managed Sable SubLevel 56582cb9-7a40-4686-80fc-03540056eb63 for assembly 61c1f537-8979-4dd6-99a4-a29d93f53617 was removed (REMOVED)
[10:15:53] [Server thread/ERROR] [de.an.AntikytheraMechanism/]: [HOST-WRITE-DIAG] HEAD pos=BlockPos{x=6590499, y=-57, z=13817893} before=Block{minecraft:air} requested=Block{antikytheramechanism:mechanism_frame}[connected_down=false,connected_east=false,connected_north=false,connected_south=false,connected_up=false,connected_west=false,empty=true,facing=north] moving=false destinationTransition=false allowed=true receiver=365662929 resolved=365662929 sameChunk=true containing=ROOT
[10:15:53] [Server thread/WARN] [de.an.AntikytheraMechanism/]: [FREEZE-WATCHDOG] Armed 30s after Mechanism Frame placement at BlockPos{x=6590499, y=-57, z=13817893} in minecraft:overworld on thread Server thread (stall threshold=2000ms, generation=7)
[10:15:53] [Server thread/ERROR] [de.an.AntikytheraMechanism/]: [HOST-WRITE-DIAG] RETURN pos=BlockPos{x=6590499, y=-57, z=13817893} previousReturn=Block{minecraft:air} actual=Block{antikytheramechanism:mechanism_frame}[connected_down=false,connected_east=false,connected_north=false,connected_south=false,connected_up=false,connected_west=false,empty=true,facing=north] destinationTransition=false receiver=365662929 resolved=365662929 sameChunk=true
[10:15:53] [Server thread/ERROR] [de.an.AntikytheraMechanism/]: [HOST-WRITE-DIAG] HEAD pos=BlockPos{x=6590500, y=-57, z=13817893} before=Block{minecraft:air} requested=Block{antikytheramechanism:mechanism_frame}[connected_down=false,connected_east=false,connected_north=false,connected_south=false,connected_up=false,connected_west=false,empty=true,facing=north] moving=false destinationTransition=false allowed=true receiver=365662929 resolved=365662929 sameChunk=true containing=ROOT
[10:15:53] [Server thread/WARN] [de.an.AntikytheraMechanism/]: [FREEZE-WATCHDOG] Armed 30s after Mechanism Frame placement at BlockPos{x=6590500, y=-57, z=13817893} in minecraft:overworld on thread Server thread (stall threshold=2000ms, generation=8)
[10:15:53] [Server thread/ERROR] [de.an.AntikytheraMechanism/]: [HOST-WRITE-DIAG] RETURN pos=BlockPos{x=6590500, y=-57, z=13817893} previousReturn=Block{minecraft:air} actual=Block{antikytheramechanism:mechanism_frame}[connected_down=false,connected_east=false,connected_north=false,connected_south=false,connected_up=false,connected_west=false,empty=true,facing=north] destinationTransition=false receiver=365662929 resolved=365662929 sameChunk=true
[10:15:53] [Server thread/ERROR] [de.an.AntikytheraMechanism/]: [HOST-WRITE-DIAG] HEAD pos=BlockPos{x=6590499, y=-57, z=13817893} before=Block{antikytheramechanism:mechanism_frame}[connected_down=false,connected_east=false,connected_north=false,connected_south=false,connected_up=false,connected_west=false,empty=true,facing=north] requested=Block{antikytheramechanism:mechanism_frame}[connected_down=false,connected_east=true,connected_north=false,connected_south=false,connected_up=false,connected_west=false,empty=true,facing=north] moving=false destinationTransition=false allowed=true receiver=365662929 resolved=365662929 sameChunk=true containing=ROOT
[10:15:53] [Server thread/ERROR] [de.an.AntikytheraMechanism/]: [HOST-WRITE-DIAG] RETURN pos=BlockPos{x=6590499, y=-57, z=13817893} previousReturn=Block{antikytheramechanism:mechanism_frame}[connected_down=false,connected_east=false,connected_north=false,connected_south=false,connected_up=false,connected_west=false,empty=true,facing=north] actual=Block{antikytheramechanism:mechanism_frame}[connected_down=false,connected_east=true,connected_north=false,connected_south=false,connected_up=false,connected_west=false,empty=true,facing=north] destinationTransition=false receiver=365662929 resolved=365662929 sameChunk=true
[10:15:53] [Server thread/ERROR] [de.an.AntikytheraMechanism/]: [HOST-WRITE-DIAG] HEAD pos=BlockPos{x=6590500, y=-57, z=13817893} before=Block{antikytheramechanism:mechanism_frame}[connected_down=false,connected_east=false,connected_north=false,connected_south=false,connected_up=false,connected_west=false,empty=true,facing=north] requested=Block{antikytheramechanism:mechanism_frame}[connected_down=false,connected_east=false,connected_north=false,connected_south=false,connected_up=false,connected_west=true,empty=true,facing=north] moving=false destinationTransition=false allowed=true receiver=365662929 resolved=365662929 sameChunk=true containing=ROOT
[10:15:53] [Server thread/ERROR] [de.an.AntikytheraMechanism/]: [HOST-WRITE-DIAG] RETURN pos=BlockPos{x=6590500, y=-57, z=13817893} previousReturn=Block{antikytheramechanism:mechanism_frame}[connected_down=false,connected_east=false,connected_north=false,connected_south=false,connected_up=false,connected_west=false,empty=true,facing=north] actual=Block{antikytheramechanism:mechanism_frame}[connected_down=false,connected_east=false,connected_north=false,connected_south=false,connected_up=false,connected_west=true,empty=true,facing=north] destinationTransition=false receiver=365662929 resolved=365662929 sameChunk=true
[10:15:53] [Server thread/ERROR] [de.an.AntikytheraMechanism/]: [HOST-WRITE-DIAG] HEAD pos=BlockPos{x=6590501, y=-57, z=13817893} before=Block{minecraft:air} requested=Block{antikytheramechanism:mechanism_frame}[connected_down=false,connected_east=false,connected_north=false,connected_south=false,connected_up=false,connected_west=false,empty=true,facing=north] moving=false destinationTransition=false allowed=true receiver=365662929 resolved=365662929 sameChunk=true containing=ROOT
[10:15:53] [Server thread/WARN] [de.an.AntikytheraMechanism/]: [FREEZE-WATCHDOG] Armed 30s after Mechanism Frame placement at BlockPos{x=6590501, y=-57, z=13817893} in minecraft:overworld on thread Server thread (stall threshold=2000ms, generation=9)
[10:15:53] [Server thread/ERROR] [de.an.AntikytheraMechanism/]: [HOST-WRITE-DIAG] RETURN pos=BlockPos{x=6590501, y=-57, z=13817893} previousReturn=Block{minecraft:air} actual=Block{antikytheramechanism:mechanism_frame}[connected_down=false,connected_east=false,connected_north=false,connected_south=false,connected_up=false,connected_west=false,empty=true,facing=north] destinationTransition=false receiver=365662929 resolved=365662929 sameChunk=true
[10:15:53] [Server thread/ERROR] [de.an.AntikytheraMechanism/]: [HOST-WRITE-DIAG] HEAD pos=BlockPos{x=6590500, y=-57, z=13817893} before=Block{antikytheramechanism:mechanism_frame}[connected_down=false,connected_east=false,connected_north=false,connected_south=false,connected_up=false,connected_west=true,empty=true,facing=north] requested=Block{antikytheramechanism:mechanism_frame}[connected_down=false,connected_east=true,connected_north=false,connected_south=false,connected_up=false,connected_west=true,empty=true,facing=north] moving=false destinationTransition=false allowed=true receiver=365662929 resolved=365662929 sameChunk=true containing=ROOT
[10:15:53] [Server thread/ERROR] [de.an.AntikytheraMechanism/]: [HOST-WRITE-DIAG] RETURN pos=BlockPos{x=6590500, y=-57, z=13817893} previousReturn=Block{antikytheramechanism:mechanism_frame}[connected_down=false,connected_east=false,connected_north=false,connected_south=false,connected_up=false,connected_west=true,empty=true,facing=north] actual=Block{antikytheramechanism:mechanism_frame}[connected_down=false,connected_east=true,connected_north=false,connected_south=false,connected_up=false,connected_west=true,empty=true,facing=north] destinationTransition=false receiver=365662929 resolved=365662929 sameChunk=true
[10:15:53] [Server thread/ERROR] [de.an.AntikytheraMechanism/]: [HOST-WRITE-DIAG] HEAD pos=BlockPos{x=6590501, y=-57, z=13817893} before=Block{antikytheramechanism:mechanism_frame}[connected_down=false,connected_east=false,connected_north=false,connected_south=false,connected_up=false,connected_west=false,empty=true,facing=north] requested=Block{antikytheramechanism:mechanism_frame}[connected_down=false,connected_east=false,connected_north=false,connected_south=false,connected_up=false,connected_west=true,empty=true,facing=north] moving=false destinationTransition=false allowed=true receiver=365662929 resolved=365662929 sameChunk=true containing=ROOT
[10:15:53] [Server thread/ERROR] [de.an.AntikytheraMechanism/]: [HOST-WRITE-DIAG] RETURN pos=BlockPos{x=6590501, y=-57, z=13817893} previousReturn=Block{antikytheramechanism:mechanism_frame}[connected_down=false,connected_east=false,connected_north=false,connected_south=false,connected_up=false,connected_west=false,empty=true,facing=north] actual=Block{antikytheramechanism:mechanism_frame}[connected_down=false,connected_east=false,connected_north=false,connected_south=false,connected_up=false,connected_west=true,empty=true,facing=north] destinationTransition=false receiver=365662929 resolved=365662929 sameChunk=true
[10:15:53] [Server thread/DEBUG] [de.an.AntikytheraMechanism/]: Staged Sable SubLevel 9e675cce-1b82-4a6e-aff9-f00a634be403 for content in assembly 6a1269fa-9f64-437b-a9fa-8b440f980130
[10:15:53] [Server thread/DEBUG] [de.an.AntikytheraMechanism/]: Frame onRemove at BlockPos{x=6590499, y=-57, z=13817893} movedByPiston=false relocationJournal=false
[10:15:53] [Server thread/DEBUG] [de.an.AntikytheraMechanism/]: Staged Sable SubLevel 44b50ccf-7e76-4055-8ea1-6cdcca747df0 for content in assembly 6125d467-3a9d-4bdc-8c71-6200c8e66f1c
[10:15:53] [Server thread/DEBUG] [mixin/]: Mixing SubLevelAssemblyHelperScaleMixin from sablescale.mixins.json into dev.ryanhcode.sable.api.SubLevelAssemblyHelper
[10:15:53] [Server thread/DEBUG] [mixin/]: Mixing SubLevelAssemblyMoveContextMixin from antikytheramechanism.mixins.json into dev.ryanhcode.sable.api.SubLevelAssemblyHelper
[10:15:53] [Server thread/ERROR] [de.an.AntikytheraMechanism/]: Assembly lifecycle listener antikytheramechanism:gametest_origin_rebase_outbound_rolled_back rejected afterAssemblyTransfer
[10:15:53] [Server thread/WARN] [de.an.AntikytheraMechanism/]: Managed Sable SubLevel 44b50ccf-7e76-4055-8ea1-6cdcca747df0 for assembly 6125d467-3a9d-4bdc-8c71-6200c8e66f1c was removed (REMOVED)
[10:15:53] [Server thread/ERROR] [de.an.AntikytheraMechanism/]: Locked assembly 6a1269fa-9f64-437b-a9fa-8b440f980130 after stale-origin repair failed: staging the retained payload for origin rebase rolled back. Its existing assembly and physical payload were retained.
[10:15:53] [Server thread/ERROR] [de.an.AntikytheraMechanism/]: [HOST-WRITE-DIAG] HEAD pos=BlockPos{x=6590500, y=-57, z=13817893} before=Block{antikytheramechanism:mechanism_frame}[connected_down=false,connected_east=true,connected_north=false,connected_south=false,connected_up=false,connected_west=true,empty=true,facing=north] requested=Block{antikytheramechanism:mechanism_frame}[connected_down=false,connected_east=true,connected_north=false,connected_south=false,connected_up=false,connected_west=false,empty=true,facing=north] moving=false destinationTransition=false allowed=true receiver=365662929 resolved=365662929 sameChunk=true containing=ROOT
[10:15:53] [Server thread/ERROR] [de.an.AntikytheraMechanism/]: [HOST-WRITE-DIAG] RETURN pos=BlockPos{x=6590500, y=-57, z=13817893} previousReturn=Block{antikytheramechanism:mechanism_frame}[connected_down=false,connected_east=true,connected_north=false,connected_south=false,connected_up=false,connected_west=true,empty=true,facing=north] actual=Block{antikytheramechanism:mechanism_frame}[connected_down=false,connected_east=true,connected_north=false,connected_south=false,connected_up=false,connected_west=false,empty=true,facing=north] destinationTransition=false receiver=365662929 resolved=365662929 sameChunk=true
[10:15:53] [Server thread/WARN] [de.an.AntikytheraMechanism/]: Managed Sable SubLevel 9e675cce-1b82-4a6e-aff9-f00a634be403 for assembly 6a1269fa-9f64-437b-a9fa-8b440f980130 was removed (REMOVED)
[10:15:53] [Server thread/ERROR] [de.an.AntikytheraMechanism/]: [HOST-WRITE-DIAG] HEAD pos=BlockPos{x=6590536, y=-57, z=13817891} before=Block{minecraft:air} requested=Block{antikytheramechanism:mechanism_frame}[connected_down=false,connected_east=false,connected_north=false,connected_south=false,connected_up=false,connected_west=false,empty=true,facing=north] moving=false destinationTransition=false allowed=true receiver=1292218156 resolved=1292218156 sameChunk=true containing=ROOT
[10:15:53] [Server thread/WARN] [de.an.AntikytheraMechanism/]: [FREEZE-WATCHDOG] Armed 30s after Mechanism Frame placement at BlockPos{x=6590536, y=-57, z=13817891} in minecraft:overworld on thread Server thread (stall threshold=2000ms, generation=10)
[10:15:53] [Server thread/ERROR] [de.an.AntikytheraMechanism/]: [HOST-WRITE-DIAG] RETURN pos=BlockPos{x=6590536, y=-57, z=13817891} previousReturn=Block{minecraft:air} actual=Block{antikytheramechanism:mechanism_frame}[connected_down=false,connected_east=false,connected_north=false,connected_south=false,connected_up=false,connected_west=false,empty=true,facing=north] destinationTransition=false receiver=1292218156 resolved=1292218156 sameChunk=true
[10:15:53] [Server thread/DEBUG] [de.an.AntikytheraMechanism/]: Staged Sable SubLevel 70015444-d9e9-4a1c-9dbd-70dd466bddd4 for content in assembly 5f94bfba-3443-4a84-9c35-76a596b9d87f
[10:15:53] [Server thread/ERROR] [de.an.AntikytheraMechanism/]: [HOST-WRITE-DIAG] HEAD pos=BlockPos{x=6590536, y=-57, z=13817891} before=Block{antikytheramechanism:mechanism_frame}[connected_down=false,connected_east=false,connected_north=false,connected_south=false,connected_up=false,connected_west=false,empty=true,facing=north] requested=Block{antikytheramechanism:mechanism_frame}[connected_down=false,connected_east=false,connected_north=false,connected_south=false,connected_up=false,connected_west=false,empty=false,facing=north] moving=false destinationTransition=false allowed=true receiver=1292218156 resolved=1292218156 sameChunk=true containing=ROOT
[10:15:53] [Server thread/ERROR] [de.an.AntikytheraMechanism/]: [HOST-WRITE-DIAG] RETURN pos=BlockPos{x=6590536, y=-57, z=13817891} previousReturn=Block{antikytheramechanism:mechanism_frame}[connected_down=false,connected_east=false,connected_north=false,connected_south=false,connected_up=false,connected_west=false,empty=true,facing=north] actual=Block{antikytheramechanism:mechanism_frame}[connected_down=false,connected_east=false,connected_north=false,connected_south=false,connected_up=false,connected_west=false,empty=false,facing=north] destinationTransition=false receiver=1292218156 resolved=1292218156 sameChunk=true
[10:15:53] [Server thread/ERROR] [de.an.AntikytheraMechanism/]: [HOST-WRITE-DIAG] HEAD pos=BlockPos{x=20481032, y=128, z=20483080} before=Block{minecraft:air} requested=Block{antikytheramechanism:mechanism_frame}[connected_down=false,connected_east=false,connected_north=false,connected_south=false,connected_up=false,connected_west=false,empty=false,facing=north] moving=true destinationTransition=true allowed=true receiver=332970887 resolved=332970887 sameChunk=true containing=3a7a5559-a825-4332-b209-403651d8cd2c
[10:15:53] [Server thread/ERROR] [de.an.AntikytheraMechanism/]: [HOST-WRITE-DIAG] RETURN pos=BlockPos{x=20481032, y=128, z=20483080} previousReturn=Block{minecraft:air} actual=Block{antikytheramechanism:mechanism_frame}[connected_down=false,connected_east=false,connected_north=false,connected_south=false,connected_up=false,connected_west=false,empty=false,facing=north] destinationTransition=true receiver=332970887 resolved=332970887 sameChunk=true
[10:15:53] [Server thread/DEBUG] [de.an.AntikytheraMechanism/]: Frame onRemove at BlockPos{x=6590536, y=-57, z=13817891} movedByPiston=true relocationJournal=true
[10:15:53] [Server thread/DEBUG] [de.an.AntikytheraMechanism/]: Adopted complete Sable relocation for assembly 5f94bfba-3443-4a84-9c35-76a596b9d87f by BlockPos{x=13890496, y=185, z=6665189} into host FOREIGN
[10:15:53] [Server thread/ERROR] [de.an.AntikytheraMechanism/]: [HOST-WRITE-DIAG] HEAD pos=BlockPos{x=6590536, y=-57, z=13817891} before=Block{minecraft:air} requested=Block{antikytheramechanism:mechanism_frame}[connected_down=false,connected_east=false,connected_north=false,connected_south=false,connected_up=false,connected_west=false,empty=false,facing=north] moving=true destinationTransition=true allowed=true receiver=1292218156 resolved=1292218156 sameChunk=true containing=ROOT
[10:15:53] [Server thread/ERROR] [de.an.AntikytheraMechanism/]: [HOST-WRITE-DIAG] RETURN pos=BlockPos{x=6590536, y=-57, z=13817891} previousReturn=Block{minecraft:air} actual=Block{antikytheramechanism:mechanism_frame}[connected_down=false,connected_east=false,connected_north=false,connected_south=false,connected_up=false,connected_west=false,empty=false,facing=north] destinationTransition=true receiver=1292218156 resolved=1292218156 sameChunk=true
[10:15:53] [Server thread/DEBUG] [mixin/]: Mixing entity.entity_tracking.TrackedEntityMixin from sable.mixins.json into net.minecraft.server.level.ChunkMap$TrackedEntity
[10:15:53] [Server thread/DEBUG] [mixin/]: Mixing entity.entities_stick_sublevels.ServerEntityMixin from sable.mixins.json into net.minecraft.server.level.ServerEntity
[10:15:53] [Server thread/DEBUG] [mixin/]: Mixing entity.entity_rotations_and_riding.ServerEntityMixin from sable.mixins.json into net.minecraft.server.level.ServerEntity
[10:15:53] [Server thread/DEBUG] [mixin/]: sable.mixins.json:entity.entities_stick_sublevels.ServerEntityMixin from mod sable->@Inject::sable$pre(Lorg/spongepowered/asm/mixin/injection/callback/CallbackInfo;)V doesn't use it's CallbackInfo
[10:15:53] [Server thread/DEBUG] [mixin/]: sable.mixins.json:entity.entities_stick_sublevels.ServerEntityMixin from mod sable->@Inject::sable$pre(Lorg/spongepowered/asm/mixin/injection/callback/CallbackInfo;)V has 0 override(s) in child classes
[10:15:53] [Server thread/DEBUG] [mixin/]: sable.mixins.json:entity.entities_stick_sublevels.ServerEntityMixin from mod sable->@Inject::sable$pre(Lorg/spongepowered/asm/mixin/injection/callback/CallbackInfo;)V won't be passed a CallbackInfo as a result
[10:15:53] [Server thread/DEBUG] [mixin/]: sable.mixins.json:entity.entities_stick_sublevels.ServerEntityMixin from mod sable->@Inject::sable$pre(Lorg/spongepowered/asm/mixin/injection/callback/CallbackInfo;)V doesn't use it's CallbackInfo
[10:15:53] [Server thread/DEBUG] [mixin/]: sable.mixins.json:entity.entities_stick_sublevels.ServerEntityMixin from mod sable->@Inject::sable$pre(Lorg/spongepowered/asm/mixin/injection/callback/CallbackInfo;)V has 0 override(s) in child classes
[10:15:53] [Server thread/DEBUG] [mixin/]: sable.mixins.json:entity.entities_stick_sublevels.ServerEntityMixin from mod sable->@Inject::sable$pre(Lorg/spongepowered/asm/mixin/injection/callback/CallbackInfo;)V won't be passed a CallbackInfo as a result
[10:15:53] [Server thread/DEBUG] [mixin/]: sable.mixins.json:entity.entities_stick_sublevels.ServerEntityMixin from mod sable->@Inject::sable$postTransform(Lorg/spongepowered/asm/mixin/injection/callback/CallbackInfo;)V doesn't use it's CallbackInfo
[10:15:53] [Server thread/DEBUG] [mixin/]: sable.mixins.json:entity.entities_stick_sublevels.ServerEntityMixin from mod sable->@Inject::sable$postTransform(Lorg/spongepowered/asm/mixin/injection/callback/CallbackInfo;)V has 0 override(s) in child classes
[10:15:53] [Server thread/DEBUG] [mixin/]: sable.mixins.json:entity.entities_stick_sublevels.ServerEntityMixin from mod sable->@Inject::sable$postTransform(Lorg/spongepowered/asm/mixin/injection/callback/CallbackInfo;)V won't be passed a CallbackInfo as a result
[10:15:53] [Server thread/DEBUG] [mixin/]: sable.mixins.json:entity.entity_rotations_and_riding.ServerEntityMixin from mod sable->@Inject::sable$beforeSendChanges(Lorg/spongepowered/asm/mixin/injection/callback/CallbackInfo;)V doesn't use it's CallbackInfo
[10:15:53] [Server thread/DEBUG] [mixin/]: sable.mixins.json:entity.entity_rotations_and_riding.ServerEntityMixin from mod sable->@Inject::sable$beforeSendChanges(Lorg/spongepowered/asm/mixin/injection/callback/CallbackInfo;)V has 0 override(s) in child classes
[10:15:53] [Server thread/DEBUG] [mixin/]: sable.mixins.json:entity.entity_rotations_and_riding.ServerEntityMixin from mod sable->@Inject::sable$beforeSendChanges(Lorg/spongepowered/asm/mixin/injection/callback/CallbackInfo;)V won't be passed a CallbackInfo as a result
[10:15:53] [Server thread/DEBUG] [mixin/]: sable.mixins.json:entity.entity_rotations_and_riding.ServerEntityMixin from mod sable->@Inject::sable$beforeSendChanges(Lorg/spongepowered/asm/mixin/injection/callback/CallbackInfo;)V doesn't use it's CallbackInfo
[10:15:53] [Server thread/DEBUG] [mixin/]: sable.mixins.json:entity.entity_rotations_and_riding.ServerEntityMixin from mod sable->@Inject::sable$beforeSendChanges(Lorg/spongepowered/asm/mixin/injection/callback/CallbackInfo;)V has 0 override(s) in child classes
[10:15:53] [Server thread/DEBUG] [mixin/]: sable.mixins.json:entity.entity_rotations_and_riding.ServerEntityMixin from mod sable->@Inject::sable$beforeSendChanges(Lorg/spongepowered/asm/mixin/injection/callback/CallbackInfo;)V won't be passed a CallbackInfo as a result
[10:15:53] [Server thread/DEBUG] [mixin/]: sable.mixins.json:entity.entity_rotations_and_riding.ServerEntityMixin from mod sable->@Inject::sable$beforeSendChanges(Lorg/spongepowered/asm/mixin/injection/callback/CallbackInfo;)V doesn't use it's CallbackInfo
[10:15:53] [Server thread/DEBUG] [mixin/]: sable.mixins.json:entity.entity_rotations_and_riding.ServerEntityMixin from mod sable->@Inject::sable$beforeSendChanges(Lorg/spongepowered/asm/mixin/injection/callback/CallbackInfo;)V has 0 override(s) in child classes
[10:15:53] [Server thread/DEBUG] [mixin/]: sable.mixins.json:entity.entity_rotations_and_riding.ServerEntityMixin from mod sable->@Inject::sable$beforeSendChanges(Lorg/spongepowered/asm/mixin/injection/callback/CallbackInfo;)V won't be passed a CallbackInfo as a result
[10:15:53] [Server thread/DEBUG] [mixin/]: sable.mixins.json:entity.entity_rotations_and_riding.ServerEntityMixin from mod sable->@Inject::sable$beforeSendChanges(Lorg/spongepowered/asm/mixin/injection/callback/CallbackInfo;)V doesn't use it's CallbackInfo
[10:15:53] [Server thread/DEBUG] [mixin/]: sable.mixins.json:entity.entity_rotations_and_riding.ServerEntityMixin from mod sable->@Inject::sable$beforeSendChanges(Lorg/spongepowered/asm/mixin/injection/callback/CallbackInfo;)V has 0 override(s) in child classes
[10:15:53] [Server thread/DEBUG] [mixin/]: sable.mixins.json:entity.entity_rotations_and_riding.ServerEntityMixin from mod sable->@Inject::sable$beforeSendChanges(Lorg/spongepowered/asm/mixin/injection/callback/CallbackInfo;)V won't be passed a CallbackInfo as a result
[10:15:53] [Server thread/DEBUG] [mixin/]: sable.mixins.json:entity.entity_rotations_and_riding.ServerEntityMixin from mod sable->@Inject::sable$beforeSendChanges(Lorg/spongepowered/asm/mixin/injection/callback/CallbackInfo;)V doesn't use it's CallbackInfo
[10:15:53] [Server thread/DEBUG] [mixin/]: sable.mixins.json:entity.entity_rotations_and_riding.ServerEntityMixin from mod sable->@Inject::sable$beforeSendChanges(Lorg/spongepowered/asm/mixin/injection/callback/CallbackInfo;)V has 0 override(s) in child classes
[10:15:53] [Server thread/DEBUG] [mixin/]: sable.mixins.json:entity.entity_rotations_and_riding.ServerEntityMixin from mod sable->@Inject::sable$beforeSendChanges(Lorg/spongepowered/asm/mixin/injection/callback/CallbackInfo;)V won't be passed a CallbackInfo as a result
[10:15:53] [Server thread/DEBUG] [mixin/]: sable.mixins.json:entity.entity_rotations_and_riding.ServerEntityMixin from mod sable->@Inject::sable$beforeSendChanges(Lorg/spongepowered/asm/mixin/injection/callback/CallbackInfo;)V doesn't use it's CallbackInfo
[10:15:53] [Server thread/DEBUG] [mixin/]: sable.mixins.json:entity.entity_rotations_and_riding.ServerEntityMixin from mod sable->@Inject::sable$beforeSendChanges(Lorg/spongepowered/asm/mixin/injection/callback/CallbackInfo;)V has 0 override(s) in child classes
[10:15:53] [Server thread/DEBUG] [mixin/]: sable.mixins.json:entity.entity_rotations_and_riding.ServerEntityMixin from mod sable->@Inject::sable$beforeSendChanges(Lorg/spongepowered/asm/mixin/injection/callback/CallbackInfo;)V won't be passed a CallbackInfo as a result
[10:15:53] [Server thread/DEBUG] [de.an.AntikytheraMechanism/]: Frame onRemove at BlockPos{x=20481032, y=128, z=20483080} movedByPiston=true relocationJournal=true
[10:15:53] [Server thread/DEBUG] [de.an.AntikytheraMechanism/]: Adopted complete Sable relocation for assembly 5f94bfba-3443-4a84-9c35-76a596b9d87f by BlockPos{x=-13890496, y=-185, z=-6665189} into host ROOT
[10:15:53] [Server thread/WARN] [de.an.AntikytheraMechanism/]: Managed Sable SubLevel 70015444-d9e9-4a1c-9dbd-70dd466bddd4 for assembly 5f94bfba-3443-4a84-9c35-76a596b9d87f was removed (REMOVED)
[10:15:53] [Server thread/DEBUG] [de.an.AntikytheraMechanism/]: Marked Sable SubLevel 9f6503e7-c212-4a91-b551-d7b5ce0680c2 as detached Antikythera half-scale physics body
[10:15:53] [Server thread/WARN] [de.an.AntikytheraMechanism/]: Rejected Sable mixed-scale assembly before move: detached Antikythera 0.5 content was selected with incompatible block BlockPos{x=6590354, y=-57, z=13817916} in root world
[10:15:53] [Server thread/ERROR] [de.an.AntikytheraMechanism/]: [HOST-WRITE-DIAG] HEAD pos=BlockPos{x=6590387, y=-58, z=13817912} before=Block{minecraft:air} requested=Block{antikytheramechanism:mechanism_frame}[connected_down=false,connected_east=false,connected_north=false,connected_south=false,connected_up=false,connected_west=false,empty=true,facing=west] moving=false destinationTransition=false allowed=true receiver=361675903 resolved=361675903 sameChunk=true containing=ROOT
[10:15:53] [Server thread/WARN] [de.an.AntikytheraMechanism/]: [FREEZE-WATCHDOG] Armed 30s after Mechanism Frame placement at BlockPos{x=6590387, y=-58, z=13817912} in minecraft:overworld on thread Server thread (stall threshold=2000ms, generation=11)
[10:15:53] [Server thread/ERROR] [de.an.AntikytheraMechanism/]: [HOST-WRITE-DIAG] RETURN pos=BlockPos{x=6590387, y=-58, z=13817912} previousReturn=Block{minecraft:air} actual=Block{antikytheramechanism:mechanism_frame}[connected_down=false,connected_east=false,connected_north=false,connected_south=false,connected_up=false,connected_west=false,empty=true,facing=west] destinationTransition=false receiver=361675903 resolved=361675903 sameChunk=true
[10:15:53] [Server thread/ERROR] [de.an.AntikytheraMechanism/]: [HOST-WRITE-DIAG] HEAD pos=BlockPos{x=6590387, y=-58, z=13817913} before=Block{minecraft:air} requested=Block{antikytheramechanism:mechanism_frame}[connected_down=false,connected_east=false,connected_north=false,connected_south=false,connected_up=false,connected_west=false,empty=true,facing=west] moving=false destinationTransition=false allowed=true receiver=361675903 resolved=361675903 sameChunk=true containing=ROOT
[10:15:53] [Server thread/WARN] [de.an.AntikytheraMechanism/]: [FREEZE-WATCHDOG] Armed 30s after Mechanism Frame placement at BlockPos{x=6590387, y=-58, z=13817913} in minecraft:overworld on thread Server thread (stall threshold=2000ms, generation=12)
[10:15:53] [Server thread/ERROR] [de.an.AntikytheraMechanism/]: [HOST-WRITE-DIAG] RETURN pos=BlockPos{x=6590387, y=-58, z=13817913} previousReturn=Block{minecraft:air} actual=Block{antikytheramechanism:mechanism_frame}[connected_down=false,connected_east=false,connected_north=false,connected_south=false,connected_up=false,connected_west=false,empty=true,facing=west] destinationTransition=false receiver=361675903 resolved=361675903 sameChunk=true
[10:15:53] [Server thread/ERROR] [de.an.AntikytheraMechanism/]: [HOST-WRITE-DIAG] HEAD pos=BlockPos{x=6590387, y=-58, z=13817912} before=Block{antikytheramechanism:mechanism_frame}[connected_down=false,connected_east=false,connected_north=false,connected_south=false,connected_up=false,connected_west=false,empty=true,facing=west] requested=Block{antikytheramechanism:mechanism_frame}[connected_down=false,connected_east=false,connected_north=false,connected_south=true,connected_up=false,connected_west=false,empty=true,facing=west] moving=false destinationTransition=false allowed=true receiver=361675903 resolved=361675903 sameChunk=true containing=ROOT
[10:15:53] [Server thread/ERROR] [de.an.AntikytheraMechanism/]: [HOST-WRITE-DIAG] RETURN pos=BlockPos{x=6590387, y=-58, z=13817912} previousReturn=Block{antikytheramechanism:mechanism_frame}[connected_down=false,connected_east=false,connected_north=false,connected_south=false,connected_up=false,connected_west=false,empty=true,facing=west] actual=Block{antikytheramechanism:mechanism_frame}[connected_down=false,connected_east=false,connected_north=false,connected_south=true,connected_up=false,connected_west=false,empty=true,facing=west] destinationTransition=false receiver=361675903 resolved=361675903 sameChunk=true
[10:15:53] [Server thread/ERROR] [de.an.AntikytheraMechanism/]: [HOST-WRITE-DIAG] HEAD pos=BlockPos{x=6590387, y=-58, z=13817913} before=Block{antikytheramechanism:mechanism_frame}[connected_down=false,connected_east=false,connected_north=false,connected_south=false,connected_up=false,connected_west=false,empty=true,facing=west] requested=Block{antikytheramechanism:mechanism_frame}[connected_down=false,connected_east=false,connected_north=true,connected_south=false,connected_up=false,connected_west=false,empty=true,facing=west] moving=false destinationTransition=false allowed=true receiver=361675903 resolved=361675903 sameChunk=true containing=ROOT
[10:15:53] [Server thread/ERROR] [de.an.AntikytheraMechanism/]: [HOST-WRITE-DIAG] RETURN pos=BlockPos{x=6590387, y=-58, z=13817913} previousReturn=Block{antikytheramechanism:mechanism_frame}[connected_down=false,connected_east=false,connected_north=false,connected_south=false,connected_up=false,connected_west=false,empty=true,facing=west] actual=Block{antikytheramechanism:mechanism_frame}[connected_down=false,connected_east=false,connected_north=true,connected_south=false,connected_up=false,connected_west=false,empty=true,facing=west] destinationTransition=false receiver=361675903 resolved=361675903 sameChunk=true
[10:15:53] [Server thread/ERROR] [de.an.AntikytheraMechanism/]: [HOST-WRITE-DIAG] HEAD pos=BlockPos{x=6590424, y=-58, z=13817912} before=Block{minecraft:air} requested=Block{antikytheramechanism:mechanism_frame}[connected_down=false,connected_east=false,connected_north=false,connected_south=false,connected_up=false,connected_west=false,empty=true,facing=north] moving=false destinationTransition=false allowed=true receiver=931726091 resolved=931726091 sameChunk=true containing=ROOT
[10:15:53] [Server thread/WARN] [de.an.AntikytheraMechanism/]: [FREEZE-WATCHDOG] Armed 30s after Mechanism Frame placement at BlockPos{x=6590424, y=-58, z=13817912} in minecraft:overworld on thread Server thread (stall threshold=2000ms, generation=13)
[10:15:53] [Server thread/ERROR] [de.an.AntikytheraMechanism/]: [HOST-WRITE-DIAG] RETURN pos=BlockPos{x=6590424, y=-58, z=13817912} previousReturn=Block{minecraft:air} actual=Block{antikytheramechanism:mechanism_frame}[connected_down=false,connected_east=false,connected_north=false,connected_south=false,connected_up=false,connected_west=false,empty=true,facing=north] destinationTransition=false receiver=931726091 resolved=931726091 sameChunk=true
[10:15:53] [Server thread/ERROR] [de.an.AntikytheraMechanism/]: [HOST-WRITE-DIAG] HEAD pos=BlockPos{x=6590424, y=-57, z=13817913} before=Block{minecraft:air} requested=Block{antikytheramechanism:mechanism_frame}[connected_down=false,connected_east=false,connected_north=false,connected_south=false,connected_up=false,connected_west=false,empty=true,facing=north] moving=false destinationTransition=false allowed=true receiver=931726091 resolved=931726091 sameChunk=true containing=ROOT
[10:15:53] [Server thread/WARN] [de.an.AntikytheraMechanism/]: [FREEZE-WATCHDOG] Armed 30s after Mechanism Frame placement at BlockPos{x=6590424, y=-57, z=13817913} in minecraft:overworld on thread Server thread (stall threshold=2000ms, generation=14)
[10:15:53] [Server thread/ERROR] [de.an.AntikytheraMechanism/]: [HOST-WRITE-DIAG] RETURN pos=BlockPos{x=6590424, y=-57, z=13817913} previousReturn=Block{minecraft:air} actual=Block{antikytheramechanism:mechanism_frame}[connected_down=false,connected_east=false,connected_north=false,connected_south=false,connected_up=false,connected_west=false,empty=true,facing=north] destinationTransition=false receiver=931726091 resolved=931726091 sameChunk=true
[10:15:53] [Server thread/DEBUG] [de.an.AntikytheraMechanism/]: Staged Sable SubLevel 83a6169c-f8d0-4ddb-bd1f-7caf491933fd for content in assembly ed2fa534-2a9d-4fca-881a-347b205f20fd
[10:15:53] [Server thread/DEBUG] [de.an.AntikytheraMechanism/]: Staged Sable SubLevel 288314d4-20c7-4793-a833-adee46e98c97 for content in assembly 324984b4-ca7b-43e5-9b70-c5c2560a5667
[10:15:53] [Server thread/WARN] [de.an.AntikytheraMechanism/]: Managed Sable SubLevel 83a6169c-f8d0-4ddb-bd1f-7caf491933fd for assembly ed2fa534-2a9d-4fca-881a-347b205f20fd was removed (REMOVED)
[10:15:53] [Server thread/ERROR] [de.an.AntikytheraMechanism/]: [HOST-WRITE-DIAG] HEAD pos=BlockPos{x=6590463, y=-57, z=13817914} before=Block{minecraft:air} requested=Block{antikytheramechanism:mechanism_frame}[connected_down=false,connected_east=false,connected_north=false,connected_south=false,connected_up=false,connected_west=false,empty=true,facing=west] moving=false destinationTransition=false allowed=true receiver=659521810 resolved=659521810 sameChunk=true containing=ROOT
[10:15:53] [Server thread/WARN] [de.an.AntikytheraMechanism/]: [FREEZE-WATCHDOG] Armed 30s after Mechanism Frame placement at BlockPos{x=6590463, y=-57, z=13817914} in minecraft:overworld on thread Server thread (stall threshold=2000ms, generation=15)
[10:15:53] [Server thread/ERROR] [de.an.AntikytheraMechanism/]: [HOST-WRITE-DIAG] RETURN pos=BlockPos{x=6590463, y=-57, z=13817914} previousReturn=Block{minecraft:air} actual=Block{antikytheramechanism:mechanism_frame}[connected_down=false,connected_east=false,connected_north=false,connected_south=false,connected_up=false,connected_west=false,empty=true,facing=west] destinationTransition=false receiver=659521810 resolved=659521810 sameChunk=true
[10:15:53] [Server thread/DEBUG] [de.an.AntikytheraMechanism/]: Staged Sable SubLevel 2447e09a-4e9d-49bb-962a-97f44f375756 for content in assembly 75610531-8197-45cf-93a2-bea6b23cf034
[10:15:53] [Server thread/ERROR] [de.an.AntikytheraMechanism/]: [HOST-WRITE-DIAG] HEAD pos=BlockPos{x=6590463, y=-57, z=13817914} before=Block{antikytheramechanism:mechanism_frame}[connected_down=false,connected_east=false,connected_north=false,connected_south=false,connected_up=false,connected_west=false,empty=true,facing=west] requested=Block{antikytheramechanism:mechanism_frame}[connected_down=false,connected_east=false,connected_north=false,connected_south=false,connected_up=false,connected_west=false,empty=false,facing=west] moving=false destinationTransition=false allowed=true receiver=659521810 resolved=659521810 sameChunk=true containing=ROOT
[10:15:53] [Server thread/ERROR] [de.an.AntikytheraMechanism/]: [HOST-WRITE-DIAG] RETURN pos=BlockPos{x=6590463, y=-57, z=13817914} previousReturn=Block{antikytheramechanism:mechanism_frame}[connected_down=false,connected_east=false,connected_north=false,connected_south=false,connected_up=false,connected_west=false,empty=true,facing=west] actual=Block{antikytheramechanism:mechanism_frame}[connected_down=false,connected_east=false,connected_north=false,connected_south=false,connected_up=false,connected_west=false,empty=false,facing=west] destinationTransition=false receiver=659521810 resolved=659521810 sameChunk=true
[10:15:53] [Server thread/ERROR] [de.an.AntikytheraMechanism/]: [HOST-WRITE-DIAG] HEAD pos=BlockPos{x=6590504, y=-57, z=13817917} before=Block{minecraft:air} requested=Block{antikytheramechanism:mechanism_frame}[connected_down=false,connected_east=false,connected_north=false,connected_south=false,connected_up=false,connected_west=false,empty=true,facing=north] moving=false destinationTransition=false allowed=true receiver=1892253021 resolved=1892253021 sameChunk=true containing=ROOT
[10:15:53] [Server thread/WARN] [de.an.AntikytheraMechanism/]: [FREEZE-WATCHDOG] Armed 30s after Mechanism Frame placement at BlockPos{x=6590504, y=-57, z=13817917} in minecraft:overworld on thread Server thread (stall threshold=2000ms, generation=16)
[10:15:53] [Server thread/ERROR] [de.an.AntikytheraMechanism/]: [HOST-WRITE-DIAG] RETURN pos=BlockPos{x=6590504, y=-57, z=13817917} previousReturn=Block{minecraft:air} actual=Block{antikytheramechanism:mechanism_frame}[connected_down=false,connected_east=false,connected_north=false,connected_south=false,connected_up=false,connected_west=false,empty=true,facing=north] destinationTransition=false receiver=1892253021 resolved=1892253021 sameChunk=true
[10:15:53] [Server thread/ERROR] [de.an.AntikytheraMechanism/]: [HOST-WRITE-DIAG] HEAD pos=BlockPos{x=6590505, y=-57, z=13817917} before=Block{minecraft:air} requested=Block{antikytheramechanism:mechanism_frame}[connected_down=false,connected_east=false,connected_north=false,connected_south=false,connected_up=false,connected_west=false,empty=true,facing=north] moving=false destinationTransition=false allowed=true receiver=1892253021 resolved=1892253021 sameChunk=true containing=ROOT
[10:15:53] [Server thread/WARN] [de.an.AntikytheraMechanism/]: [FREEZE-WATCHDOG] Armed 30s after Mechanism Frame placement at BlockPos{x=6590505, y=-57, z=13817917} in minecraft:overworld on thread Server thread (stall threshold=2000ms, generation=17)
[10:15:53] [Server thread/ERROR] [de.an.AntikytheraMechanism/]: [HOST-WRITE-DIAG] RETURN pos=BlockPos{x=6590505, y=-57, z=13817917} previousReturn=Block{minecraft:air} actual=Block{antikytheramechanism:mechanism_frame}[connected_down=false,connected_east=false,connected_north=false,connected_south=false,connected_up=false,connected_west=false,empty=true,facing=north] destinationTransition=false receiver=1892253021 resolved=1892253021 sameChunk=true
[10:15:53] [Server thread/ERROR] [de.an.AntikytheraMechanism/]: [HOST-WRITE-DIAG] HEAD pos=BlockPos{x=6590504, y=-57, z=13817917} before=Block{antikytheramechanism:mechanism_frame}[connected_down=false,connected_east=false,connected_north=false,connected_south=false,connected_up=false,connected_west=false,empty=true,facing=north] requested=Block{antikytheramechanism:mechanism_frame}[connected_down=false,connected_east=true,connected_north=false,connected_south=false,connected_up=false,connected_west=false,empty=true,facing=north] moving=false destinationTransition=false allowed=true receiver=1892253021 resolved=1892253021 sameChunk=true containing=ROOT
[10:15:53] [Server thread/ERROR] [de.an.AntikytheraMechanism/]: [HOST-WRITE-DIAG] RETURN pos=BlockPos{x=6590504, y=-57, z=13817917} previousReturn=Block{antikytheramechanism:mechanism_frame}[connected_down=false,connected_east=false,connected_north=false,connected_south=false,connected_up=false,connected_west=false,empty=true,facing=north] actual=Block{antikytheramechanism:mechanism_frame}[connected_down=false,connected_east=true,connected_north=false,connected_south=false,connected_up=false,connected_west=false,empty=true,facing=north] destinationTransition=false receiver=1892253021 resolved=1892253021 sameChunk=true
[10:15:53] [Server thread/ERROR] [de.an.AntikytheraMechanism/]: [HOST-WRITE-DIAG] HEAD pos=BlockPos{x=6590505, y=-57, z=13817917} before=Block{antikytheramechanism:mechanism_frame}[connected_down=false,connected_east=false,connected_north=false,connected_south=false,connected_up=false,connected_west=false,empty=true,facing=north] requested=Block{antikytheramechanism:mechanism_frame}[connected_down=false,connected_east=false,connected_north=false,connected_south=false,connected_up=false,connected_west=true,empty=true,facing=north] moving=false destinationTransition=false allowed=true receiver=1892253021 resolved=1892253021 sameChunk=true containing=ROOT
[10:15:53] [Server thread/ERROR] [de.an.AntikytheraMechanism/]: [HOST-WRITE-DIAG] RETURN pos=BlockPos{x=6590505, y=-57, z=13817917} previousReturn=Block{antikytheramechanism:mechanism_frame}[connected_down=false,connected_east=false,connected_north=false,connected_south=false,connected_up=false,connected_west=false,empty=true,facing=north] actual=Block{antikytheramechanism:mechanism_frame}[connected_down=false,connected_east=false,connected_north=false,connected_south=false,connected_up=false,connected_west=true,empty=true,facing=north] destinationTransition=false receiver=1892253021 resolved=1892253021 sameChunk=true
[10:15:53] [Server thread/DEBUG] [de.an.AntikytheraMechanism/]: Staged Sable SubLevel 54b5f82d-ac2b-4552-ab90-b99523c43651 for content in assembly 044b137b-ed5a-4b29-8ad6-3c0405eb2deb
[10:15:53] [Server thread/DEBUG] [de.an.AntikytheraMechanism/]: Frame onRemove at BlockPos{x=6590504, y=-57, z=13817917} movedByPiston=false relocationJournal=false
[10:15:53] [Server thread/DEBUG] [de.an.AntikytheraMechanism/]: Staged Sable SubLevel ed509adb-bfac-465b-a0fd-b7b46c4de668 for content in assembly 3dbc7ba3-462c-4505-b566-f579eff7f7aa
[10:15:53] [Server thread/WARN] [de.an.AntikytheraMechanism/]: Managed Sable SubLevel ed509adb-bfac-465b-a0fd-b7b46c4de668 for assembly 3dbc7ba3-462c-4505-b566-f579eff7f7aa was removed (REMOVED)
[10:15:53] [Server thread/DEBUG] [de.an.AntikytheraMechanism/]: Rebased assembly 044b137b-ed5a-4b29-8ad6-3c0405eb2deb after topology change: stale origin BlockPos{x=6590504, y=-57, z=13817917} -> BlockPos{x=6590505, y=-57, z=13817917} over 1 retained Frames
[10:15:53] [Server thread/ERROR] [de.an.AntikytheraMechanism/]: [HOST-WRITE-DIAG] HEAD pos=BlockPos{x=6590505, y=-57, z=13817917} before=Block{antikytheramechanism:mechanism_frame}[connected_down=false,connected_east=false,connected_north=false,connected_south=false,connected_up=false,connected_west=true,empty=true,facing=north] requested=Block{antikytheramechanism:mechanism_frame}[connected_down=false,connected_east=false,connected_north=false,connected_south=false,connected_up=false,connected_west=false,empty=true,facing=north] moving=false destinationTransition=false allowed=true receiver=1892253021 resolved=1892253021 sameChunk=true containing=ROOT
[10:15:53] [Server thread/ERROR] [de.an.AntikytheraMechanism/]: [HOST-WRITE-DIAG] RETURN pos=BlockPos{x=6590505, y=-57, z=13817917} previousReturn=Block{antikytheramechanism:mechanism_frame}[connected_down=false,connected_east=false,connected_north=false,connected_south=false,connected_up=false,connected_west=true,empty=true,facing=north] actual=Block{antikytheramechanism:mechanism_frame}[connected_down=false,connected_east=false,connected_north=false,connected_south=false,connected_up=false,connected_west=false,empty=true,facing=north] destinationTransition=false receiver=1892253021 resolved=1892253021 sameChunk=true
[10:15:53] [Server thread/WARN] [de.an.AntikytheraMechanism/]: Managed Sable SubLevel 54b5f82d-ac2b-4552-ab90-b99523c43651 for assembly 044b137b-ed5a-4b29-8ad6-3c0405eb2deb was removed (REMOVED)
[10:15:53] [Server thread/ERROR] [de.an.AntikytheraMechanism/]: [HOST-WRITE-DIAG] HEAD pos=BlockPos{x=6590536, y=-57, z=13817913} before=Block{minecraft:air} requested=Block{antikytheramechanism:mechanism_frame}[connected_down=false,connected_east=false,connected_north=false,connected_south=false,connected_up=false,connected_west=false,empty=true,facing=north] moving=false destinationTransition=false allowed=true receiver=1725968013 resolved=1725968013 sameChunk=true containing=ROOT
[10:15:53] [Server thread/WARN] [de.an.AntikytheraMechanism/]: [FREEZE-WATCHDOG] Armed 30s after Mechanism Frame placement at BlockPos{x=6590536, y=-57, z=13817913} in minecraft:overworld on thread Server thread (stall threshold=2000ms, generation=18)
[10:15:53] [Server thread/ERROR] [de.an.AntikytheraMechanism/]: [HOST-WRITE-DIAG] RETURN pos=BlockPos{x=6590536, y=-57, z=13817913} previousReturn=Block{minecraft:air} actual=Block{antikytheramechanism:mechanism_frame}[connected_down=false,connected_east=false,connected_north=false,connected_south=false,connected_up=false,connected_west=false,empty=true,facing=north] destinationTransition=false receiver=1725968013 resolved=1725968013 sameChunk=true
[10:15:53] [Server thread/ERROR] [de.an.AntikytheraMechanism/]: [HOST-WRITE-DIAG] HEAD pos=BlockPos{x=6590536, y=-56, z=13817914} before=Block{minecraft:air} requested=Block{antikytheramechanism:mechanism_frame}[connected_down=false,connected_east=false,connected_north=false,connected_south=false,connected_up=false,connected_west=false,empty=true,facing=north] moving=false destinationTransition=false allowed=true receiver=1725968013 resolved=1725968013 sameChunk=true containing=ROOT
[10:15:53] [Server thread/WARN] [de.an.AntikytheraMechanism/]: [FREEZE-WATCHDOG] Armed 30s after Mechanism Frame placement at BlockPos{x=6590536, y=-56, z=13817914} in minecraft:overworld on thread Server thread (stall threshold=2000ms, generation=19)
[10:15:53] [Server thread/ERROR] [de.an.AntikytheraMechanism/]: [HOST-WRITE-DIAG] RETURN pos=BlockPos{x=6590536, y=-56, z=13817914} previousReturn=Block{minecraft:air} actual=Block{antikytheramechanism:mechanism_frame}[connected_down=false,connected_east=false,connected_north=false,connected_south=false,connected_up=false,connected_west=false,empty=true,facing=north] destinationTransition=false receiver=1725968013 resolved=1725968013 sameChunk=true
[10:15:53] [Server thread/ERROR] [de.an.AntikytheraMechanism/]: [HOST-WRITE-DIAG] HEAD pos=BlockPos{x=20481032, y=128, z=20487176} before=Block{minecraft:air} requested=Block{antikytheramechanism:mechanism_frame}[connected_down=false,connected_east=false,connected_north=false,connected_south=false,connected_up=false,connected_west=false,empty=true,facing=north] moving=true destinationTransition=true allowed=true receiver=1718151252 resolved=1718151252 sameChunk=true containing=f917f5ab-ee99-4bd2-abce-07ff1347e771
[10:15:53] [Server thread/ERROR] [de.an.AntikytheraMechanism/]: [HOST-WRITE-DIAG] RETURN pos=BlockPos{x=20481032, y=128, z=20487176} previousReturn=Block{minecraft:air} actual=Block{antikytheramechanism:mechanism_frame}[connected_down=false,connected_east=false,connected_north=false,connected_south=false,connected_up=false,connected_west=false,empty=true,facing=north] destinationTransition=true receiver=1718151252 resolved=1718151252 sameChunk=true
[10:15:53] [Server thread/ERROR] [de.an.AntikytheraMechanism/]: [HOST-WRITE-DIAG] HEAD pos=BlockPos{x=20481032, y=129, z=20487177} before=Block{minecraft:air} requested=Block{antikytheramechanism:mechanism_frame}[connected_down=false,connected_east=false,connected_north=false,connected_south=false,connected_up=false,connected_west=false,empty=true,facing=north] moving=true destinationTransition=true allowed=true receiver=1718151252 resolved=1718151252 sameChunk=true containing=f917f5ab-ee99-4bd2-abce-07ff1347e771
[10:15:53] [Server thread/ERROR] [de.an.AntikytheraMechanism/]: [HOST-WRITE-DIAG] RETURN pos=BlockPos{x=20481032, y=129, z=20487177} previousReturn=Block{minecraft:air} actual=Block{antikytheramechanism:mechanism_frame}[connected_down=false,connected_east=false,connected_north=false,connected_south=false,connected_up=false,connected_west=false,empty=true,facing=north] destinationTransition=true receiver=1718151252 resolved=1718151252 sameChunk=true
[10:15:53] [Server thread/DEBUG] [de.an.AntikytheraMechanism/]: Frame onRemove at BlockPos{x=6590536, y=-57, z=13817913} movedByPiston=true relocationJournal=true
[10:15:53] [Server thread/DEBUG] [de.an.AntikytheraMechanism/]: Frame onRemove at BlockPos{x=6590536, y=-56, z=13817914} movedByPiston=true relocationJournal=true
[10:15:53] [Server thread/DEBUG] [de.an.AntikytheraMechanism/]: Adopted complete Sable relocation for assembly b6b36492-50e0-4822-a73f-5d71674f7d06 by BlockPos{x=13890496, y=185, z=6669263} into host FOREIGN
[10:15:53] [Server thread/DEBUG] [de.an.AntikytheraMechanism/]: Adopted complete Sable relocation for assembly a4857913-0a8c-4a4d-89c6-4060603a4476 by BlockPos{x=13890496, y=185, z=6669263} into host FOREIGN
[10:15:53] [Server thread/ERROR] [de.an.AntikytheraMechanism/]: [HOST-WRITE-DIAG] HEAD pos=BlockPos{x=6590350, y=-58, z=13817934} before=Block{minecraft:air} requested=Block{antikytheramechanism:mechanism_frame}[connected_down=false,connected_east=false,connected_north=false,connected_south=false,connected_up=false,connected_west=false,empty=true,facing=north] moving=false destinationTransition=false allowed=true receiver=775213129 resolved=775213129 sameChunk=true containing=ROOT
[10:15:53] [Server thread/WARN] [de.an.AntikytheraMechanism/]: [FREEZE-WATCHDOG] Armed 30s after Mechanism Frame placement at BlockPos{x=6590350, y=-58, z=13817934} in minecraft:overworld on thread Server thread (stall threshold=2000ms, generation=20)
[10:15:53] [Server thread/ERROR] [de.an.AntikytheraMechanism/]: [HOST-WRITE-DIAG] RETURN pos=BlockPos{x=6590350, y=-58, z=13817934} previousReturn=Block{minecraft:air} actual=Block{antikytheramechanism:mechanism_frame}[connected_down=false,connected_east=false,connected_north=false,connected_south=false,connected_up=false,connected_west=false,empty=true,facing=north] destinationTransition=false receiver=775213129 resolved=775213129 sameChunk=true
[10:15:53] [Server thread/ERROR] [de.an.AntikytheraMechanism/]: [HOST-WRITE-DIAG] HEAD pos=BlockPos{x=6590352, y=-58, z=13817934} before=Block{minecraft:air} requested=Block{antikytheramechanism:mechanism_frame}[connected_down=false,connected_east=false,connected_north=false,connected_south=false,connected_up=false,connected_west=false,empty=true,facing=east] moving=false destinationTransition=false allowed=true receiver=255829907 resolved=255829907 sameChunk=true containing=ROOT
[10:15:53] [Server thread/WARN] [de.an.AntikytheraMechanism/]: [FREEZE-WATCHDOG] Armed 30s after Mechanism Frame placement at BlockPos{x=6590352, y=-58, z=13817934} in minecraft:overworld on thread Server thread (stall threshold=2000ms, generation=21)
[10:15:53] [Server thread/ERROR] [de.an.AntikytheraMechanism/]: [HOST-WRITE-DIAG] RETURN pos=BlockPos{x=6590352, y=-58, z=13817934} previousReturn=Block{minecraft:air} actual=Block{antikytheramechanism:mechanism_frame}[connected_down=false,connected_east=false,connected_north=false,connected_south=false,connected_up=false,connected_west=false,empty=true,facing=east] destinationTransition=false receiver=255829907 resolved=255829907 sameChunk=true
[10:15:53] [Server thread/ERROR] [de.an.AntikytheraMechanism/]: [HOST-WRITE-DIAG] HEAD pos=BlockPos{x=6590351, y=-58, z=13817934} before=Block{minecraft:air} requested=Block{antikytheramechanism:mechanism_frame}[connected_down=false,connected_east=false,connected_north=false,connected_south=false,connected_up=false,connected_west=false,empty=true,facing=north] moving=false destinationTransition=false allowed=true receiver=775213129 resolved=775213129 sameChunk=true containing=ROOT
[10:15:53] [Server thread/WARN] [de.an.AntikytheraMechanism/]: [FREEZE-WATCHDOG] Armed 30s after Mechanism Frame placement at BlockPos{x=6590351, y=-58, z=13817934} in minecraft:overworld on thread Server thread (stall threshold=2000ms, generation=22)
[10:15:53] [Server thread/ERROR] [de.an.AntikytheraMechanism/]: [HOST-WRITE-DIAG] RETURN pos=BlockPos{x=6590351, y=-58, z=13817934} previousReturn=Block{minecraft:air} actual=Block{antikytheramechanism:mechanism_frame}[connected_down=false,connected_east=false,connected_north=false,connected_south=false,connected_up=false,connected_west=false,empty=true,facing=north] destinationTransition=false receiver=775213129 resolved=775213129 sameChunk=true
[10:15:53] [Server thread/ERROR] [de.an.AntikytheraMechanism/]: [HOST-WRITE-DIAG] HEAD pos=BlockPos{x=6590350, y=-58, z=13817934} before=Block{antikytheramechanism:mechanism_frame}[connected_down=false,connected_east=false,connected_north=false,connected_south=false,connected_up=false,connected_west=false,empty=true,facing=north] requested=Block{antikytheramechanism:mechanism_frame}[connected_down=false,connected_east=true,connected_north=false,connected_south=false,connected_up=false,connected_west=false,empty=true,facing=north] moving=false destinationTransition=false allowed=true receiver=775213129 resolved=775213129 sameChunk=true containing=ROOT
[10:15:53] [Server thread/ERROR] [de.an.AntikytheraMechanism/]: [HOST-WRITE-DIAG] RETURN pos=BlockPos{x=6590350, y=-58, z=13817934} previousReturn=Block{antikytheramechanism:mechanism_frame}[connected_down=false,connected_east=false,connected_north=false,connected_south=false,connected_up=false,connected_west=false,empty=true,facing=north] actual=Block{antikytheramechanism:mechanism_frame}[connected_down=false,connected_east=true,connected_north=false,connected_south=false,connected_up=false,connected_west=false,empty=true,facing=north] destinationTransition=false receiver=775213129 resolved=775213129 sameChunk=true
[10:15:53] [Server thread/ERROR] [de.an.AntikytheraMechanism/]: [HOST-WRITE-DIAG] HEAD pos=BlockPos{x=6590351, y=-58, z=13817934} before=Block{antikytheramechanism:mechanism_frame}[connected_down=false,connected_east=false,connected_north=false,connected_south=false,connected_up=false,connected_west=false,empty=true,facing=north] requested=Block{antikytheramechanism:mechanism_frame}[connected_down=false,connected_east=false,connected_north=false,connected_south=false,connected_up=false,connected_west=true,empty=true,facing=north] moving=false destinationTransition=false allowed=true receiver=775213129 resolved=775213129 sameChunk=true containing=ROOT
[10:15:53] [Server thread/ERROR] [de.an.AntikytheraMechanism/]: [HOST-WRITE-DIAG] RETURN pos=BlockPos{x=6590351, y=-58, z=13817934} previousReturn=Block{antikytheramechanism:mechanism_frame}[connected_down=false,connected_east=false,connected_north=false,connected_south=false,connected_up=false,connected_west=false,empty=true,facing=north] actual=Block{antikytheramechanism:mechanism_frame}[connected_down=false,connected_east=false,connected_north=false,connected_south=false,connected_up=false,connected_west=true,empty=true,facing=north] destinationTransition=false receiver=775213129 resolved=775213129 sameChunk=true
[10:15:53] [Server thread/ERROR] [de.an.AntikytheraMechanism/]: [HOST-WRITE-DIAG] HEAD pos=BlockPos{x=6590425, y=-57, z=13817935} before=Block{minecraft:air} requested=Block{antikytheramechanism:mechanism_frame}[connected_down=false,connected_east=false,connected_north=false,connected_south=false,connected_up=false,connected_west=false,empty=true,facing=north] moving=false destinationTransition=false allowed=true receiver=420995768 resolved=420995768 sameChunk=true containing=ROOT
[10:15:53] [Server thread/WARN] [de.an.AntikytheraMechanism/]: [FREEZE-WATCHDOG] Armed 30s after Mechanism Frame placement at BlockPos{x=6590425, y=-57, z=13817935} in minecraft:overworld on thread Server thread (stall threshold=2000ms, generation=23)
[10:15:53] [Server thread/ERROR] [de.an.AntikytheraMechanism/]: [HOST-WRITE-DIAG] RETURN pos=BlockPos{x=6590425, y=-57, z=13817935} previousReturn=Block{minecraft:air} actual=Block{antikytheramechanism:mechanism_frame}[connected_down=false,connected_east=false,connected_north=false,connected_south=false,connected_up=false,connected_west=false,empty=true,facing=north] destinationTransition=false receiver=420995768 resolved=420995768 sameChunk=true
[10:15:53] [Server thread/DEBUG] [de.an.AntikytheraMechanism/]: Staged Sable SubLevel 996a0196-22bf-4c41-9b6a-89fd45e67355 for content in assembly dc9717aa-b031-4e79-aa07-6e802514813a
[10:15:53] [Server thread/ERROR] [de.an.AntikytheraMechanism/]: [HOST-WRITE-DIAG] HEAD pos=BlockPos{x=20481032, y=128, z=20491272} before=Block{minecraft:air} requested=Block{antikytheramechanism:mechanism_frame}[connected_down=false,connected_east=false,connected_north=false,connected_south=false,connected_up=false,connected_west=false,empty=true,facing=north] moving=true destinationTransition=true allowed=true receiver=843775633 resolved=843775633 sameChunk=true containing=75460f2c-82f6-4be4-b5e3-9173cc5599bd
[10:15:53] [Server thread/ERROR] [de.an.AntikytheraMechanism/]: [HOST-WRITE-DIAG] RETURN pos=BlockPos{x=20481032, y=128, z=20491272} previousReturn=Block{minecraft:air} actual=Block{antikytheramechanism:mechanism_frame}[connected_down=false,connected_east=false,connected_north=false,connected_south=false,connected_up=false,connected_west=false,empty=true,facing=north] destinationTransition=true receiver=843775633 resolved=843775633 sameChunk=true
[10:15:53] [Server thread/DEBUG] [de.an.AntikytheraMechanism/]: Frame onRemove at BlockPos{x=6590425, y=-57, z=13817935} movedByPiston=true relocationJournal=true
[10:15:53] [Server thread/DEBUG] [de.an.AntikytheraMechanism/]: Adopted complete Sable relocation for assembly dc9717aa-b031-4e79-aa07-6e802514813a by BlockPos{x=13890607, y=185, z=6673337} into host FOREIGN
[10:15:53] [Server thread/WARN] [de.an.AntikytheraMechanism/]: Managed Sable SubLevel 996a0196-22bf-4c41-9b6a-89fd45e67355 for assembly dc9717aa-b031-4e79-aa07-6e802514813a was removed (REMOVED)
[10:15:53] [Server thread/ERROR] [de.an.AntikytheraMechanism/]: [HOST-WRITE-DIAG] HEAD pos=BlockPos{x=6590463, y=-56, z=13817936} before=Block{minecraft:air} requested=Block{antikytheramechanism:mechanism_frame}[connected_down=false,connected_east=false,connected_north=false,connected_south=false,connected_up=false,connected_west=false,empty=true,facing=north] moving=false destinationTransition=false allowed=true receiver=1136796442 resolved=1136796442 sameChunk=true containing=ROOT
[10:15:53] [Server thread/WARN] [de.an.AntikytheraMechanism/]: [FREEZE-WATCHDOG] Armed 30s after Mechanism Frame placement at BlockPos{x=6590463, y=-56, z=13817936} in minecraft:overworld on thread Server thread (stall threshold=2000ms, generation=24)
[10:15:53] [Server thread/ERROR] [de.an.AntikytheraMechanism/]: [HOST-WRITE-DIAG] RETURN pos=BlockPos{x=6590463, y=-56, z=13817936} previousReturn=Block{minecraft:air} actual=Block{antikytheramechanism:mechanism_frame}[connected_down=false,connected_east=false,connected_north=false,connected_south=false,connected_up=false,connected_west=false,empty=true,facing=north] destinationTransition=false receiver=1136796442 resolved=1136796442 sameChunk=true
[10:15:53] [Server thread/DEBUG] [de.an.AntikytheraMechanism/]: Staged Sable SubLevel 7ff991af-3452-4c00-a836-17a3f0a52f08 for content in assembly cb08f190-09dd-4a0e-afd4-960804eb6c1f
[10:15:53] [Server thread/ERROR] [de.an.AntikytheraMechanism/]: [HOST-WRITE-DIAG] HEAD pos=BlockPos{x=6590463, y=-56, z=13817936} before=Block{antikytheramechanism:mechanism_frame}[connected_down=false,connected_east=false,connected_north=false,connected_south=false,connected_up=false,connected_west=false,empty=true,facing=north] requested=Block{antikytheramechanism:mechanism_frame}[connected_down=false,connected_east=false,connected_north=false,connected_south=false,connected_up=false,connected_west=false,empty=false,facing=north] moving=false destinationTransition=false allowed=true receiver=1136796442 resolved=1136796442 sameChunk=true containing=ROOT
[10:15:53] [Server thread/ERROR] [de.an.AntikytheraMechanism/]: [HOST-WRITE-DIAG] RETURN pos=BlockPos{x=6590463, y=-56, z=13817936} previousReturn=Block{antikytheramechanism:mechanism_frame}[connected_down=false,connected_east=false,connected_north=false,connected_south=false,connected_up=false,connected_west=false,empty=true,facing=north] actual=Block{antikytheramechanism:mechanism_frame}[connected_down=false,connected_east=false,connected_north=false,connected_south=false,connected_up=false,connected_west=false,empty=false,facing=north] destinationTransition=false receiver=1136796442 resolved=1136796442 sameChunk=true
[10:15:53] [Server thread/ERROR] [de.an.AntikytheraMechanism/]: [HOST-WRITE-DIAG] HEAD pos=BlockPos{x=6590499, y=-57, z=13817935} before=Block{minecraft:air} requested=Block{antikytheramechanism:mechanism_frame}[connected_down=false,connected_east=false,connected_north=false,connected_south=false,connected_up=false,connected_west=false,empty=true,facing=north] moving=false destinationTransition=false allowed=true receiver=941466800 resolved=941466800 sameChunk=true containing=ROOT
[10:15:53] [Server thread/WARN] [de.an.AntikytheraMechanism/]: [FREEZE-WATCHDOG] Armed 30s after Mechanism Frame placement at BlockPos{x=6590499, y=-57, z=13817935} in minecraft:overworld on thread Server thread (stall threshold=2000ms, generation=25)
[10:15:53] [Server thread/ERROR] [de.an.AntikytheraMechanism/]: [HOST-WRITE-DIAG] RETURN pos=BlockPos{x=6590499, y=-57, z=13817935} previousReturn=Block{minecraft:air} actual=Block{antikytheramechanism:mechanism_frame}[connected_down=false,connected_east=false,connected_north=false,connected_south=false,connected_up=false,connected_west=false,empty=true,facing=north] destinationTransition=false receiver=941466800 resolved=941466800 sameChunk=true
[10:15:53] [Server thread/ERROR] [de.an.AntikytheraMechanism/]: [HOST-WRITE-DIAG] HEAD pos=BlockPos{x=6590536, y=-57, z=13817935} before=Block{minecraft:air} requested=Block{antikytheramechanism:mechanism_frame}[connected_down=false,connected_east=false,connected_north=false,connected_south=false,connected_up=false,connected_west=false,empty=true,facing=north] moving=false destinationTransition=false allowed=true receiver=320355909 resolved=320355909 sameChunk=true containing=ROOT
[10:15:53] [Server thread/WARN] [de.an.AntikytheraMechanism/]: [FREEZE-WATCHDOG] Armed 30s after Mechanism Frame placement at BlockPos{x=6590536, y=-57, z=13817935} in minecraft:overworld on thread Server thread (stall threshold=2000ms, generation=26)
[10:15:53] [Server thread/ERROR] [de.an.AntikytheraMechanism/]: [HOST-WRITE-DIAG] RETURN pos=BlockPos{x=6590536, y=-57, z=13817935} previousReturn=Block{minecraft:air} actual=Block{antikytheramechanism:mechanism_frame}[connected_down=false,connected_east=false,connected_north=false,connected_south=false,connected_up=false,connected_west=false,empty=true,facing=north] destinationTransition=false receiver=320355909 resolved=320355909 sameChunk=true
[10:15:53] [Server thread/DEBUG] [de.an.AntikytheraMechanism/]: Staged Sable SubLevel 35438b04-86ba-4ef0-b17a-7b0ddbea68e7 for content in assembly 93b16400-2593-43c8-bcf5-418f3e510779
[10:15:53] [Server thread/DEBUG] [de.an.AntikytheraMechanism/]: Marked Sable SubLevel abb30472-6da6-4bc8-8351-451931d89966 as detached Antikythera half-scale physics body
[10:15:53] [Server thread/WARN] [de.an.AntikytheraMechanism/]: Managed Sable SubLevel 35438b04-86ba-4ef0-b17a-7b0ddbea68e7 for assembly 93b16400-2593-43c8-bcf5-418f3e510779 was removed (REMOVED)
[10:15:53] [Server thread/DEBUG] [de.an.AntikytheraMechanism/]: Marked Sable SubLevel 021469b8-17bf-4b85-9971-e5e3012abb7d as detached Antikythera half-scale physics body
[10:15:53] [Server thread/ERROR] [de.an.AntikytheraMechanism/]: [HOST-WRITE-DIAG] HEAD pos=BlockPos{x=6590387, y=-58, z=13817956} before=Block{minecraft:air} requested=Block{antikytheramechanism:mechanism_frame}[connected_down=false,connected_east=false,connected_north=false,connected_south=false,connected_up=false,connected_west=false,empty=true,facing=north] moving=false destinationTransition=false allowed=true receiver=446798962 resolved=446798962 sameChunk=true containing=ROOT
[10:15:53] [Server thread/WARN] [de.an.AntikytheraMechanism/]: [FREEZE-WATCHDOG] Armed 30s after Mechanism Frame placement at BlockPos{x=6590387, y=-58, z=13817956} in minecraft:overworld on thread Server thread (stall threshold=2000ms, generation=27)
[10:15:53] [Server thread/ERROR] [de.an.AntikytheraMechanism/]: [HOST-WRITE-DIAG] RETURN pos=BlockPos{x=6590387, y=-58, z=13817956} previousReturn=Block{minecraft:air} actual=Block{antikytheramechanism:mechanism_frame}[connected_down=false,connected_east=false,connected_north=false,connected_south=false,connected_up=false,connected_west=false,empty=true,facing=north] destinationTransition=false receiver=446798962 resolved=446798962 sameChunk=true
[10:15:53] [Server thread/ERROR] [de.an.AntikytheraMechanism/]: [HOST-WRITE-DIAG] HEAD pos=BlockPos{x=6590388, y=-58, z=13817956} before=Block{minecraft:air} requested=Block{antikytheramechanism:mechanism_frame}[connected_down=false,connected_east=false,connected_north=false,connected_south=false,connected_up=false,connected_west=false,empty=true,facing=east] moving=false destinationTransition=false allowed=true receiver=446798962 resolved=446798962 sameChunk=true containing=ROOT
[10:15:53] [Server thread/WARN] [de.an.AntikytheraMechanism/]: [FREEZE-WATCHDOG] Armed 30s after Mechanism Frame placement at BlockPos{x=6590388, y=-58, z=13817956} in minecraft:overworld on thread Server thread (stall threshold=2000ms, generation=28)
[10:15:53] [Server thread/ERROR] [de.an.AntikytheraMechanism/]: [HOST-WRITE-DIAG] RETURN pos=BlockPos{x=6590388, y=-58, z=13817956} previousReturn=Block{minecraft:air} actual=Block{antikytheramechanism:mechanism_frame}[connected_down=false,connected_east=false,connected_north=false,connected_south=false,connected_up=false,connected_west=false,empty=true,facing=east] destinationTransition=false receiver=446798962 resolved=446798962 sameChunk=true
[10:15:53] [Server thread/ERROR] [de.an.AntikytheraMechanism/]: [HOST-WRITE-DIAG] HEAD pos=BlockPos{x=6590427, y=-57, z=13817956} before=Block{minecraft:air} requested=Block{antikytheramechanism:mechanism_frame}[connected_down=false,connected_east=false,connected_north=false,connected_south=false,connected_up=false,connected_west=false,empty=true,facing=north] moving=false destinationTransition=false allowed=true receiver=2022739600 resolved=2022739600 sameChunk=true containing=ROOT
[10:15:53] [Server thread/WARN] [de.an.AntikytheraMechanism/]: [FREEZE-WATCHDOG] Armed 30s after Mechanism Frame placement at BlockPos{x=6590427, y=-57, z=13817956} in minecraft:overworld on thread Server thread (stall threshold=2000ms, generation=29)
[10:15:53] [Server thread/ERROR] [de.an.AntikytheraMechanism/]: [HOST-WRITE-DIAG] RETURN pos=BlockPos{x=6590427, y=-57, z=13817956} previousReturn=Block{minecraft:air} actual=Block{antikytheramechanism:mechanism_frame}[connected_down=false,connected_east=false,connected_north=false,connected_south=false,connected_up=false,connected_west=false,empty=true,facing=north] destinationTransition=false receiver=2022739600 resolved=2022739600 sameChunk=true
[10:15:53] [Server thread/DEBUG] [de.an.AntikytheraMechanism/]: Staged Sable SubLevel 13915936-ba9a-4401-ae90-b1ca50f316f6 for content in assembly 28aed7a0-1d66-40e5-a722-618a25cdaa74
[10:15:53] [Server thread/DEBUG] [de.an.AntikytheraMechanism/]: Staged Sable SubLevel a5c35f8d-37a5-4556-bd76-2358cd9cf729 for content in assembly 7dda243c-1deb-48a4-be2c-34e277b0de59
[10:15:53] [Server thread/WARN] [de.an.AntikytheraMechanism/]: Managed Sable SubLevel a5c35f8d-37a5-4556-bd76-2358cd9cf729 for assembly 7dda243c-1deb-48a4-be2c-34e277b0de59 was removed (REMOVED)
[10:15:53] [Server thread/WARN] [de.an.AntikytheraMechanism/]: Managed Sable SubLevel 13915936-ba9a-4401-ae90-b1ca50f316f6 for assembly 28aed7a0-1d66-40e5-a722-618a25cdaa74 was removed (REMOVED)
[10:15:53] [Server thread/ERROR] [de.an.AntikytheraMechanism/]: [HOST-WRITE-DIAG] HEAD pos=BlockPos{x=6590463, y=-57, z=13817958} before=Block{minecraft:air} requested=Block{antikytheramechanism:mechanism_frame}[connected_down=false,connected_east=false,connected_north=false,connected_south=false,connected_up=false,connected_west=false,empty=true,facing=east] moving=false destinationTransition=false allowed=true receiver=522641051 resolved=522641051 sameChunk=true containing=ROOT
[10:15:53] [Server thread/WARN] [de.an.AntikytheraMechanism/]: [FREEZE-WATCHDOG] Armed 30s after Mechanism Frame placement at BlockPos{x=6590463, y=-57, z=13817958} in minecraft:overworld on thread Server thread (stall threshold=2000ms, generation=30)
[10:15:53] [Server thread/ERROR] [de.an.AntikytheraMechanism/]: [HOST-WRITE-DIAG] RETURN pos=BlockPos{x=6590463, y=-57, z=13817958} previousReturn=Block{minecraft:air} actual=Block{antikytheramechanism:mechanism_frame}[connected_down=false,connected_east=false,connected_north=false,connected_south=false,connected_up=false,connected_west=false,empty=true,facing=east] destinationTransition=false receiver=522641051 resolved=522641051 sameChunk=true
[10:15:53] [Server thread/DEBUG] [de.an.AntikytheraMechanism/]: Staged Sable SubLevel 96b18d11-bc13-4db5-bd40-a5e5093be5ae for content in assembly d3590738-92cb-4328-9110-74607b1c7da7
[10:15:53] [Server thread/ERROR] [de.an.AntikytheraMechanism/]: [HOST-WRITE-DIAG] HEAD pos=BlockPos{x=6590463, y=-57, z=13817958} before=Block{antikytheramechanism:mechanism_frame}[connected_down=false,connected_east=false,connected_north=false,connected_south=false,connected_up=false,connected_west=false,empty=true,facing=east] requested=Block{antikytheramechanism:mechanism_frame}[connected_down=false,connected_east=false,connected_north=false,connected_south=false,connected_up=false,connected_west=false,empty=false,facing=east] moving=false destinationTransition=false allowed=true receiver=522641051 resolved=522641051 sameChunk=true containing=ROOT
[10:15:53] [Server thread/ERROR] [de.an.AntikytheraMechanism/]: [HOST-WRITE-DIAG] RETURN pos=BlockPos{x=6590463, y=-57, z=13817958} previousReturn=Block{antikytheramechanism:mechanism_frame}[connected_down=false,connected_east=false,connected_north=false,connected_south=false,connected_up=false,connected_west=false,empty=true,facing=east] actual=Block{antikytheramechanism:mechanism_frame}[connected_down=false,connected_east=false,connected_north=false,connected_south=false,connected_up=false,connected_west=false,empty=false,facing=east] destinationTransition=false receiver=522641051 resolved=522641051 sameChunk=true
[10:15:53] [Server thread/ERROR] [de.an.AntikytheraMechanism/]: [HOST-WRITE-DIAG] HEAD pos=BlockPos{x=6590500, y=-57, z=13817958} before=Block{minecraft:air} requested=Block{antikytheramechanism:mechanism_frame}[connected_down=false,connected_east=false,connected_north=false,connected_south=false,connected_up=false,connected_west=false,empty=true,facing=north] moving=false destinationTransition=false allowed=true receiver=594991673 resolved=594991673 sameChunk=true containing=ROOT
[10:15:53] [Server thread/WARN] [de.an.AntikytheraMechanism/]: [FREEZE-WATCHDOG] Armed 30s after Mechanism Frame placement at BlockPos{x=6590500, y=-57, z=13817958} in minecraft:overworld on thread Server thread (stall threshold=2000ms, generation=31)
[10:15:53] [Server thread/ERROR] [de.an.AntikytheraMechanism/]: [HOST-WRITE-DIAG] RETURN pos=BlockPos{x=6590500, y=-57, z=13817958} previousReturn=Block{minecraft:air} actual=Block{antikytheramechanism:mechanism_frame}[connected_down=false,connected_east=false,connected_north=false,connected_south=false,connected_up=false,connected_west=false,empty=true,facing=north] destinationTransition=false receiver=594991673 resolved=594991673 sameChunk=true
[10:15:53] [Server thread/DEBUG] [de.an.AntikytheraMechanism/]: Staged Sable SubLevel 1587b0cd-c58b-4e15-b34c-c5ce41fbea67 for content in assembly 7904bd24-9da8-4689-b4b8-d953274eb4eb
[10:15:53] [Server thread/WARN] [de.an.AntikytheraMechanism/]: Managed Sable SubLevel 1587b0cd-c58b-4e15-b34c-c5ce41fbea67 for assembly 7904bd24-9da8-4689-b4b8-d953274eb4eb was removed (REMOVED)
[10:15:53] [Server thread/ERROR] [de.an.AntikytheraMechanism/]: [HOST-WRITE-DIAG] HEAD pos=BlockPos{x=6590535, y=-57, z=13817956} before=Block{minecraft:air} requested=Block{antikytheramechanism:mechanism_frame}[connected_down=false,connected_east=false,connected_north=false,connected_south=false,connected_up=false,connected_west=false,empty=true,facing=north] moving=false destinationTransition=false allowed=true receiver=132557888 resolved=132557888 sameChunk=true containing=ROOT
[10:15:53] [Server thread/WARN] [de.an.AntikytheraMechanism/]: [FREEZE-WATCHDOG] Armed 30s after Mechanism Frame placement at BlockPos{x=6590535, y=-57, z=13817956} in minecraft:overworld on thread Server thread (stall threshold=2000ms, generation=32)
[10:15:53] [Server thread/ERROR] [de.an.AntikytheraMechanism/]: [HOST-WRITE-DIAG] RETURN pos=BlockPos{x=6590535, y=-57, z=13817956} previousReturn=Block{minecraft:air} actual=Block{antikytheramechanism:mechanism_frame}[connected_down=false,connected_east=false,connected_north=false,connected_south=false,connected_up=false,connected_west=false,empty=true,facing=north] destinationTransition=false receiver=132557888 resolved=132557888 sameChunk=true
[10:15:53] [Server thread/DEBUG] [de.an.AntikytheraMechanism/]: Staged Sable SubLevel 493686ac-0d43-4c94-aed4-ecf51c375fa6 for content in assembly a0cf9992-7776-4322-a037-5c6331349248
[10:15:53] [Server thread/ERROR] [de.an.AntikytheraMechanism/]: [HOST-WRITE-DIAG] HEAD pos=BlockPos{x=6590535, y=-57, z=13817956} before=Block{antikytheramechanism:mechanism_frame}[connected_down=false,connected_east=false,connected_north=false,connected_south=false,connected_up=false,connected_west=false,empty=true,facing=north] requested=Block{antikytheramechanism:mechanism_frame}[connected_down=false,connected_east=false,connected_north=false,connected_south=false,connected_up=false,connected_west=false,empty=false,facing=north] moving=false destinationTransition=false allowed=true receiver=132557888 resolved=132557888 sameChunk=true containing=ROOT
[10:15:53] [Server thread/ERROR] [de.an.AntikytheraMechanism/]: [HOST-WRITE-DIAG] RETURN pos=BlockPos{x=6590535, y=-57, z=13817956} previousReturn=Block{antikytheramechanism:mechanism_frame}[connected_down=false,connected_east=false,connected_north=false,connected_south=false,connected_up=false,connected_west=false,empty=true,facing=north] actual=Block{antikytheramechanism:mechanism_frame}[connected_down=false,connected_east=false,connected_north=false,connected_south=false,connected_up=false,connected_west=false,empty=false,facing=north] destinationTransition=false receiver=132557888 resolved=132557888 sameChunk=true
[10:15:53] [Server thread/DEBUG] [de.an.AntikytheraMechanism/]: Frame onRemove at BlockPos{x=6590535, y=-57, z=13817956} movedByPiston=false relocationJournal=true
[10:15:53] [Server thread/ERROR] [de.an.AntikytheraMechanism/]: [HOST-WRITE-DIAG] HEAD pos=BlockPos{x=6590541, y=-57, z=13817956} before=Block{minecraft:air} requested=Block{antikytheramechanism:mechanism_frame}[connected_down=false,connected_east=false,connected_north=false,connected_south=false,connected_up=false,connected_west=false,empty=true,facing=south] moving=false destinationTransition=false allowed=true receiver=132557888 resolved=132557888 sameChunk=true containing=ROOT
[10:15:53] [Server thread/ERROR] [de.an.AntikytheraMechanism/]: [HOST-WRITE-DIAG] RETURN pos=BlockPos{x=6590541, y=-57, z=13817956} previousReturn=Block{minecraft:air} actual=Block{antikytheramechanism:mechanism_frame}[connected_down=false,connected_east=false,connected_north=false,connected_south=false,connected_up=false,connected_west=false,empty=true,facing=south] destinationTransition=false receiver=132557888 resolved=132557888 sameChunk=true
[10:15:53] [Server thread/ERROR] [de.an.AntikytheraMechanism/]: [HOST-WRITE-DIAG] HEAD pos=BlockPos{x=6590541, y=-57, z=13817956} before=Block{antikytheramechanism:mechanism_frame}[connected_down=false,connected_east=false,connected_north=false,connected_south=false,connected_up=false,connected_west=false,empty=true,facing=south] requested=Block{antikytheramechanism:mechanism_frame}[connected_down=false,connected_east=false,connected_north=false,connected_south=false,connected_up=false,connected_west=false,empty=false,facing=south] moving=false destinationTransition=false allowed=true receiver=132557888 resolved=132557888 sameChunk=true containing=ROOT
[10:15:53] [Server thread/ERROR] [de.an.AntikytheraMechanism/]: [HOST-WRITE-DIAG] RETURN pos=BlockPos{x=6590541, y=-57, z=13817956} previousReturn=Block{antikytheramechanism:mechanism_frame}[connected_down=false,connected_east=false,connected_north=false,connected_south=false,connected_up=false,connected_west=false,empty=true,facing=south] actual=Block{antikytheramechanism:mechanism_frame}[connected_down=false,connected_east=false,connected_north=false,connected_south=false,connected_up=false,connected_west=false,empty=false,facing=south] destinationTransition=false receiver=132557888 resolved=132557888 sameChunk=true
[10:15:53] [Server thread/WARN] [de.an.AntikytheraMechanism/]: Managed Sable SubLevel 493686ac-0d43-4c94-aed4-ecf51c375fa6 for assembly a0cf9992-7776-4322-a037-5c6331349248 was removed (REMOVED)
[10:15:53] [Server thread/ERROR] [de.an.AntikytheraMechanism/]: [HOST-WRITE-DIAG] HEAD pos=BlockPos{x=6590352, y=-57, z=13817980} before=Block{minecraft:air} requested=Block{antikytheramechanism:mechanism_frame}[connected_down=false,connected_east=false,connected_north=false,connected_south=false,connected_up=false,connected_west=false,empty=true,facing=north] moving=false destinationTransition=false allowed=true receiver=166506203 resolved=166506203 sameChunk=true containing=ROOT
[10:15:53] [Server thread/WARN] [de.an.AntikytheraMechanism/]: [FREEZE-WATCHDOG] Armed 30s after Mechanism Frame placement at BlockPos{x=6590352, y=-57, z=13817980} in minecraft:overworld on thread Server thread (stall threshold=2000ms, generation=33)
[10:15:53] [Server thread/ERROR] [de.an.AntikytheraMechanism/]: [HOST-WRITE-DIAG] RETURN pos=BlockPos{x=6590352, y=-57, z=13817980} previousReturn=Block{minecraft:air} actual=Block{antikytheramechanism:mechanism_frame}[connected_down=false,connected_east=false,connected_north=false,connected_south=false,connected_up=false,connected_west=false,empty=true,facing=north] destinationTransition=false receiver=166506203 resolved=166506203 sameChunk=true
[10:15:53] [Server thread/DEBUG] [de.an.AntikytheraMechanism/]: Staged Sable SubLevel a80bad37-e313-4dd2-be4f-bd68f6a4190c for content in assembly a7834da5-f731-4aa6-b22d-aaa1fe80a2da
[10:15:53] [Server thread/WARN] [de.an.AntikytheraMechanism/]: Managed Sable SubLevel a80bad37-e313-4dd2-be4f-bd68f6a4190c for assembly a7834da5-f731-4aa6-b22d-aaa1fe80a2da was removed (REMOVED)
[10:15:53] [Server thread/ERROR] [de.an.AntikytheraMechanism/]: [HOST-WRITE-DIAG] HEAD pos=BlockPos{x=6590388, y=-57, z=13817981} before=Block{minecraft:air} requested=Block{antikytheramechanism:mechanism_frame}[connected_down=false,connected_east=false,connected_north=false,connected_south=false,connected_up=false,connected_west=false,empty=true,facing=north] moving=false destinationTransition=false allowed=true receiver=294839366 resolved=294839366 sameChunk=true containing=ROOT
[10:15:53] [Server thread/WARN] [de.an.AntikytheraMechanism/]: [FREEZE-WATCHDOG] Armed 30s after Mechanism Frame placement at BlockPos{x=6590388, y=-57, z=13817981} in minecraft:overworld on thread Server thread (stall threshold=2000ms, generation=34)
[10:15:53] [Server thread/ERROR] [de.an.AntikytheraMechanism/]: [HOST-WRITE-DIAG] RETURN pos=BlockPos{x=6590388, y=-57, z=13817981} previousReturn=Block{minecraft:air} actual=Block{antikytheramechanism:mechanism_frame}[connected_down=false,connected_east=false,connected_north=false,connected_south=false,connected_up=false,connected_west=false,empty=true,facing=north] destinationTransition=false receiver=294839366 resolved=294839366 sameChunk=true
[10:15:53] [Server thread/ERROR] [de.an.AntikytheraMechanism/]: [HOST-WRITE-DIAG] HEAD pos=BlockPos{x=6590389, y=-57, z=13817981} before=Block{minecraft:air} requested=Block{antikytheramechanism:mechanism_frame}[connected_down=false,connected_east=false,connected_north=false,connected_south=false,connected_up=false,connected_west=false,empty=true,facing=north] moving=false destinationTransition=false allowed=true receiver=294839366 resolved=294839366 sameChunk=true containing=ROOT
[10:15:53] [Server thread/WARN] [de.an.AntikytheraMechanism/]: [FREEZE-WATCHDOG] Armed 30s after Mechanism Frame placement at BlockPos{x=6590389, y=-57, z=13817981} in minecraft:overworld on thread Server thread (stall threshold=2000ms, generation=35)
[10:15:53] [Server thread/ERROR] [de.an.AntikytheraMechanism/]: [HOST-WRITE-DIAG] RETURN pos=BlockPos{x=6590389, y=-57, z=13817981} previousReturn=Block{minecraft:air} actual=Block{antikytheramechanism:mechanism_frame}[connected_down=false,connected_east=false,connected_north=false,connected_south=false,connected_up=false,connected_west=false,empty=true,facing=north] destinationTransition=false receiver=294839366 resolved=294839366 sameChunk=true
[10:15:53] [Server thread/ERROR] [de.an.AntikytheraMechanism/]: [HOST-WRITE-DIAG] HEAD pos=BlockPos{x=6590388, y=-57, z=13817981} before=Block{antikytheramechanism:mechanism_frame}[connected_down=false,connected_east=false,connected_north=false,connected_south=false,connected_up=false,connected_west=false,empty=true,facing=north] requested=Block{antikytheramechanism:mechanism_frame}[connected_down=false,connected_east=true,connected_north=false,connected_south=false,connected_up=false,connected_west=false,empty=true,facing=north] moving=false destinationTransition=false allowed=true receiver=294839366 resolved=294839366 sameChunk=true containing=ROOT
[10:15:53] [Server thread/ERROR] [de.an.AntikytheraMechanism/]: [HOST-WRITE-DIAG] RETURN pos=BlockPos{x=6590388, y=-57, z=13817981} previousReturn=Block{antikytheramechanism:mechanism_frame}[connected_down=false,connected_east=false,connected_north=false,connected_south=false,connected_up=false,connected_west=false,empty=true,facing=north] actual=Block{antikytheramechanism:mechanism_frame}[connected_down=false,connected_east=true,connected_north=false,connected_south=false,connected_up=false,connected_west=false,empty=true,facing=north] destinationTransition=false receiver=294839366 resolved=294839366 sameChunk=true
[10:15:53] [Server thread/ERROR] [de.an.AntikytheraMechanism/]: [HOST-WRITE-DIAG] HEAD pos=BlockPos{x=6590389, y=-57, z=13817981} before=Block{antikytheramechanism:mechanism_frame}[connected_down=false,connected_east=false,connected_north=false,connected_south=false,connected_up=false,connected_west=false,empty=true,facing=north] requested=Block{antikytheramechanism:mechanism_frame}[connected_down=false,connected_east=false,connected_north=false,connected_south=false,connected_up=false,connected_west=true,empty=true,facing=north] moving=false destinationTransition=false allowed=true receiver=294839366 resolved=294839366 sameChunk=true containing=ROOT
[10:15:53] [Server thread/ERROR] [de.an.AntikytheraMechanism/]: [HOST-WRITE-DIAG] RETURN pos=BlockPos{x=6590389, y=-57, z=13817981} previousReturn=Block{antikytheramechanism:mechanism_frame}[connected_down=false,connected_east=false,connected_north=false,connected_south=false,connected_up=false,connected_west=false,empty=true,facing=north] actual=Block{antikytheramechanism:mechanism_frame}[connected_down=false,connected_east=false,connected_north=false,connected_south=false,connected_up=false,connected_west=true,empty=true,facing=north] destinationTransition=false receiver=294839366 resolved=294839366 sameChunk=true
[10:15:53] [Server thread/ERROR] [de.an.AntikytheraMechanism/]: [HOST-WRITE-DIAG] HEAD pos=BlockPos{x=6590390, y=-57, z=13817981} before=Block{minecraft:air} requested=Block{antikytheramechanism:mechanism_frame}[connected_down=false,connected_east=false,connected_north=false,connected_south=false,connected_up=false,connected_west=false,empty=true,facing=north] moving=false destinationTransition=false allowed=true receiver=294839366 resolved=294839366 sameChunk=true containing=ROOT
[10:15:53] [Server thread/WARN] [de.an.AntikytheraMechanism/]: [FREEZE-WATCHDOG] Armed 30s after Mechanism Frame placement at BlockPos{x=6590390, y=-57, z=13817981} in minecraft:overworld on thread Server thread (stall threshold=2000ms, generation=36)
[10:15:53] [Server thread/ERROR] [de.an.AntikytheraMechanism/]: [HOST-WRITE-DIAG] RETURN pos=BlockPos{x=6590390, y=-57, z=13817981} previousReturn=Block{minecraft:air} actual=Block{antikytheramechanism:mechanism_frame}[connected_down=false,connected_east=false,connected_north=false,connected_south=false,connected_up=false,connected_west=false,empty=true,facing=north] destinationTransition=false receiver=294839366 resolved=294839366 sameChunk=true
[10:15:53] [Server thread/ERROR] [de.an.AntikytheraMechanism/]: [HOST-WRITE-DIAG] HEAD pos=BlockPos{x=6590389, y=-57, z=13817981} before=Block{antikytheramechanism:mechanism_frame}[connected_down=false,connected_east=false,connected_north=false,connected_south=false,connected_up=false,connected_west=true,empty=true,facing=north] requested=Block{antikytheramechanism:mechanism_frame}[connected_down=false,connected_east=true,connected_north=false,connected_south=false,connected_up=false,connected_west=true,empty=true,facing=north] moving=false destinationTransition=false allowed=true receiver=294839366 resolved=294839366 sameChunk=true containing=ROOT
[10:15:53] [Server thread/ERROR] [de.an.AntikytheraMechanism/]: [HOST-WRITE-DIAG] RETURN pos=BlockPos{x=6590389, y=-57, z=13817981} previousReturn=Block{antikytheramechanism:mechanism_frame}[connected_down=false,connected_east=false,connected_north=false,connected_south=false,connected_up=false,connected_west=true,empty=true,facing=north] actual=Block{antikytheramechanism:mechanism_frame}[connected_down=false,connected_east=true,connected_north=false,connected_south=false,connected_up=false,connected_west=true,empty=true,facing=north] destinationTransition=false receiver=294839366 resolved=294839366 sameChunk=true
[10:15:53] [Server thread/ERROR] [de.an.AntikytheraMechanism/]: [HOST-WRITE-DIAG] HEAD pos=BlockPos{x=6590390, y=-57, z=13817981} before=Block{antikytheramechanism:mechanism_frame}[connected_down=false,connected_east=false,connected_north=false,connected_south=false,connected_up=false,connected_west=false,empty=true,facing=north] requested=Block{antikytheramechanism:mechanism_frame}[connected_down=false,connected_east=false,connected_north=false,connected_south=false,connected_up=false,connected_west=true,empty=true,facing=north] moving=false destinationTransition=false allowed=true receiver=294839366 resolved=294839366 sameChunk=true containing=ROOT
[10:15:53] [Server thread/ERROR] [de.an.AntikytheraMechanism/]: [HOST-WRITE-DIAG] RETURN pos=BlockPos{x=6590390, y=-57, z=13817981} previousReturn=Block{antikytheramechanism:mechanism_frame}[connected_down=false,connected_east=false,connected_north=false,connected_south=false,connected_up=false,connected_west=false,empty=true,facing=north] actual=Block{antikytheramechanism:mechanism_frame}[connected_down=false,connected_east=false,connected_north=false,connected_south=false,connected_up=false,connected_west=true,empty=true,facing=north] destinationTransition=false receiver=294839366 resolved=294839366 sameChunk=true
[10:15:53] [Server thread/DEBUG] [de.an.AntikytheraMechanism/]: Staged Sable SubLevel ee6a66a6-d2eb-497f-930d-fabf253a1e1d for content in assembly eb2934eb-959d-4519-8afa-384b7a7b4f55
[10:15:53] [Server thread/DEBUG] [de.an.AntikytheraMechanism/]: Frame onRemove at BlockPos{x=6590388, y=-57, z=13817981} movedByPiston=false relocationJournal=false
[10:15:53] [Server thread/DEBUG] [de.an.AntikytheraMechanism/]: Staged Sable SubLevel e57d3f09-0586-465e-a32c-b4cdeee42f60 for content in assembly cbe96f4b-1642-4052-b528-d2d392dca9b2
[10:15:53] [Server thread/ERROR] [de.an.AntikytheraMechanism/]: Assembly lifecycle listener antikytheramechanism:gametest_origin_rebase_outbound_recovery rejected afterAssemblyTransfer
[10:15:53] [Server thread/ERROR] [de.an.AntikytheraMechanism/]: Assembly lifecycle listener antikytheramechanism:gametest_origin_rebase_outbound_recovery rejected onAssemblyTransferRollback
[10:15:53] [Server thread/ERROR] [de.an.AntikytheraMechanism/]: Locked assemblies eb2934eb-959d-4519-8afa-384b7a7b4f55 and cbe96f4b-1642-4052-b528-d2d392dca9b2 after stale-origin repair failed: staging the retained payload for origin rebase requires recovery. Both managed payload references were retained for recovery.
[10:15:53] [Server thread/ERROR] [de.an.AntikytheraMechanism/]: [HOST-WRITE-DIAG] HEAD pos=BlockPos{x=6590389, y=-57, z=13817981} before=Block{antikytheramechanism:mechanism_frame}[connected_down=false,connected_east=true,connected_north=false,connected_south=false,connected_up=false,connected_west=true,empty=true,facing=north] requested=Block{antikytheramechanism:mechanism_frame}[connected_down=false,connected_east=true,connected_north=false,connected_south=false,connected_up=false,connected_west=false,empty=true,facing=north] moving=false destinationTransition=false allowed=true receiver=294839366 resolved=294839366 sameChunk=true containing=ROOT
[10:15:53] [Server thread/ERROR] [de.an.AntikytheraMechanism/]: [HOST-WRITE-DIAG] RETURN pos=BlockPos{x=6590389, y=-57, z=13817981} previousReturn=Block{antikytheramechanism:mechanism_frame}[connected_down=false,connected_east=true,connected_north=false,connected_south=false,connected_up=false,connected_west=true,empty=true,facing=north] actual=Block{antikytheramechanism:mechanism_frame}[connected_down=false,connected_east=true,connected_north=false,connected_south=false,connected_up=false,connected_west=false,empty=true,facing=north] destinationTransition=false receiver=294839366 resolved=294839366 sameChunk=true
[10:15:54] [Server thread/WARN] [de.an.AntikytheraMechanism/]: Managed Sable SubLevel ee6a66a6-d2eb-497f-930d-fabf253a1e1d for assembly eb2934eb-959d-4519-8afa-384b7a7b4f55 was removed (REMOVED)
[10:15:54] [Server thread/ERROR] [de.an.AntikytheraMechanism/]: [HOST-WRITE-DIAG] HEAD pos=BlockPos{x=6590425, y=-56, z=13817979} before=Block{minecraft:air} requested=Block{antikytheramechanism:mechanism_frame}[connected_down=false,connected_east=false,connected_north=false,connected_south=false,connected_up=false,connected_west=false,empty=true,facing=north] moving=false destinationTransition=false allowed=true receiver=530803340 resolved=530803340 sameChunk=true containing=ROOT
[10:15:54] [Server thread/WARN] [de.an.AntikytheraMechanism/]: [FREEZE-WATCHDOG] Armed 30s after Mechanism Frame placement at BlockPos{x=6590425, y=-56, z=13817979} in minecraft:overworld on thread Server thread (stall threshold=2000ms, generation=37)
[10:15:54] [Server thread/ERROR] [de.an.AntikytheraMechanism/]: [HOST-WRITE-DIAG] RETURN pos=BlockPos{x=6590425, y=-56, z=13817979} previousReturn=Block{minecraft:air} actual=Block{antikytheramechanism:mechanism_frame}[connected_down=false,connected_east=false,connected_north=false,connected_south=false,connected_up=false,connected_west=false,empty=true,facing=north] destinationTransition=false receiver=530803340 resolved=530803340 sameChunk=true
[10:15:54] [Server thread/DEBUG] [de.an.AntikytheraMechanism/]: Staged Sable SubLevel bd5ec853-4b36-4bc4-91b6-2ef5fbdc31d4 for content in assembly e203aa54-fe2e-4775-85de-48fd7d848126
[10:15:54] [Server thread/ERROR] [de.an.AntikytheraMechanism/]: [HOST-WRITE-DIAG] HEAD pos=BlockPos{x=6590425, y=-56, z=13817979} before=Block{antikytheramechanism:mechanism_frame}[connected_down=false,connected_east=false,connected_north=false,connected_south=false,connected_up=false,connected_west=false,empty=true,facing=north] requested=Block{antikytheramechanism:mechanism_frame}[connected_down=false,connected_east=false,connected_north=false,connected_south=false,connected_up=false,connected_west=false,empty=false,facing=north] moving=false destinationTransition=false allowed=true receiver=530803340 resolved=530803340 sameChunk=true containing=ROOT
[10:15:54] [Server thread/ERROR] [de.an.AntikytheraMechanism/]: [HOST-WRITE-DIAG] RETURN pos=BlockPos{x=6590425, y=-56, z=13817979} previousReturn=Block{antikytheramechanism:mechanism_frame}[connected_down=false,connected_east=false,connected_north=false,connected_south=false,connected_up=false,connected_west=false,empty=true,facing=north] actual=Block{antikytheramechanism:mechanism_frame}[connected_down=false,connected_east=false,connected_north=false,connected_south=false,connected_up=false,connected_west=false,empty=false,facing=north] destinationTransition=false receiver=530803340 resolved=530803340 sameChunk=true
[10:15:54] [Server thread/ERROR] [de.an.AntikytheraMechanism/]: [HOST-WRITE-DIAG] HEAD pos=BlockPos{x=20481032, y=128, z=20501512} before=Block{minecraft:air} requested=Block{antikytheramechanism:mechanism_frame}[connected_down=false,connected_east=false,connected_north=false,connected_south=false,connected_up=false,connected_west=false,empty=false,facing=north] moving=true destinationTransition=true allowed=true receiver=1930310004 resolved=1930310004 sameChunk=true containing=182ff686-02aa-4798-bc5c-9e322c3ed127
[10:15:54] [Server thread/ERROR] [de.an.AntikytheraMechanism/]: [HOST-WRITE-DIAG] RETURN pos=BlockPos{x=20481032, y=128, z=20501512} previousReturn=Block{minecraft:air} actual=Block{antikytheramechanism:mechanism_frame}[connected_down=false,connected_east=false,connected_north=false,connected_south=false,connected_up=false,connected_west=false,empty=false,facing=north] destinationTransition=true receiver=1930310004 resolved=1930310004 sameChunk=true
[10:15:54] [Server thread/DEBUG] [de.an.AntikytheraMechanism/]: Frame onRemove at BlockPos{x=6590425, y=-56, z=13817979} movedByPiston=true relocationJournal=true
[10:15:54] [Server thread/DEBUG] [de.an.AntikytheraMechanism/]: Adopted complete Sable relocation for assembly e203aa54-fe2e-4775-85de-48fd7d848126 by BlockPos{x=13890607, y=184, z=6683533} into host FOREIGN
[10:15:54] [Server thread/WARN] [de.an.AntikytheraMechanism/]: Managed Sable SubLevel bd5ec853-4b36-4bc4-91b6-2ef5fbdc31d4 for assembly e203aa54-fe2e-4775-85de-48fd7d848126 was removed (REMOVED)
[10:15:54] [Server thread/ERROR] [de.an.AntikytheraMechanism/]: [HOST-WRITE-DIAG] HEAD pos=BlockPos{x=6590462, y=-57, z=13817979} before=Block{minecraft:air} requested=Block{antikytheramechanism:mechanism_frame}[connected_down=false,connected_east=false,connected_north=false,connected_south=false,connected_up=false,connected_west=false,empty=true,facing=north] moving=false destinationTransition=false allowed=true receiver=2139044179 resolved=2139044179 sameChunk=true containing=ROOT
[10:15:54] [Server thread/WARN] [de.an.AntikytheraMechanism/]: [FREEZE-WATCHDOG] Armed 30s after Mechanism Frame placement at BlockPos{x=6590462, y=-57, z=13817979} in minecraft:overworld on thread Server thread (stall threshold=2000ms, generation=38)
[10:15:54] [Server thread/ERROR] [de.an.AntikytheraMechanism/]: [HOST-WRITE-DIAG] RETURN pos=BlockPos{x=6590462, y=-57, z=13817979} previousReturn=Block{minecraft:air} actual=Block{antikytheramechanism:mechanism_frame}[connected_down=false,connected_east=false,connected_north=false,connected_south=false,connected_up=false,connected_west=false,empty=true,facing=north] destinationTransition=false receiver=2139044179 resolved=2139044179 sameChunk=true
[10:15:54] [Server thread/DEBUG] [de.an.AntikytheraMechanism/]: Staged Sable SubLevel 9a50d000-6a2e-4278-88db-07370538b5cb for content in assembly 700d0351-ba17-42d9-9f62-9d0fb2e553f0
[10:15:54] [Server thread/ERROR] [de.an.AntikytheraMechanism/]: [HOST-WRITE-DIAG] HEAD pos=BlockPos{x=20481032, y=128, z=20503560} before=Block{minecraft:air} requested=Block{antikytheramechanism:mechanism_frame}[connected_down=false,connected_east=false,connected_north=false,connected_south=false,connected_up=false,connected_west=false,empty=true,facing=north] moving=true destinationTransition=true allowed=true receiver=1678571951 resolved=1678571951 sameChunk=true containing=15175a63-ca6a-4e98-b4de-a76c547ffc92
[10:15:54] [Server thread/ERROR] [de.an.AntikytheraMechanism/]: [HOST-WRITE-DIAG] RETURN pos=BlockPos{x=20481032, y=128, z=20503560} previousReturn=Block{minecraft:air} actual=Block{antikytheramechanism:mechanism_frame}[connected_down=false,connected_east=false,connected_north=false,connected_south=false,connected_up=false,connected_west=false,empty=true,facing=north] destinationTransition=true receiver=1678571951 resolved=1678571951 sameChunk=true
[10:15:54] [Server thread/DEBUG] [de.an.AntikytheraMechanism/]: Frame onRemove at BlockPos{x=6590462, y=-57, z=13817979} movedByPiston=true relocationJournal=true
[10:15:54] [Server thread/DEBUG] [de.an.AntikytheraMechanism/]: Adopted complete Sable relocation for assembly 700d0351-ba17-42d9-9f62-9d0fb2e553f0 by BlockPos{x=13890570, y=185, z=6685581} into host FOREIGN
[10:15:54] [Server thread/WARN] [de.an.AntikytheraMechanism/]: Managed Sable SubLevel 9a50d000-6a2e-4278-88db-07370538b5cb for assembly 700d0351-ba17-42d9-9f62-9d0fb2e553f0 was removed (REMOVED)
[10:15:54] [Server thread/DEBUG] [mixin/]: Mixing RapierConstraintHandleScaleMixin from sablescale.mixins.json into dev.ryanhcode.sable.physics.impl.rapier.constraint.RapierConstraintHandle
[10:15:54] [Server thread/WARN] [de.an.AntikytheraMechanism/]: Managed Sable SubLevel 288314d4-20c7-4793-a833-adee46e98c97 for assembly 324984b4-ca7b-43e5-9b70-c5c2560a5667 was removed (REMOVED)
[10:15:54] [Server thread/DEBUG] [de.an.AntikytheraMechanism/]: Retired empty Sable SubLevel 288314d4-20c7-4793-a833-adee46e98c97 while keeping assembly 324984b4-ca7b-43e5-9b70-c5c2560a5667
[10:15:54] [Server thread/DEBUG] [de.an.AntikytheraMechanism/]: Frame onRemove at BlockPos{x=6590463, y=-57, z=13817914} movedByPiston=false relocationJournal=true
[10:15:54] [Server thread/WARN] [de.an.AntikytheraMechanism/]: Managed Sable SubLevel 2447e09a-4e9d-49bb-962a-97f44f375756 for assembly 75610531-8197-45cf-93a2-bea6b23cf034 was removed (REMOVED)
[10:15:54] [Server thread/DEBUG] [de.an.AntikytheraMechanism/]: Frame onRemove at BlockPos{x=6590463, y=-57, z=13817958} movedByPiston=false relocationJournal=true
[10:15:54] [Server thread/WARN] [de.an.AntikytheraMechanism/]: Managed Sable SubLevel 96b18d11-bc13-4db5-bd40-a5e5093be5ae for assembly d3590738-92cb-4328-9110-74607b1c7da7 was removed (REMOVED)
[10:15:54] [Server thread/WARN] [de.an.AntikytheraMechanism/]: Managed Sable SubLevel 7ff991af-3452-4c00-a836-17a3f0a52f08 for assembly cb08f190-09dd-4a0e-afd4-960804eb6c1f was removed (REMOVED)
[10:15:54] [Server thread/ERROR] [de.an.AntikytheraMechanism/]: [HOST-WRITE-DIAG] HEAD pos=BlockPos{x=6590315, y=-57, z=13817914} before=Block{minecraft:air} requested=Block{antikytheramechanism:mechanism_frame}[connected_down=false,connected_east=false,connected_north=false,connected_south=false,connected_up=false,connected_west=false,empty=true,facing=north] moving=false destinationTransition=false allowed=true receiver=962975782 resolved=962975782 sameChunk=true containing=ROOT
[10:15:54] [Server thread/WARN] [de.an.AntikytheraMechanism/]: [FREEZE-WATCHDOG] Armed 30s after Mechanism Frame placement at BlockPos{x=6590315, y=-57, z=13817914} in minecraft:overworld on thread Server thread (stall threshold=2000ms, generation=39)
[10:15:54] [Server thread/ERROR] [de.an.AntikytheraMechanism/]: [HOST-WRITE-DIAG] RETURN pos=BlockPos{x=6590315, y=-57, z=13817914} previousReturn=Block{minecraft:air} actual=Block{antikytheramechanism:mechanism_frame}[connected_down=false,connected_east=false,connected_north=false,connected_south=false,connected_up=false,connected_west=false,empty=true,facing=north] destinationTransition=false receiver=962975782 resolved=962975782 sameChunk=true
[10:15:54] [Server thread/DEBUG] [de.an.AntikytheraMechanism/]: Staged Sable SubLevel 6cfab9f2-9bb9-433e-a6c8-dd6e76ea73bb for content in assembly 0bc04a0a-d636-4283-96f6-acc2bab70c20
[10:15:54] [Server thread/DEBUG] [de.an.AntikytheraMechanism/]: Frame onRemove at BlockPos{x=6590315, y=-57, z=13817914} movedByPiston=false relocationJournal=true
[10:15:54] [Server thread/ERROR] [de.an.AntikytheraMechanism/]: [HOST-WRITE-DIAG] HEAD pos=BlockPos{x=6590315, y=-57, z=13817914} before=Block{minecraft:air} requested=Block{antikytheramechanism:mechanism_frame}[connected_down=false,connected_east=false,connected_north=false,connected_south=false,connected_up=false,connected_west=false,empty=true,facing=east] moving=false destinationTransition=false allowed=true receiver=962975782 resolved=962975782 sameChunk=true containing=ROOT
[10:15:54] [Server thread/ERROR] [de.an.AntikytheraMechanism/]: [HOST-WRITE-DIAG] RETURN pos=BlockPos{x=6590315, y=-57, z=13817914} previousReturn=Block{minecraft:air} actual=Block{antikytheramechanism:mechanism_frame}[connected_down=false,connected_east=false,connected_north=false,connected_south=false,connected_up=false,connected_west=false,empty=true,facing=east] destinationTransition=false receiver=962975782 resolved=962975782 sameChunk=true
[10:15:54] [Server thread/WARN] [de.an.AntikytheraMechanism/]: Managed Sable SubLevel 6cfab9f2-9bb9-433e-a6c8-dd6e76ea73bb for assembly 0bc04a0a-d636-4283-96f6-acc2bab70c20 was removed (REMOVED)
[10:15:54] [Server thread/ERROR] [de.an.AntikytheraMechanism/]: [HOST-WRITE-DIAG] HEAD pos=BlockPos{x=6590572, y=-57, z=13817912} before=Block{minecraft:air} requested=Block{antikytheramechanism:mechanism_frame}[connected_down=false,connected_east=false,connected_north=false,connected_south=false,connected_up=false,connected_west=false,empty=true,facing=north] moving=false destinationTransition=false allowed=true receiver=392730688 resolved=392730688 sameChunk=true containing=ROOT
[10:15:54] [Server thread/WARN] [de.an.AntikytheraMechanism/]: [FREEZE-WATCHDOG] Armed 30s after Mechanism Frame placement at BlockPos{x=6590572, y=-57, z=13817912} in minecraft:overworld on thread Server thread (stall threshold=2000ms, generation=40)
[10:15:54] [Server thread/ERROR] [de.an.AntikytheraMechanism/]: [HOST-WRITE-DIAG] RETURN pos=BlockPos{x=6590572, y=-57, z=13817912} previousReturn=Block{minecraft:air} actual=Block{antikytheramechanism:mechanism_frame}[connected_down=false,connected_east=false,connected_north=false,connected_south=false,connected_up=false,connected_west=false,empty=true,facing=north] destinationTransition=false receiver=392730688 resolved=392730688 sameChunk=true
[10:15:54] [Server thread/DEBUG] [de.an.AntikytheraMechanism/]: Staged Sable SubLevel 8fd53db5-5af3-4641-9dbc-ab0462934c7f for content in assembly 45a1861f-d53d-4be9-92e9-9dd58ba43f04
[10:15:54] [Server thread/ERROR] [de.an.AntikytheraMechanism/]: [HOST-WRITE-DIAG] HEAD pos=BlockPos{x=6590572, y=-57, z=13817912} before=Block{antikytheramechanism:mechanism_frame}[connected_down=false,connected_east=false,connected_north=false,connected_south=false,connected_up=false,connected_west=false,empty=true,facing=north] requested=Block{antikytheramechanism:mechanism_frame}[connected_down=false,connected_east=false,connected_north=false,connected_south=false,connected_up=false,connected_west=false,empty=false,facing=north] moving=false destinationTransition=false allowed=true receiver=392730688 resolved=392730688 sameChunk=true containing=ROOT
[10:15:54] [Server thread/ERROR] [de.an.AntikytheraMechanism/]: [HOST-WRITE-DIAG] RETURN pos=BlockPos{x=6590572, y=-57, z=13817912} previousReturn=Block{antikytheramechanism:mechanism_frame}[connected_down=false,connected_east=false,connected_north=false,connected_south=false,connected_up=false,connected_west=false,empty=true,facing=north] actual=Block{antikytheramechanism:mechanism_frame}[connected_down=false,connected_east=false,connected_north=false,connected_south=false,connected_up=false,connected_west=false,empty=false,facing=north] destinationTransition=false receiver=392730688 resolved=392730688 sameChunk=true
[10:15:54] [Server thread/DEBUG] [de.an.AntikytheraMechanism/]: Frame onRemove at BlockPos{x=6590572, y=-57, z=13817912} movedByPiston=false relocationJournal=true
[10:15:54] [Server thread/ERROR] [de.an.AntikytheraMechanism/]: [HOST-WRITE-DIAG] HEAD pos=BlockPos{x=6590578, y=-57, z=13817913} before=Block{minecraft:air} requested=Block{antikytheramechanism:mechanism_frame}[connected_down=false,connected_east=false,connected_north=false,connected_south=false,connected_up=false,connected_west=false,empty=true,facing=east] moving=false destinationTransition=false allowed=true receiver=1351475889 resolved=1351475889 sameChunk=true containing=ROOT
[10:15:54] [Server thread/ERROR] [de.an.AntikytheraMechanism/]: [HOST-WRITE-DIAG] RETURN pos=BlockPos{x=6590578, y=-57, z=13817913} previousReturn=Block{minecraft:air} actual=Block{antikytheramechanism:mechanism_frame}[connected_down=false,connected_east=false,connected_north=false,connected_south=false,connected_up=false,connected_west=false,empty=true,facing=east] destinationTransition=false receiver=1351475889 resolved=1351475889 sameChunk=true
[10:15:54] [Server thread/ERROR] [de.an.AntikytheraMechanism/]: [HOST-WRITE-DIAG] HEAD pos=BlockPos{x=6590578, y=-57, z=13817913} before=Block{antikytheramechanism:mechanism_frame}[connected_down=false,connected_east=false,connected_north=false,connected_south=false,connected_up=false,connected_west=false,empty=true,facing=east] requested=Block{antikytheramechanism:mechanism_frame}[connected_down=false,connected_east=false,connected_north=false,connected_south=false,connected_up=false,connected_west=false,empty=false,facing=east] moving=false destinationTransition=false allowed=true receiver=1351475889 resolved=1351475889 sameChunk=true containing=ROOT
[10:15:54] [Server thread/ERROR] [de.an.AntikytheraMechanism/]: [HOST-WRITE-DIAG] RETURN pos=BlockPos{x=6590578, y=-57, z=13817913} previousReturn=Block{antikytheramechanism:mechanism_frame}[connected_down=false,connected_east=false,connected_north=false,connected_south=false,connected_up=false,connected_west=false,empty=true,facing=east] actual=Block{antikytheramechanism:mechanism_frame}[connected_down=false,connected_east=false,connected_north=false,connected_south=false,connected_up=false,connected_west=false,empty=false,facing=east] destinationTransition=false receiver=1351475889 resolved=1351475889 sameChunk=true
[10:15:54] [Server thread/WARN] [de.an.AntikytheraMechanism/]: Managed Sable SubLevel 8fd53db5-5af3-4641-9dbc-ab0462934c7f for assembly 45a1861f-d53d-4be9-92e9-9dd58ba43f04 was removed (REMOVED)
[10:15:54] [Server thread/ERROR] [de.an.AntikytheraMechanism/]: [HOST-WRITE-DIAG] HEAD pos=BlockPos{x=6590314, y=-57, z=13817935} before=Block{minecraft:air} requested=Block{antikytheramechanism:mechanism_frame}[connected_down=false,connected_east=false,connected_north=false,connected_south=false,connected_up=false,connected_west=false,empty=true,facing=north] moving=false destinationTransition=false allowed=true receiver=1027138922 resolved=1027138922 sameChunk=true containing=ROOT
[10:15:54] [Server thread/WARN] [de.an.AntikytheraMechanism/]: [FREEZE-WATCHDOG] Armed 30s after Mechanism Frame placement at BlockPos{x=6590314, y=-57, z=13817935} in minecraft:overworld on thread Server thread (stall threshold=2000ms, generation=41)
[10:15:54] [Server thread/ERROR] [de.an.AntikytheraMechanism/]: [HOST-WRITE-DIAG] RETURN pos=BlockPos{x=6590314, y=-57, z=13817935} previousReturn=Block{minecraft:air} actual=Block{antikytheramechanism:mechanism_frame}[connected_down=false,connected_east=false,connected_north=false,connected_south=false,connected_up=false,connected_west=false,empty=true,facing=north] destinationTransition=false receiver=1027138922 resolved=1027138922 sameChunk=true
[10:15:54] [Server thread/DEBUG] [de.an.AntikytheraMechanism/]: Staged Sable SubLevel 4c75fa99-e355-4451-a7ec-6da5d05757ee for content in assembly 0e66939c-3533-4022-a5bf-ac368a055a45
[10:15:54] [Server thread/ERROR] [de.an.AntikytheraMechanism/]: [HOST-WRITE-DIAG] HEAD pos=BlockPos{x=6590314, y=-57, z=13817935} before=Block{antikytheramechanism:mechanism_frame}[connected_down=false,connected_east=false,connected_north=false,connected_south=false,connected_up=false,connected_west=false,empty=true,facing=north] requested=Block{antikytheramechanism:mechanism_frame}[connected_down=false,connected_east=false,connected_north=false,connected_south=false,connected_up=false,connected_west=false,empty=false,facing=north] moving=false destinationTransition=false allowed=true receiver=1027138922 resolved=1027138922 sameChunk=true containing=ROOT
[10:15:54] [Server thread/ERROR] [de.an.AntikytheraMechanism/]: [HOST-WRITE-DIAG] RETURN pos=BlockPos{x=6590314, y=-57, z=13817935} previousReturn=Block{antikytheramechanism:mechanism_frame}[connected_down=false,connected_east=false,connected_north=false,connected_south=false,connected_up=false,connected_west=false,empty=true,facing=north] actual=Block{antikytheramechanism:mechanism_frame}[connected_down=false,connected_east=false,connected_north=false,connected_south=false,connected_up=false,connected_west=false,empty=false,facing=north] destinationTransition=false receiver=1027138922 resolved=1027138922 sameChunk=true
[10:15:54] [Server thread/ERROR] [de.an.AntikytheraMechanism/]: [HOST-WRITE-DIAG] HEAD pos=BlockPos{x=20481032, y=128, z=20483080} before=Block{minecraft:air} requested=Block{antikytheramechanism:mechanism_frame}[connected_down=false,connected_east=false,connected_north=false,connected_south=false,connected_up=false,connected_west=false,empty=false,facing=north] moving=true destinationTransition=true allowed=true receiver=1548433488 resolved=1548433488 sameChunk=true containing=bd516b1e-089c-48c0-b5d4-d06fe0e7f834
[10:15:54] [Server thread/ERROR] [de.an.AntikytheraMechanism/]: [HOST-WRITE-DIAG] RETURN pos=BlockPos{x=20481032, y=128, z=20483080} previousReturn=Block{minecraft:air} actual=Block{antikytheramechanism:mechanism_frame}[connected_down=false,connected_east=false,connected_north=false,connected_south=false,connected_up=false,connected_west=false,empty=false,facing=north] destinationTransition=true receiver=1548433488 resolved=1548433488 sameChunk=true
[10:15:54] [Server thread/DEBUG] [de.an.AntikytheraMechanism/]: Frame onRemove at BlockPos{x=6590314, y=-57, z=13817935} movedByPiston=true relocationJournal=true
[10:15:54] [Server thread/DEBUG] [de.an.AntikytheraMechanism/]: Adopted complete Sable relocation for assembly 0e66939c-3533-4022-a5bf-ac368a055a45 by BlockPos{x=13890718, y=185, z=6665145} into host FOREIGN
[10:15:54] [Server thread/ERROR] [de.an.AntikytheraMechanism/]: [HOST-WRITE-DIAG] HEAD pos=BlockPos{x=20481032, y=128, z=20483080} before=Block{antikytheramechanism:mechanism_frame}[connected_down=false,connected_east=false,connected_north=false,connected_south=false,connected_up=false,connected_west=false,empty=false,facing=north] requested=Block{antikytheramechanism:mechanism_frame}[connected_down=false,connected_east=false,connected_north=false,connected_south=false,connected_up=false,connected_west=false,empty=true,facing=north] moving=false destinationTransition=false allowed=true receiver=1548433488 resolved=1548433488 sameChunk=true containing=bd516b1e-089c-48c0-b5d4-d06fe0e7f834
[10:15:54] [Server thread/ERROR] [de.an.AntikytheraMechanism/]: [HOST-WRITE-DIAG] RETURN pos=BlockPos{x=20481032, y=128, z=20483080} previousReturn=Block{antikytheramechanism:mechanism_frame}[connected_down=false,connected_east=false,connected_north=false,connected_south=false,connected_up=false,connected_west=false,empty=false,facing=north] actual=Block{antikytheramechanism:mechanism_frame}[connected_down=false,connected_east=false,connected_north=false,connected_south=false,connected_up=false,connected_west=false,empty=true,facing=north] destinationTransition=false receiver=1548433488 resolved=1548433488 sameChunk=true
[10:15:54] [Server thread/WARN] [de.an.AntikytheraMechanism/]: Managed Sable SubLevel 4c75fa99-e355-4451-a7ec-6da5d05757ee for assembly 0e66939c-3533-4022-a5bf-ac368a055a45 was removed (REMOVED)
[10:15:54] [Server thread/ERROR] [de.an.AntikytheraMechanism/]: [HOST-WRITE-DIAG] HEAD pos=BlockPos{x=6590574, y=-57, z=13817936} before=Block{minecraft:air} requested=Block{antikytheramechanism:mechanism_frame}[connected_down=false,connected_east=false,connected_north=false,connected_south=false,connected_up=false,connected_west=false,empty=true,facing=north] moving=false destinationTransition=false allowed=true receiver=1871075832 resolved=1871075832 sameChunk=true containing=ROOT
[10:15:54] [Server thread/WARN] [de.an.AntikytheraMechanism/]: [FREEZE-WATCHDOG] Armed 30s after Mechanism Frame placement at BlockPos{x=6590574, y=-57, z=13817936} in minecraft:overworld on thread Server thread (stall threshold=2000ms, generation=42)
[10:15:54] [Server thread/ERROR] [de.an.AntikytheraMechanism/]: [HOST-WRITE-DIAG] RETURN pos=BlockPos{x=6590574, y=-57, z=13817936} previousReturn=Block{minecraft:air} actual=Block{antikytheramechanism:mechanism_frame}[connected_down=false,connected_east=false,connected_north=false,connected_south=false,connected_up=false,connected_west=false,empty=true,facing=north] destinationTransition=false receiver=1871075832 resolved=1871075832 sameChunk=true
[10:15:54] [Server thread/ERROR] [de.an.AntikytheraMechanism/]: [HOST-WRITE-DIAG] HEAD pos=BlockPos{x=6590314, y=-57, z=13817957} before=Block{minecraft:air} requested=Block{antikytheramechanism:mechanism_frame}[connected_down=false,connected_east=false,connected_north=false,connected_south=false,connected_up=false,connected_west=false,empty=true,facing=north] moving=false destinationTransition=false allowed=true receiver=71652283 resolved=71652283 sameChunk=true containing=ROOT
[10:15:54] [Server thread/WARN] [de.an.AntikytheraMechanism/]: [FREEZE-WATCHDOG] Armed 30s after Mechanism Frame placement at BlockPos{x=6590314, y=-57, z=13817957} in minecraft:overworld on thread Server thread (stall threshold=2000ms, generation=43)
[10:15:54] [Server thread/ERROR] [de.an.AntikytheraMechanism/]: [HOST-WRITE-DIAG] RETURN pos=BlockPos{x=6590314, y=-57, z=13817957} previousReturn=Block{minecraft:air} actual=Block{antikytheramechanism:mechanism_frame}[connected_down=false,connected_east=false,connected_north=false,connected_south=false,connected_up=false,connected_west=false,empty=true,facing=north] destinationTransition=false receiver=71652283 resolved=71652283 sameChunk=true
[10:15:54] [Server thread/DEBUG] [de.an.AntikytheraMechanism/]: Staged Sable SubLevel 67255d8e-3012-47d3-891f-3f948acfca2d for content in assembly f6764bef-8fa7-423d-acfb-298182180aaf
[10:15:54] [Server thread/ERROR] [de.an.AntikytheraMechanism/]: [HOST-WRITE-DIAG] HEAD pos=BlockPos{x=6590314, y=-57, z=13817957} before=Block{antikytheramechanism:mechanism_frame}[connected_down=false,connected_east=false,connected_north=false,connected_south=false,connected_up=false,connected_west=false,empty=true,facing=north] requested=Block{antikytheramechanism:mechanism_frame}[connected_down=false,connected_east=false,connected_north=false,connected_south=false,connected_up=false,connected_west=false,empty=false,facing=north] moving=false destinationTransition=false allowed=true receiver=71652283 resolved=71652283 sameChunk=true containing=ROOT
[10:15:54] [Server thread/ERROR] [de.an.AntikytheraMechanism/]: [HOST-WRITE-DIAG] RETURN pos=BlockPos{x=6590314, y=-57, z=13817957} previousReturn=Block{antikytheramechanism:mechanism_frame}[connected_down=false,connected_east=false,connected_north=false,connected_south=false,connected_up=false,connected_west=false,empty=true,facing=north] actual=Block{antikytheramechanism:mechanism_frame}[connected_down=false,connected_east=false,connected_north=false,connected_south=false,connected_up=false,connected_west=false,empty=false,facing=north] destinationTransition=false receiver=71652283 resolved=71652283 sameChunk=true
[10:15:54] [Server thread/ERROR] [de.an.AntikytheraMechanism/]: [HOST-WRITE-DIAG] HEAD pos=BlockPos{x=20481032, y=128, z=20485128} before=Block{minecraft:air} requested=Block{antikytheramechanism:mechanism_frame}[connected_down=false,connected_east=false,connected_north=false,connected_south=false,connected_up=false,connected_west=false,empty=false,facing=north] moving=true destinationTransition=true allowed=true receiver=1598089235 resolved=1598089235 sameChunk=true containing=2ceeb678-2735-4ab4-88c8-5d83403d6e73
[10:15:54] [Server thread/ERROR] [de.an.AntikytheraMechanism/]: [HOST-WRITE-DIAG] RETURN pos=BlockPos{x=20481032, y=128, z=20485128} previousReturn=Block{minecraft:air} actual=Block{antikytheramechanism:mechanism_frame}[connected_down=false,connected_east=false,connected_north=false,connected_south=false,connected_up=false,connected_west=false,empty=false,facing=north] destinationTransition=true receiver=1598089235 resolved=1598089235 sameChunk=true
[10:15:54] [Server thread/DEBUG] [de.an.AntikytheraMechanism/]: Frame onRemove at BlockPos{x=6590314, y=-57, z=13817957} movedByPiston=true relocationJournal=true
[10:15:54] [Server thread/DEBUG] [de.an.AntikytheraMechanism/]: Adopted complete Sable relocation for assembly f6764bef-8fa7-423d-acfb-298182180aaf by BlockPos{x=13890718, y=185, z=6667171} into host FOREIGN
[10:15:54] [Server thread/ERROR] [de.an.AntikytheraMechanism/]: [HOST-WRITE-DIAG] HEAD pos=BlockPos{x=6590314, y=-57, z=13817957} before=Block{minecraft:air} requested=Block{antikytheramechanism:mechanism_frame}[connected_down=false,connected_east=false,connected_north=false,connected_south=false,connected_up=false,connected_west=false,empty=false,facing=north] moving=true destinationTransition=true allowed=true receiver=71652283 resolved=71652283 sameChunk=true containing=ROOT
[10:15:54] [Server thread/ERROR] [de.an.AntikytheraMechanism/]: [HOST-WRITE-DIAG] RETURN pos=BlockPos{x=6590314, y=-57, z=13817957} previousReturn=Block{minecraft:air} actual=Block{antikytheramechanism:mechanism_frame}[connected_down=false,connected_east=false,connected_north=false,connected_south=false,connected_up=false,connected_west=false,empty=false,facing=north] destinationTransition=true receiver=71652283 resolved=71652283 sameChunk=true
[10:15:54] [Server thread/DEBUG] [de.an.AntikytheraMechanism/]: Frame onRemove at BlockPos{x=20481032, y=128, z=20485128} movedByPiston=true relocationJournal=true
[10:15:54] [Server thread/DEBUG] [de.an.AntikytheraMechanism/]: Adopted complete Sable relocation for assembly f6764bef-8fa7-423d-acfb-298182180aaf by BlockPos{x=-13890718, y=-185, z=-6667171} into host ROOT
[10:15:54] [Server thread/WARN] [de.an.AntikytheraMechanism/]: Managed Sable SubLevel 67255d8e-3012-47d3-891f-3f948acfca2d for assembly f6764bef-8fa7-423d-acfb-298182180aaf was removed (REMOVED)
[10:15:54] [Server thread/INFO] [minecraft/GameTestServer]: [+++++++++++++++++++++++_+++++++  ++++++                                                ]
[10:15:54] [Server thread/ERROR] [de.an.AntikytheraMechanism/]: [HOST-WRITE-DIAG] HEAD pos=BlockPos{x=20481032, y=128, z=20501512} before=Block{antikytheramechanism:mechanism_frame}[connected_down=false,connected_east=false,connected_north=false,connected_south=false,connected_up=false,connected_west=false,empty=false,facing=north] requested=Block{antikytheramechanism:mechanism_frame}[connected_down=false,connected_east=false,connected_north=false,connected_south=false,connected_up=false,connected_west=false,empty=true,facing=north] moving=false destinationTransition=false allowed=true receiver=1930310004 resolved=1930310004 sameChunk=true containing=182ff686-02aa-4798-bc5c-9e322c3ed127
[10:15:54] [Server thread/ERROR] [de.an.AntikytheraMechanism/]: [HOST-WRITE-DIAG] RETURN pos=BlockPos{x=20481032, y=128, z=20501512} previousReturn=Block{antikytheramechanism:mechanism_frame}[connected_down=false,connected_east=false,connected_north=false,connected_south=false,connected_up=false,connected_west=false,empty=false,facing=north] actual=Block{antikytheramechanism:mechanism_frame}[connected_down=false,connected_east=false,connected_north=false,connected_south=false,connected_up=false,connected_west=false,empty=true,facing=north] destinationTransition=false receiver=1930310004 resolved=1930310004 sameChunk=true
[10:15:54] [Server thread/ERROR] [de.an.AntikytheraMechanism/]: [HOST-WRITE-DIAG] HEAD pos=BlockPos{x=6590314, y=-57, z=13817957} before=Block{antikytheramechanism:mechanism_frame}[connected_down=false,connected_east=false,connected_north=false,connected_south=false,connected_up=false,connected_west=false,empty=false,facing=north] requested=Block{antikytheramechanism:mechanism_frame}[connected_down=false,connected_east=false,connected_north=false,connected_south=false,connected_up=false,connected_west=false,empty=true,facing=north] moving=false destinationTransition=false allowed=true receiver=71652283 resolved=71652283 sameChunk=true containing=ROOT
[10:15:54] [Server thread/ERROR] [de.an.AntikytheraMechanism/]: [HOST-WRITE-DIAG] RETURN pos=BlockPos{x=6590314, y=-57, z=13817957} previousReturn=Block{antikytheramechanism:mechanism_frame}[connected_down=false,connected_east=false,connected_north=false,connected_south=false,connected_up=false,connected_west=false,empty=false,facing=north] actual=Block{antikytheramechanism:mechanism_frame}[connected_down=false,connected_east=false,connected_north=false,connected_south=false,connected_up=false,connected_west=false,empty=true,facing=north] destinationTransition=false receiver=71652283 resolved=71652283 sameChunk=true
[10:15:54] [Server thread/ERROR] [de.an.AntikytheraMechanism/]: [HOST-WRITE-DIAG] HEAD pos=BlockPos{x=6590541, y=-57, z=13817956} before=Block{antikytheramechanism:mechanism_frame}[connected_down=false,connected_east=false,connected_north=false,connected_south=false,connected_up=false,connected_west=false,empty=false,facing=south] requested=Block{antikytheramechanism:mechanism_frame}[connected_down=false,connected_east=false,connected_north=false,connected_south=false,connected_up=false,connected_west=false,empty=true,facing=south] moving=false destinationTransition=false allowed=true receiver=132557888 resolved=132557888 sameChunk=true containing=ROOT
[10:15:54] [Server thread/ERROR] [de.an.AntikytheraMechanism/]: [HOST-WRITE-DIAG] RETURN pos=BlockPos{x=6590541, y=-57, z=13817956} previousReturn=Block{antikytheramechanism:mechanism_frame}[connected_down=false,connected_east=false,connected_north=false,connected_south=false,connected_up=false,connected_west=false,empty=false,facing=south] actual=Block{antikytheramechanism:mechanism_frame}[connected_down=false,connected_east=false,connected_north=false,connected_south=false,connected_up=false,connected_west=false,empty=true,facing=south] destinationTransition=false receiver=132557888 resolved=132557888 sameChunk=true
[10:15:54] [Server thread/ERROR] [de.an.AntikytheraMechanism/]: [HOST-WRITE-DIAG] HEAD pos=BlockPos{x=6590463, y=-56, z=13817936} before=Block{antikytheramechanism:mechanism_frame}[connected_down=false,connected_east=false,connected_north=false,connected_south=false,connected_up=false,connected_west=false,empty=false,facing=north] requested=Block{antikytheramechanism:mechanism_frame}[connected_down=false,connected_east=false,connected_north=false,connected_south=false,connected_up=false,connected_west=false,empty=true,facing=north] moving=false destinationTransition=false allowed=true receiver=1136796442 resolved=1136796442 sameChunk=true containing=ROOT
[10:15:54] [Server thread/ERROR] [de.an.AntikytheraMechanism/]: [HOST-WRITE-DIAG] RETURN pos=BlockPos{x=6590463, y=-56, z=13817936} previousReturn=Block{antikytheramechanism:mechanism_frame}[connected_down=false,connected_east=false,connected_north=false,connected_south=false,connected_up=false,connected_west=false,empty=false,facing=north] actual=Block{antikytheramechanism:mechanism_frame}[connected_down=false,connected_east=false,connected_north=false,connected_south=false,connected_up=false,connected_west=false,empty=true,facing=north] destinationTransition=false receiver=1136796442 resolved=1136796442 sameChunk=true
[10:15:54] [Server thread/ERROR] [de.an.AntikytheraMechanism/]: [HOST-WRITE-DIAG] HEAD pos=BlockPos{x=6590578, y=-57, z=13817913} before=Block{antikytheramechanism:mechanism_frame}[connected_down=false,connected_east=false,connected_north=false,connected_south=false,connected_up=false,connected_west=false,empty=false,facing=east] requested=Block{antikytheramechanism:mechanism_frame}[connected_down=false,connected_east=false,connected_north=false,connected_south=false,connected_up=false,connected_west=false,empty=true,facing=east] moving=false destinationTransition=false allowed=true receiver=1351475889 resolved=1351475889 sameChunk=true containing=ROOT
[10:15:54] [Server thread/ERROR] [de.an.AntikytheraMechanism/]: [HOST-WRITE-DIAG] RETURN pos=BlockPos{x=6590578, y=-57, z=13817913} previousReturn=Block{antikytheramechanism:mechanism_frame}[connected_down=false,connected_east=false,connected_north=false,connected_south=false,connected_up=false,connected_west=false,empty=false,facing=east] actual=Block{antikytheramechanism:mechanism_frame}[connected_down=false,connected_east=false,connected_north=false,connected_south=false,connected_up=false,connected_west=false,empty=true,facing=east] destinationTransition=false receiver=1351475889 resolved=1351475889 sameChunk=true
[10:15:54] [Server thread/ERROR] [de.an.AntikytheraMechanism/]: [HOST-WRITE-DIAG] HEAD pos=BlockPos{x=6590536, y=-57, z=13817891} before=Block{antikytheramechanism:mechanism_frame}[connected_down=false,connected_east=false,connected_north=false,connected_south=false,connected_up=false,connected_west=false,empty=false,facing=north] requested=Block{antikytheramechanism:mechanism_frame}[connected_down=false,connected_east=false,connected_north=false,connected_south=false,connected_up=false,connected_west=false,empty=true,facing=north] moving=false destinationTransition=false allowed=true receiver=1292218156 resolved=1292218156 sameChunk=true containing=ROOT
[10:15:54] [Server thread/ERROR] [de.an.AntikytheraMechanism/]: [HOST-WRITE-DIAG] RETURN pos=BlockPos{x=6590536, y=-57, z=13817891} previousReturn=Block{antikytheramechanism:mechanism_frame}[connected_down=false,connected_east=false,connected_north=false,connected_south=false,connected_up=false,connected_west=false,empty=false,facing=north] actual=Block{antikytheramechanism:mechanism_frame}[connected_down=false,connected_east=false,connected_north=false,connected_south=false,connected_up=false,connected_west=false,empty=true,facing=north] destinationTransition=false receiver=1292218156 resolved=1292218156 sameChunk=true
[10:15:54] [Server thread/ERROR] [de.an.AntikytheraMechanism/]: [HOST-WRITE-DIAG] HEAD pos=BlockPos{x=6590572, y=-58, z=13817978} before=Block{minecraft:air} requested=Block{antikytheramechanism:mechanism_frame}[connected_down=false,connected_east=false,connected_north=false,connected_south=false,connected_up=false,connected_west=false,empty=true,facing=west] moving=false destinationTransition=false allowed=true receiver=749052054 resolved=749052054 sameChunk=true containing=ROOT
[10:15:54] [Server thread/WARN] [de.an.AntikytheraMechanism/]: [FREEZE-WATCHDOG] Armed 30s after Mechanism Frame placement at BlockPos{x=6590572, y=-58, z=13817978} in minecraft:overworld on thread Server thread (stall threshold=2000ms, generation=44)
[10:15:54] [Server thread/ERROR] [de.an.AntikytheraMechanism/]: [HOST-WRITE-DIAG] RETURN pos=BlockPos{x=6590572, y=-58, z=13817978} previousReturn=Block{minecraft:air} actual=Block{antikytheramechanism:mechanism_frame}[connected_down=false,connected_east=false,connected_north=false,connected_south=false,connected_up=false,connected_west=false,empty=true,facing=west] destinationTransition=false receiver=749052054 resolved=749052054 sameChunk=true
[10:15:54] [Server thread/ERROR] [de.an.AntikytheraMechanism/]: [HOST-WRITE-DIAG] HEAD pos=BlockPos{x=6590573, y=-58, z=13817978} before=Block{minecraft:air} requested=Block{antikytheramechanism:mechanism_frame}[connected_down=false,connected_east=false,connected_north=false,connected_south=false,connected_up=false,connected_west=false,empty=true,facing=west] moving=false destinationTransition=false allowed=true receiver=749052054 resolved=749052054 sameChunk=true containing=ROOT
[10:15:54] [Server thread/WARN] [de.an.AntikytheraMechanism/]: [FREEZE-WATCHDOG] Armed 30s after Mechanism Frame placement at BlockPos{x=6590573, y=-58, z=13817978} in minecraft:overworld on thread Server thread (stall threshold=2000ms, generation=45)
[10:15:54] [Server thread/ERROR] [de.an.AntikytheraMechanism/]: [HOST-WRITE-DIAG] RETURN pos=BlockPos{x=6590573, y=-58, z=13817978} previousReturn=Block{minecraft:air} actual=Block{antikytheramechanism:mechanism_frame}[connected_down=false,connected_east=false,connected_north=false,connected_south=false,connected_up=false,connected_west=false,empty=true,facing=west] destinationTransition=false receiver=749052054 resolved=749052054 sameChunk=true
[10:15:54] [Server thread/ERROR] [de.an.AntikytheraMechanism/]: [HOST-WRITE-DIAG] HEAD pos=BlockPos{x=6590572, y=-58, z=13817978} before=Block{antikytheramechanism:mechanism_frame}[connected_down=false,connected_east=false,connected_north=false,connected_south=false,connected_up=false,connected_west=false,empty=true,facing=west] requested=Block{antikytheramechanism:mechanism_frame}[connected_down=false,connected_east=true,connected_north=false,connected_south=false,connected_up=false,connected_west=false,empty=true,facing=west] moving=false destinationTransition=false allowed=true receiver=749052054 resolved=749052054 sameChunk=true containing=ROOT
[10:15:54] [Server thread/ERROR] [de.an.AntikytheraMechanism/]: [HOST-WRITE-DIAG] RETURN pos=BlockPos{x=6590572, y=-58, z=13817978} previousReturn=Block{antikytheramechanism:mechanism_frame}[connected_down=false,connected_east=false,connected_north=false,connected_south=false,connected_up=false,connected_west=false,empty=true,facing=west] actual=Block{antikytheramechanism:mechanism_frame}[connected_down=false,connected_east=true,connected_north=false,connected_south=false,connected_up=false,connected_west=false,empty=true,facing=west] destinationTransition=false receiver=749052054 resolved=749052054 sameChunk=true
[10:15:54] [Server thread/ERROR] [de.an.AntikytheraMechanism/]: [HOST-WRITE-DIAG] HEAD pos=BlockPos{x=6590573, y=-58, z=13817978} before=Block{antikytheramechanism:mechanism_frame}[connected_down=false,connected_east=false,connected_north=false,connected_south=false,connected_up=false,connected_west=false,empty=true,facing=west] requested=Block{antikytheramechanism:mechanism_frame}[connected_down=false,connected_east=false,connected_north=false,connected_south=false,connected_up=false,connected_west=true,empty=true,facing=west] moving=false destinationTransition=false allowed=true receiver=749052054 resolved=749052054 sameChunk=true containing=ROOT
[10:15:54] [Server thread/ERROR] [de.an.AntikytheraMechanism/]: [HOST-WRITE-DIAG] RETURN pos=BlockPos{x=6590573, y=-58, z=13817978} previousReturn=Block{antikytheramechanism:mechanism_frame}[connected_down=false,connected_east=false,connected_north=false,connected_south=false,connected_up=false,connected_west=false,empty=true,facing=west] actual=Block{antikytheramechanism:mechanism_frame}[connected_down=false,connected_east=false,connected_north=false,connected_south=false,connected_up=false,connected_west=true,empty=true,facing=west] destinationTransition=false receiver=749052054 resolved=749052054 sameChunk=true
[10:15:54] [Server thread/ERROR] [de.an.AntikytheraMechanism/]: [HOST-WRITE-DIAG] HEAD pos=BlockPos{x=6590574, y=-58, z=13817978} before=Block{minecraft:air} requested=Block{antikytheramechanism:mechanism_frame}[connected_down=false,connected_east=false,connected_north=false,connected_south=false,connected_up=false,connected_west=false,empty=true,facing=west] moving=false destinationTransition=false allowed=true receiver=749052054 resolved=749052054 sameChunk=true containing=ROOT
[10:15:54] [Server thread/WARN] [de.an.AntikytheraMechanism/]: [FREEZE-WATCHDOG] Armed 30s after Mechanism Frame placement at BlockPos{x=6590574, y=-58, z=13817978} in minecraft:overworld on thread Server thread (stall threshold=2000ms, generation=46)
[10:15:54] [Server thread/ERROR] [de.an.AntikytheraMechanism/]: [HOST-WRITE-DIAG] RETURN pos=BlockPos{x=6590574, y=-58, z=13817978} previousReturn=Block{minecraft:air} actual=Block{antikytheramechanism:mechanism_frame}[connected_down=false,connected_east=false,connected_north=false,connected_south=false,connected_up=false,connected_west=false,empty=true,facing=west] destinationTransition=false receiver=749052054 resolved=749052054 sameChunk=true
[10:15:54] [Server thread/ERROR] [de.an.AntikytheraMechanism/]: [HOST-WRITE-DIAG] HEAD pos=BlockPos{x=6590573, y=-58, z=13817978} before=Block{antikytheramechanism:mechanism_frame}[connected_down=false,connected_east=false,connected_north=false,connected_south=false,connected_up=false,connected_west=true,empty=true,facing=west] requested=Block{antikytheramechanism:mechanism_frame}[connected_down=false,connected_east=true,connected_north=false,connected_south=false,connected_up=false,connected_west=true,empty=true,facing=west] moving=false destinationTransition=false allowed=true receiver=749052054 resolved=749052054 sameChunk=true containing=ROOT
[10:15:54] [Server thread/ERROR] [de.an.AntikytheraMechanism/]: [HOST-WRITE-DIAG] RETURN pos=BlockPos{x=6590573, y=-58, z=13817978} previousReturn=Block{antikytheramechanism:mechanism_frame}[connected_down=false,connected_east=false,connected_north=false,connected_south=false,connected_up=false,connected_west=true,empty=true,facing=west] actual=Block{antikytheramechanism:mechanism_frame}[connected_down=false,connected_east=true,connected_north=false,connected_south=false,connected_up=false,connected_west=true,empty=true,facing=west] destinationTransition=false receiver=749052054 resolved=749052054 sameChunk=true
[10:15:54] [Server thread/ERROR] [de.an.AntikytheraMechanism/]: [HOST-WRITE-DIAG] HEAD pos=BlockPos{x=6590574, y=-58, z=13817978} before=Block{antikytheramechanism:mechanism_frame}[connected_down=false,connected_east=false,connected_north=false,connected_south=false,connected_up=false,connected_west=false,empty=true,facing=west] requested=Block{antikytheramechanism:mechanism_frame}[connected_down=false,connected_east=false,connected_north=false,connected_south=false,connected_up=false,connected_west=true,empty=true,facing=west] moving=false destinationTransition=false allowed=true receiver=749052054 resolved=749052054 sameChunk=true containing=ROOT
[10:15:54] [Server thread/ERROR] [de.an.AntikytheraMechanism/]: [HOST-WRITE-DIAG] RETURN pos=BlockPos{x=6590574, y=-58, z=13817978} previousReturn=Block{antikytheramechanism:mechanism_frame}[connected_down=false,connected_east=false,connected_north=false,connected_south=false,connected_up=false,connected_west=false,empty=true,facing=west] actual=Block{antikytheramechanism:mechanism_frame}[connected_down=false,connected_east=false,connected_north=false,connected_south=false,connected_up=false,connected_west=true,empty=true,facing=west] destinationTransition=false receiver=749052054 resolved=749052054 sameChunk=true
[10:15:54] [Server thread/DEBUG] [de.an.AntikytheraMechanism/]: Frame onRemove at BlockPos{x=6590573, y=-58, z=13817978} movedByPiston=false relocationJournal=false
[10:15:54] [Server thread/ERROR] [de.an.AntikytheraMechanism/]: [HOST-WRITE-DIAG] HEAD pos=BlockPos{x=6590572, y=-58, z=13817978} before=Block{antikytheramechanism:mechanism_frame}[connected_down=false,connected_east=true,connected_north=false,connected_south=false,connected_up=false,connected_west=false,empty=true,facing=west] requested=Block{antikytheramechanism:mechanism_frame}[connected_down=false,connected_east=false,connected_north=false,connected_south=false,connected_up=false,connected_west=false,empty=true,facing=west] moving=false destinationTransition=false allowed=true receiver=749052054 resolved=749052054 sameChunk=true containing=ROOT
[10:15:54] [Server thread/ERROR] [de.an.AntikytheraMechanism/]: [HOST-WRITE-DIAG] RETURN pos=BlockPos{x=6590572, y=-58, z=13817978} previousReturn=Block{antikytheramechanism:mechanism_frame}[connected_down=false,connected_east=true,connected_north=false,connected_south=false,connected_up=false,connected_west=false,empty=true,facing=west] actual=Block{antikytheramechanism:mechanism_frame}[connected_down=false,connected_east=false,connected_north=false,connected_south=false,connected_up=false,connected_west=false,empty=true,facing=west] destinationTransition=false receiver=749052054 resolved=749052054 sameChunk=true
[10:15:54] [Server thread/ERROR] [de.an.AntikytheraMechanism/]: [HOST-WRITE-DIAG] HEAD pos=BlockPos{x=6590574, y=-58, z=13817978} before=Block{antikytheramechanism:mechanism_frame}[connected_down=false,connected_east=false,connected_north=false,connected_south=false,connected_up=false,connected_west=true,empty=true,facing=west] requested=Block{antikytheramechanism:mechanism_frame}[connected_down=false,connected_east=false,connected_north=false,connected_south=false,connected_up=false,connected_west=false,empty=true,facing=west] moving=false destinationTransition=false allowed=true receiver=749052054 resolved=749052054 sameChunk=true containing=ROOT
[10:15:54] [Server thread/ERROR] [de.an.AntikytheraMechanism/]: [HOST-WRITE-DIAG] RETURN pos=BlockPos{x=6590574, y=-58, z=13817978} previousReturn=Block{antikytheramechanism:mechanism_frame}[connected_down=false,connected_east=false,connected_north=false,connected_south=false,connected_up=false,connected_west=true,empty=true,facing=west] actual=Block{antikytheramechanism:mechanism_frame}[connected_down=false,connected_east=false,connected_north=false,connected_south=false,connected_up=false,connected_west=false,empty=true,facing=west] destinationTransition=false receiver=749052054 resolved=749052054 sameChunk=true
[10:15:54] [Server thread/ERROR] [de.an.AntikytheraMechanism/]: [HOST-WRITE-DIAG] HEAD pos=BlockPos{x=6590313, y=-57, z=13818005} before=Block{minecraft:air} requested=Block{antikytheramechanism:mechanism_frame}[connected_down=false,connected_east=false,connected_north=false,connected_south=false,connected_up=false,connected_west=false,empty=true,facing=north] moving=false destinationTransition=false allowed=true receiver=967275479 resolved=967275479 sameChunk=true containing=ROOT
[10:15:54] [Server thread/WARN] [de.an.AntikytheraMechanism/]: [FREEZE-WATCHDOG] Armed 30s after Mechanism Frame placement at BlockPos{x=6590313, y=-57, z=13818005} in minecraft:overworld on thread Server thread (stall threshold=2000ms, generation=47)
[10:15:54] [Server thread/ERROR] [de.an.AntikytheraMechanism/]: [HOST-WRITE-DIAG] RETURN pos=BlockPos{x=6590313, y=-57, z=13818005} previousReturn=Block{minecraft:air} actual=Block{antikytheramechanism:mechanism_frame}[connected_down=false,connected_east=false,connected_north=false,connected_south=false,connected_up=false,connected_west=false,empty=true,facing=north] destinationTransition=false receiver=967275479 resolved=967275479 sameChunk=true
[10:15:54] [Server thread/ERROR] [de.an.AntikytheraMechanism/]: [HOST-WRITE-DIAG] HEAD pos=BlockPos{x=6590314, y=-57, z=13818005} before=Block{minecraft:air} requested=Block{antikytheramechanism:mechanism_frame}[connected_down=false,connected_east=false,connected_north=false,connected_south=false,connected_up=false,connected_west=false,empty=true,facing=north] moving=false destinationTransition=false allowed=true receiver=967275479 resolved=967275479 sameChunk=true containing=ROOT
[10:15:54] [Server thread/WARN] [de.an.AntikytheraMechanism/]: [FREEZE-WATCHDOG] Armed 30s after Mechanism Frame placement at BlockPos{x=6590314, y=-57, z=13818005} in minecraft:overworld on thread Server thread (stall threshold=2000ms, generation=48)
[10:15:54] [Server thread/ERROR] [de.an.AntikytheraMechanism/]: [HOST-WRITE-DIAG] RETURN pos=BlockPos{x=6590314, y=-57, z=13818005} previousReturn=Block{minecraft:air} actual=Block{antikytheramechanism:mechanism_frame}[connected_down=false,connected_east=false,connected_north=false,connected_south=false,connected_up=false,connected_west=false,empty=true,facing=north] destinationTransition=false receiver=967275479 resolved=967275479 sameChunk=true
[10:15:54] [Server thread/ERROR] [de.an.AntikytheraMechanism/]: [HOST-WRITE-DIAG] HEAD pos=BlockPos{x=6590313, y=-57, z=13818005} before=Block{antikytheramechanism:mechanism_frame}[connected_down=false,connected_east=false,connected_north=false,connected_south=false,connected_up=false,connected_west=false,empty=true,facing=north] requested=Block{antikytheramechanism:mechanism_frame}[connected_down=false,connected_east=true,connected_north=false,connected_south=false,connected_up=false,connected_west=false,empty=true,facing=north] moving=false destinationTransition=false allowed=true receiver=967275479 resolved=967275479 sameChunk=true containing=ROOT
[10:15:54] [Server thread/ERROR] [de.an.AntikytheraMechanism/]: [HOST-WRITE-DIAG] RETURN pos=BlockPos{x=6590313, y=-57, z=13818005} previousReturn=Block{antikytheramechanism:mechanism_frame}[connected_down=false,connected_east=false,connected_north=false,connected_south=false,connected_up=false,connected_west=false,empty=true,facing=north] actual=Block{antikytheramechanism:mechanism_frame}[connected_down=false,connected_east=true,connected_north=false,connected_south=false,connected_up=false,connected_west=false,empty=true,facing=north] destinationTransition=false receiver=967275479 resolved=967275479 sameChunk=true
[10:15:54] [Server thread/ERROR] [de.an.AntikytheraMechanism/]: [HOST-WRITE-DIAG] HEAD pos=BlockPos{x=6590314, y=-57, z=13818005} before=Block{antikytheramechanism:mechanism_frame}[connected_down=false,connected_east=false,connected_north=false,connected_south=false,connected_up=false,connected_west=false,empty=true,facing=north] requested=Block{antikytheramechanism:mechanism_frame}[connected_down=false,connected_east=false,connected_north=false,connected_south=false,connected_up=false,connected_west=true,empty=true,facing=north] moving=false destinationTransition=false allowed=true receiver=967275479 resolved=967275479 sameChunk=true containing=ROOT
[10:15:54] [Server thread/ERROR] [de.an.AntikytheraMechanism/]: [HOST-WRITE-DIAG] RETURN pos=BlockPos{x=6590314, y=-57, z=13818005} previousReturn=Block{antikytheramechanism:mechanism_frame}[connected_down=false,connected_east=false,connected_north=false,connected_south=false,connected_up=false,connected_west=false,empty=true,facing=north] actual=Block{antikytheramechanism:mechanism_frame}[connected_down=false,connected_east=false,connected_north=false,connected_south=false,connected_up=false,connected_west=true,empty=true,facing=north] destinationTransition=false receiver=967275479 resolved=967275479 sameChunk=true
[10:15:54] [Server thread/DEBUG] [de.an.AntikytheraMechanism/]: Staged Sable SubLevel 20bc7e3d-7a4e-451a-a473-ae74c163ddcc for content in assembly de032fa5-cee6-4cec-a275-6cb32e8a12bc
[10:15:54] [Server thread/DEBUG] [de.an.AntikytheraMechanism/]: Frame onRemove at BlockPos{x=6590313, y=-57, z=13818005} movedByPiston=false relocationJournal=false
[10:15:54] [Server thread/DEBUG] [de.an.AntikytheraMechanism/]: Staged Sable SubLevel db79c023-5f3e-4bd6-a17a-ca96f2f45bcd for content in assembly 6b1e0451-24ff-4423-bef8-9bbbfe1f3e30
[10:15:54] [Server thread/WARN] [de.an.AntikytheraMechanism/]: Managed Sable SubLevel db79c023-5f3e-4bd6-a17a-ca96f2f45bcd for assembly 6b1e0451-24ff-4423-bef8-9bbbfe1f3e30 was removed (REMOVED)
[10:15:54] [Server thread/DEBUG] [de.an.AntikytheraMechanism/]: Rebased assembly de032fa5-cee6-4cec-a275-6cb32e8a12bc after topology change: stale origin BlockPos{x=6590313, y=-57, z=13818005} -> BlockPos{x=6590314, y=-57, z=13818005} over 1 retained Frames
[10:15:54] [Server thread/ERROR] [de.an.AntikytheraMechanism/]: [HOST-WRITE-DIAG] HEAD pos=BlockPos{x=6590314, y=-57, z=13818005} before=Block{antikytheramechanism:mechanism_frame}[connected_down=false,connected_east=false,connected_north=false,connected_south=false,connected_up=false,connected_west=true,empty=true,facing=north] requested=Block{antikytheramechanism:mechanism_frame}[connected_down=false,connected_east=false,connected_north=false,connected_south=false,connected_up=false,connected_west=false,empty=true,facing=north] moving=false destinationTransition=false allowed=true receiver=967275479 resolved=967275479 sameChunk=true containing=ROOT
[10:15:54] [Server thread/ERROR] [de.an.AntikytheraMechanism/]: [HOST-WRITE-DIAG] RETURN pos=BlockPos{x=6590314, y=-57, z=13818005} previousReturn=Block{antikytheramechanism:mechanism_frame}[connected_down=false,connected_east=false,connected_north=false,connected_south=false,connected_up=false,connected_west=true,empty=true,facing=north] actual=Block{antikytheramechanism:mechanism_frame}[connected_down=false,connected_east=false,connected_north=false,connected_south=false,connected_up=false,connected_west=false,empty=true,facing=north] destinationTransition=false receiver=967275479 resolved=967275479 sameChunk=true
[10:15:54] [Server thread/WARN] [de.an.AntikytheraMechanism/]: Managed Sable SubLevel 20bc7e3d-7a4e-451a-a473-ae74c163ddcc for assembly de032fa5-cee6-4cec-a275-6cb32e8a12bc was removed (REMOVED)
[10:15:54] [Server thread/ERROR] [de.an.AntikytheraMechanism/]: [HOST-WRITE-DIAG] HEAD pos=BlockPos{x=6590352, y=-57, z=13818002} before=Block{minecraft:air} requested=Block{antikytheramechanism:mechanism_frame}[connected_down=false,connected_east=false,connected_north=false,connected_south=false,connected_up=false,connected_west=false,empty=true,facing=north] moving=false destinationTransition=false allowed=true receiver=682323029 resolved=682323029 sameChunk=true containing=ROOT
[10:15:54] [Server thread/WARN] [de.an.AntikytheraMechanism/]: [FREEZE-WATCHDOG] Armed 30s after Mechanism Frame placement at BlockPos{x=6590352, y=-57, z=13818002} in minecraft:overworld on thread Server thread (stall threshold=2000ms, generation=49)
[10:15:54] [Server thread/ERROR] [de.an.AntikytheraMechanism/]: [HOST-WRITE-DIAG] RETURN pos=BlockPos{x=6590352, y=-57, z=13818002} previousReturn=Block{minecraft:air} actual=Block{antikytheramechanism:mechanism_frame}[connected_down=false,connected_east=false,connected_north=false,connected_south=false,connected_up=false,connected_west=false,empty=true,facing=north] destinationTransition=false receiver=682323029 resolved=682323029 sameChunk=true
[10:15:54] [Server thread/DEBUG] [de.an.AntikytheraMechanism/]: Staged Sable SubLevel cce904d1-79e0-4ac9-a88e-08b0cd953f42 for content in assembly 21c9a4c5-e0c6-496d-b169-d2cd31d341ef
[10:15:54] [Server thread/ERROR] [de.an.AntikytheraMechanism/]: [HOST-WRITE-DIAG] HEAD pos=BlockPos{x=6590352, y=-57, z=13818002} before=Block{antikytheramechanism:mechanism_frame}[connected_down=false,connected_east=false,connected_north=false,connected_south=false,connected_up=false,connected_west=false,empty=true,facing=north] requested=Block{antikytheramechanism:mechanism_frame}[connected_down=false,connected_east=false,connected_north=false,connected_south=false,connected_up=false,connected_west=false,empty=false,facing=north] moving=false destinationTransition=false allowed=true receiver=682323029 resolved=682323029 sameChunk=true containing=ROOT
[10:15:54] [Server thread/ERROR] [de.an.AntikytheraMechanism/]: [HOST-WRITE-DIAG] RETURN pos=BlockPos{x=6590352, y=-57, z=13818002} previousReturn=Block{antikytheramechanism:mechanism_frame}[connected_down=false,connected_east=false,connected_north=false,connected_south=false,connected_up=false,connected_west=false,empty=true,facing=north] actual=Block{antikytheramechanism:mechanism_frame}[connected_down=false,connected_east=false,connected_north=false,connected_south=false,connected_up=false,connected_west=false,empty=false,facing=north] destinationTransition=false receiver=682323029 resolved=682323029 sameChunk=true
[10:15:54] [Server thread/ERROR] [de.an.AntikytheraMechanism/]: [HOST-WRITE-DIAG] HEAD pos=BlockPos{x=6590388, y=-57, z=13818001} before=Block{minecraft:air} requested=Block{antikytheramechanism:mechanism_frame}[connected_down=false,connected_east=false,connected_north=false,connected_south=false,connected_up=false,connected_west=false,empty=true,facing=north] moving=false destinationTransition=false allowed=true receiver=1032655658 resolved=1032655658 sameChunk=true containing=ROOT
[10:15:54] [Server thread/WARN] [de.an.AntikytheraMechanism/]: [FREEZE-WATCHDOG] Armed 30s after Mechanism Frame placement at BlockPos{x=6590388, y=-57, z=13818001} in minecraft:overworld on thread Server thread (stall threshold=2000ms, generation=50)
[10:15:54] [Server thread/ERROR] [de.an.AntikytheraMechanism/]: [HOST-WRITE-DIAG] RETURN pos=BlockPos{x=6590388, y=-57, z=13818001} previousReturn=Block{minecraft:air} actual=Block{antikytheramechanism:mechanism_frame}[connected_down=false,connected_east=false,connected_north=false,connected_south=false,connected_up=false,connected_west=false,empty=true,facing=north] destinationTransition=false receiver=1032655658 resolved=1032655658 sameChunk=true
[10:15:54] [Server thread/ERROR] [de.an.AntikytheraMechanism/]: [HOST-WRITE-DIAG] HEAD pos=BlockPos{x=6590389, y=-57, z=13818001} before=Block{minecraft:air} requested=Block{antikytheramechanism:mechanism_frame}[connected_down=false,connected_east=false,connected_north=false,connected_south=false,connected_up=false,connected_west=false,empty=true,facing=north] moving=false destinationTransition=false allowed=true receiver=1032655658 resolved=1032655658 sameChunk=true containing=ROOT
[10:15:54] [Server thread/WARN] [de.an.AntikytheraMechanism/]: [FREEZE-WATCHDOG] Armed 30s after Mechanism Frame placement at BlockPos{x=6590389, y=-57, z=13818001} in minecraft:overworld on thread Server thread (stall threshold=2000ms, generation=51)
[10:15:54] [Server thread/ERROR] [de.an.AntikytheraMechanism/]: [HOST-WRITE-DIAG] RETURN pos=BlockPos{x=6590389, y=-57, z=13818001} previousReturn=Block{minecraft:air} actual=Block{antikytheramechanism:mechanism_frame}[connected_down=false,connected_east=false,connected_north=false,connected_south=false,connected_up=false,connected_west=false,empty=true,facing=north] destinationTransition=false receiver=1032655658 resolved=1032655658 sameChunk=true
[10:15:54] [Server thread/ERROR] [de.an.AntikytheraMechanism/]: [HOST-WRITE-DIAG] HEAD pos=BlockPos{x=6590388, y=-57, z=13818001} before=Block{antikytheramechanism:mechanism_frame}[connected_down=false,connected_east=false,connected_north=false,connected_south=false,connected_up=false,connected_west=false,empty=true,facing=north] requested=Block{antikytheramechanism:mechanism_frame}[connected_down=false,connected_east=true,connected_north=false,connected_south=false,connected_up=false,connected_west=false,empty=true,facing=north] moving=false destinationTransition=false allowed=true receiver=1032655658 resolved=1032655658 sameChunk=true containing=ROOT
[10:15:54] [Server thread/ERROR] [de.an.AntikytheraMechanism/]: [HOST-WRITE-DIAG] RETURN pos=BlockPos{x=6590388, y=-57, z=13818001} previousReturn=Block{antikytheramechanism:mechanism_frame}[connected_down=false,connected_east=false,connected_north=false,connected_south=false,connected_up=false,connected_west=false,empty=true,facing=north] actual=Block{antikytheramechanism:mechanism_frame}[connected_down=false,connected_east=true,connected_north=false,connected_south=false,connected_up=false,connected_west=false,empty=true,facing=north] destinationTransition=false receiver=1032655658 resolved=1032655658 sameChunk=true
[10:15:54] [Server thread/ERROR] [de.an.AntikytheraMechanism/]: [HOST-WRITE-DIAG] HEAD pos=BlockPos{x=6590389, y=-57, z=13818001} before=Block{antikytheramechanism:mechanism_frame}[connected_down=false,connected_east=false,connected_north=false,connected_south=false,connected_up=false,connected_west=false,empty=true,facing=north] requested=Block{antikytheramechanism:mechanism_frame}[connected_down=false,connected_east=false,connected_north=false,connected_south=false,connected_up=false,connected_west=true,empty=true,facing=north] moving=false destinationTransition=false allowed=true receiver=1032655658 resolved=1032655658 sameChunk=true containing=ROOT
[10:15:54] [Server thread/ERROR] [de.an.AntikytheraMechanism/]: [HOST-WRITE-DIAG] RETURN pos=BlockPos{x=6590389, y=-57, z=13818001} previousReturn=Block{antikytheramechanism:mechanism_frame}[connected_down=false,connected_east=false,connected_north=false,connected_south=false,connected_up=false,connected_west=false,empty=true,facing=north] actual=Block{antikytheramechanism:mechanism_frame}[connected_down=false,connected_east=false,connected_north=false,connected_south=false,connected_up=false,connected_west=true,empty=true,facing=north] destinationTransition=false receiver=1032655658 resolved=1032655658 sameChunk=true
[10:15:54] [Server thread/DEBUG] [de.an.AntikytheraMechanism/]: Staged Sable SubLevel 524e8c87-51ca-4aa8-9f0d-dd60eab2b5d2 for content in assembly 2259c8de-305a-4a09-85bc-26f6bbd48a16
[10:15:54] [Server thread/ERROR] [de.an.AntikytheraMechanism/]: [HOST-WRITE-DIAG] HEAD pos=BlockPos{x=20481032, y=128, z=20489224} before=Block{minecraft:air} requested=Block{antikytheramechanism:mechanism_frame}[connected_down=false,connected_east=true,connected_north=false,connected_south=false,connected_up=false,connected_west=false,empty=true,facing=north] moving=true destinationTransition=true allowed=true receiver=24912423 resolved=24912423 sameChunk=true containing=d53c6093-27be-47b3-9f94-4ca8ca9c1060
[10:15:54] [Server thread/ERROR] [de.an.AntikytheraMechanism/]: [HOST-WRITE-DIAG] RETURN pos=BlockPos{x=20481032, y=128, z=20489224} previousReturn=Block{minecraft:air} actual=Block{antikytheramechanism:mechanism_frame}[connected_down=false,connected_east=true,connected_north=false,connected_south=false,connected_up=false,connected_west=false,empty=true,facing=north] destinationTransition=true receiver=24912423 resolved=24912423 sameChunk=true
[10:15:54] [Server thread/ERROR] [de.an.AntikytheraMechanism/]: [HOST-WRITE-DIAG] HEAD pos=BlockPos{x=20481033, y=128, z=20489224} before=Block{minecraft:air} requested=Block{antikytheramechanism:mechanism_frame}[connected_down=false,connected_east=false,connected_north=false,connected_south=false,connected_up=false,connected_west=true,empty=true,facing=north] moving=true destinationTransition=true allowed=true receiver=24912423 resolved=24912423 sameChunk=true containing=d53c6093-27be-47b3-9f94-4ca8ca9c1060
[10:15:54] [Server thread/ERROR] [de.an.AntikytheraMechanism/]: [HOST-WRITE-DIAG] RETURN pos=BlockPos{x=20481033, y=128, z=20489224} previousReturn=Block{minecraft:air} actual=Block{antikytheramechanism:mechanism_frame}[connected_down=false,connected_east=false,connected_north=false,connected_south=false,connected_up=false,connected_west=true,empty=true,facing=north] destinationTransition=true receiver=24912423 resolved=24912423 sameChunk=true
[10:15:54] [Server thread/DEBUG] [de.an.AntikytheraMechanism/]: Frame onRemove at BlockPos{x=6590388, y=-57, z=13818001} movedByPiston=true relocationJournal=true
[10:15:54] [Server thread/DEBUG] [de.an.AntikytheraMechanism/]: Frame onRemove at BlockPos{x=6590389, y=-57, z=13818001} movedByPiston=true relocationJournal=true
[10:15:54] [Server thread/ERROR] [de.an.AntikytheraMechanism/]: [HOST-WRITE-DIAG] HEAD pos=BlockPos{x=20481032, y=128, z=20489224} before=Block{antikytheramechanism:mechanism_frame}[connected_down=false,connected_east=true,connected_north=false,connected_south=false,connected_up=false,connected_west=false,empty=true,facing=north] requested=Block{antikytheramechanism:mechanism_frame}[connected_down=false,connected_east=true,connected_north=false,connected_south=false,connected_up=false,connected_west=false,empty=false,facing=north] moving=false destinationTransition=false allowed=true receiver=24912423 resolved=24912423 sameChunk=true containing=d53c6093-27be-47b3-9f94-4ca8ca9c1060
[10:15:54] [Server thread/ERROR] [de.an.AntikytheraMechanism/]: [HOST-WRITE-DIAG] RETURN pos=BlockPos{x=20481032, y=128, z=20489224} previousReturn=Block{antikytheramechanism:mechanism_frame}[connected_down=false,connected_east=true,connected_north=false,connected_south=false,connected_up=false,connected_west=false,empty=true,facing=north] actual=Block{antikytheramechanism:mechanism_frame}[connected_down=false,connected_east=true,connected_north=false,connected_south=false,connected_up=false,connected_west=false,empty=false,facing=north] destinationTransition=false receiver=24912423 resolved=24912423 sameChunk=true
[10:15:54] [Server thread/ERROR] [de.an.AntikytheraMechanism/]: [HOST-WRITE-DIAG] HEAD pos=BlockPos{x=20481033, y=128, z=20489224} before=Block{antikytheramechanism:mechanism_frame}[connected_down=false,connected_east=false,connected_north=false,connected_south=false,connected_up=false,connected_west=true,empty=true,facing=north] requested=Block{antikytheramechanism:mechanism_frame}[connected_down=false,connected_east=false,connected_north=false,connected_south=false,connected_up=false,connected_west=true,empty=false,facing=north] moving=false destinationTransition=false allowed=true receiver=24912423 resolved=24912423 sameChunk=true containing=d53c6093-27be-47b3-9f94-4ca8ca9c1060
[10:15:54] [Server thread/ERROR] [de.an.AntikytheraMechanism/]: [HOST-WRITE-DIAG] RETURN pos=BlockPos{x=20481033, y=128, z=20489224} previousReturn=Block{antikytheramechanism:mechanism_frame}[connected_down=false,connected_east=false,connected_north=false,connected_south=false,connected_up=false,connected_west=true,empty=true,facing=north] actual=Block{antikytheramechanism:mechanism_frame}[connected_down=false,connected_east=false,connected_north=false,connected_south=false,connected_up=false,connected_west=true,empty=false,facing=north] destinationTransition=false receiver=24912423 resolved=24912423 sameChunk=true
[10:15:54] [Server thread/DEBUG] [de.an.AntikytheraMechanism/]: Adopted complete Sable relocation for assembly 2259c8de-305a-4a09-85bc-26f6bbd48a16 by BlockPos{x=13890644, y=185, z=6671223} into host FOREIGN
[10:15:54] [Server thread/DEBUG] [de.an.AntikytheraMechanism/]: Staged Sable SubLevel 6f5ddea8-2530-4ff7-a156-fd0be17b3c71 for content in assembly b038f6ed-72a7-4a6d-a84f-e79d2bc67bbb
[10:15:54] [Server thread/DEBUG] [de.an.AntikytheraMechanism/]: Partitioned assembly 2259c8de-305a-4a09-85bc-26f6bbd48a16 before partial Sable host move: moving=[BlockPos{x=20481033, y=128, z=20489224}], retainedOriginal=[BlockPos{x=20481032, y=128, z=20489224}], split=b038f6ed-72a7-4a6d-a84f-e79d2bc67bbb
[10:15:54] [Server thread/ERROR] [de.an.AntikytheraMechanism/]: [HOST-WRITE-DIAG] HEAD pos=BlockPos{x=20481032, y=128, z=20493320} before=Block{minecraft:air} requested=Block{antikytheramechanism:mechanism_frame}[connected_down=false,connected_east=false,connected_north=false,connected_south=false,connected_up=false,connected_west=true,empty=false,facing=north] moving=true destinationTransition=true allowed=true receiver=1189308135 resolved=1189308135 sameChunk=true containing=5865a19b-3e98-48a3-b188-7910a0ee5653
[10:15:54] [Server thread/ERROR] [de.an.AntikytheraMechanism/]: [HOST-WRITE-DIAG] RETURN pos=BlockPos{x=20481032, y=128, z=20493320} previousReturn=Block{minecraft:air} actual=Block{antikytheramechanism:mechanism_frame}[connected_down=false,connected_east=false,connected_north=false,connected_south=false,connected_up=false,connected_west=true,empty=false,facing=north] destinationTransition=true receiver=1189308135 resolved=1189308135 sameChunk=true
[10:15:54] [Server thread/DEBUG] [de.an.AntikytheraMechanism/]: Frame onRemove at BlockPos{x=20481033, y=128, z=20489224} movedByPiston=true relocationJournal=true
[10:15:54] [Server thread/DEBUG] [de.an.AntikytheraMechanism/]: Adopted complete Sable relocation for assembly b038f6ed-72a7-4a6d-a84f-e79d2bc67bbb by BlockPos{x=-1, y=0, z=4096} into host FOREIGN
[10:15:54] [Server thread/WARN] [de.an.AntikytheraMechanism/]: Managed Sable SubLevel 524e8c87-51ca-4aa8-9f0d-dd60eab2b5d2 for assembly 2259c8de-305a-4a09-85bc-26f6bbd48a16 was removed (REMOVED)
[10:15:54] [Server thread/WARN] [de.an.AntikytheraMechanism/]: Managed Sable SubLevel 6f5ddea8-2530-4ff7-a156-fd0be17b3c71 for assembly b038f6ed-72a7-4a6d-a84f-e79d2bc67bbb was removed (REMOVED)
[10:15:54] [Server thread/DEBUG] [mixin/]: Mixing entity.entities_stick_sublevels.packet_mixin.ClientboundMoveEntityPacketPosMixin from sable.mixins.json into net.minecraft.network.protocol.game.ClientboundMoveEntityPacket$Pos
[10:15:54] [Server thread/DEBUG] [mixin/]: sable.mixins.json:entity.entities_stick_sublevels.packet_mixin.ClientboundMoveEntityPacketPosMixin from mod sable->@Inject::sable$writeActuallyInSubLevel(Lnet/minecraft/network/FriendlyByteBuf;Lorg/spongepowered/asm/mixin/injection/callback/CallbackInfo;)V doesn't use it's CallbackInfo
[10:15:54] [Server thread/DEBUG] [mixin/]: sable.mixins.json:entity.entities_stick_sublevels.packet_mixin.ClientboundMoveEntityPacketPosMixin from mod sable->@Inject::sable$writeActuallyInSubLevel(Lnet/minecraft/network/FriendlyByteBuf;Lorg/spongepowered/asm/mixin/injection/callback/CallbackInfo;)V has 0 override(s) in child classes
[10:15:54] [Server thread/DEBUG] [mixin/]: sable.mixins.json:entity.entities_stick_sublevels.packet_mixin.ClientboundMoveEntityPacketPosMixin from mod sable->@Inject::sable$writeActuallyInSubLevel(Lnet/minecraft/network/FriendlyByteBuf;Lorg/spongepowered/asm/mixin/injection/callback/CallbackInfo;)V won't be passed a CallbackInfo as a result
[10:15:54] [Server thread/DEBUG] [mixin/]: sable.mixins.json:entity.entities_stick_sublevels.packet_mixin.ClientboundMoveEntityPacketPosMixin from mod sable->@Inject::sable$readActuallyInSubLevel(Lnet/minecraft/network/FriendlyByteBuf;Lorg/spongepowered/asm/mixin/injection/callback/CallbackInfoReturnable;)V does use it's CallbackInfoReturnable
[10:15:54] [Server thread/DEBUG] [mixin/]: Mixing SubLevelEntityCollisionMixin from sablescale.mixins.json into dev.ryanhcode.sable.sublevel.entity_collision.SubLevelEntityCollision
[10:15:54] [Server thread/DEBUG] [mixin/]: Renaming synthetic method lambda$static$0()Lorg/joml/Vector3d; to mdb0c6f7$sablescale$lambda$static$0$0 in sablescale.mixins.json:SubLevelEntityCollisionMixin from mod sablescale
[10:15:54] [Server thread/ERROR] [de.an.AntikytheraMechanism/]: [HOST-WRITE-DIAG] HEAD pos=BlockPos{x=6590431, y=-57, z=13818002} before=Block{minecraft:air} requested=Block{antikytheramechanism:mechanism_frame}[connected_down=false,connected_east=false,connected_north=false,connected_south=false,connected_up=false,connected_west=false,empty=true,facing=north] moving=false destinationTransition=false allowed=true receiver=292200953 resolved=292200953 sameChunk=true containing=ROOT
[10:15:54] [Server thread/WARN] [de.an.AntikytheraMechanism/]: [FREEZE-WATCHDOG] Armed 30s after Mechanism Frame placement at BlockPos{x=6590431, y=-57, z=13818002} in minecraft:overworld on thread Server thread (stall threshold=2000ms, generation=52)
[10:15:54] [Server thread/ERROR] [de.an.AntikytheraMechanism/]: [HOST-WRITE-DIAG] RETURN pos=BlockPos{x=6590431, y=-57, z=13818002} previousReturn=Block{minecraft:air} actual=Block{antikytheramechanism:mechanism_frame}[connected_down=false,connected_east=false,connected_north=false,connected_south=false,connected_up=false,connected_west=false,empty=true,facing=north] destinationTransition=false receiver=292200953 resolved=292200953 sameChunk=true
[10:15:54] [Server thread/DEBUG] [de.an.AntikytheraMechanism/]: Frame onRemove at BlockPos{x=6590352, y=-57, z=13818002} movedByPiston=false relocationJournal=true
[10:15:54] [Server thread/ERROR] [de.an.AntikytheraMechanism/]: [HOST-WRITE-DIAG] HEAD pos=BlockPos{x=6590352, y=-57, z=13818002} before=Block{minecraft:air} requested=Block{antikytheramechanism:mechanism_frame}[connected_down=false,connected_east=false,connected_north=false,connected_south=false,connected_up=false,connected_west=false,empty=false,facing=south] moving=false destinationTransition=false allowed=true receiver=682323029 resolved=682323029 sameChunk=true containing=ROOT
[10:15:54] [Server thread/ERROR] [de.an.AntikytheraMechanism/]: [HOST-WRITE-DIAG] RETURN pos=BlockPos{x=6590352, y=-57, z=13818002} previousReturn=Block{minecraft:air} actual=Block{antikytheramechanism:mechanism_frame}[connected_down=false,connected_east=false,connected_north=false,connected_south=false,connected_up=false,connected_west=false,empty=false,facing=south] destinationTransition=false receiver=682323029 resolved=682323029 sameChunk=true
[10:15:54] [Server thread/DEBUG] [de.an.AntikytheraMechanism/]: Staged Sable SubLevel d3812655-23cc-44ba-9cbf-209d941f0963 for content in assembly 5038a184-90ca-48df-8eeb-afbed91448e1
[10:15:54] [Server thread/ERROR] [de.an.AntikytheraMechanism/]: [HOST-WRITE-DIAG] HEAD pos=BlockPos{x=6590431, y=-57, z=13818002} before=Block{antikytheramechanism:mechanism_frame}[connected_down=false,connected_east=false,connected_north=false,connected_south=false,connected_up=false,connected_west=false,empty=true,facing=north] requested=Block{antikytheramechanism:mechanism_frame}[connected_down=false,connected_east=false,connected_north=false,connected_south=false,connected_up=false,connected_west=false,empty=false,facing=north] moving=false destinationTransition=false allowed=true receiver=292200953 resolved=292200953 sameChunk=true containing=ROOT
[10:15:54] [Server thread/ERROR] [de.an.AntikytheraMechanism/]: [HOST-WRITE-DIAG] RETURN pos=BlockPos{x=6590431, y=-57, z=13818002} previousReturn=Block{antikytheramechanism:mechanism_frame}[connected_down=false,connected_east=false,connected_north=false,connected_south=false,connected_up=false,connected_west=false,empty=true,facing=north] actual=Block{antikytheramechanism:mechanism_frame}[connected_down=false,connected_east=false,connected_north=false,connected_south=false,connected_up=false,connected_west=false,empty=false,facing=north] destinationTransition=false receiver=292200953 resolved=292200953 sameChunk=true
[10:15:54] [Server thread/ERROR] [de.an.AntikytheraMechanism/]: [HOST-WRITE-DIAG] HEAD pos=BlockPos{x=6590431, y=-57, z=13818002} before=Block{antikytheramechanism:mechanism_frame}[connected_down=false,connected_east=false,connected_north=false,connected_south=false,connected_up=false,connected_west=false,empty=false,facing=north] requested=Block{antikytheramechanism:mechanism_frame}[connected_down=false,connected_east=false,connected_north=false,connected_south=false,connected_up=false,connected_west=false,empty=true,facing=north] moving=false destinationTransition=false allowed=true receiver=292200953 resolved=292200953 sameChunk=true containing=ROOT
[10:15:54] [Server thread/ERROR] [de.an.AntikytheraMechanism/]: [HOST-WRITE-DIAG] RETURN pos=BlockPos{x=6590431, y=-57, z=13818002} previousReturn=Block{antikytheramechanism:mechanism_frame}[connected_down=false,connected_east=false,connected_north=false,connected_south=false,connected_up=false,connected_west=false,empty=false,facing=north] actual=Block{antikytheramechanism:mechanism_frame}[connected_down=false,connected_east=false,connected_north=false,connected_south=false,connected_up=false,connected_west=false,empty=true,facing=north] destinationTransition=false receiver=292200953 resolved=292200953 sameChunk=true
[10:15:54] [Server thread/DEBUG] [de.an.AntikytheraMechanism/]: Frame onRemove at BlockPos{x=6590431, y=-57, z=13818002} movedByPiston=false relocationJournal=false
[10:15:54] [Server thread/WARN] [de.an.AntikytheraMechanism/]: Managed Sable SubLevel d3812655-23cc-44ba-9cbf-209d941f0963 for assembly 5038a184-90ca-48df-8eeb-afbed91448e1 was removed (REMOVED)
[10:15:54] [Server thread/DEBUG] [de.an.AntikytheraMechanism/]: Marked Sable SubLevel a7571df0-a45b-4e8a-967e-7c5e4a790bf6 as detached Antikythera half-scale physics body
[10:15:54] [Server thread/ERROR] [de.an.AntikytheraMechanism/]: [HOST-WRITE-DIAG] HEAD pos=BlockPos{x=6590499, y=-57, z=13818003} before=Block{minecraft:air} requested=Block{antikytheramechanism:mechanism_frame}[connected_down=false,connected_east=false,connected_north=false,connected_south=false,connected_up=false,connected_west=false,empty=true,facing=north] moving=false destinationTransition=false allowed=true receiver=2037564586 resolved=2037564586 sameChunk=true containing=ROOT
[10:15:54] [Server thread/WARN] [de.an.AntikytheraMechanism/]: [FREEZE-WATCHDOG] Armed 30s after Mechanism Frame placement at BlockPos{x=6590499, y=-57, z=13818003} in minecraft:overworld on thread Server thread (stall threshold=2000ms, generation=53)
[10:15:54] [Server thread/ERROR] [de.an.AntikytheraMechanism/]: [HOST-WRITE-DIAG] RETURN pos=BlockPos{x=6590499, y=-57, z=13818003} previousReturn=Block{minecraft:air} actual=Block{antikytheramechanism:mechanism_frame}[connected_down=false,connected_east=false,connected_north=false,connected_south=false,connected_up=false,connected_west=false,empty=true,facing=north] destinationTransition=false receiver=2037564586 resolved=2037564586 sameChunk=true
[10:15:54] [Server thread/ERROR] [de.an.AntikytheraMechanism/]: [HOST-WRITE-DIAG] HEAD pos=BlockPos{x=6590500, y=-57, z=13818003} before=Block{minecraft:air} requested=Block{antikytheramechanism:mechanism_frame}[connected_down=false,connected_east=false,connected_north=false,connected_south=false,connected_up=false,connected_west=false,empty=true,facing=north] moving=false destinationTransition=false allowed=true receiver=2037564586 resolved=2037564586 sameChunk=true containing=ROOT
[10:15:54] [Server thread/WARN] [de.an.AntikytheraMechanism/]: [FREEZE-WATCHDOG] Armed 30s after Mechanism Frame placement at BlockPos{x=6590500, y=-57, z=13818003} in minecraft:overworld on thread Server thread (stall threshold=2000ms, generation=54)
[10:15:54] [Server thread/ERROR] [de.an.AntikytheraMechanism/]: [HOST-WRITE-DIAG] RETURN pos=BlockPos{x=6590500, y=-57, z=13818003} previousReturn=Block{minecraft:air} actual=Block{antikytheramechanism:mechanism_frame}[connected_down=false,connected_east=false,connected_north=false,connected_south=false,connected_up=false,connected_west=false,empty=true,facing=north] destinationTransition=false receiver=2037564586 resolved=2037564586 sameChunk=true
[10:15:54] [Server thread/ERROR] [de.an.AntikytheraMechanism/]: [HOST-WRITE-DIAG] HEAD pos=BlockPos{x=6590499, y=-57, z=13818003} before=Block{antikytheramechanism:mechanism_frame}[connected_down=false,connected_east=false,connected_north=false,connected_south=false,connected_up=false,connected_west=false,empty=true,facing=north] requested=Block{antikytheramechanism:mechanism_frame}[connected_down=false,connected_east=true,connected_north=false,connected_south=false,connected_up=false,connected_west=false,empty=true,facing=north] moving=false destinationTransition=false allowed=true receiver=2037564586 resolved=2037564586 sameChunk=true containing=ROOT
[10:15:54] [Server thread/ERROR] [de.an.AntikytheraMechanism/]: [HOST-WRITE-DIAG] RETURN pos=BlockPos{x=6590499, y=-57, z=13818003} previousReturn=Block{antikytheramechanism:mechanism_frame}[connected_down=false,connected_east=false,connected_north=false,connected_south=false,connected_up=false,connected_west=false,empty=true,facing=north] actual=Block{antikytheramechanism:mechanism_frame}[connected_down=false,connected_east=true,connected_north=false,connected_south=false,connected_up=false,connected_west=false,empty=true,facing=north] destinationTransition=false receiver=2037564586 resolved=2037564586 sameChunk=true
[10:15:54] [Server thread/ERROR] [de.an.AntikytheraMechanism/]: [HOST-WRITE-DIAG] HEAD pos=BlockPos{x=6590500, y=-57, z=13818003} before=Block{antikytheramechanism:mechanism_frame}[connected_down=false,connected_east=false,connected_north=false,connected_south=false,connected_up=false,connected_west=false,empty=true,facing=north] requested=Block{antikytheramechanism:mechanism_frame}[connected_down=false,connected_east=false,connected_north=false,connected_south=false,connected_up=false,connected_west=true,empty=true,facing=north] moving=false destinationTransition=false allowed=true receiver=2037564586 resolved=2037564586 sameChunk=true containing=ROOT
[10:15:54] [Server thread/ERROR] [de.an.AntikytheraMechanism/]: [HOST-WRITE-DIAG] RETURN pos=BlockPos{x=6590500, y=-57, z=13818003} previousReturn=Block{antikytheramechanism:mechanism_frame}[connected_down=false,connected_east=false,connected_north=false,connected_south=false,connected_up=false,connected_west=false,empty=true,facing=north] actual=Block{antikytheramechanism:mechanism_frame}[connected_down=false,connected_east=false,connected_north=false,connected_south=false,connected_up=false,connected_west=true,empty=true,facing=north] destinationTransition=false receiver=2037564586 resolved=2037564586 sameChunk=true
[10:15:54] [Server thread/ERROR] [de.an.AntikytheraMechanism/]: [HOST-WRITE-DIAG] HEAD pos=BlockPos{x=6590501, y=-57, z=13818003} before=Block{minecraft:air} requested=Block{antikytheramechanism:mechanism_frame}[connected_down=false,connected_east=false,connected_north=false,connected_south=false,connected_up=false,connected_west=false,empty=true,facing=north] moving=false destinationTransition=false allowed=true receiver=2037564586 resolved=2037564586 sameChunk=true containing=ROOT
[10:15:54] [Server thread/WARN] [de.an.AntikytheraMechanism/]: [FREEZE-WATCHDOG] Armed 30s after Mechanism Frame placement at BlockPos{x=6590501, y=-57, z=13818003} in minecraft:overworld on thread Server thread (stall threshold=2000ms, generation=55)
[10:15:54] [Server thread/ERROR] [de.an.AntikytheraMechanism/]: [HOST-WRITE-DIAG] RETURN pos=BlockPos{x=6590501, y=-57, z=13818003} previousReturn=Block{minecraft:air} actual=Block{antikytheramechanism:mechanism_frame}[connected_down=false,connected_east=false,connected_north=false,connected_south=false,connected_up=false,connected_west=false,empty=true,facing=north] destinationTransition=false receiver=2037564586 resolved=2037564586 sameChunk=true
[10:15:54] [Server thread/ERROR] [de.an.AntikytheraMechanism/]: [HOST-WRITE-DIAG] HEAD pos=BlockPos{x=6590500, y=-57, z=13818003} before=Block{antikytheramechanism:mechanism_frame}[connected_down=false,connected_east=false,connected_north=false,connected_south=false,connected_up=false,connected_west=true,empty=true,facing=north] requested=Block{antikytheramechanism:mechanism_frame}[connected_down=false,connected_east=true,connected_north=false,connected_south=false,connected_up=false,connected_west=true,empty=true,facing=north] moving=false destinationTransition=false allowed=true receiver=2037564586 resolved=2037564586 sameChunk=true containing=ROOT
[10:15:54] [Server thread/ERROR] [de.an.AntikytheraMechanism/]: [HOST-WRITE-DIAG] RETURN pos=BlockPos{x=6590500, y=-57, z=13818003} previousReturn=Block{antikytheramechanism:mechanism_frame}[connected_down=false,connected_east=false,connected_north=false,connected_south=false,connected_up=false,connected_west=true,empty=true,facing=north] actual=Block{antikytheramechanism:mechanism_frame}[connected_down=false,connected_east=true,connected_north=false,connected_south=false,connected_up=false,connected_west=true,empty=true,facing=north] destinationTransition=false receiver=2037564586 resolved=2037564586 sameChunk=true
[10:15:54] [Server thread/ERROR] [de.an.AntikytheraMechanism/]: [HOST-WRITE-DIAG] HEAD pos=BlockPos{x=6590501, y=-57, z=13818003} before=Block{antikytheramechanism:mechanism_frame}[connected_down=false,connected_east=false,connected_north=false,connected_south=false,connected_up=false,connected_west=false,empty=true,facing=north] requested=Block{antikytheramechanism:mechanism_frame}[connected_down=false,connected_east=false,connected_north=false,connected_south=false,connected_up=false,connected_west=true,empty=true,facing=north] moving=false destinationTransition=false allowed=true receiver=2037564586 resolved=2037564586 sameChunk=true containing=ROOT
[10:15:54] [Server thread/ERROR] [de.an.AntikytheraMechanism/]: [HOST-WRITE-DIAG] RETURN pos=BlockPos{x=6590501, y=-57, z=13818003} previousReturn=Block{antikytheramechanism:mechanism_frame}[connected_down=false,connected_east=false,connected_north=false,connected_south=false,connected_up=false,connected_west=false,empty=true,facing=north] actual=Block{antikytheramechanism:mechanism_frame}[connected_down=false,connected_east=false,connected_north=false,connected_south=false,connected_up=false,connected_west=true,empty=true,facing=north] destinationTransition=false receiver=2037564586 resolved=2037564586 sameChunk=true
[10:15:54] [Server thread/DEBUG] [de.an.AntikytheraMechanism/]: Staged Sable SubLevel 85ef7159-96f0-4660-ae49-ece705c1ed25 for content in assembly 58494ef4-1566-4c04-8491-4f321f7d9268
[10:15:54] [Server thread/DEBUG] [de.an.AntikytheraMechanism/]: Frame onRemove at BlockPos{x=6590499, y=-57, z=13818003} movedByPiston=false relocationJournal=false
[10:15:54] [Server thread/DEBUG] [de.an.AntikytheraMechanism/]: Staged Sable SubLevel 772e7fc9-0017-4550-b828-2df122408aae for content in assembly 1bde8e34-5f06-4d9d-9d67-64b3ad0dae07
[10:15:54] [Server thread/ERROR] [de.an.AntikytheraMechanism/]: Assembly lifecycle listener antikytheramechanism:gametest_origin_rebase_inbound_rolled_back rejected afterAssemblyTransfer
[10:15:54] [Server thread/ERROR] [de.an.AntikytheraMechanism/]: Locked assemblies 58494ef4-1566-4c04-8491-4f321f7d9268 and 1bde8e34-5f06-4d9d-9d67-64b3ad0dae07 after stale-origin repair failed: restoring the rebased payload to the original assembly rolled back. Both managed payload references were retained for recovery.
[10:15:54] [Server thread/ERROR] [de.an.AntikytheraMechanism/]: [HOST-WRITE-DIAG] HEAD pos=BlockPos{x=6590500, y=-57, z=13818003} before=Block{antikytheramechanism:mechanism_frame}[connected_down=false,connected_east=true,connected_north=false,connected_south=false,connected_up=false,connected_west=true,empty=true,facing=north] requested=Block{antikytheramechanism:mechanism_frame}[connected_down=false,connected_east=true,connected_north=false,connected_south=false,connected_up=false,connected_west=false,empty=true,facing=north] moving=false destinationTransition=false allowed=true receiver=2037564586 resolved=2037564586 sameChunk=true containing=ROOT
[10:15:54] [Server thread/ERROR] [de.an.AntikytheraMechanism/]: [HOST-WRITE-DIAG] RETURN pos=BlockPos{x=6590500, y=-57, z=13818003} previousReturn=Block{antikytheramechanism:mechanism_frame}[connected_down=false,connected_east=true,connected_north=false,connected_south=false,connected_up=false,connected_west=true,empty=true,facing=north] actual=Block{antikytheramechanism:mechanism_frame}[connected_down=false,connected_east=true,connected_north=false,connected_south=false,connected_up=false,connected_west=false,empty=true,facing=north] destinationTransition=false receiver=2037564586 resolved=2037564586 sameChunk=true
[10:15:54] [Server thread/WARN] [de.an.AntikytheraMechanism/]: Managed Sable SubLevel 85ef7159-96f0-4660-ae49-ece705c1ed25 for assembly 58494ef4-1566-4c04-8491-4f321f7d9268 was removed (REMOVED)
[10:15:54] [Server thread/ERROR] [de.an.AntikytheraMechanism/]: [HOST-WRITE-DIAG] HEAD pos=BlockPos{x=6590431, y=-57, z=13818002} before=Block{minecraft:air} requested=Block{antikytheramechanism:mechanism_frame}[connected_down=false,connected_east=false,connected_north=false,connected_south=false,connected_up=false,connected_west=false,empty=true,facing=north] moving=false destinationTransition=false allowed=true receiver=292200953 resolved=292200953 sameChunk=true containing=ROOT
[10:15:54] [Server thread/WARN] [de.an.AntikytheraMechanism/]: [FREEZE-WATCHDOG] Armed 30s after Mechanism Frame placement at BlockPos{x=6590431, y=-57, z=13818002} in minecraft:overworld on thread Server thread (stall threshold=2000ms, generation=56)
[10:15:54] [Server thread/ERROR] [de.an.AntikytheraMechanism/]: [HOST-WRITE-DIAG] RETURN pos=BlockPos{x=6590431, y=-57, z=13818002} previousReturn=Block{minecraft:air} actual=Block{antikytheramechanism:mechanism_frame}[connected_down=false,connected_east=false,connected_north=false,connected_south=false,connected_up=false,connected_west=false,empty=true,facing=north] destinationTransition=false receiver=292200953 resolved=292200953 sameChunk=true
[10:15:54] [Server thread/ERROR] [de.an.AntikytheraMechanism/]: [HOST-WRITE-DIAG] HEAD pos=BlockPos{x=6590536, y=-57, z=13818001} before=Block{minecraft:air} requested=Block{antikytheramechanism:mechanism_frame}[connected_down=false,connected_east=false,connected_north=false,connected_south=false,connected_up=false,connected_west=false,empty=true,facing=north] moving=false destinationTransition=false allowed=true receiver=888826032 resolved=888826032 sameChunk=true containing=ROOT
[10:15:54] [Server thread/WARN] [de.an.AntikytheraMechanism/]: [FREEZE-WATCHDOG] Armed 30s after Mechanism Frame placement at BlockPos{x=6590536, y=-57, z=13818001} in minecraft:overworld on thread Server thread (stall threshold=2000ms, generation=57)
[10:15:54] [Server thread/ERROR] [de.an.AntikytheraMechanism/]: [HOST-WRITE-DIAG] RETURN pos=BlockPos{x=6590536, y=-57, z=13818001} previousReturn=Block{minecraft:air} actual=Block{antikytheramechanism:mechanism_frame}[connected_down=false,connected_east=false,connected_north=false,connected_south=false,connected_up=false,connected_west=false,empty=true,facing=north] destinationTransition=false receiver=888826032 resolved=888826032 sameChunk=true
[10:15:54] [Server thread/DEBUG] [de.an.AntikytheraMechanism/]: Staged Sable SubLevel 11180e79-3177-49a7-8944-f9b96c8dd443 for content in assembly 5d32df13-47c2-49a5-bc50-2a89e1bfd45e
[10:15:54] [Server thread/DEBUG] [de.an.AntikytheraMechanism/]: Frame onRemove at BlockPos{x=6590536, y=-57, z=13818001} movedByPiston=false relocationJournal=true
[10:15:54] [Server thread/WARN] [de.an.AntikytheraMechanism/]: Managed Sable SubLevel 11180e79-3177-49a7-8944-f9b96c8dd443 for assembly 5d32df13-47c2-49a5-bc50-2a89e1bfd45e was removed (REMOVED)
[10:15:54] [Server thread/ERROR] [de.an.AntikytheraMechanism/]: [HOST-WRITE-DIAG] HEAD pos=BlockPos{x=6590574, y=-57, z=13818002} before=Block{minecraft:air} requested=Block{antikytheramechanism:mechanism_frame}[connected_down=false,connected_east=false,connected_north=false,connected_south=false,connected_up=false,connected_west=false,empty=true,facing=north] moving=false destinationTransition=false allowed=true receiver=30508205 resolved=30508205 sameChunk=true containing=ROOT
[10:15:54] [Server thread/WARN] [de.an.AntikytheraMechanism/]: [FREEZE-WATCHDOG] Armed 30s after Mechanism Frame placement at BlockPos{x=6590574, y=-57, z=13818002} in minecraft:overworld on thread Server thread (stall threshold=2000ms, generation=58)
[10:15:54] [Server thread/ERROR] [de.an.AntikytheraMechanism/]: [HOST-WRITE-DIAG] RETURN pos=BlockPos{x=6590574, y=-57, z=13818002} previousReturn=Block{minecraft:air} actual=Block{antikytheramechanism:mechanism_frame}[connected_down=false,connected_east=false,connected_north=false,connected_south=false,connected_up=false,connected_west=false,empty=true,facing=north] destinationTransition=false receiver=30508205 resolved=30508205 sameChunk=true
[10:15:54] [Server thread/DEBUG] [de.an.AntikytheraMechanism/]: Staged Sable SubLevel 058a51af-3aa9-43b9-be65-7913fde82e77 for content in assembly 04e8af21-32fd-42a3-823c-12e1fcf6c964
[10:15:54] [Server thread/ERROR] [de.an.AntikytheraMechanism/]: [HOST-WRITE-DIAG] HEAD pos=BlockPos{x=20481032, y=128, z=20505608} before=Block{minecraft:air} requested=Block{antikytheramechanism:mechanism_frame}[connected_down=false,connected_east=false,connected_north=false,connected_south=false,connected_up=false,connected_west=false,empty=true,facing=north] moving=true destinationTransition=true allowed=true receiver=1341334482 resolved=1341334482 sameChunk=true containing=cdd06fb8-1005-4af6-84d2-8f8393cbd2ac
[10:15:54] [Server thread/ERROR] [de.an.AntikytheraMechanism/]: [HOST-WRITE-DIAG] RETURN pos=BlockPos{x=20481032, y=128, z=20505608} previousReturn=Block{minecraft:air} actual=Block{antikytheramechanism:mechanism_frame}[connected_down=false,connected_east=false,connected_north=false,connected_south=false,connected_up=false,connected_west=false,empty=true,facing=north] destinationTransition=true receiver=1341334482 resolved=1341334482 sameChunk=true
[10:15:54] [Server thread/DEBUG] [de.an.AntikytheraMechanism/]: Frame onRemove at BlockPos{x=6590574, y=-57, z=13818002} movedByPiston=true relocationJournal=true
[10:15:54] [Server thread/ERROR] [de.an.AntikytheraMechanism/]: [HOST-WRITE-DIAG] HEAD pos=BlockPos{x=20481032, y=128, z=20505608} before=Block{antikytheramechanism:mechanism_frame}[connected_down=false,connected_east=false,connected_north=false,connected_south=false,connected_up=false,connected_west=false,empty=true,facing=north] requested=Block{antikytheramechanism:mechanism_frame}[connected_down=false,connected_east=false,connected_north=false,connected_south=false,connected_up=false,connected_west=false,empty=false,facing=north] moving=false destinationTransition=false allowed=true receiver=1341334482 resolved=1341334482 sameChunk=true containing=cdd06fb8-1005-4af6-84d2-8f8393cbd2ac
[10:15:54] [Server thread/ERROR] [de.an.AntikytheraMechanism/]: [HOST-WRITE-DIAG] RETURN pos=BlockPos{x=20481032, y=128, z=20505608} previousReturn=Block{antikytheramechanism:mechanism_frame}[connected_down=false,connected_east=false,connected_north=false,connected_south=false,connected_up=false,connected_west=false,empty=true,facing=north] actual=Block{antikytheramechanism:mechanism_frame}[connected_down=false,connected_east=false,connected_north=false,connected_south=false,connected_up=false,connected_west=false,empty=false,facing=north] destinationTransition=false receiver=1341334482 resolved=1341334482 sameChunk=true
[10:15:54] [Server thread/DEBUG] [de.an.AntikytheraMechanism/]: Adopted complete Sable relocation for assembly 04e8af21-32fd-42a3-823c-12e1fcf6c964 by BlockPos{x=13890458, y=185, z=6687606} into host FOREIGN
[10:15:54] [Server thread/WARN] [de.an.AntikytheraMechanism/]: Managed Sable SubLevel 058a51af-3aa9-43b9-be65-7913fde82e77 for assembly 04e8af21-32fd-42a3-823c-12e1fcf6c964 was removed (REMOVED)
[10:15:54] [Server thread/WARN] [de.an.AntikytheraMechanism/]: Managed Sable SubLevel cce904d1-79e0-4ac9-a88e-08b0cd953f42 for assembly 21c9a4c5-e0c6-496d-b169-d2cd31d341ef was removed (REMOVED)
[10:15:54] [Server thread/DEBUG] [de.an.AntikytheraMechanism/]: Staged Sable SubLevel f094b862-0308-4531-bc46-7d43f46b9195 for content in assembly 26c3a575-f75a-4534-8952-4f6342fe9d17
[10:15:54] [Server thread/ERROR] [de.an.AntikytheraMechanism/]: [HOST-WRITE-DIAG] HEAD pos=BlockPos{x=6590431, y=-57, z=13818002} before=Block{antikytheramechanism:mechanism_frame}[connected_down=false,connected_east=false,connected_north=false,connected_south=false,connected_up=false,connected_west=false,empty=true,facing=north] requested=Block{antikytheramechanism:mechanism_frame}[connected_down=false,connected_east=false,connected_north=false,connected_south=false,connected_up=false,connected_west=false,empty=false,facing=north] moving=false destinationTransition=false allowed=true receiver=292200953 resolved=292200953 sameChunk=true containing=ROOT
[10:15:54] [Server thread/ERROR] [de.an.AntikytheraMechanism/]: [HOST-WRITE-DIAG] RETURN pos=BlockPos{x=6590431, y=-57, z=13818002} previousReturn=Block{antikytheramechanism:mechanism_frame}[connected_down=false,connected_east=false,connected_north=false,connected_south=false,connected_up=false,connected_west=false,empty=true,facing=north] actual=Block{antikytheramechanism:mechanism_frame}[connected_down=false,connected_east=false,connected_north=false,connected_south=false,connected_up=false,connected_west=false,empty=false,facing=north] destinationTransition=false receiver=292200953 resolved=292200953 sameChunk=true
[10:15:54] [Server thread/ERROR] [de.an.AntikytheraMechanism/]: [HOST-WRITE-DIAG] HEAD pos=BlockPos{x=6590431, y=-57, z=13818002} before=Block{antikytheramechanism:mechanism_frame}[connected_down=false,connected_east=false,connected_north=false,connected_south=false,connected_up=false,connected_west=false,empty=false,facing=north] requested=Block{antikytheramechanism:mechanism_frame}[connected_down=false,connected_east=false,connected_north=false,connected_south=false,connected_up=false,connected_west=false,empty=true,facing=north] moving=false destinationTransition=false allowed=true receiver=292200953 resolved=292200953 sameChunk=true containing=ROOT
[10:15:54] [Server thread/ERROR] [de.an.AntikytheraMechanism/]: [HOST-WRITE-DIAG] RETURN pos=BlockPos{x=6590431, y=-57, z=13818002} previousReturn=Block{antikytheramechanism:mechanism_frame}[connected_down=false,connected_east=false,connected_north=false,connected_south=false,connected_up=false,connected_west=false,empty=false,facing=north] actual=Block{antikytheramechanism:mechanism_frame}[connected_down=false,connected_east=false,connected_north=false,connected_south=false,connected_up=false,connected_west=false,empty=true,facing=north] destinationTransition=false receiver=292200953 resolved=292200953 sameChunk=true
[10:15:54] [Server thread/DEBUG] [de.an.AntikytheraMechanism/]: Frame onRemove at BlockPos{x=6590431, y=-57, z=13818002} movedByPiston=false relocationJournal=false
[10:15:54] [Server thread/WARN] [de.an.AntikytheraMechanism/]: Managed Sable SubLevel f094b862-0308-4531-bc46-7d43f46b9195 for assembly 26c3a575-f75a-4534-8952-4f6342fe9d17 was removed (REMOVED)
[10:15:54] [Server thread/ERROR] [de.an.AntikytheraMechanism/]: [HOST-WRITE-DIAG] HEAD pos=BlockPos{x=6590431, y=-57, z=13818002} before=Block{minecraft:air} requested=Block{antikytheramechanism:mechanism_frame}[connected_down=false,connected_east=false,connected_north=false,connected_south=false,connected_up=false,connected_west=false,empty=true,facing=north] moving=false destinationTransition=false allowed=true receiver=292200953 resolved=292200953 sameChunk=true containing=ROOT
[10:15:54] [Server thread/WARN] [de.an.AntikytheraMechanism/]: [FREEZE-WATCHDOG] Armed 30s after Mechanism Frame placement at BlockPos{x=6590431, y=-57, z=13818002} in minecraft:overworld on thread Server thread (stall threshold=2000ms, generation=59)
[10:15:54] [Server thread/ERROR] [de.an.AntikytheraMechanism/]: [HOST-WRITE-DIAG] RETURN pos=BlockPos{x=6590431, y=-57, z=13818002} previousReturn=Block{minecraft:air} actual=Block{antikytheramechanism:mechanism_frame}[connected_down=false,connected_east=false,connected_north=false,connected_south=false,connected_up=false,connected_west=false,empty=true,facing=north] destinationTransition=false receiver=292200953 resolved=292200953 sameChunk=true
[10:15:54] [Server thread/DEBUG] [de.an.AntikytheraMechanism/]: Marked Sable SubLevel b0d9b4bf-5b5e-4383-bbbf-9190061563d5 as detached Antikythera half-scale physics body
[10:15:54] [Server thread/DEBUG] [de.an.AntikytheraMechanism/]: Rejected non-miniaturizable placement Block{minecraft:tnt} in detached mini physics body b0d9b4bf-5b5e-4383-bbbf-9190061563d5 at BlockPos{x=20481033, y=128, z=20481032}
[10:15:54] [Server thread/WARN] [de.an.AntikytheraMechanism/]: Rejected nested Mechanism Frame write in detached mini physics SubLevel b0d9b4bf-5b5e-4383-bbbf-9190061563d5 at BlockPos{x=20481033, y=129, z=20481032}
[10:15:54] [Server thread/ERROR] [de.an.AntikytheraMechanism/]: [HOST-WRITE-DIAG] HEAD pos=BlockPos{x=20481033, y=129, z=20481032} before=Block{minecraft:air} requested=Block{antikytheramechanism:mechanism_frame}[connected_down=false,connected_east=false,connected_north=false,connected_south=false,connected_up=false,connected_west=false,empty=true,facing=north] moving=false destinationTransition=false allowed=false receiver=1579441432 resolved=1579441432 sameChunk=true containing=b0d9b4bf-5b5e-4383-bbbf-9190061563d5
[10:15:54] [Server thread/DEBUG] [de.an.AntikytheraMechanism/]: Marked Sable SubLevel 23765d43-3c8d-4854-97da-1fb8a9010545 as detached Antikythera half-scale physics body
[10:15:54] [Server thread/DEBUG] [mixin/]: Mixing entity.entities_stick_sublevels.packet_mixin.ClientboundTeleportEntityPacketMixin from sable.mixins.json into net.minecraft.network.protocol.game.ClientboundTeleportEntityPacket
[10:15:54] [Server thread/DEBUG] [mixin/]: sable.mixins.json:entity.entities_stick_sublevels.packet_mixin.ClientboundTeleportEntityPacketMixin from mod sable->@Inject::sable$readActuallyInSubLevel(Lnet/minecraft/network/FriendlyByteBuf;Lorg/spongepowered/asm/mixin/injection/callback/CallbackInfo;)V doesn't use it's CallbackInfo
[10:15:54] [Server thread/DEBUG] [mixin/]: sable.mixins.json:entity.entities_stick_sublevels.packet_mixin.ClientboundTeleportEntityPacketMixin from mod sable->@Inject::sable$readActuallyInSubLevel(Lnet/minecraft/network/FriendlyByteBuf;Lorg/spongepowered/asm/mixin/injection/callback/CallbackInfo;)V has 0 override(s) in child classes
[10:15:54] [Server thread/DEBUG] [mixin/]: sable.mixins.json:entity.entities_stick_sublevels.packet_mixin.ClientboundTeleportEntityPacketMixin from mod sable->@Inject::sable$readActuallyInSubLevel(Lnet/minecraft/network/FriendlyByteBuf;Lorg/spongepowered/asm/mixin/injection/callback/CallbackInfo;)V won't be passed a CallbackInfo as a result
[10:15:54] [Server thread/DEBUG] [mixin/]: sable.mixins.json:entity.entities_stick_sublevels.packet_mixin.ClientboundTeleportEntityPacketMixin from mod sable->@Inject::sable$writeActuallyInSubLevel(Lnet/minecraft/network/FriendlyByteBuf;Lorg/spongepowered/asm/mixin/injection/callback/CallbackInfo;)V doesn't use it's CallbackInfo
[10:15:54] [Server thread/DEBUG] [mixin/]: sable.mixins.json:entity.entities_stick_sublevels.packet_mixin.ClientboundTeleportEntityPacketMixin from mod sable->@Inject::sable$writeActuallyInSubLevel(Lnet/minecraft/network/FriendlyByteBuf;Lorg/spongepowered/asm/mixin/injection/callback/CallbackInfo;)V has 0 override(s) in child classes
[10:15:54] [Server thread/DEBUG] [mixin/]: sable.mixins.json:entity.entities_stick_sublevels.packet_mixin.ClientboundTeleportEntityPacketMixin from mod sable->@Inject::sable$writeActuallyInSubLevel(Lnet/minecraft/network/FriendlyByteBuf;Lorg/spongepowered/asm/mixin/injection/callback/CallbackInfo;)V won't be passed a CallbackInfo as a result
[10:15:54] [Server thread/DEBUG] [de.an.AntikytheraMechanism/]: Staged Sable SubLevel a14951b5-88c8-4b1b-9905-9c89e757c4c9 for content in assembly 10714c1f-a16f-4110-b7a9-5604f547fd54
[10:15:54] [Server thread/ERROR] [de.an.AntikytheraMechanism/]: [HOST-WRITE-DIAG] HEAD pos=BlockPos{x=6590431, y=-57, z=13818002} before=Block{antikytheramechanism:mechanism_frame}[connected_down=false,connected_east=false,connected_north=false,connected_south=false,connected_up=false,connected_west=false,empty=true,facing=north] requested=Block{antikytheramechanism:mechanism_frame}[connected_down=false,connected_east=false,connected_north=false,connected_south=false,connected_up=false,connected_west=false,empty=false,facing=north] moving=false destinationTransition=false allowed=true receiver=292200953 resolved=292200953 sameChunk=true containing=ROOT
[10:15:54] [Server thread/ERROR] [de.an.AntikytheraMechanism/]: [HOST-WRITE-DIAG] RETURN pos=BlockPos{x=6590431, y=-57, z=13818002} previousReturn=Block{antikytheramechanism:mechanism_frame}[connected_down=false,connected_east=false,connected_north=false,connected_south=false,connected_up=false,connected_west=false,empty=true,facing=north] actual=Block{antikytheramechanism:mechanism_frame}[connected_down=false,connected_east=false,connected_north=false,connected_south=false,connected_up=false,connected_west=false,empty=false,facing=north] destinationTransition=false receiver=292200953 resolved=292200953 sameChunk=true
[10:15:54] [Server thread/ERROR] [de.an.AntikytheraMechanism/]: [HOST-WRITE-DIAG] HEAD pos=BlockPos{x=6590431, y=-57, z=13818002} before=Block{antikytheramechanism:mechanism_frame}[connected_down=false,connected_east=false,connected_north=false,connected_south=false,connected_up=false,connected_west=false,empty=false,facing=north] requested=Block{antikytheramechanism:mechanism_frame}[connected_down=false,connected_east=false,connected_north=false,connected_south=false,connected_up=false,connected_west=false,empty=true,facing=north] moving=false destinationTransition=false allowed=true receiver=292200953 resolved=292200953 sameChunk=true containing=ROOT
[10:15:54] [Server thread/ERROR] [de.an.AntikytheraMechanism/]: [HOST-WRITE-DIAG] RETURN pos=BlockPos{x=6590431, y=-57, z=13818002} previousReturn=Block{antikytheramechanism:mechanism_frame}[connected_down=false,connected_east=false,connected_north=false,connected_south=false,connected_up=false,connected_west=false,empty=false,facing=north] actual=Block{antikytheramechanism:mechanism_frame}[connected_down=false,connected_east=false,connected_north=false,connected_south=false,connected_up=false,connected_west=false,empty=true,facing=north] destinationTransition=false receiver=292200953 resolved=292200953 sameChunk=true
[10:15:54] [Server thread/DEBUG] [de.an.AntikytheraMechanism/]: Frame onRemove at BlockPos{x=6590431, y=-57, z=13818002} movedByPiston=false relocationJournal=false
[10:15:54] [Server thread/WARN] [de.an.AntikytheraMechanism/]: Managed Sable SubLevel a14951b5-88c8-4b1b-9905-9c89e757c4c9 for assembly 10714c1f-a16f-4110-b7a9-5604f547fd54 was removed (REMOVED)
[10:15:54] [Server thread/ERROR] [de.an.AntikytheraMechanism/]: [HOST-WRITE-DIAG] HEAD pos=BlockPos{x=6590350, y=-57, z=13818027} before=Block{minecraft:air} requested=Block{antikytheramechanism:mechanism_frame}[connected_down=false,connected_east=false,connected_north=false,connected_south=false,connected_up=false,connected_west=false,empty=true,facing=north] moving=false destinationTransition=false allowed=true receiver=1755050072 resolved=1755050072 sameChunk=true containing=ROOT
[10:15:54] [Server thread/WARN] [de.an.AntikytheraMechanism/]: [FREEZE-WATCHDOG] Armed 30s after Mechanism Frame placement at BlockPos{x=6590350, y=-57, z=13818027} in minecraft:overworld on thread Server thread (stall threshold=2000ms, generation=60)
[10:15:54] [Server thread/ERROR] [de.an.AntikytheraMechanism/]: [HOST-WRITE-DIAG] RETURN pos=BlockPos{x=6590350, y=-57, z=13818027} previousReturn=Block{minecraft:air} actual=Block{antikytheramechanism:mechanism_frame}[connected_down=false,connected_east=false,connected_north=false,connected_south=false,connected_up=false,connected_west=false,empty=true,facing=north] destinationTransition=false receiver=1755050072 resolved=1755050072 sameChunk=true
[10:15:54] [Server thread/ERROR] [de.an.AntikytheraMechanism/]: [HOST-WRITE-DIAG] HEAD pos=BlockPos{x=6590357, y=-57, z=13818027} before=Block{minecraft:air} requested=Block{antikytheramechanism:mechanism_frame}[connected_down=false,connected_east=false,connected_north=false,connected_south=false,connected_up=false,connected_west=false,empty=true,facing=north] moving=false destinationTransition=false allowed=true receiver=1939779819 resolved=1939779819 sameChunk=true containing=ROOT
[10:15:54] [Server thread/WARN] [de.an.AntikytheraMechanism/]: [FREEZE-WATCHDOG] Armed 30s after Mechanism Frame placement at BlockPos{x=6590357, y=-57, z=13818027} in minecraft:overworld on thread Server thread (stall threshold=2000ms, generation=61)
[10:15:54] [Server thread/ERROR] [de.an.AntikytheraMechanism/]: [HOST-WRITE-DIAG] RETURN pos=BlockPos{x=6590357, y=-57, z=13818027} previousReturn=Block{minecraft:air} actual=Block{antikytheramechanism:mechanism_frame}[connected_down=false,connected_east=false,connected_north=false,connected_south=false,connected_up=false,connected_west=false,empty=true,facing=north] destinationTransition=false receiver=1939779819 resolved=1939779819 sameChunk=true
[10:15:54] [Server thread/DEBUG] [de.an.AntikytheraMechanism/]: Staged Sable SubLevel a0740862-957e-4306-9933-1205df949ad0 for content in assembly f66f945c-0019-4a09-82d4-a304242073bc
[10:15:54] [Server thread/DEBUG] [de.an.AntikytheraMechanism/]: Frame onRemove at BlockPos{x=6590350, y=-57, z=13818027} movedByPiston=false relocationJournal=true
[10:15:54] [Server thread/DEBUG] [de.an.AntikytheraMechanism/]: Frame onRemove at BlockPos{x=6590357, y=-57, z=13818027} movedByPiston=false relocationJournal=true
[10:15:54] [Server thread/ERROR] [de.an.AntikytheraMechanism/]: [HOST-WRITE-DIAG] HEAD pos=BlockPos{x=6590357, y=-57, z=13818027} before=Block{minecraft:air} requested=Block{antikytheramechanism:mechanism_frame}[connected_down=false,connected_east=false,connected_north=false,connected_south=false,connected_up=false,connected_west=false,empty=true,facing=north] moving=false destinationTransition=false allowed=true receiver=1939779819 resolved=1939779819 sameChunk=true containing=ROOT
[10:15:54] [Server thread/ERROR] [de.an.AntikytheraMechanism/]: [HOST-WRITE-DIAG] RETURN pos=BlockPos{x=6590357, y=-57, z=13818027} previousReturn=Block{minecraft:air} actual=Block{antikytheramechanism:mechanism_frame}[connected_down=false,connected_east=false,connected_north=false,connected_south=false,connected_up=false,connected_west=false,empty=true,facing=north] destinationTransition=false receiver=1939779819 resolved=1939779819 sameChunk=true
[10:15:54] [Server thread/WARN] [de.an.AntikytheraMechanism/]: Managed Sable SubLevel a0740862-957e-4306-9933-1205df949ad0 for assembly f66f945c-0019-4a09-82d4-a304242073bc was removed (REMOVED)
[10:15:54] [Server thread/INFO] [minecraft/GameTestServer]: [+++++++++++++++++++++++_++++++++++++++++++++++++++                                     ]
[10:15:54] [Server thread/ERROR] [de.an.AntikytheraMechanism/]: [HOST-WRITE-DIAG] HEAD pos=BlockPos{x=20481032, y=128, z=20505608} before=Block{antikytheramechanism:mechanism_frame}[connected_down=false,connected_east=false,connected_north=false,connected_south=false,connected_up=false,connected_west=false,empty=false,facing=north] requested=Block{antikytheramechanism:mechanism_frame}[connected_down=false,connected_east=false,connected_north=false,connected_south=false,connected_up=false,connected_west=false,empty=true,facing=north] moving=false destinationTransition=false allowed=true receiver=1341334482 resolved=1341334482 sameChunk=true containing=cdd06fb8-1005-4af6-84d2-8f8393cbd2ac
[10:15:54] [Server thread/ERROR] [de.an.AntikytheraMechanism/]: [HOST-WRITE-DIAG] RETURN pos=BlockPos{x=20481032, y=128, z=20505608} previousReturn=Block{antikytheramechanism:mechanism_frame}[connected_down=false,connected_east=false,connected_north=false,connected_south=false,connected_up=false,connected_west=false,empty=false,facing=north] actual=Block{antikytheramechanism:mechanism_frame}[connected_down=false,connected_east=false,connected_north=false,connected_south=false,connected_up=false,connected_west=false,empty=true,facing=north] destinationTransition=false receiver=1341334482 resolved=1341334482 sameChunk=true
[10:15:54] [Server thread/ERROR] [de.an.AntikytheraMechanism/]: [HOST-WRITE-DIAG] HEAD pos=BlockPos{x=20481032, y=128, z=20489224} before=Block{antikytheramechanism:mechanism_frame}[connected_down=false,connected_east=true,connected_north=false,connected_south=false,connected_up=false,connected_west=false,empty=false,facing=north] requested=Block{antikytheramechanism:mechanism_frame}[connected_down=false,connected_east=true,connected_north=false,connected_south=false,connected_up=false,connected_west=false,empty=true,facing=north] moving=false destinationTransition=false allowed=true receiver=24912423 resolved=24912423 sameChunk=true containing=d53c6093-27be-47b3-9f94-4ca8ca9c1060
[10:15:54] [Server thread/ERROR] [de.an.AntikytheraMechanism/]: [HOST-WRITE-DIAG] RETURN pos=BlockPos{x=20481032, y=128, z=20489224} previousReturn=Block{antikytheramechanism:mechanism_frame}[connected_down=false,connected_east=true,connected_north=false,connected_south=false,connected_up=false,connected_west=false,empty=false,facing=north] actual=Block{antikytheramechanism:mechanism_frame}[connected_down=false,connected_east=true,connected_north=false,connected_south=false,connected_up=false,connected_west=false,empty=true,facing=north] destinationTransition=false receiver=24912423 resolved=24912423 sameChunk=true
[10:15:54] [Server thread/ERROR] [de.an.AntikytheraMechanism/]: [HOST-WRITE-DIAG] HEAD pos=BlockPos{x=20481032, y=128, z=20493320} before=Block{antikytheramechanism:mechanism_frame}[connected_down=false,connected_east=false,connected_north=false,connected_south=false,connected_up=false,connected_west=true,empty=false,facing=north] requested=Block{antikytheramechanism:mechanism_frame}[connected_down=false,connected_east=false,connected_north=false,connected_south=false,connected_up=false,connected_west=true,empty=true,facing=north] moving=false destinationTransition=false allowed=true receiver=1189308135 resolved=1189308135 sameChunk=true containing=5865a19b-3e98-48a3-b188-7910a0ee5653
[10:15:54] [Server thread/ERROR] [de.an.AntikytheraMechanism/]: [HOST-WRITE-DIAG] RETURN pos=BlockPos{x=20481032, y=128, z=20493320} previousReturn=Block{antikytheramechanism:mechanism_frame}[connected_down=false,connected_east=false,connected_north=false,connected_south=false,connected_up=false,connected_west=true,empty=false,facing=north] actual=Block{antikytheramechanism:mechanism_frame}[connected_down=false,connected_east=false,connected_north=false,connected_south=false,connected_up=false,connected_west=true,empty=true,facing=north] destinationTransition=false receiver=1189308135 resolved=1189308135 sameChunk=true
[10:15:54] [Server thread/ERROR] [de.an.AntikytheraMechanism/]: [HOST-WRITE-DIAG] HEAD pos=BlockPos{x=6590352, y=-57, z=13818002} before=Block{antikytheramechanism:mechanism_frame}[connected_down=false,connected_east=false,connected_north=false,connected_south=false,connected_up=false,connected_west=false,empty=false,facing=south] requested=Block{antikytheramechanism:mechanism_frame}[connected_down=false,connected_east=false,connected_north=false,connected_south=false,connected_up=false,connected_west=false,empty=true,facing=south] moving=false destinationTransition=false allowed=true receiver=682323029 resolved=682323029 sameChunk=true containing=ROOT
[10:15:54] [Server thread/ERROR] [de.an.AntikytheraMechanism/]: [HOST-WRITE-DIAG] RETURN pos=BlockPos{x=6590352, y=-57, z=13818002} previousReturn=Block{antikytheramechanism:mechanism_frame}[connected_down=false,connected_east=false,connected_north=false,connected_south=false,connected_up=false,connected_west=false,empty=false,facing=south] actual=Block{antikytheramechanism:mechanism_frame}[connected_down=false,connected_east=false,connected_north=false,connected_south=false,connected_up=false,connected_west=false,empty=true,facing=south] destinationTransition=false receiver=682323029 resolved=682323029 sameChunk=true
[10:15:56] [Server thread/INFO] [minecraft/GameTestRunner]: Running test batch 'defaultBatch:1' (37 tests)...
[10:15:56] [Server thread/DEBUG] [mixin/]: Mixing SubLevelSerializerManagedLoadMixin from antikytheramechanism.mixins.json into dev.ryanhcode.sable.sublevel.storage.serialization.SubLevelSerializer
[10:15:56] [Server thread/DEBUG] [mixin/]: Mixing SableNBTUtilsMixin from sablescale.mixins.json into dev.ryanhcode.sable.util.SableNBTUtils
[10:15:56] [Server thread/DEBUG] [mixin/]: sablescale.mixins.json:SableNBTUtilsMixin from mod sablescale->@Inject::sablescale$writeScale(Ldev/ryanhcode/sable/companion/math/Pose3d;Lorg/spongepowered/asm/mixin/injection/callback/CallbackInfoReturnable;)V does use it's CallbackInfoReturnable
[10:15:56] [Server thread/DEBUG] [mixin/]: sablescale.mixins.json:SableNBTUtilsMixin from mod sablescale->@Inject::sablescale$readScale(Lnet/minecraft/nbt/CompoundTag;Lorg/spongepowered/asm/mixin/injection/callback/CallbackInfoReturnable;)V does use it's CallbackInfoReturnable
[10:15:57] [Server thread/INFO] [minecraft/GameTestServer]: [++++++++++++++++++++++++++++++++++++++++++++++++++                                     ]
[10:15:57] [Server thread/ERROR] [de.an.AntikytheraMechanism/]: [HOST-WRITE-DIAG] HEAD pos=BlockPos{x=6590389, y=-57, z=13818024} before=Block{minecraft:air} requested=Block{antikytheramechanism:mechanism_frame}[connected_down=false,connected_east=false,connected_north=false,connected_south=false,connected_up=false,connected_west=false,empty=true,facing=north] moving=false destinationTransition=false allowed=true receiver=140334204 resolved=140334204 sameChunk=true containing=ROOT
[10:15:57] [Server thread/WARN] [de.an.AntikytheraMechanism/]: [FREEZE-WATCHDOG] Armed 30s after Mechanism Frame placement at BlockPos{x=6590389, y=-57, z=13818024} in minecraft:overworld on thread Server thread (stall threshold=2000ms, generation=62)
[10:15:57] [Server thread/ERROR] [de.an.AntikytheraMechanism/]: [HOST-WRITE-DIAG] RETURN pos=BlockPos{x=6590389, y=-57, z=13818024} previousReturn=Block{minecraft:air} actual=Block{antikytheramechanism:mechanism_frame}[connected_down=false,connected_east=false,connected_north=false,connected_south=false,connected_up=false,connected_west=false,empty=true,facing=north] destinationTransition=false receiver=140334204 resolved=140334204 sameChunk=true
[10:15:57] [Server thread/DEBUG] [de.an.AntikytheraMechanism/]: Staged Sable SubLevel 9070692e-94ed-4b22-ba30-328072d0dc49 for content in assembly 73292727-460f-4e29-83db-b99e0eff8fac
[10:15:57] [Server thread/WARN] [de.an.AntikytheraMechanism/]: Managed Sable SubLevel 9070692e-94ed-4b22-ba30-328072d0dc49 for assembly 73292727-460f-4e29-83db-b99e0eff8fac was removed (REMOVED)
[10:15:57] [Server thread/ERROR] [de.an.AntikytheraMechanism/]: [HOST-WRITE-DIAG] HEAD pos=BlockPos{x=6590426, y=-57, z=13818024} before=Block{minecraft:air} requested=Block{antikytheramechanism:mechanism_frame}[connected_down=false,connected_east=false,connected_north=false,connected_south=false,connected_up=false,connected_west=false,empty=true,facing=north] moving=false destinationTransition=false allowed=true receiver=1903423465 resolved=1903423465 sameChunk=true containing=ROOT
[10:15:57] [Server thread/WARN] [de.an.AntikytheraMechanism/]: [FREEZE-WATCHDOG] Armed 30s after Mechanism Frame placement at BlockPos{x=6590426, y=-57, z=13818024} in minecraft:overworld on thread Server thread (stall threshold=2000ms, generation=63)
[10:15:57] [Server thread/ERROR] [de.an.AntikytheraMechanism/]: [HOST-WRITE-DIAG] RETURN pos=BlockPos{x=6590426, y=-57, z=13818024} previousReturn=Block{minecraft:air} actual=Block{antikytheramechanism:mechanism_frame}[connected_down=false,connected_east=false,connected_north=false,connected_south=false,connected_up=false,connected_west=false,empty=true,facing=north] destinationTransition=false receiver=1903423465 resolved=1903423465 sameChunk=true
[10:15:57] [Server thread/DEBUG] [de.an.AntikytheraMechanism/]: Staged Sable SubLevel c519731f-25d9-45f1-89ce-227df28fae3d for content in assembly b029f859-95fa-477e-a80b-ae275e39ffbc
[10:15:57] [Server thread/ERROR] [de.an.AntikytheraMechanism/]: [HOST-WRITE-DIAG] HEAD pos=BlockPos{x=6590426, y=-57, z=13818024} before=Block{antikytheramechanism:mechanism_frame}[connected_down=false,connected_east=false,connected_north=false,connected_south=false,connected_up=false,connected_west=false,empty=true,facing=north] requested=Block{antikytheramechanism:mechanism_frame}[connected_down=false,connected_east=false,connected_north=false,connected_south=false,connected_up=false,connected_west=false,empty=false,facing=north] moving=false destinationTransition=false allowed=true receiver=1903423465 resolved=1903423465 sameChunk=true containing=ROOT
[10:15:57] [Server thread/ERROR] [de.an.AntikytheraMechanism/]: [HOST-WRITE-DIAG] RETURN pos=BlockPos{x=6590426, y=-57, z=13818024} previousReturn=Block{antikytheramechanism:mechanism_frame}[connected_down=false,connected_east=false,connected_north=false,connected_south=false,connected_up=false,connected_west=false,empty=true,facing=north] actual=Block{antikytheramechanism:mechanism_frame}[connected_down=false,connected_east=false,connected_north=false,connected_south=false,connected_up=false,connected_west=false,empty=false,facing=north] destinationTransition=false receiver=1903423465 resolved=1903423465 sameChunk=true
[10:15:57] [Server thread/DEBUG] [de.an.AntikytheraMechanism/]: Frame onRemove at BlockPos{x=6590426, y=-57, z=13818024} movedByPiston=false relocationJournal=true
[10:15:57] [Server thread/ERROR] [de.an.AntikytheraMechanism/]: [HOST-WRITE-DIAG] HEAD pos=BlockPos{x=6590426, y=-57, z=13818024} before=Block{minecraft:air} requested=Block{antikytheramechanism:mechanism_frame}[connected_down=false,connected_east=false,connected_north=false,connected_south=false,connected_up=false,connected_west=false,empty=false,facing=west] moving=false destinationTransition=false allowed=true receiver=1903423465 resolved=1903423465 sameChunk=true containing=ROOT
[10:15:57] [Server thread/ERROR] [de.an.AntikytheraMechanism/]: [HOST-WRITE-DIAG] RETURN pos=BlockPos{x=6590426, y=-57, z=13818024} previousReturn=Block{minecraft:air} actual=Block{antikytheramechanism:mechanism_frame}[connected_down=false,connected_east=false,connected_north=false,connected_south=false,connected_up=false,connected_west=false,empty=false,facing=west] destinationTransition=false receiver=1903423465 resolved=1903423465 sameChunk=true
[10:15:57] [Server thread/ERROR] [de.an.AntikytheraMechanism/]: [HOST-WRITE-DIAG] HEAD pos=BlockPos{x=6590462, y=-57, z=13818025} before=Block{minecraft:air} requested=Block{antikytheramechanism:mechanism_frame}[connected_down=false,connected_east=false,connected_north=false,connected_south=false,connected_up=false,connected_west=false,empty=true,facing=north] moving=false destinationTransition=false allowed=true receiver=1159611026 resolved=1159611026 sameChunk=true containing=ROOT
[10:15:57] [Server thread/WARN] [de.an.AntikytheraMechanism/]: [FREEZE-WATCHDOG] Armed 30s after Mechanism Frame placement at BlockPos{x=6590462, y=-57, z=13818025} in minecraft:overworld on thread Server thread (stall threshold=2000ms, generation=64)
[10:15:57] [Server thread/ERROR] [de.an.AntikytheraMechanism/]: [HOST-WRITE-DIAG] RETURN pos=BlockPos{x=6590462, y=-57, z=13818025} previousReturn=Block{minecraft:air} actual=Block{antikytheramechanism:mechanism_frame}[connected_down=false,connected_east=false,connected_north=false,connected_south=false,connected_up=false,connected_west=false,empty=true,facing=north] destinationTransition=false receiver=1159611026 resolved=1159611026 sameChunk=true
[10:15:57] [Server thread/ERROR] [de.an.AntikytheraMechanism/]: [HOST-WRITE-DIAG] HEAD pos=BlockPos{x=6590463, y=-57, z=13818025} before=Block{minecraft:air} requested=Block{antikytheramechanism:mechanism_frame}[connected_down=false,connected_east=false,connected_north=false,connected_south=false,connected_up=false,connected_west=false,empty=true,facing=north] moving=false destinationTransition=false allowed=true receiver=1159611026 resolved=1159611026 sameChunk=true containing=ROOT
[10:15:57] [Server thread/WARN] [de.an.AntikytheraMechanism/]: [FREEZE-WATCHDOG] Armed 30s after Mechanism Frame placement at BlockPos{x=6590463, y=-57, z=13818025} in minecraft:overworld on thread Server thread (stall threshold=2000ms, generation=65)
[10:15:57] [Server thread/ERROR] [de.an.AntikytheraMechanism/]: [HOST-WRITE-DIAG] RETURN pos=BlockPos{x=6590463, y=-57, z=13818025} previousReturn=Block{minecraft:air} actual=Block{antikytheramechanism:mechanism_frame}[connected_down=false,connected_east=false,connected_north=false,connected_south=false,connected_up=false,connected_west=false,empty=true,facing=north] destinationTransition=false receiver=1159611026 resolved=1159611026 sameChunk=true
[10:15:57] [Server thread/ERROR] [de.an.AntikytheraMechanism/]: [HOST-WRITE-DIAG] HEAD pos=BlockPos{x=6590462, y=-57, z=13818025} before=Block{antikytheramechanism:mechanism_frame}[connected_down=false,connected_east=false,connected_north=false,connected_south=false,connected_up=false,connected_west=false,empty=true,facing=north] requested=Block{antikytheramechanism:mechanism_frame}[connected_down=false,connected_east=true,connected_north=false,connected_south=false,connected_up=false,connected_west=false,empty=true,facing=north] moving=false destinationTransition=false allowed=true receiver=1159611026 resolved=1159611026 sameChunk=true containing=ROOT
[10:15:57] [Server thread/ERROR] [de.an.AntikytheraMechanism/]: [HOST-WRITE-DIAG] RETURN pos=BlockPos{x=6590462, y=-57, z=13818025} previousReturn=Block{antikytheramechanism:mechanism_frame}[connected_down=false,connected_east=false,connected_north=false,connected_south=false,connected_up=false,connected_west=false,empty=true,facing=north] actual=Block{antikytheramechanism:mechanism_frame}[connected_down=false,connected_east=true,connected_north=false,connected_south=false,connected_up=false,connected_west=false,empty=true,facing=north] destinationTransition=false receiver=1159611026 resolved=1159611026 sameChunk=true
[10:15:57] [Server thread/ERROR] [de.an.AntikytheraMechanism/]: [HOST-WRITE-DIAG] HEAD pos=BlockPos{x=6590463, y=-57, z=13818025} before=Block{antikytheramechanism:mechanism_frame}[connected_down=false,connected_east=false,connected_north=false,connected_south=false,connected_up=false,connected_west=false,empty=true,facing=north] requested=Block{antikytheramechanism:mechanism_frame}[connected_down=false,connected_east=false,connected_north=false,connected_south=false,connected_up=false,connected_west=true,empty=true,facing=north] moving=false destinationTransition=false allowed=true receiver=1159611026 resolved=1159611026 sameChunk=true containing=ROOT
[10:15:57] [Server thread/ERROR] [de.an.AntikytheraMechanism/]: [HOST-WRITE-DIAG] RETURN pos=BlockPos{x=6590463, y=-57, z=13818025} previousReturn=Block{antikytheramechanism:mechanism_frame}[connected_down=false,connected_east=false,connected_north=false,connected_south=false,connected_up=false,connected_west=false,empty=true,facing=north] actual=Block{antikytheramechanism:mechanism_frame}[connected_down=false,connected_east=false,connected_north=false,connected_south=false,connected_up=false,connected_west=true,empty=true,facing=north] destinationTransition=false receiver=1159611026 resolved=1159611026 sameChunk=true
[10:15:57] [Server thread/ERROR] [de.an.AntikytheraMechanism/]: [HOST-WRITE-DIAG] HEAD pos=BlockPos{x=6590464, y=-57, z=13818025} before=Block{minecraft:air} requested=Block{antikytheramechanism:mechanism_frame}[connected_down=false,connected_east=false,connected_north=false,connected_south=false,connected_up=false,connected_west=false,empty=true,facing=north] moving=false destinationTransition=false allowed=true receiver=774777838 resolved=774777838 sameChunk=true containing=ROOT
[10:15:57] [Server thread/WARN] [de.an.AntikytheraMechanism/]: [FREEZE-WATCHDOG] Armed 30s after Mechanism Frame placement at BlockPos{x=6590464, y=-57, z=13818025} in minecraft:overworld on thread Server thread (stall threshold=2000ms, generation=66)
[10:15:57] [Server thread/ERROR] [de.an.AntikytheraMechanism/]: [HOST-WRITE-DIAG] RETURN pos=BlockPos{x=6590464, y=-57, z=13818025} previousReturn=Block{minecraft:air} actual=Block{antikytheramechanism:mechanism_frame}[connected_down=false,connected_east=false,connected_north=false,connected_south=false,connected_up=false,connected_west=false,empty=true,facing=north] destinationTransition=false receiver=774777838 resolved=774777838 sameChunk=true
[10:15:57] [Server thread/ERROR] [de.an.AntikytheraMechanism/]: [HOST-WRITE-DIAG] HEAD pos=BlockPos{x=6590463, y=-57, z=13818025} before=Block{antikytheramechanism:mechanism_frame}[connected_down=false,connected_east=false,connected_north=false,connected_south=false,connected_up=false,connected_west=true,empty=true,facing=north] requested=Block{antikytheramechanism:mechanism_frame}[connected_down=false,connected_east=true,connected_north=false,connected_south=false,connected_up=false,connected_west=true,empty=true,facing=north] moving=false destinationTransition=false allowed=true receiver=1159611026 resolved=1159611026 sameChunk=true containing=ROOT
[10:15:57] [Server thread/ERROR] [de.an.AntikytheraMechanism/]: [HOST-WRITE-DIAG] RETURN pos=BlockPos{x=6590463, y=-57, z=13818025} previousReturn=Block{antikytheramechanism:mechanism_frame}[connected_down=false,connected_east=false,connected_north=false,connected_south=false,connected_up=false,connected_west=true,empty=true,facing=north] actual=Block{antikytheramechanism:mechanism_frame}[connected_down=false,connected_east=true,connected_north=false,connected_south=false,connected_up=false,connected_west=true,empty=true,facing=north] destinationTransition=false receiver=1159611026 resolved=1159611026 sameChunk=true
[10:15:57] [Server thread/ERROR] [de.an.AntikytheraMechanism/]: [HOST-WRITE-DIAG] HEAD pos=BlockPos{x=6590464, y=-57, z=13818025} before=Block{antikytheramechanism:mechanism_frame}[connected_down=false,connected_east=false,connected_north=false,connected_south=false,connected_up=false,connected_west=false,empty=true,facing=north] requested=Block{antikytheramechanism:mechanism_frame}[connected_down=false,connected_east=false,connected_north=false,connected_south=false,connected_up=false,connected_west=true,empty=true,facing=north] moving=false destinationTransition=false allowed=true receiver=774777838 resolved=774777838 sameChunk=true containing=ROOT
[10:15:57] [Server thread/ERROR] [de.an.AntikytheraMechanism/]: [HOST-WRITE-DIAG] RETURN pos=BlockPos{x=6590464, y=-57, z=13818025} previousReturn=Block{antikytheramechanism:mechanism_frame}[connected_down=false,connected_east=false,connected_north=false,connected_south=false,connected_up=false,connected_west=false,empty=true,facing=north] actual=Block{antikytheramechanism:mechanism_frame}[connected_down=false,connected_east=false,connected_north=false,connected_south=false,connected_up=false,connected_west=true,empty=true,facing=north] destinationTransition=false receiver=774777838 resolved=774777838 sameChunk=true
[10:15:57] [Server thread/DEBUG] [de.an.AntikytheraMechanism/]: Staged Sable SubLevel 0e653a79-5207-49c3-a928-465dcb40a06b for content in assembly 110af0a0-b138-403e-83b7-36f672c454c2
[10:15:57] [Server thread/DEBUG] [de.an.AntikytheraMechanism/]: Frame onRemove at BlockPos{x=6590462, y=-57, z=13818025} movedByPiston=false relocationJournal=false
[10:15:57] [Server thread/DEBUG] [de.an.AntikytheraMechanism/]: Staged Sable SubLevel f49adeca-12eb-45c8-8563-a0c5c83cf996 for content in assembly f8c0b2f4-71e8-4c7e-82de-c7292d219018
[10:15:57] [Server thread/ERROR] [de.an.AntikytheraMechanism/]: Assembly lifecycle listener antikytheramechanism:gametest_origin_rebase_inbound_recovery rejected afterAssemblyTransfer
[10:15:57] [Server thread/ERROR] [de.an.AntikytheraMechanism/]: Assembly lifecycle listener antikytheramechanism:gametest_origin_rebase_inbound_recovery rejected onAssemblyTransferRollback
[10:15:57] [Server thread/ERROR] [de.an.AntikytheraMechanism/]: Locked assemblies 110af0a0-b138-403e-83b7-36f672c454c2 and f8c0b2f4-71e8-4c7e-82de-c7292d219018 after stale-origin repair failed: restoring the rebased payload to the original assembly requires recovery. Both managed payload references were retained for recovery.
[10:15:57] [Server thread/ERROR] [de.an.AntikytheraMechanism/]: [HOST-WRITE-DIAG] HEAD pos=BlockPos{x=6590463, y=-57, z=13818025} before=Block{antikytheramechanism:mechanism_frame}[connected_down=false,connected_east=true,connected_north=false,connected_south=false,connected_up=false,connected_west=true,empty=true,facing=north] requested=Block{antikytheramechanism:mechanism_frame}[connected_down=false,connected_east=true,connected_north=false,connected_south=false,connected_up=false,connected_west=false,empty=true,facing=north] moving=false destinationTransition=false allowed=true receiver=1159611026 resolved=1159611026 sameChunk=true containing=ROOT
[10:15:57] [Server thread/ERROR] [de.an.AntikytheraMechanism/]: [HOST-WRITE-DIAG] RETURN pos=BlockPos{x=6590463, y=-57, z=13818025} previousReturn=Block{antikytheramechanism:mechanism_frame}[connected_down=false,connected_east=true,connected_north=false,connected_south=false,connected_up=false,connected_west=true,empty=true,facing=north] actual=Block{antikytheramechanism:mechanism_frame}[connected_down=false,connected_east=true,connected_north=false,connected_south=false,connected_up=false,connected_west=false,empty=true,facing=north] destinationTransition=false receiver=1159611026 resolved=1159611026 sameChunk=true
[10:15:57] [Server thread/WARN] [de.an.AntikytheraMechanism/]: Managed Sable SubLevel 0e653a79-5207-49c3-a928-465dcb40a06b for assembly 110af0a0-b138-403e-83b7-36f672c454c2 was removed (REMOVED)
[10:15:57] [Server thread/ERROR] [de.an.AntikytheraMechanism/]: [HOST-WRITE-DIAG] HEAD pos=BlockPos{x=6590352, y=-57, z=13818046} before=Block{minecraft:air} requested=Block{antikytheramechanism:mechanism_frame}[connected_down=false,connected_east=false,connected_north=false,connected_south=false,connected_up=false,connected_west=false,empty=true,facing=north] moving=false destinationTransition=false allowed=true receiver=1041481999 resolved=1041481999 sameChunk=true containing=ROOT
[10:15:57] [Server thread/WARN] [de.an.AntikytheraMechanism/]: [FREEZE-WATCHDOG] Armed 30s after Mechanism Frame placement at BlockPos{x=6590352, y=-57, z=13818046} in minecraft:overworld on thread Server thread (stall threshold=2000ms, generation=67)
[10:15:57] [Server thread/ERROR] [de.an.AntikytheraMechanism/]: [HOST-WRITE-DIAG] RETURN pos=BlockPos{x=6590352, y=-57, z=13818046} previousReturn=Block{minecraft:air} actual=Block{antikytheramechanism:mechanism_frame}[connected_down=false,connected_east=false,connected_north=false,connected_south=false,connected_up=false,connected_west=false,empty=true,facing=north] destinationTransition=false receiver=1041481999 resolved=1041481999 sameChunk=true
[10:15:57] [Server thread/DEBUG] [de.an.AntikytheraMechanism/]: Staged Sable SubLevel 66611a6c-ab19-4292-8532-54bfc340fdc6 for content in assembly 4d764381-33ba-4049-ae1d-668c6d1b30e2
[10:15:57] [Server thread/ERROR] [de.an.AntikytheraMechanism/]: [HOST-WRITE-DIAG] HEAD pos=BlockPos{x=6590352, y=-57, z=13818046} before=Block{antikytheramechanism:mechanism_frame}[connected_down=false,connected_east=false,connected_north=false,connected_south=false,connected_up=false,connected_west=false,empty=true,facing=north] requested=Block{antikytheramechanism:mechanism_frame}[connected_down=false,connected_east=false,connected_north=false,connected_south=false,connected_up=false,connected_west=false,empty=false,facing=north] moving=false destinationTransition=false allowed=true receiver=1041481999 resolved=1041481999 sameChunk=true containing=ROOT
[10:15:57] [Server thread/ERROR] [de.an.AntikytheraMechanism/]: [HOST-WRITE-DIAG] RETURN pos=BlockPos{x=6590352, y=-57, z=13818046} previousReturn=Block{antikytheramechanism:mechanism_frame}[connected_down=false,connected_east=false,connected_north=false,connected_south=false,connected_up=false,connected_west=false,empty=true,facing=north] actual=Block{antikytheramechanism:mechanism_frame}[connected_down=false,connected_east=false,connected_north=false,connected_south=false,connected_up=false,connected_west=false,empty=false,facing=north] destinationTransition=false receiver=1041481999 resolved=1041481999 sameChunk=true
[10:15:57] [Server thread/ERROR] [de.an.AntikytheraMechanism/]: [HOST-WRITE-DIAG] HEAD pos=BlockPos{x=6590388, y=-58, z=13818044} before=Block{minecraft:air} requested=Block{antikytheramechanism:mechanism_frame}[connected_down=false,connected_east=false,connected_north=false,connected_south=false,connected_up=false,connected_west=false,empty=true,facing=north] moving=false destinationTransition=false allowed=true receiver=580882966 resolved=580882966 sameChunk=true containing=ROOT
[10:15:57] [Server thread/WARN] [de.an.AntikytheraMechanism/]: [FREEZE-WATCHDOG] Armed 30s after Mechanism Frame placement at BlockPos{x=6590388, y=-58, z=13818044} in minecraft:overworld on thread Server thread (stall threshold=2000ms, generation=68)
[10:15:57] [Server thread/ERROR] [de.an.AntikytheraMechanism/]: [HOST-WRITE-DIAG] RETURN pos=BlockPos{x=6590388, y=-58, z=13818044} previousReturn=Block{minecraft:air} actual=Block{antikytheramechanism:mechanism_frame}[connected_down=false,connected_east=false,connected_north=false,connected_south=false,connected_up=false,connected_west=false,empty=true,facing=north] destinationTransition=false receiver=580882966 resolved=580882966 sameChunk=true
[10:15:57] [Server thread/ERROR] [de.an.AntikytheraMechanism/]: [HOST-WRITE-DIAG] HEAD pos=BlockPos{x=6590387, y=-58, z=13818045} before=Block{minecraft:air} requested=Block{antikytheramechanism:mechanism_frame}[connected_down=false,connected_east=false,connected_north=false,connected_south=false,connected_up=false,connected_west=false,empty=true,facing=north] moving=false destinationTransition=false allowed=true receiver=580882966 resolved=580882966 sameChunk=true containing=ROOT
[10:15:57] [Server thread/WARN] [de.an.AntikytheraMechanism/]: [FREEZE-WATCHDOG] Armed 30s after Mechanism Frame placement at BlockPos{x=6590387, y=-58, z=13818045} in minecraft:overworld on thread Server thread (stall threshold=2000ms, generation=69)
[10:15:57] [Server thread/ERROR] [de.an.AntikytheraMechanism/]: [HOST-WRITE-DIAG] RETURN pos=BlockPos{x=6590387, y=-58, z=13818045} previousReturn=Block{minecraft:air} actual=Block{antikytheramechanism:mechanism_frame}[connected_down=false,connected_east=false,connected_north=false,connected_south=false,connected_up=false,connected_west=false,empty=true,facing=north] destinationTransition=false receiver=580882966 resolved=580882966 sameChunk=true
[10:15:57] [Server thread/ERROR] [de.an.AntikytheraMechanism/]: [HOST-WRITE-DIAG] HEAD pos=BlockPos{x=6590388, y=-58, z=13818045} before=Block{minecraft:air} requested=Block{antikytheramechanism:mechanism_frame}[connected_down=false,connected_east=false,connected_north=false,connected_south=false,connected_up=false,connected_west=false,empty=true,facing=north] moving=false destinationTransition=false allowed=true receiver=580882966 resolved=580882966 sameChunk=true containing=ROOT
[10:15:57] [Server thread/WARN] [de.an.AntikytheraMechanism/]: [FREEZE-WATCHDOG] Armed 30s after Mechanism Frame placement at BlockPos{x=6590388, y=-58, z=13818045} in minecraft:overworld on thread Server thread (stall threshold=2000ms, generation=70)
[10:15:57] [Server thread/ERROR] [de.an.AntikytheraMechanism/]: [HOST-WRITE-DIAG] RETURN pos=BlockPos{x=6590388, y=-58, z=13818045} previousReturn=Block{minecraft:air} actual=Block{antikytheramechanism:mechanism_frame}[connected_down=false,connected_east=false,connected_north=false,connected_south=false,connected_up=false,connected_west=false,empty=true,facing=north] destinationTransition=false receiver=580882966 resolved=580882966 sameChunk=true
[10:15:57] [Server thread/ERROR] [de.an.AntikytheraMechanism/]: [HOST-WRITE-DIAG] HEAD pos=BlockPos{x=6590387, y=-58, z=13818045} before=Block{antikytheramechanism:mechanism_frame}[connected_down=false,connected_east=false,connected_north=false,connected_south=false,connected_up=false,connected_west=false,empty=true,facing=north] requested=Block{antikytheramechanism:mechanism_frame}[connected_down=false,connected_east=true,connected_north=false,connected_south=false,connected_up=false,connected_west=false,empty=true,facing=north] moving=false destinationTransition=false allowed=true receiver=580882966 resolved=580882966 sameChunk=true containing=ROOT
[10:15:57] [Server thread/ERROR] [de.an.AntikytheraMechanism/]: [HOST-WRITE-DIAG] RETURN pos=BlockPos{x=6590387, y=-58, z=13818045} previousReturn=Block{antikytheramechanism:mechanism_frame}[connected_down=false,connected_east=false,connected_north=false,connected_south=false,connected_up=false,connected_west=false,empty=true,facing=north] actual=Block{antikytheramechanism:mechanism_frame}[connected_down=false,connected_east=true,connected_north=false,connected_south=false,connected_up=false,connected_west=false,empty=true,facing=north] destinationTransition=false receiver=580882966 resolved=580882966 sameChunk=true
[10:15:57] [Server thread/ERROR] [de.an.AntikytheraMechanism/]: [HOST-WRITE-DIAG] HEAD pos=BlockPos{x=6590388, y=-58, z=13818045} before=Block{antikytheramechanism:mechanism_frame}[connected_down=false,connected_east=false,connected_north=false,connected_south=false,connected_up=false,connected_west=false,empty=true,facing=north] requested=Block{antikytheramechanism:mechanism_frame}[connected_down=false,connected_east=false,connected_north=false,connected_south=false,connected_up=false,connected_west=true,empty=true,facing=north] moving=false destinationTransition=false allowed=true receiver=580882966 resolved=580882966 sameChunk=true containing=ROOT
[10:15:57] [Server thread/ERROR] [de.an.AntikytheraMechanism/]: [HOST-WRITE-DIAG] RETURN pos=BlockPos{x=6590388, y=-58, z=13818045} previousReturn=Block{antikytheramechanism:mechanism_frame}[connected_down=false,connected_east=false,connected_north=false,connected_south=false,connected_up=false,connected_west=false,empty=true,facing=north] actual=Block{antikytheramechanism:mechanism_frame}[connected_down=false,connected_east=false,connected_north=false,connected_south=false,connected_up=false,connected_west=true,empty=true,facing=north] destinationTransition=false receiver=580882966 resolved=580882966 sameChunk=true
[10:15:57] [Server thread/ERROR] [de.an.AntikytheraMechanism/]: [HOST-WRITE-DIAG] HEAD pos=BlockPos{x=6590388, y=-58, z=13818044} before=Block{antikytheramechanism:mechanism_frame}[connected_down=false,connected_east=false,connected_north=false,connected_south=false,connected_up=false,connected_west=false,empty=true,facing=north] requested=Block{antikytheramechanism:mechanism_frame}[connected_down=false,connected_east=false,connected_north=false,connected_south=true,connected_up=false,connected_west=false,empty=true,facing=north] moving=false destinationTransition=false allowed=true receiver=580882966 resolved=580882966 sameChunk=true containing=ROOT
[10:15:57] [Server thread/ERROR] [de.an.AntikytheraMechanism/]: [HOST-WRITE-DIAG] RETURN pos=BlockPos{x=6590388, y=-58, z=13818044} previousReturn=Block{antikytheramechanism:mechanism_frame}[connected_down=false,connected_east=false,connected_north=false,connected_south=false,connected_up=false,connected_west=false,empty=true,facing=north] actual=Block{antikytheramechanism:mechanism_frame}[connected_down=false,connected_east=false,connected_north=false,connected_south=true,connected_up=false,connected_west=false,empty=true,facing=north] destinationTransition=false receiver=580882966 resolved=580882966 sameChunk=true
[10:15:57] [Server thread/ERROR] [de.an.AntikytheraMechanism/]: [HOST-WRITE-DIAG] HEAD pos=BlockPos{x=6590388, y=-58, z=13818045} before=Block{antikytheramechanism:mechanism_frame}[connected_down=false,connected_east=false,connected_north=false,connected_south=false,connected_up=false,connected_west=true,empty=true,facing=north] requested=Block{antikytheramechanism:mechanism_frame}[connected_down=false,connected_east=false,connected_north=true,connected_south=false,connected_up=false,connected_west=true,empty=true,facing=north] moving=false destinationTransition=false allowed=true receiver=580882966 resolved=580882966 sameChunk=true containing=ROOT
[10:15:57] [Server thread/ERROR] [de.an.AntikytheraMechanism/]: [HOST-WRITE-DIAG] RETURN pos=BlockPos{x=6590388, y=-58, z=13818045} previousReturn=Block{antikytheramechanism:mechanism_frame}[connected_down=false,connected_east=false,connected_north=false,connected_south=false,connected_up=false,connected_west=true,empty=true,facing=north] actual=Block{antikytheramechanism:mechanism_frame}[connected_down=false,connected_east=false,connected_north=true,connected_south=false,connected_up=false,connected_west=true,empty=true,facing=north] destinationTransition=false receiver=580882966 resolved=580882966 sameChunk=true
[10:15:57] [Server thread/ERROR] [de.an.AntikytheraMechanism/]: [HOST-WRITE-DIAG] HEAD pos=BlockPos{x=6590387, y=-58, z=13818044} before=Block{minecraft:air} requested=Block{antikytheramechanism:mechanism_frame}[connected_down=false,connected_east=false,connected_north=false,connected_south=false,connected_up=false,connected_west=false,empty=true,facing=north] moving=false destinationTransition=false allowed=true receiver=580882966 resolved=580882966 sameChunk=true containing=ROOT
[10:15:57] [Server thread/WARN] [de.an.AntikytheraMechanism/]: [FREEZE-WATCHDOG] Armed 30s after Mechanism Frame placement at BlockPos{x=6590387, y=-58, z=13818044} in minecraft:overworld on thread Server thread (stall threshold=2000ms, generation=71)
[10:15:57] [Server thread/ERROR] [de.an.AntikytheraMechanism/]: [HOST-WRITE-DIAG] RETURN pos=BlockPos{x=6590387, y=-58, z=13818044} previousReturn=Block{minecraft:air} actual=Block{antikytheramechanism:mechanism_frame}[connected_down=false,connected_east=false,connected_north=false,connected_south=false,connected_up=false,connected_west=false,empty=true,facing=north] destinationTransition=false receiver=580882966 resolved=580882966 sameChunk=true
[10:15:57] [Server thread/ERROR] [de.an.AntikytheraMechanism/]: [HOST-WRITE-DIAG] HEAD pos=BlockPos{x=6590388, y=-58, z=13818044} before=Block{antikytheramechanism:mechanism_frame}[connected_down=false,connected_east=false,connected_north=false,connected_south=true,connected_up=false,connected_west=false,empty=true,facing=north] requested=Block{antikytheramechanism:mechanism_frame}[connected_down=false,connected_east=false,connected_north=false,connected_south=true,connected_up=false,connected_west=true,empty=true,facing=north] moving=false destinationTransition=false allowed=true receiver=580882966 resolved=580882966 sameChunk=true containing=ROOT
[10:15:57] [Server thread/ERROR] [de.an.AntikytheraMechanism/]: [HOST-WRITE-DIAG] RETURN pos=BlockPos{x=6590388, y=-58, z=13818044} previousReturn=Block{antikytheramechanism:mechanism_frame}[connected_down=false,connected_east=false,connected_north=false,connected_south=true,connected_up=false,connected_west=false,empty=true,facing=north] actual=Block{antikytheramechanism:mechanism_frame}[connected_down=false,connected_east=false,connected_north=false,connected_south=true,connected_up=false,connected_west=true,empty=true,facing=north] destinationTransition=false receiver=580882966 resolved=580882966 sameChunk=true
[10:15:57] [Server thread/ERROR] [de.an.AntikytheraMechanism/]: [HOST-WRITE-DIAG] HEAD pos=BlockPos{x=6590387, y=-58, z=13818044} before=Block{antikytheramechanism:mechanism_frame}[connected_down=false,connected_east=false,connected_north=false,connected_south=false,connected_up=false,connected_west=false,empty=true,facing=north] requested=Block{antikytheramechanism:mechanism_frame}[connected_down=false,connected_east=true,connected_north=false,connected_south=false,connected_up=false,connected_west=false,empty=true,facing=north] moving=false destinationTransition=false allowed=true receiver=580882966 resolved=580882966 sameChunk=true containing=ROOT
[10:15:57] [Server thread/ERROR] [de.an.AntikytheraMechanism/]: [HOST-WRITE-DIAG] RETURN pos=BlockPos{x=6590387, y=-58, z=13818044} previousReturn=Block{antikytheramechanism:mechanism_frame}[connected_down=false,connected_east=false,connected_north=false,connected_south=false,connected_up=false,connected_west=false,empty=true,facing=north] actual=Block{antikytheramechanism:mechanism_frame}[connected_down=false,connected_east=true,connected_north=false,connected_south=false,connected_up=false,connected_west=false,empty=true,facing=north] destinationTransition=false receiver=580882966 resolved=580882966 sameChunk=true
[10:15:57] [Server thread/ERROR] [de.an.AntikytheraMechanism/]: [HOST-WRITE-DIAG] HEAD pos=BlockPos{x=6590387, y=-58, z=13818045} before=Block{antikytheramechanism:mechanism_frame}[connected_down=false,connected_east=true,connected_north=false,connected_south=false,connected_up=false,connected_west=false,empty=true,facing=north] requested=Block{antikytheramechanism:mechanism_frame}[connected_down=false,connected_east=true,connected_north=true,connected_south=false,connected_up=false,connected_west=false,empty=true,facing=north] moving=false destinationTransition=false allowed=true receiver=580882966 resolved=580882966 sameChunk=true containing=ROOT
[10:15:57] [Server thread/ERROR] [de.an.AntikytheraMechanism/]: [HOST-WRITE-DIAG] RETURN pos=BlockPos{x=6590387, y=-58, z=13818045} previousReturn=Block{antikytheramechanism:mechanism_frame}[connected_down=false,connected_east=true,connected_north=false,connected_south=false,connected_up=false,connected_west=false,empty=true,facing=north] actual=Block{antikytheramechanism:mechanism_frame}[connected_down=false,connected_east=true,connected_north=true,connected_south=false,connected_up=false,connected_west=false,empty=true,facing=north] destinationTransition=false receiver=580882966 resolved=580882966 sameChunk=true
[10:15:57] [Server thread/ERROR] [de.an.AntikytheraMechanism/]: [HOST-WRITE-DIAG] HEAD pos=BlockPos{x=6590387, y=-58, z=13818044} before=Block{antikytheramechanism:mechanism_frame}[connected_down=false,connected_east=true,connected_north=false,connected_south=false,connected_up=false,connected_west=false,empty=true,facing=north] requested=Block{antikytheramechanism:mechanism_frame}[connected_down=false,connected_east=true,connected_north=false,connected_south=true,connected_up=false,connected_west=false,empty=true,facing=north] moving=false destinationTransition=false allowed=true receiver=580882966 resolved=580882966 sameChunk=true containing=ROOT
[10:15:57] [Server thread/ERROR] [de.an.AntikytheraMechanism/]: [HOST-WRITE-DIAG] RETURN pos=BlockPos{x=6590387, y=-58, z=13818044} previousReturn=Block{antikytheramechanism:mechanism_frame}[connected_down=false,connected_east=true,connected_north=false,connected_south=false,connected_up=false,connected_west=false,empty=true,facing=north] actual=Block{antikytheramechanism:mechanism_frame}[connected_down=false,connected_east=true,connected_north=false,connected_south=true,connected_up=false,connected_west=false,empty=true,facing=north] destinationTransition=false receiver=580882966 resolved=580882966 sameChunk=true
[10:15:57] [Server thread/DEBUG] [de.an.AntikytheraMechanism/]: Frame onRemove at BlockPos{x=6590387, y=-58, z=13818045} movedByPiston=false relocationJournal=true
[10:15:57] [Server thread/ERROR] [de.an.AntikytheraMechanism/]: [HOST-WRITE-DIAG] HEAD pos=BlockPos{x=6590388, y=-58, z=13818045} before=Block{antikytheramechanism:mechanism_frame}[connected_down=false,connected_east=false,connected_north=true,connected_south=false,connected_up=false,connected_west=true,empty=true,facing=north] requested=Block{antikytheramechanism:mechanism_frame}[connected_down=false,connected_east=false,connected_north=true,connected_south=false,connected_up=false,connected_west=false,empty=true,facing=north] moving=false destinationTransition=false allowed=true receiver=580882966 resolved=580882966 sameChunk=true containing=ROOT
[10:15:57] [Server thread/ERROR] [de.an.AntikytheraMechanism/]: [HOST-WRITE-DIAG] RETURN pos=BlockPos{x=6590388, y=-58, z=13818045} previousReturn=Block{antikytheramechanism:mechanism_frame}[connected_down=false,connected_east=false,connected_north=true,connected_south=false,connected_up=false,connected_west=true,empty=true,facing=north] actual=Block{antikytheramechanism:mechanism_frame}[connected_down=false,connected_east=false,connected_north=true,connected_south=false,connected_up=false,connected_west=false,empty=true,facing=north] destinationTransition=false receiver=580882966 resolved=580882966 sameChunk=true
[10:15:57] [Server thread/ERROR] [de.an.AntikytheraMechanism/]: [HOST-WRITE-DIAG] HEAD pos=BlockPos{x=6590387, y=-58, z=13818044} before=Block{antikytheramechanism:mechanism_frame}[connected_down=false,connected_east=true,connected_north=false,connected_south=true,connected_up=false,connected_west=false,empty=true,facing=north] requested=Block{antikytheramechanism:mechanism_frame}[connected_down=false,connected_east=true,connected_north=false,connected_south=false,connected_up=false,connected_west=false,empty=true,facing=north] moving=false destinationTransition=false allowed=true receiver=580882966 resolved=580882966 sameChunk=true containing=ROOT
[10:15:57] [Server thread/ERROR] [de.an.AntikytheraMechanism/]: [HOST-WRITE-DIAG] RETURN pos=BlockPos{x=6590387, y=-58, z=13818044} previousReturn=Block{antikytheramechanism:mechanism_frame}[connected_down=false,connected_east=true,connected_north=false,connected_south=true,connected_up=false,connected_west=false,empty=true,facing=north] actual=Block{antikytheramechanism:mechanism_frame}[connected_down=false,connected_east=true,connected_north=false,connected_south=false,connected_up=false,connected_west=false,empty=true,facing=north] destinationTransition=false receiver=580882966 resolved=580882966 sameChunk=true
[10:15:57] [Server thread/DEBUG] [de.an.AntikytheraMechanism/]: Frame onRemove at BlockPos{x=6590388, y=-58, z=13818044} movedByPiston=false relocationJournal=true
[10:15:57] [Server thread/ERROR] [de.an.AntikytheraMechanism/]: [HOST-WRITE-DIAG] HEAD pos=BlockPos{x=6590387, y=-58, z=13818044} before=Block{antikytheramechanism:mechanism_frame}[connected_down=false,connected_east=true,connected_north=false,connected_south=false,connected_up=false,connected_west=false,empty=true,facing=north] requested=Block{antikytheramechanism:mechanism_frame}[connected_down=false,connected_east=false,connected_north=false,connected_south=false,connected_up=false,connected_west=false,empty=true,facing=north] moving=false destinationTransition=false allowed=true receiver=580882966 resolved=580882966 sameChunk=true containing=ROOT
[10:15:57] [Server thread/ERROR] [de.an.AntikytheraMechanism/]: [HOST-WRITE-DIAG] RETURN pos=BlockPos{x=6590387, y=-58, z=13818044} previousReturn=Block{antikytheramechanism:mechanism_frame}[connected_down=false,connected_east=true,connected_north=false,connected_south=false,connected_up=false,connected_west=false,empty=true,facing=north] actual=Block{antikytheramechanism:mechanism_frame}[connected_down=false,connected_east=false,connected_north=false,connected_south=false,connected_up=false,connected_west=false,empty=true,facing=north] destinationTransition=false receiver=580882966 resolved=580882966 sameChunk=true
[10:15:57] [Server thread/ERROR] [de.an.AntikytheraMechanism/]: [HOST-WRITE-DIAG] HEAD pos=BlockPos{x=6590388, y=-58, z=13818045} before=Block{antikytheramechanism:mechanism_frame}[connected_down=false,connected_east=false,connected_north=true,connected_south=false,connected_up=false,connected_west=false,empty=true,facing=north] requested=Block{antikytheramechanism:mechanism_frame}[connected_down=false,connected_east=false,connected_north=false,connected_south=false,connected_up=false,connected_west=false,empty=true,facing=north] moving=false destinationTransition=false allowed=true receiver=580882966 resolved=580882966 sameChunk=true containing=ROOT
[10:15:57] [Server thread/ERROR] [de.an.AntikytheraMechanism/]: [HOST-WRITE-DIAG] RETURN pos=BlockPos{x=6590388, y=-58, z=13818045} previousReturn=Block{antikytheramechanism:mechanism_frame}[connected_down=false,connected_east=false,connected_north=true,connected_south=false,connected_up=false,connected_west=false,empty=true,facing=north] actual=Block{antikytheramechanism:mechanism_frame}[connected_down=false,connected_east=false,connected_north=false,connected_south=false,connected_up=false,connected_west=false,empty=true,facing=north] destinationTransition=false receiver=580882966 resolved=580882966 sameChunk=true
[10:15:57] [Server thread/DEBUG] [de.an.AntikytheraMechanism/]: Frame onRemove at BlockPos{x=6590388, y=-58, z=13818045} movedByPiston=false relocationJournal=true
[10:15:57] [Server thread/DEBUG] [de.an.AntikytheraMechanism/]: Frame onRemove at BlockPos{x=6590387, y=-58, z=13818044} movedByPiston=false relocationJournal=true
[10:15:57] [Server thread/ERROR] [de.an.AntikytheraMechanism/]: [HOST-WRITE-DIAG] HEAD pos=BlockPos{x=6590394, y=-58, z=13818048} before=Block{minecraft:air} requested=Block{antikytheramechanism:mechanism_frame}[connected_down=false,connected_east=false,connected_north=false,connected_south=false,connected_up=false,connected_west=false,empty=true,facing=east] moving=false destinationTransition=false allowed=true receiver=740765043 resolved=740765043 sameChunk=true containing=ROOT
[10:15:57] [Server thread/ERROR] [de.an.AntikytheraMechanism/]: [HOST-WRITE-DIAG] RETURN pos=BlockPos{x=6590394, y=-58, z=13818048} previousReturn=Block{minecraft:air} actual=Block{antikytheramechanism:mechanism_frame}[connected_down=false,connected_east=false,connected_north=false,connected_south=false,connected_up=false,connected_west=false,empty=true,facing=east] destinationTransition=false receiver=740765043 resolved=740765043 sameChunk=true
[10:15:57] [Server thread/ERROR] [de.an.AntikytheraMechanism/]: [HOST-WRITE-DIAG] HEAD pos=BlockPos{x=6590393, y=-58, z=13818048} before=Block{minecraft:air} requested=Block{antikytheramechanism:mechanism_frame}[connected_down=false,connected_east=false,connected_north=false,connected_south=false,connected_up=false,connected_west=false,empty=true,facing=east] moving=false destinationTransition=false allowed=true receiver=740765043 resolved=740765043 sameChunk=true containing=ROOT
[10:15:57] [Server thread/ERROR] [de.an.AntikytheraMechanism/]: [HOST-WRITE-DIAG] RETURN pos=BlockPos{x=6590393, y=-58, z=13818048} previousReturn=Block{minecraft:air} actual=Block{antikytheramechanism:mechanism_frame}[connected_down=false,connected_east=false,connected_north=false,connected_south=false,connected_up=false,connected_west=false,empty=true,facing=east] destinationTransition=false receiver=740765043 resolved=740765043 sameChunk=true
[10:15:57] [Server thread/ERROR] [de.an.AntikytheraMechanism/]: [HOST-WRITE-DIAG] HEAD pos=BlockPos{x=6590394, y=-58, z=13818048} before=Block{antikytheramechanism:mechanism_frame}[connected_down=false,connected_east=false,connected_north=false,connected_south=false,connected_up=false,connected_west=false,empty=true,facing=east] requested=Block{antikytheramechanism:mechanism_frame}[connected_down=false,connected_east=false,connected_north=false,connected_south=false,connected_up=false,connected_west=true,empty=true,facing=east] moving=false destinationTransition=false allowed=true receiver=740765043 resolved=740765043 sameChunk=true containing=ROOT
[10:15:57] [Server thread/ERROR] [de.an.AntikytheraMechanism/]: [HOST-WRITE-DIAG] RETURN pos=BlockPos{x=6590394, y=-58, z=13818048} previousReturn=Block{antikytheramechanism:mechanism_frame}[connected_down=false,connected_east=false,connected_north=false,connected_south=false,connected_up=false,connected_west=false,empty=true,facing=east] actual=Block{antikytheramechanism:mechanism_frame}[connected_down=false,connected_east=false,connected_north=false,connected_south=false,connected_up=false,connected_west=true,empty=true,facing=east] destinationTransition=false receiver=740765043 resolved=740765043 sameChunk=true
[10:15:57] [Server thread/ERROR] [de.an.AntikytheraMechanism/]: [HOST-WRITE-DIAG] HEAD pos=BlockPos{x=6590393, y=-58, z=13818048} before=Block{antikytheramechanism:mechanism_frame}[connected_down=false,connected_east=false,connected_north=false,connected_south=false,connected_up=false,connected_west=false,empty=true,facing=east] requested=Block{antikytheramechanism:mechanism_frame}[connected_down=false,connected_east=true,connected_north=false,connected_south=false,connected_up=false,connected_west=false,empty=true,facing=east] moving=false destinationTransition=false allowed=true receiver=740765043 resolved=740765043 sameChunk=true containing=ROOT
[10:15:57] [Server thread/ERROR] [de.an.AntikytheraMechanism/]: [HOST-WRITE-DIAG] RETURN pos=BlockPos{x=6590393, y=-58, z=13818048} previousReturn=Block{antikytheramechanism:mechanism_frame}[connected_down=false,connected_east=false,connected_north=false,connected_south=false,connected_up=false,connected_west=false,empty=true,facing=east] actual=Block{antikytheramechanism:mechanism_frame}[connected_down=false,connected_east=true,connected_north=false,connected_south=false,connected_up=false,connected_west=false,empty=true,facing=east] destinationTransition=false receiver=740765043 resolved=740765043 sameChunk=true
[10:15:57] [Server thread/ERROR] [de.an.AntikytheraMechanism/]: [HOST-WRITE-DIAG] HEAD pos=BlockPos{x=6590394, y=-58, z=13818049} before=Block{minecraft:air} requested=Block{antikytheramechanism:mechanism_frame}[connected_down=false,connected_east=false,connected_north=false,connected_south=false,connected_up=false,connected_west=false,empty=true,facing=east] moving=false destinationTransition=false allowed=true receiver=740765043 resolved=740765043 sameChunk=true containing=ROOT
[10:15:57] [Server thread/ERROR] [de.an.AntikytheraMechanism/]: [HOST-WRITE-DIAG] RETURN pos=BlockPos{x=6590394, y=-58, z=13818049} previousReturn=Block{minecraft:air} actual=Block{antikytheramechanism:mechanism_frame}[connected_down=false,connected_east=false,connected_north=false,connected_south=false,connected_up=false,connected_west=false,empty=true,facing=east] destinationTransition=false receiver=740765043 resolved=740765043 sameChunk=true
[10:15:57] [Server thread/ERROR] [de.an.AntikytheraMechanism/]: [HOST-WRITE-DIAG] HEAD pos=BlockPos{x=6590394, y=-58, z=13818048} before=Block{antikytheramechanism:mechanism_frame}[connected_down=false,connected_east=false,connected_north=false,connected_south=false,connected_up=false,connected_west=true,empty=true,facing=east] requested=Block{antikytheramechanism:mechanism_frame}[connected_down=false,connected_east=false,connected_north=false,connected_south=true,connected_up=false,connected_west=true,empty=true,facing=east] moving=false destinationTransition=false allowed=true receiver=740765043 resolved=740765043 sameChunk=true containing=ROOT
[10:15:57] [Server thread/ERROR] [de.an.AntikytheraMechanism/]: [HOST-WRITE-DIAG] RETURN pos=BlockPos{x=6590394, y=-58, z=13818048} previousReturn=Block{antikytheramechanism:mechanism_frame}[connected_down=false,connected_east=false,connected_north=false,connected_south=false,connected_up=false,connected_west=true,empty=true,facing=east] actual=Block{antikytheramechanism:mechanism_frame}[connected_down=false,connected_east=false,connected_north=false,connected_south=true,connected_up=false,connected_west=true,empty=true,facing=east] destinationTransition=false receiver=740765043 resolved=740765043 sameChunk=true
[10:15:57] [Server thread/ERROR] [de.an.AntikytheraMechanism/]: [HOST-WRITE-DIAG] HEAD pos=BlockPos{x=6590394, y=-58, z=13818049} before=Block{antikytheramechanism:mechanism_frame}[connected_down=false,connected_east=false,connected_north=false,connected_south=false,connected_up=false,connected_west=false,empty=true,facing=east] requested=Block{antikytheramechanism:mechanism_frame}[connected_down=false,connected_east=false,connected_north=true,connected_south=false,connected_up=false,connected_west=false,empty=true,facing=east] moving=false destinationTransition=false allowed=true receiver=740765043 resolved=740765043 sameChunk=true containing=ROOT
[10:15:57] [Server thread/ERROR] [de.an.AntikytheraMechanism/]: [HOST-WRITE-DIAG] RETURN pos=BlockPos{x=6590394, y=-58, z=13818049} previousReturn=Block{antikytheramechanism:mechanism_frame}[connected_down=false,connected_east=false,connected_north=false,connected_south=false,connected_up=false,connected_west=false,empty=true,facing=east] actual=Block{antikytheramechanism:mechanism_frame}[connected_down=false,connected_east=false,connected_north=true,connected_south=false,connected_up=false,connected_west=false,empty=true,facing=east] destinationTransition=false receiver=740765043 resolved=740765043 sameChunk=true
[10:15:57] [Server thread/ERROR] [de.an.AntikytheraMechanism/]: [HOST-WRITE-DIAG] HEAD pos=BlockPos{x=6590393, y=-58, z=13818049} before=Block{minecraft:air} requested=Block{antikytheramechanism:mechanism_frame}[connected_down=false,connected_east=false,connected_north=false,connected_south=false,connected_up=false,connected_west=false,empty=true,facing=east] moving=false destinationTransition=false allowed=true receiver=740765043 resolved=740765043 sameChunk=true containing=ROOT
[10:15:57] [Server thread/ERROR] [de.an.AntikytheraMechanism/]: [HOST-WRITE-DIAG] RETURN pos=BlockPos{x=6590393, y=-58, z=13818049} previousReturn=Block{minecraft:air} actual=Block{antikytheramechanism:mechanism_frame}[connected_down=false,connected_east=false,connected_north=false,connected_south=false,connected_up=false,connected_west=false,empty=true,facing=east] destinationTransition=false receiver=740765043 resolved=740765043 sameChunk=true
[10:15:57] [Server thread/ERROR] [de.an.AntikytheraMechanism/]: [HOST-WRITE-DIAG] HEAD pos=BlockPos{x=6590394, y=-58, z=13818049} before=Block{antikytheramechanism:mechanism_frame}[connected_down=false,connected_east=false,connected_north=true,connected_south=false,connected_up=false,connected_west=false,empty=true,facing=east] requested=Block{antikytheramechanism:mechanism_frame}[connected_down=false,connected_east=false,connected_north=true,connected_south=false,connected_up=false,connected_west=true,empty=true,facing=east] moving=false destinationTransition=false allowed=true receiver=740765043 resolved=740765043 sameChunk=true containing=ROOT
[10:15:57] [Server thread/ERROR] [de.an.AntikytheraMechanism/]: [HOST-WRITE-DIAG] RETURN pos=BlockPos{x=6590394, y=-58, z=13818049} previousReturn=Block{antikytheramechanism:mechanism_frame}[connected_down=false,connected_east=false,connected_north=true,connected_south=false,connected_up=false,connected_west=false,empty=true,facing=east] actual=Block{antikytheramechanism:mechanism_frame}[connected_down=false,connected_east=false,connected_north=true,connected_south=false,connected_up=false,connected_west=true,empty=true,facing=east] destinationTransition=false receiver=740765043 resolved=740765043 sameChunk=true
[10:15:57] [Server thread/ERROR] [de.an.AntikytheraMechanism/]: [HOST-WRITE-DIAG] HEAD pos=BlockPos{x=6590393, y=-58, z=13818049} before=Block{antikytheramechanism:mechanism_frame}[connected_down=false,connected_east=false,connected_north=false,connected_south=false,connected_up=false,connected_west=false,empty=true,facing=east] requested=Block{antikytheramechanism:mechanism_frame}[connected_down=false,connected_east=true,connected_north=false,connected_south=false,connected_up=false,connected_west=false,empty=true,facing=east] moving=false destinationTransition=false allowed=true receiver=740765043 resolved=740765043 sameChunk=true containing=ROOT
[10:15:57] [Server thread/ERROR] [de.an.AntikytheraMechanism/]: [HOST-WRITE-DIAG] RETURN pos=BlockPos{x=6590393, y=-58, z=13818049} previousReturn=Block{antikytheramechanism:mechanism_frame}[connected_down=false,connected_east=false,connected_north=false,connected_south=false,connected_up=false,connected_west=false,empty=true,facing=east] actual=Block{antikytheramechanism:mechanism_frame}[connected_down=false,connected_east=true,connected_north=false,connected_south=false,connected_up=false,connected_west=false,empty=true,facing=east] destinationTransition=false receiver=740765043 resolved=740765043 sameChunk=true
[10:15:57] [Server thread/ERROR] [de.an.AntikytheraMechanism/]: [HOST-WRITE-DIAG] HEAD pos=BlockPos{x=6590393, y=-58, z=13818048} before=Block{antikytheramechanism:mechanism_frame}[connected_down=false,connected_east=true,connected_north=false,connected_south=false,connected_up=false,connected_west=false,empty=true,facing=east] requested=Block{antikytheramechanism:mechanism_frame}[connected_down=false,connected_east=true,connected_north=false,connected_south=true,connected_up=false,connected_west=false,empty=true,facing=east] moving=false destinationTransition=false allowed=true receiver=740765043 resolved=740765043 sameChunk=true containing=ROOT
[10:15:57] [Server thread/ERROR] [de.an.AntikytheraMechanism/]: [HOST-WRITE-DIAG] RETURN pos=BlockPos{x=6590393, y=-58, z=13818048} previousReturn=Block{antikytheramechanism:mechanism_frame}[connected_down=false,connected_east=true,connected_north=false,connected_south=false,connected_up=false,connected_west=false,empty=true,facing=east] actual=Block{antikytheramechanism:mechanism_frame}[connected_down=false,connected_east=true,connected_north=false,connected_south=true,connected_up=false,connected_west=false,empty=true,facing=east] destinationTransition=false receiver=740765043 resolved=740765043 sameChunk=true
[10:15:57] [Server thread/ERROR] [de.an.AntikytheraMechanism/]: [HOST-WRITE-DIAG] HEAD pos=BlockPos{x=6590393, y=-58, z=13818049} before=Block{antikytheramechanism:mechanism_frame}[connected_down=false,connected_east=true,connected_north=false,connected_south=false,connected_up=false,connected_west=false,empty=true,facing=east] requested=Block{antikytheramechanism:mechanism_frame}[connected_down=false,connected_east=true,connected_north=true,connected_south=false,connected_up=false,connected_west=false,empty=true,facing=east] moving=false destinationTransition=false allowed=true receiver=740765043 resolved=740765043 sameChunk=true containing=ROOT
[10:15:57] [Server thread/ERROR] [de.an.AntikytheraMechanism/]: [HOST-WRITE-DIAG] RETURN pos=BlockPos{x=6590393, y=-58, z=13818049} previousReturn=Block{antikytheramechanism:mechanism_frame}[connected_down=false,connected_east=true,connected_north=false,connected_south=false,connected_up=false,connected_west=false,empty=true,facing=east] actual=Block{antikytheramechanism:mechanism_frame}[connected_down=false,connected_east=true,connected_north=true,connected_south=false,connected_up=false,connected_west=false,empty=true,facing=east] destinationTransition=false receiver=740765043 resolved=740765043 sameChunk=true
[10:15:57] [Server thread/DEBUG] [de.an.AntikytheraMechanism/]: Frame onRemove at BlockPos{x=6590393, y=-58, z=13818048} movedByPiston=false relocationJournal=true
[10:15:57] [Server thread/ERROR] [de.an.AntikytheraMechanism/]: [HOST-WRITE-DIAG] HEAD pos=BlockPos{x=6590394, y=-58, z=13818048} before=Block{antikytheramechanism:mechanism_frame}[connected_down=false,connected_east=false,connected_north=false,connected_south=true,connected_up=false,connected_west=true,empty=true,facing=east] requested=Block{antikytheramechanism:mechanism_frame}[connected_down=false,connected_east=false,connected_north=false,connected_south=true,connected_up=false,connected_west=false,empty=true,facing=east] moving=false destinationTransition=false allowed=true receiver=740765043 resolved=740765043 sameChunk=true containing=ROOT
[10:15:57] [Server thread/ERROR] [de.an.AntikytheraMechanism/]: [HOST-WRITE-DIAG] RETURN pos=BlockPos{x=6590394, y=-58, z=13818048} previousReturn=Block{antikytheramechanism:mechanism_frame}[connected_down=false,connected_east=false,connected_north=false,connected_south=true,connected_up=false,connected_west=true,empty=true,facing=east] actual=Block{antikytheramechanism:mechanism_frame}[connected_down=false,connected_east=false,connected_north=false,connected_south=true,connected_up=false,connected_west=false,empty=true,facing=east] destinationTransition=false receiver=740765043 resolved=740765043 sameChunk=true
[10:15:57] [Server thread/ERROR] [de.an.AntikytheraMechanism/]: [HOST-WRITE-DIAG] HEAD pos=BlockPos{x=6590393, y=-58, z=13818049} before=Block{antikytheramechanism:mechanism_frame}[connected_down=false,connected_east=true,connected_north=true,connected_south=false,connected_up=false,connected_west=false,empty=true,facing=east] requested=Block{antikytheramechanism:mechanism_frame}[connected_down=false,connected_east=true,connected_north=false,connected_south=false,connected_up=false,connected_west=false,empty=true,facing=east] moving=false destinationTransition=false allowed=true receiver=740765043 resolved=740765043 sameChunk=true containing=ROOT
[10:15:57] [Server thread/ERROR] [de.an.AntikytheraMechanism/]: [HOST-WRITE-DIAG] RETURN pos=BlockPos{x=6590393, y=-58, z=13818049} previousReturn=Block{antikytheramechanism:mechanism_frame}[connected_down=false,connected_east=true,connected_north=true,connected_south=false,connected_up=false,connected_west=false,empty=true,facing=east] actual=Block{antikytheramechanism:mechanism_frame}[connected_down=false,connected_east=true,connected_north=false,connected_south=false,connected_up=false,connected_west=false,empty=true,facing=east] destinationTransition=false receiver=740765043 resolved=740765043 sameChunk=true
[10:15:57] [Server thread/DEBUG] [de.an.AntikytheraMechanism/]: Frame onRemove at BlockPos{x=6590394, y=-58, z=13818048} movedByPiston=false relocationJournal=true
[10:15:57] [Server thread/ERROR] [de.an.AntikytheraMechanism/]: [HOST-WRITE-DIAG] HEAD pos=BlockPos{x=6590394, y=-58, z=13818049} before=Block{antikytheramechanism:mechanism_frame}[connected_down=false,connected_east=false,connected_north=true,connected_south=false,connected_up=false,connected_west=true,empty=true,facing=east] requested=Block{antikytheramechanism:mechanism_frame}[connected_down=false,connected_east=false,connected_north=false,connected_south=false,connected_up=false,connected_west=true,empty=true,facing=east] moving=false destinationTransition=false allowed=true receiver=740765043 resolved=740765043 sameChunk=true containing=ROOT
[10:15:57] [Server thread/ERROR] [de.an.AntikytheraMechanism/]: [HOST-WRITE-DIAG] RETURN pos=BlockPos{x=6590394, y=-58, z=13818049} previousReturn=Block{antikytheramechanism:mechanism_frame}[connected_down=false,connected_east=false,connected_north=true,connected_south=false,connected_up=false,connected_west=true,empty=true,facing=east] actual=Block{antikytheramechanism:mechanism_frame}[connected_down=false,connected_east=false,connected_north=false,connected_south=false,connected_up=false,connected_west=true,empty=true,facing=east] destinationTransition=false receiver=740765043 resolved=740765043 sameChunk=true
[10:15:57] [Server thread/DEBUG] [de.an.AntikytheraMechanism/]: Frame onRemove at BlockPos{x=6590393, y=-58, z=13818049} movedByPiston=false relocationJournal=true
[10:15:57] [Server thread/ERROR] [de.an.AntikytheraMechanism/]: [HOST-WRITE-DIAG] HEAD pos=BlockPos{x=6590394, y=-58, z=13818049} before=Block{antikytheramechanism:mechanism_frame}[connected_down=false,connected_east=false,connected_north=false,connected_south=false,connected_up=false,connected_west=true,empty=true,facing=east] requested=Block{antikytheramechanism:mechanism_frame}[connected_down=false,connected_east=false,connected_north=false,connected_south=false,connected_up=false,connected_west=false,empty=true,facing=east] moving=false destinationTransition=false allowed=true receiver=740765043 resolved=740765043 sameChunk=true containing=ROOT
[10:15:57] [Server thread/ERROR] [de.an.AntikytheraMechanism/]: [HOST-WRITE-DIAG] RETURN pos=BlockPos{x=6590394, y=-58, z=13818049} previousReturn=Block{antikytheramechanism:mechanism_frame}[connected_down=false,connected_east=false,connected_north=false,connected_south=false,connected_up=false,connected_west=true,empty=true,facing=east] actual=Block{antikytheramechanism:mechanism_frame}[connected_down=false,connected_east=false,connected_north=false,connected_south=false,connected_up=false,connected_west=false,empty=true,facing=east] destinationTransition=false receiver=740765043 resolved=740765043 sameChunk=true
[10:15:57] [Server thread/DEBUG] [de.an.AntikytheraMechanism/]: Frame onRemove at BlockPos{x=6590394, y=-58, z=13818049} movedByPiston=false relocationJournal=true
[10:15:57] [Server thread/ERROR] [de.an.AntikytheraMechanism/]: [HOST-WRITE-DIAG] HEAD pos=BlockPos{x=6590398, y=-58, z=13818049} before=Block{minecraft:air} requested=Block{antikytheramechanism:mechanism_frame}[connected_down=false,connected_east=false,connected_north=false,connected_south=false,connected_up=false,connected_west=false,empty=true,facing=south] moving=false destinationTransition=false allowed=true receiver=740765043 resolved=740765043 sameChunk=true containing=ROOT
[10:15:57] [Server thread/ERROR] [de.an.AntikytheraMechanism/]: [HOST-WRITE-DIAG] RETURN pos=BlockPos{x=6590398, y=-58, z=13818049} previousReturn=Block{minecraft:air} actual=Block{antikytheramechanism:mechanism_frame}[connected_down=false,connected_east=false,connected_north=false,connected_south=false,connected_up=false,connected_west=false,empty=true,facing=south] destinationTransition=false receiver=740765043 resolved=740765043 sameChunk=true
[10:15:57] [Server thread/ERROR] [de.an.AntikytheraMechanism/]: [HOST-WRITE-DIAG] HEAD pos=BlockPos{x=6590397, y=-58, z=13818048} before=Block{minecraft:air} requested=Block{antikytheramechanism:mechanism_frame}[connected_down=false,connected_east=false,connected_north=false,connected_south=false,connected_up=false,connected_west=false,empty=true,facing=south] moving=false destinationTransition=false allowed=true receiver=740765043 resolved=740765043 sameChunk=true containing=ROOT
[10:15:57] [Server thread/ERROR] [de.an.AntikytheraMechanism/]: [HOST-WRITE-DIAG] RETURN pos=BlockPos{x=6590397, y=-58, z=13818048} previousReturn=Block{minecraft:air} actual=Block{antikytheramechanism:mechanism_frame}[connected_down=false,connected_east=false,connected_north=false,connected_south=false,connected_up=false,connected_west=false,empty=true,facing=south] destinationTransition=false receiver=740765043 resolved=740765043 sameChunk=true
[10:15:57] [Server thread/ERROR] [de.an.AntikytheraMechanism/]: [HOST-WRITE-DIAG] HEAD pos=BlockPos{x=6590397, y=-58, z=13818049} before=Block{minecraft:air} requested=Block{antikytheramechanism:mechanism_frame}[connected_down=false,connected_east=false,connected_north=false,connected_south=false,connected_up=false,connected_west=false,empty=true,facing=south] moving=false destinationTransition=false allowed=true receiver=740765043 resolved=740765043 sameChunk=true containing=ROOT
[10:15:57] [Server thread/ERROR] [de.an.AntikytheraMechanism/]: [HOST-WRITE-DIAG] RETURN pos=BlockPos{x=6590397, y=-58, z=13818049} previousReturn=Block{minecraft:air} actual=Block{antikytheramechanism:mechanism_frame}[connected_down=false,connected_east=false,connected_north=false,connected_south=false,connected_up=false,connected_west=false,empty=true,facing=south] destinationTransition=false receiver=740765043 resolved=740765043 sameChunk=true
[10:15:57] [Server thread/ERROR] [de.an.AntikytheraMechanism/]: [HOST-WRITE-DIAG] HEAD pos=BlockPos{x=6590398, y=-58, z=13818049} before=Block{antikytheramechanism:mechanism_frame}[connected_down=false,connected_east=false,connected_north=false,connected_south=false,connected_up=false,connected_west=false,empty=true,facing=south] requested=Block{antikytheramechanism:mechanism_frame}[connected_down=false,connected_east=false,connected_north=false,connected_south=false,connected_up=false,connected_west=true,empty=true,facing=south] moving=false destinationTransition=false allowed=true receiver=740765043 resolved=740765043 sameChunk=true containing=ROOT
[10:15:57] [Server thread/ERROR] [de.an.AntikytheraMechanism/]: [HOST-WRITE-DIAG] RETURN pos=BlockPos{x=6590398, y=-58, z=13818049} previousReturn=Block{antikytheramechanism:mechanism_frame}[connected_down=false,connected_east=false,connected_north=false,connected_south=false,connected_up=false,connected_west=false,empty=true,facing=south] actual=Block{antikytheramechanism:mechanism_frame}[connected_down=false,connected_east=false,connected_north=false,connected_south=false,connected_up=false,connected_west=true,empty=true,facing=south] destinationTransition=false receiver=740765043 resolved=740765043 sameChunk=true
[10:15:57] [Server thread/ERROR] [de.an.AntikytheraMechanism/]: [HOST-WRITE-DIAG] HEAD pos=BlockPos{x=6590397, y=-58, z=13818049} before=Block{antikytheramechanism:mechanism_frame}[connected_down=false,connected_east=false,connected_north=false,connected_south=false,connected_up=false,connected_west=false,empty=true,facing=south] requested=Block{antikytheramechanism:mechanism_frame}[connected_down=false,connected_east=true,connected_north=false,connected_south=false,connected_up=false,connected_west=false,empty=true,facing=south] moving=false destinationTransition=false allowed=true receiver=740765043 resolved=740765043 sameChunk=true containing=ROOT
[10:15:57] [Server thread/ERROR] [de.an.AntikytheraMechanism/]: [HOST-WRITE-DIAG] RETURN pos=BlockPos{x=6590397, y=-58, z=13818049} previousReturn=Block{antikytheramechanism:mechanism_frame}[connected_down=false,connected_east=false,connected_north=false,connected_south=false,connected_up=false,connected_west=false,empty=true,facing=south] actual=Block{antikytheramechanism:mechanism_frame}[connected_down=false,connected_east=true,connected_north=false,connected_south=false,connected_up=false,connected_west=false,empty=true,facing=south] destinationTransition=false receiver=740765043 resolved=740765043 sameChunk=true
[10:15:57] [Server thread/ERROR] [de.an.AntikytheraMechanism/]: [HOST-WRITE-DIAG] HEAD pos=BlockPos{x=6590397, y=-58, z=13818048} before=Block{antikytheramechanism:mechanism_frame}[connected_down=false,connected_east=false,connected_north=false,connected_south=false,connected_up=false,connected_west=false,empty=true,facing=south] requested=Block{antikytheramechanism:mechanism_frame}[connected_down=false,connected_east=false,connected_north=false,connected_south=true,connected_up=false,connected_west=false,empty=true,facing=south] moving=false destinationTransition=false allowed=true receiver=740765043 resolved=740765043 sameChunk=true containing=ROOT
[10:15:57] [Server thread/ERROR] [de.an.AntikytheraMechanism/]: [HOST-WRITE-DIAG] RETURN pos=BlockPos{x=6590397, y=-58, z=13818048} previousReturn=Block{antikytheramechanism:mechanism_frame}[connected_down=false,connected_east=false,connected_north=false,connected_south=false,connected_up=false,connected_west=false,empty=true,facing=south] actual=Block{antikytheramechanism:mechanism_frame}[connected_down=false,connected_east=false,connected_north=false,connected_south=true,connected_up=false,connected_west=false,empty=true,facing=south] destinationTransition=false receiver=740765043 resolved=740765043 sameChunk=true
[10:15:57] [Server thread/ERROR] [de.an.AntikytheraMechanism/]: [HOST-WRITE-DIAG] HEAD pos=BlockPos{x=6590397, y=-58, z=13818049} before=Block{antikytheramechanism:mechanism_frame}[connected_down=false,connected_east=true,connected_north=false,connected_south=false,connected_up=false,connected_west=false,empty=true,facing=south] requested=Block{antikytheramechanism:mechanism_frame}[connected_down=false,connected_east=true,connected_north=true,connected_south=false,connected_up=false,connected_west=false,empty=true,facing=south] moving=false destinationTransition=false allowed=true receiver=740765043 resolved=740765043 sameChunk=true containing=ROOT
[10:15:57] [Server thread/ERROR] [de.an.AntikytheraMechanism/]: [HOST-WRITE-DIAG] RETURN pos=BlockPos{x=6590397, y=-58, z=13818049} previousReturn=Block{antikytheramechanism:mechanism_frame}[connected_down=false,connected_east=true,connected_north=false,connected_south=false,connected_up=false,connected_west=false,empty=true,facing=south] actual=Block{antikytheramechanism:mechanism_frame}[connected_down=false,connected_east=true,connected_north=true,connected_south=false,connected_up=false,connected_west=false,empty=true,facing=south] destinationTransition=false receiver=740765043 resolved=740765043 sameChunk=true
[10:15:57] [Server thread/ERROR] [de.an.AntikytheraMechanism/]: [HOST-WRITE-DIAG] HEAD pos=BlockPos{x=6590398, y=-58, z=13818048} before=Block{minecraft:air} requested=Block{antikytheramechanism:mechanism_frame}[connected_down=false,connected_east=false,connected_north=false,connected_south=false,connected_up=false,connected_west=false,empty=true,facing=south] moving=false destinationTransition=false allowed=true receiver=740765043 resolved=740765043 sameChunk=true containing=ROOT
[10:15:57] [Server thread/ERROR] [de.an.AntikytheraMechanism/]: [HOST-WRITE-DIAG] RETURN pos=BlockPos{x=6590398, y=-58, z=13818048} previousReturn=Block{minecraft:air} actual=Block{antikytheramechanism:mechanism_frame}[connected_down=false,connected_east=false,connected_north=false,connected_south=false,connected_up=false,connected_west=false,empty=true,facing=south] destinationTransition=false receiver=740765043 resolved=740765043 sameChunk=true
[10:15:57] [Server thread/ERROR] [de.an.AntikytheraMechanism/]: [HOST-WRITE-DIAG] HEAD pos=BlockPos{x=6590397, y=-58, z=13818048} before=Block{antikytheramechanism:mechanism_frame}[connected_down=false,connected_east=false,connected_north=false,connected_south=true,connected_up=false,connected_west=false,empty=true,facing=south] requested=Block{antikytheramechanism:mechanism_frame}[connected_down=false,connected_east=true,connected_north=false,connected_south=true,connected_up=false,connected_west=false,empty=true,facing=south] moving=false destinationTransition=false allowed=true receiver=740765043 resolved=740765043 sameChunk=true containing=ROOT
[10:15:57] [Server thread/ERROR] [de.an.AntikytheraMechanism/]: [HOST-WRITE-DIAG] RETURN pos=BlockPos{x=6590397, y=-58, z=13818048} previousReturn=Block{antikytheramechanism:mechanism_frame}[connected_down=false,connected_east=false,connected_north=false,connected_south=true,connected_up=false,connected_west=false,empty=true,facing=south] actual=Block{antikytheramechanism:mechanism_frame}[connected_down=false,connected_east=true,connected_north=false,connected_south=true,connected_up=false,connected_west=false,empty=true,facing=south] destinationTransition=false receiver=740765043 resolved=740765043 sameChunk=true
[10:15:57] [Server thread/ERROR] [de.an.AntikytheraMechanism/]: [HOST-WRITE-DIAG] HEAD pos=BlockPos{x=6590398, y=-58, z=13818048} before=Block{antikytheramechanism:mechanism_frame}[connected_down=false,connected_east=false,connected_north=false,connected_south=false,connected_up=false,connected_west=false,empty=true,facing=south] requested=Block{antikytheramechanism:mechanism_frame}[connected_down=false,connected_east=false,connected_north=false,connected_south=false,connected_up=false,connected_west=true,empty=true,facing=south] moving=false destinationTransition=false allowed=true receiver=740765043 resolved=740765043 sameChunk=true containing=ROOT
[10:15:57] [Server thread/ERROR] [de.an.AntikytheraMechanism/]: [HOST-WRITE-DIAG] RETURN pos=BlockPos{x=6590398, y=-58, z=13818048} previousReturn=Block{antikytheramechanism:mechanism_frame}[connected_down=false,connected_east=false,connected_north=false,connected_south=false,connected_up=false,connected_west=false,empty=true,facing=south] actual=Block{antikytheramechanism:mechanism_frame}[connected_down=false,connected_east=false,connected_north=false,connected_south=false,connected_up=false,connected_west=true,empty=true,facing=south] destinationTransition=false receiver=740765043 resolved=740765043 sameChunk=true
[10:15:57] [Server thread/ERROR] [de.an.AntikytheraMechanism/]: [HOST-WRITE-DIAG] HEAD pos=BlockPos{x=6590398, y=-58, z=13818049} before=Block{antikytheramechanism:mechanism_frame}[connected_down=false,connected_east=false,connected_north=false,connected_south=false,connected_up=false,connected_west=true,empty=true,facing=south] requested=Block{antikytheramechanism:mechanism_frame}[connected_down=false,connected_east=false,connected_north=true,connected_south=false,connected_up=false,connected_west=true,empty=true,facing=south] moving=false destinationTransition=false allowed=true receiver=740765043 resolved=740765043 sameChunk=true containing=ROOT
[10:15:57] [Server thread/ERROR] [de.an.AntikytheraMechanism/]: [HOST-WRITE-DIAG] RETURN pos=BlockPos{x=6590398, y=-58, z=13818049} previousReturn=Block{antikytheramechanism:mechanism_frame}[connected_down=false,connected_east=false,connected_north=false,connected_south=false,connected_up=false,connected_west=true,empty=true,facing=south] actual=Block{antikytheramechanism:mechanism_frame}[connected_down=false,connected_east=false,connected_north=true,connected_south=false,connected_up=false,connected_west=true,empty=true,facing=south] destinationTransition=false receiver=740765043 resolved=740765043 sameChunk=true
[10:15:57] [Server thread/ERROR] [de.an.AntikytheraMechanism/]: [HOST-WRITE-DIAG] HEAD pos=BlockPos{x=6590398, y=-58, z=13818048} before=Block{antikytheramechanism:mechanism_frame}[connected_down=false,connected_east=false,connected_north=false,connected_south=false,connected_up=false,connected_west=true,empty=true,facing=south] requested=Block{antikytheramechanism:mechanism_frame}[connected_down=false,connected_east=false,connected_north=false,connected_south=true,connected_up=false,connected_west=true,empty=true,facing=south] moving=false destinationTransition=false allowed=true receiver=740765043 resolved=740765043 sameChunk=true containing=ROOT
[10:15:57] [Server thread/ERROR] [de.an.AntikytheraMechanism/]: [HOST-WRITE-DIAG] RETURN pos=BlockPos{x=6590398, y=-58, z=13818048} previousReturn=Block{antikytheramechanism:mechanism_frame}[connected_down=false,connected_east=false,connected_north=false,connected_south=false,connected_up=false,connected_west=true,empty=true,facing=south] actual=Block{antikytheramechanism:mechanism_frame}[connected_down=false,connected_east=false,connected_north=false,connected_south=true,connected_up=false,connected_west=true,empty=true,facing=south] destinationTransition=false receiver=740765043 resolved=740765043 sameChunk=true
[10:15:57] [Server thread/DEBUG] [de.an.AntikytheraMechanism/]: Frame onRemove at BlockPos{x=6590398, y=-58, z=13818049} movedByPiston=false relocationJournal=true
[10:15:57] [Server thread/ERROR] [de.an.AntikytheraMechanism/]: [HOST-WRITE-DIAG] HEAD pos=BlockPos{x=6590397, y=-58, z=13818049} before=Block{antikytheramechanism:mechanism_frame}[connected_down=false,connected_east=true,connected_north=true,connected_south=false,connected_up=false,connected_west=false,empty=true,facing=south] requested=Block{antikytheramechanism:mechanism_frame}[connected_down=false,connected_east=false,connected_north=true,connected_south=false,connected_up=false,connected_west=false,empty=true,facing=south] moving=false destinationTransition=false allowed=true receiver=740765043 resolved=740765043 sameChunk=true containing=ROOT
[10:15:57] [Server thread/ERROR] [de.an.AntikytheraMechanism/]: [HOST-WRITE-DIAG] RETURN pos=BlockPos{x=6590397, y=-58, z=13818049} previousReturn=Block{antikytheramechanism:mechanism_frame}[connected_down=false,connected_east=true,connected_north=true,connected_south=false,connected_up=false,connected_west=false,empty=true,facing=south] actual=Block{antikytheramechanism:mechanism_frame}[connected_down=false,connected_east=false,connected_north=true,connected_south=false,connected_up=false,connected_west=false,empty=true,facing=south] destinationTransition=false receiver=740765043 resolved=740765043 sameChunk=true
[10:15:57] [Server thread/ERROR] [de.an.AntikytheraMechanism/]: [HOST-WRITE-DIAG] HEAD pos=BlockPos{x=6590398, y=-58, z=13818048} before=Block{antikytheramechanism:mechanism_frame}[connected_down=false,connected_east=false,connected_north=false,connected_south=true,connected_up=false,connected_west=true,empty=true,facing=south] requested=Block{antikytheramechanism:mechanism_frame}[connected_down=false,connected_east=false,connected_north=false,connected_south=false,connected_up=false,connected_west=true,empty=true,facing=south] moving=false destinationTransition=false allowed=true receiver=740765043 resolved=740765043 sameChunk=true containing=ROOT
[10:15:57] [Server thread/ERROR] [de.an.AntikytheraMechanism/]: [HOST-WRITE-DIAG] RETURN pos=BlockPos{x=6590398, y=-58, z=13818048} previousReturn=Block{antikytheramechanism:mechanism_frame}[connected_down=false,connected_east=false,connected_north=false,connected_south=true,connected_up=false,connected_west=true,empty=true,facing=south] actual=Block{antikytheramechanism:mechanism_frame}[connected_down=false,connected_east=false,connected_north=false,connected_south=false,connected_up=false,connected_west=true,empty=true,facing=south] destinationTransition=false receiver=740765043 resolved=740765043 sameChunk=true
[10:15:57] [Server thread/DEBUG] [de.an.AntikytheraMechanism/]: Frame onRemove at BlockPos{x=6590397, y=-58, z=13818048} movedByPiston=false relocationJournal=true
[10:15:57] [Server thread/ERROR] [de.an.AntikytheraMechanism/]: [HOST-WRITE-DIAG] HEAD pos=BlockPos{x=6590398, y=-58, z=13818048} before=Block{antikytheramechanism:mechanism_frame}[connected_down=false,connected_east=false,connected_north=false,connected_south=false,connected_up=false,connected_west=true,empty=true,facing=south] requested=Block{antikytheramechanism:mechanism_frame}[connected_down=false,connected_east=false,connected_north=false,connected_south=false,connected_up=false,connected_west=false,empty=true,facing=south] moving=false destinationTransition=false allowed=true receiver=740765043 resolved=740765043 sameChunk=true containing=ROOT
[10:15:57] [Server thread/ERROR] [de.an.AntikytheraMechanism/]: [HOST-WRITE-DIAG] RETURN pos=BlockPos{x=6590398, y=-58, z=13818048} previousReturn=Block{antikytheramechanism:mechanism_frame}[connected_down=false,connected_east=false,connected_north=false,connected_south=false,connected_up=false,connected_west=true,empty=true,facing=south] actual=Block{antikytheramechanism:mechanism_frame}[connected_down=false,connected_east=false,connected_north=false,connected_south=false,connected_up=false,connected_west=false,empty=true,facing=south] destinationTransition=false receiver=740765043 resolved=740765043 sameChunk=true
[10:15:57] [Server thread/ERROR] [de.an.AntikytheraMechanism/]: [HOST-WRITE-DIAG] HEAD pos=BlockPos{x=6590397, y=-58, z=13818049} before=Block{antikytheramechanism:mechanism_frame}[connected_down=false,connected_east=false,connected_north=true,connected_south=false,connected_up=false,connected_west=false,empty=true,facing=south] requested=Block{antikytheramechanism:mechanism_frame}[connected_down=false,connected_east=false,connected_north=false,connected_south=false,connected_up=false,connected_west=false,empty=true,facing=south] moving=false destinationTransition=false allowed=true receiver=740765043 resolved=740765043 sameChunk=true containing=ROOT
[10:15:57] [Server thread/ERROR] [de.an.AntikytheraMechanism/]: [HOST-WRITE-DIAG] RETURN pos=BlockPos{x=6590397, y=-58, z=13818049} previousReturn=Block{antikytheramechanism:mechanism_frame}[connected_down=false,connected_east=false,connected_north=true,connected_south=false,connected_up=false,connected_west=false,empty=true,facing=south] actual=Block{antikytheramechanism:mechanism_frame}[connected_down=false,connected_east=false,connected_north=false,connected_south=false,connected_up=false,connected_west=false,empty=true,facing=south] destinationTransition=false receiver=740765043 resolved=740765043 sameChunk=true
[10:15:57] [Server thread/DEBUG] [de.an.AntikytheraMechanism/]: Frame onRemove at BlockPos{x=6590397, y=-58, z=13818049} movedByPiston=false relocationJournal=true
[10:15:57] [Server thread/DEBUG] [de.an.AntikytheraMechanism/]: Frame onRemove at BlockPos{x=6590398, y=-58, z=13818048} movedByPiston=false relocationJournal=true
[10:15:57] [Server thread/ERROR] [de.an.AntikytheraMechanism/]: [HOST-WRITE-DIAG] HEAD pos=BlockPos{x=6590403, y=-58, z=13818047} before=Block{minecraft:air} requested=Block{antikytheramechanism:mechanism_frame}[connected_down=false,connected_east=false,connected_north=false,connected_south=false,connected_up=false,connected_west=false,empty=true,facing=west] moving=false destinationTransition=false allowed=true receiver=596952608 resolved=596952608 sameChunk=true containing=ROOT
[10:15:57] [Server thread/ERROR] [de.an.AntikytheraMechanism/]: [HOST-WRITE-DIAG] RETURN pos=BlockPos{x=6590403, y=-58, z=13818047} previousReturn=Block{minecraft:air} actual=Block{antikytheramechanism:mechanism_frame}[connected_down=false,connected_east=false,connected_north=false,connected_south=false,connected_up=false,connected_west=false,empty=true,facing=west] destinationTransition=false receiver=596952608 resolved=596952608 sameChunk=true
[10:15:57] [Server thread/ERROR] [de.an.AntikytheraMechanism/]: [HOST-WRITE-DIAG] HEAD pos=BlockPos{x=6590402, y=-58, z=13818047} before=Block{minecraft:air} requested=Block{antikytheramechanism:mechanism_frame}[connected_down=false,connected_east=false,connected_north=false,connected_south=false,connected_up=false,connected_west=false,empty=true,facing=west] moving=false destinationTransition=false allowed=true receiver=596952608 resolved=596952608 sameChunk=true containing=ROOT
[10:15:57] [Server thread/ERROR] [de.an.AntikytheraMechanism/]: [HOST-WRITE-DIAG] RETURN pos=BlockPos{x=6590402, y=-58, z=13818047} previousReturn=Block{minecraft:air} actual=Block{antikytheramechanism:mechanism_frame}[connected_down=false,connected_east=false,connected_north=false,connected_south=false,connected_up=false,connected_west=false,empty=true,facing=west] destinationTransition=false receiver=596952608 resolved=596952608 sameChunk=true
[10:15:57] [Server thread/ERROR] [de.an.AntikytheraMechanism/]: [HOST-WRITE-DIAG] HEAD pos=BlockPos{x=6590403, y=-58, z=13818047} before=Block{antikytheramechanism:mechanism_frame}[connected_down=false,connected_east=false,connected_north=false,connected_south=false,connected_up=false,connected_west=false,empty=true,facing=west] requested=Block{antikytheramechanism:mechanism_frame}[connected_down=false,connected_east=false,connected_north=false,connected_south=false,connected_up=false,connected_west=true,empty=true,facing=west] moving=false destinationTransition=false allowed=true receiver=596952608 resolved=596952608 sameChunk=true containing=ROOT
[10:15:57] [Server thread/ERROR] [de.an.AntikytheraMechanism/]: [HOST-WRITE-DIAG] RETURN pos=BlockPos{x=6590403, y=-58, z=13818047} previousReturn=Block{antikytheramechanism:mechanism_frame}[connected_down=false,connected_east=false,connected_north=false,connected_south=false,connected_up=false,connected_west=false,empty=true,facing=west] actual=Block{antikytheramechanism:mechanism_frame}[connected_down=false,connected_east=false,connected_north=false,connected_south=false,connected_up=false,connected_west=true,empty=true,facing=west] destinationTransition=false receiver=596952608 resolved=596952608 sameChunk=true
[10:15:57] [Server thread/ERROR] [de.an.AntikytheraMechanism/]: [HOST-WRITE-DIAG] HEAD pos=BlockPos{x=6590402, y=-58, z=13818047} before=Block{antikytheramechanism:mechanism_frame}[connected_down=false,connected_east=false,connected_north=false,connected_south=false,connected_up=false,connected_west=false,empty=true,facing=west] requested=Block{antikytheramechanism:mechanism_frame}[connected_down=false,connected_east=true,connected_north=false,connected_south=false,connected_up=false,connected_west=false,empty=true,facing=west] moving=false destinationTransition=false allowed=true receiver=596952608 resolved=596952608 sameChunk=true containing=ROOT
[10:15:57] [Server thread/ERROR] [de.an.AntikytheraMechanism/]: [HOST-WRITE-DIAG] RETURN pos=BlockPos{x=6590402, y=-58, z=13818047} previousReturn=Block{antikytheramechanism:mechanism_frame}[connected_down=false,connected_east=false,connected_north=false,connected_south=false,connected_up=false,connected_west=false,empty=true,facing=west] actual=Block{antikytheramechanism:mechanism_frame}[connected_down=false,connected_east=true,connected_north=false,connected_south=false,connected_up=false,connected_west=false,empty=true,facing=west] destinationTransition=false receiver=596952608 resolved=596952608 sameChunk=true
[10:15:57] [Server thread/ERROR] [de.an.AntikytheraMechanism/]: [HOST-WRITE-DIAG] HEAD pos=BlockPos{x=6590403, y=-58, z=13818048} before=Block{minecraft:air} requested=Block{antikytheramechanism:mechanism_frame}[connected_down=false,connected_east=false,connected_north=false,connected_south=false,connected_up=false,connected_west=false,empty=true,facing=west] moving=false destinationTransition=false allowed=true receiver=343592235 resolved=343592235 sameChunk=true containing=ROOT
[10:15:57] [Server thread/ERROR] [de.an.AntikytheraMechanism/]: [HOST-WRITE-DIAG] RETURN pos=BlockPos{x=6590403, y=-58, z=13818048} previousReturn=Block{minecraft:air} actual=Block{antikytheramechanism:mechanism_frame}[connected_down=false,connected_east=false,connected_north=false,connected_south=false,connected_up=false,connected_west=false,empty=true,facing=west] destinationTransition=false receiver=343592235 resolved=343592235 sameChunk=true
[10:15:57] [Server thread/ERROR] [de.an.AntikytheraMechanism/]: [HOST-WRITE-DIAG] HEAD pos=BlockPos{x=6590403, y=-58, z=13818047} before=Block{antikytheramechanism:mechanism_frame}[connected_down=false,connected_east=false,connected_north=false,connected_south=false,connected_up=false,connected_west=true,empty=true,facing=west] requested=Block{antikytheramechanism:mechanism_frame}[connected_down=false,connected_east=false,connected_north=false,connected_south=true,connected_up=false,connected_west=true,empty=true,facing=west] moving=false destinationTransition=false allowed=true receiver=596952608 resolved=596952608 sameChunk=true containing=ROOT
[10:15:57] [Server thread/ERROR] [de.an.AntikytheraMechanism/]: [HOST-WRITE-DIAG] RETURN pos=BlockPos{x=6590403, y=-58, z=13818047} previousReturn=Block{antikytheramechanism:mechanism_frame}[connected_down=false,connected_east=false,connected_north=false,connected_south=false,connected_up=false,connected_west=true,empty=true,facing=west] actual=Block{antikytheramechanism:mechanism_frame}[connected_down=false,connected_east=false,connected_north=false,connected_south=true,connected_up=false,connected_west=true,empty=true,facing=west] destinationTransition=false receiver=596952608 resolved=596952608 sameChunk=true
[10:15:57] [Server thread/ERROR] [de.an.AntikytheraMechanism/]: [HOST-WRITE-DIAG] HEAD pos=BlockPos{x=6590403, y=-58, z=13818048} before=Block{antikytheramechanism:mechanism_frame}[connected_down=false,connected_east=false,connected_north=false,connected_south=false,connected_up=false,connected_west=false,empty=true,facing=west] requested=Block{antikytheramechanism:mechanism_frame}[connected_down=false,connected_east=false,connected_north=true,connected_south=false,connected_up=false,connected_west=false,empty=true,facing=west] moving=false destinationTransition=false allowed=true receiver=343592235 resolved=343592235 sameChunk=true containing=ROOT
[10:15:57] [Server thread/ERROR] [de.an.AntikytheraMechanism/]: [HOST-WRITE-DIAG] RETURN pos=BlockPos{x=6590403, y=-58, z=13818048} previousReturn=Block{antikytheramechanism:mechanism_frame}[connected_down=false,connected_east=false,connected_north=false,connected_south=false,connected_up=false,connected_west=false,empty=true,facing=west] actual=Block{antikytheramechanism:mechanism_frame}[connected_down=false,connected_east=false,connected_north=true,connected_south=false,connected_up=false,connected_west=false,empty=true,facing=west] destinationTransition=false receiver=343592235 resolved=343592235 sameChunk=true
[10:15:57] [Server thread/ERROR] [de.an.AntikytheraMechanism/]: [HOST-WRITE-DIAG] HEAD pos=BlockPos{x=6590402, y=-58, z=13818048} before=Block{minecraft:air} requested=Block{antikytheramechanism:mechanism_frame}[connected_down=false,connected_east=false,connected_north=false,connected_south=false,connected_up=false,connected_west=false,empty=true,facing=west] moving=false destinationTransition=false allowed=true receiver=343592235 resolved=343592235 sameChunk=true containing=ROOT
[10:15:57] [Server thread/ERROR] [de.an.AntikytheraMechanism/]: [HOST-WRITE-DIAG] RETURN pos=BlockPos{x=6590402, y=-58, z=13818048} previousReturn=Block{minecraft:air} actual=Block{antikytheramechanism:mechanism_frame}[connected_down=false,connected_east=false,connected_north=false,connected_south=false,connected_up=false,connected_west=false,empty=true,facing=west] destinationTransition=false receiver=343592235 resolved=343592235 sameChunk=true
[10:15:57] [Server thread/ERROR] [de.an.AntikytheraMechanism/]: [HOST-WRITE-DIAG] HEAD pos=BlockPos{x=6590403, y=-58, z=13818048} before=Block{antikytheramechanism:mechanism_frame}[connected_down=false,connected_east=false,connected_north=true,connected_south=false,connected_up=false,connected_west=false,empty=true,facing=west] requested=Block{antikytheramechanism:mechanism_frame}[connected_down=false,connected_east=false,connected_north=true,connected_south=false,connected_up=false,connected_west=true,empty=true,facing=west] moving=false destinationTransition=false allowed=true receiver=343592235 resolved=343592235 sameChunk=true containing=ROOT
[10:15:57] [Server thread/ERROR] [de.an.AntikytheraMechanism/]: [HOST-WRITE-DIAG] RETURN pos=BlockPos{x=6590403, y=-58, z=13818048} previousReturn=Block{antikytheramechanism:mechanism_frame}[connected_down=false,connected_east=false,connected_north=true,connected_south=false,connected_up=false,connected_west=false,empty=true,facing=west] actual=Block{antikytheramechanism:mechanism_frame}[connected_down=false,connected_east=false,connected_north=true,connected_south=false,connected_up=false,connected_west=true,empty=true,facing=west] destinationTransition=false receiver=343592235 resolved=343592235 sameChunk=true
[10:15:57] [Server thread/ERROR] [de.an.AntikytheraMechanism/]: [HOST-WRITE-DIAG] HEAD pos=BlockPos{x=6590402, y=-58, z=13818048} before=Block{antikytheramechanism:mechanism_frame}[connected_down=false,connected_east=false,connected_north=false,connected_south=false,connected_up=false,connected_west=false,empty=true,facing=west] requested=Block{antikytheramechanism:mechanism_frame}[connected_down=false,connected_east=true,connected_north=false,connected_south=false,connected_up=false,connected_west=false,empty=true,facing=west] moving=false destinationTransition=false allowed=true receiver=343592235 resolved=343592235 sameChunk=true containing=ROOT
[10:15:57] [Server thread/ERROR] [de.an.AntikytheraMechanism/]: [HOST-WRITE-DIAG] RETURN pos=BlockPos{x=6590402, y=-58, z=13818048} previousReturn=Block{antikytheramechanism:mechanism_frame}[connected_down=false,connected_east=false,connected_north=false,connected_south=false,connected_up=false,connected_west=false,empty=true,facing=west] actual=Block{antikytheramechanism:mechanism_frame}[connected_down=false,connected_east=true,connected_north=false,connected_south=false,connected_up=false,connected_west=false,empty=true,facing=west] destinationTransition=false receiver=343592235 resolved=343592235 sameChunk=true
[10:15:57] [Server thread/ERROR] [de.an.AntikytheraMechanism/]: [HOST-WRITE-DIAG] HEAD pos=BlockPos{x=6590402, y=-58, z=13818047} before=Block{antikytheramechanism:mechanism_frame}[connected_down=false,connected_east=true,connected_north=false,connected_south=false,connected_up=false,connected_west=false,empty=true,facing=west] requested=Block{antikytheramechanism:mechanism_frame}[connected_down=false,connected_east=true,connected_north=false,connected_south=true,connected_up=false,connected_west=false,empty=true,facing=west] moving=false destinationTransition=false allowed=true receiver=596952608 resolved=596952608 sameChunk=true containing=ROOT
[10:15:57] [Server thread/ERROR] [de.an.AntikytheraMechanism/]: [HOST-WRITE-DIAG] RETURN pos=BlockPos{x=6590402, y=-58, z=13818047} previousReturn=Block{antikytheramechanism:mechanism_frame}[connected_down=false,connected_east=true,connected_north=false,connected_south=false,connected_up=false,connected_west=false,empty=true,facing=west] actual=Block{antikytheramechanism:mechanism_frame}[connected_down=false,connected_east=true,connected_north=false,connected_south=true,connected_up=false,connected_west=false,empty=true,facing=west] destinationTransition=false receiver=596952608 resolved=596952608 sameChunk=true
[10:15:57] [Server thread/ERROR] [de.an.AntikytheraMechanism/]: [HOST-WRITE-DIAG] HEAD pos=BlockPos{x=6590402, y=-58, z=13818048} before=Block{antikytheramechanism:mechanism_frame}[connected_down=false,connected_east=true,connected_north=false,connected_south=false,connected_up=false,connected_west=false,empty=true,facing=west] requested=Block{antikytheramechanism:mechanism_frame}[connected_down=false,connected_east=true,connected_north=true,connected_south=false,connected_up=false,connected_west=false,empty=true,facing=west] moving=false destinationTransition=false allowed=true receiver=343592235 resolved=343592235 sameChunk=true containing=ROOT
[10:15:57] [Server thread/ERROR] [de.an.AntikytheraMechanism/]: [HOST-WRITE-DIAG] RETURN pos=BlockPos{x=6590402, y=-58, z=13818048} previousReturn=Block{antikytheramechanism:mechanism_frame}[connected_down=false,connected_east=true,connected_north=false,connected_south=false,connected_up=false,connected_west=false,empty=true,facing=west] actual=Block{antikytheramechanism:mechanism_frame}[connected_down=false,connected_east=true,connected_north=true,connected_south=false,connected_up=false,connected_west=false,empty=true,facing=west] destinationTransition=false receiver=343592235 resolved=343592235 sameChunk=true
[10:15:57] [Server thread/DEBUG] [de.an.AntikytheraMechanism/]: Frame onRemove at BlockPos{x=6590402, y=-58, z=13818047} movedByPiston=false relocationJournal=true
[10:15:57] [Server thread/ERROR] [de.an.AntikytheraMechanism/]: [HOST-WRITE-DIAG] HEAD pos=BlockPos{x=6590403, y=-58, z=13818047} before=Block{antikytheramechanism:mechanism_frame}[connected_down=false,connected_east=false,connected_north=false,connected_south=true,connected_up=false,connected_west=true,empty=true,facing=west] requested=Block{antikytheramechanism:mechanism_frame}[connected_down=false,connected_east=false,connected_north=false,connected_south=true,connected_up=false,connected_west=false,empty=true,facing=west] moving=false destinationTransition=false allowed=true receiver=596952608 resolved=596952608 sameChunk=true containing=ROOT
[10:15:57] [Server thread/ERROR] [de.an.AntikytheraMechanism/]: [HOST-WRITE-DIAG] RETURN pos=BlockPos{x=6590403, y=-58, z=13818047} previousReturn=Block{antikytheramechanism:mechanism_frame}[connected_down=false,connected_east=false,connected_north=false,connected_south=true,connected_up=false,connected_west=true,empty=true,facing=west] actual=Block{antikytheramechanism:mechanism_frame}[connected_down=false,connected_east=false,connected_north=false,connected_south=true,connected_up=false,connected_west=false,empty=true,facing=west] destinationTransition=false receiver=596952608 resolved=596952608 sameChunk=true
[10:15:57] [Server thread/ERROR] [de.an.AntikytheraMechanism/]: [HOST-WRITE-DIAG] HEAD pos=BlockPos{x=6590402, y=-58, z=13818048} before=Block{antikytheramechanism:mechanism_frame}[connected_down=false,connected_east=true,connected_north=true,connected_south=false,connected_up=false,connected_west=false,empty=true,facing=west] requested=Block{antikytheramechanism:mechanism_frame}[connected_down=false,connected_east=true,connected_north=false,connected_south=false,connected_up=false,connected_west=false,empty=true,facing=west] moving=false destinationTransition=false allowed=true receiver=343592235 resolved=343592235 sameChunk=true containing=ROOT
[10:15:57] [Server thread/ERROR] [de.an.AntikytheraMechanism/]: [HOST-WRITE-DIAG] RETURN pos=BlockPos{x=6590402, y=-58, z=13818048} previousReturn=Block{antikytheramechanism:mechanism_frame}[connected_down=false,connected_east=true,connected_north=true,connected_south=false,connected_up=false,connected_west=false,empty=true,facing=west] actual=Block{antikytheramechanism:mechanism_frame}[connected_down=false,connected_east=true,connected_north=false,connected_south=false,connected_up=false,connected_west=false,empty=true,facing=west] destinationTransition=false receiver=343592235 resolved=343592235 sameChunk=true
[10:15:57] [Server thread/DEBUG] [de.an.AntikytheraMechanism/]: Frame onRemove at BlockPos{x=6590403, y=-58, z=13818047} movedByPiston=false relocationJournal=true
[10:15:57] [Server thread/ERROR] [de.an.AntikytheraMechanism/]: [HOST-WRITE-DIAG] HEAD pos=BlockPos{x=6590403, y=-58, z=13818048} before=Block{antikytheramechanism:mechanism_frame}[connected_down=false,connected_east=false,connected_north=true,connected_south=false,connected_up=false,connected_west=true,empty=true,facing=west] requested=Block{antikytheramechanism:mechanism_frame}[connected_down=false,connected_east=false,connected_north=false,connected_south=false,connected_up=false,connected_west=true,empty=true,facing=west] moving=false destinationTransition=false allowed=true receiver=343592235 resolved=343592235 sameChunk=true containing=ROOT
[10:15:57] [Server thread/ERROR] [de.an.AntikytheraMechanism/]: [HOST-WRITE-DIAG] RETURN pos=BlockPos{x=6590403, y=-58, z=13818048} previousReturn=Block{antikytheramechanism:mechanism_frame}[connected_down=false,connected_east=false,connected_north=true,connected_south=false,connected_up=false,connected_west=true,empty=true,facing=west] actual=Block{antikytheramechanism:mechanism_frame}[connected_down=false,connected_east=false,connected_north=false,connected_south=false,connected_up=false,connected_west=true,empty=true,facing=west] destinationTransition=false receiver=343592235 resolved=343592235 sameChunk=true
[10:15:57] [Server thread/DEBUG] [de.an.AntikytheraMechanism/]: Frame onRemove at BlockPos{x=6590402, y=-58, z=13818048} movedByPiston=false relocationJournal=true
[10:15:57] [Server thread/ERROR] [de.an.AntikytheraMechanism/]: [HOST-WRITE-DIAG] HEAD pos=BlockPos{x=6590403, y=-58, z=13818048} before=Block{antikytheramechanism:mechanism_frame}[connected_down=false,connected_east=false,connected_north=false,connected_south=false,connected_up=false,connected_west=true,empty=true,facing=west] requested=Block{antikytheramechanism:mechanism_frame}[connected_down=false,connected_east=false,connected_north=false,connected_south=false,connected_up=false,connected_west=false,empty=true,facing=west] moving=false destinationTransition=false allowed=true receiver=343592235 resolved=343592235 sameChunk=true containing=ROOT
[10:15:57] [Server thread/ERROR] [de.an.AntikytheraMechanism/]: [HOST-WRITE-DIAG] RETURN pos=BlockPos{x=6590403, y=-58, z=13818048} previousReturn=Block{antikytheramechanism:mechanism_frame}[connected_down=false,connected_east=false,connected_north=false,connected_south=false,connected_up=false,connected_west=true,empty=true,facing=west] actual=Block{antikytheramechanism:mechanism_frame}[connected_down=false,connected_east=false,connected_north=false,connected_south=false,connected_up=false,connected_west=false,empty=true,facing=west] destinationTransition=false receiver=343592235 resolved=343592235 sameChunk=true
[10:15:57] [Server thread/DEBUG] [de.an.AntikytheraMechanism/]: Frame onRemove at BlockPos{x=6590403, y=-58, z=13818048} movedByPiston=false relocationJournal=true
[10:15:57] [Server thread/ERROR] [de.an.AntikytheraMechanism/]: [HOST-WRITE-DIAG] HEAD pos=BlockPos{x=6590409, y=-58, z=13818048} before=Block{minecraft:air} requested=Block{antikytheramechanism:mechanism_frame}[connected_down=false,connected_east=false,connected_north=false,connected_south=false,connected_up=false,connected_west=false,empty=true,facing=north] moving=false destinationTransition=false allowed=true receiver=343592235 resolved=343592235 sameChunk=true containing=ROOT
[10:15:57] [Server thread/ERROR] [de.an.AntikytheraMechanism/]: [HOST-WRITE-DIAG] RETURN pos=BlockPos{x=6590409, y=-58, z=13818048} previousReturn=Block{minecraft:air} actual=Block{antikytheramechanism:mechanism_frame}[connected_down=false,connected_east=false,connected_north=false,connected_south=false,connected_up=false,connected_west=false,empty=true,facing=north] destinationTransition=false receiver=343592235 resolved=343592235 sameChunk=true
[10:15:57] [Server thread/ERROR] [de.an.AntikytheraMechanism/]: [HOST-WRITE-DIAG] HEAD pos=BlockPos{x=6590408, y=-58, z=13818047} before=Block{minecraft:air} requested=Block{antikytheramechanism:mechanism_frame}[connected_down=false,connected_east=false,connected_north=false,connected_south=false,connected_up=false,connected_west=false,empty=true,facing=north] moving=false destinationTransition=false allowed=true receiver=596952608 resolved=596952608 sameChunk=true containing=ROOT
[10:15:57] [Server thread/ERROR] [de.an.AntikytheraMechanism/]: [HOST-WRITE-DIAG] RETURN pos=BlockPos{x=6590408, y=-58, z=13818047} previousReturn=Block{minecraft:air} actual=Block{antikytheramechanism:mechanism_frame}[connected_down=false,connected_east=false,connected_north=false,connected_south=false,connected_up=false,connected_west=false,empty=true,facing=north] destinationTransition=false receiver=596952608 resolved=596952608 sameChunk=true
[10:15:57] [Server thread/ERROR] [de.an.AntikytheraMechanism/]: [HOST-WRITE-DIAG] HEAD pos=BlockPos{x=6590408, y=-58, z=13818048} before=Block{minecraft:air} requested=Block{antikytheramechanism:mechanism_frame}[connected_down=false,connected_east=false,connected_north=false,connected_south=false,connected_up=false,connected_west=false,empty=true,facing=north] moving=false destinationTransition=false allowed=true receiver=343592235 resolved=343592235 sameChunk=true containing=ROOT
[10:15:57] [Server thread/ERROR] [de.an.AntikytheraMechanism/]: [HOST-WRITE-DIAG] RETURN pos=BlockPos{x=6590408, y=-58, z=13818048} previousReturn=Block{minecraft:air} actual=Block{antikytheramechanism:mechanism_frame}[connected_down=false,connected_east=false,connected_north=false,connected_south=false,connected_up=false,connected_west=false,empty=true,facing=north] destinationTransition=false receiver=343592235 resolved=343592235 sameChunk=true
[10:15:57] [Server thread/ERROR] [de.an.AntikytheraMechanism/]: [HOST-WRITE-DIAG] HEAD pos=BlockPos{x=6590409, y=-58, z=13818048} before=Block{antikytheramechanism:mechanism_frame}[connected_down=false,connected_east=false,connected_north=false,connected_south=false,connected_up=false,connected_west=false,empty=true,facing=north] requested=Block{antikytheramechanism:mechanism_frame}[connected_down=false,connected_east=false,connected_north=false,connected_south=false,connected_up=false,connected_west=true,empty=true,facing=north] moving=false destinationTransition=false allowed=true receiver=343592235 resolved=343592235 sameChunk=true containing=ROOT
[10:15:57] [Server thread/ERROR] [de.an.AntikytheraMechanism/]: [HOST-WRITE-DIAG] RETURN pos=BlockPos{x=6590409, y=-58, z=13818048} previousReturn=Block{antikytheramechanism:mechanism_frame}[connected_down=false,connected_east=false,connected_north=false,connected_south=false,connected_up=false,connected_west=false,empty=true,facing=north] actual=Block{antikytheramechanism:mechanism_frame}[connected_down=false,connected_east=false,connected_north=false,connected_south=false,connected_up=false,connected_west=true,empty=true,facing=north] destinationTransition=false receiver=343592235 resolved=343592235 sameChunk=true
[10:15:57] [Server thread/ERROR] [de.an.AntikytheraMechanism/]: [HOST-WRITE-DIAG] HEAD pos=BlockPos{x=6590408, y=-58, z=13818048} before=Block{antikytheramechanism:mechanism_frame}[connected_down=false,connected_east=false,connected_north=false,connected_south=false,connected_up=false,connected_west=false,empty=true,facing=north] requested=Block{antikytheramechanism:mechanism_frame}[connected_down=false,connected_east=true,connected_north=false,connected_south=false,connected_up=false,connected_west=false,empty=true,facing=north] moving=false destinationTransition=false allowed=true receiver=343592235 resolved=343592235 sameChunk=true containing=ROOT
[10:15:57] [Server thread/ERROR] [de.an.AntikytheraMechanism/]: [HOST-WRITE-DIAG] RETURN pos=BlockPos{x=6590408, y=-58, z=13818048} previousReturn=Block{antikytheramechanism:mechanism_frame}[connected_down=false,connected_east=false,connected_north=false,connected_south=false,connected_up=false,connected_west=false,empty=true,facing=north] actual=Block{antikytheramechanism:mechanism_frame}[connected_down=false,connected_east=true,connected_north=false,connected_south=false,connected_up=false,connected_west=false,empty=true,facing=north] destinationTransition=false receiver=343592235 resolved=343592235 sameChunk=true
[10:15:57] [Server thread/ERROR] [de.an.AntikytheraMechanism/]: [HOST-WRITE-DIAG] HEAD pos=BlockPos{x=6590408, y=-58, z=13818047} before=Block{antikytheramechanism:mechanism_frame}[connected_down=false,connected_east=false,connected_north=false,connected_south=false,connected_up=false,connected_west=false,empty=true,facing=north] requested=Block{antikytheramechanism:mechanism_frame}[connected_down=false,connected_east=false,connected_north=false,connected_south=true,connected_up=false,connected_west=false,empty=true,facing=north] moving=false destinationTransition=false allowed=true receiver=596952608 resolved=596952608 sameChunk=true containing=ROOT
[10:15:57] [Server thread/ERROR] [de.an.AntikytheraMechanism/]: [HOST-WRITE-DIAG] RETURN pos=BlockPos{x=6590408, y=-58, z=13818047} previousReturn=Block{antikytheramechanism:mechanism_frame}[connected_down=false,connected_east=false,connected_north=false,connected_south=false,connected_up=false,connected_west=false,empty=true,facing=north] actual=Block{antikytheramechanism:mechanism_frame}[connected_down=false,connected_east=false,connected_north=false,connected_south=true,connected_up=false,connected_west=false,empty=true,facing=north] destinationTransition=false receiver=596952608 resolved=596952608 sameChunk=true
[10:15:57] [Server thread/ERROR] [de.an.AntikytheraMechanism/]: [HOST-WRITE-DIAG] HEAD pos=BlockPos{x=6590408, y=-58, z=13818048} before=Block{antikytheramechanism:mechanism_frame}[connected_down=false,connected_east=true,connected_north=false,connected_south=false,connected_up=false,connected_west=false,empty=true,facing=north] requested=Block{antikytheramechanism:mechanism_frame}[connected_down=false,connected_east=true,connected_north=true,connected_south=false,connected_up=false,connected_west=false,empty=true,facing=north] moving=false destinationTransition=false allowed=true receiver=343592235 resolved=343592235 sameChunk=true containing=ROOT
[10:15:57] [Server thread/ERROR] [de.an.AntikytheraMechanism/]: [HOST-WRITE-DIAG] RETURN pos=BlockPos{x=6590408, y=-58, z=13818048} previousReturn=Block{antikytheramechanism:mechanism_frame}[connected_down=false,connected_east=true,connected_north=false,connected_south=false,connected_up=false,connected_west=false,empty=true,facing=north] actual=Block{antikytheramechanism:mechanism_frame}[connected_down=false,connected_east=true,connected_north=true,connected_south=false,connected_up=false,connected_west=false,empty=true,facing=north] destinationTransition=false receiver=343592235 resolved=343592235 sameChunk=true
[10:15:57] [Server thread/ERROR] [de.an.AntikytheraMechanism/]: [HOST-WRITE-DIAG] HEAD pos=BlockPos{x=6590409, y=-58, z=13818047} before=Block{minecraft:air} requested=Block{antikytheramechanism:mechanism_frame}[connected_down=false,connected_east=false,connected_north=false,connected_south=false,connected_up=false,connected_west=false,empty=true,facing=north] moving=false destinationTransition=false allowed=true receiver=596952608 resolved=596952608 sameChunk=true containing=ROOT
[10:15:57] [Server thread/ERROR] [de.an.AntikytheraMechanism/]: [HOST-WRITE-DIAG] RETURN pos=BlockPos{x=6590409, y=-58, z=13818047} previousReturn=Block{minecraft:air} actual=Block{antikytheramechanism:mechanism_frame}[connected_down=false,connected_east=false,connected_north=false,connected_south=false,connected_up=false,connected_west=false,empty=true,facing=north] destinationTransition=false receiver=596952608 resolved=596952608 sameChunk=true
[10:15:57] [Server thread/ERROR] [de.an.AntikytheraMechanism/]: [HOST-WRITE-DIAG] HEAD pos=BlockPos{x=6590408, y=-58, z=13818047} before=Block{antikytheramechanism:mechanism_frame}[connected_down=false,connected_east=false,connected_north=false,connected_south=true,connected_up=false,connected_west=false,empty=true,facing=north] requested=Block{antikytheramechanism:mechanism_frame}[connected_down=false,connected_east=true,connected_north=false,connected_south=true,connected_up=false,connected_west=false,empty=true,facing=north] moving=false destinationTransition=false allowed=true receiver=596952608 resolved=596952608 sameChunk=true containing=ROOT
[10:15:57] [Server thread/ERROR] [de.an.AntikytheraMechanism/]: [HOST-WRITE-DIAG] RETURN pos=BlockPos{x=6590408, y=-58, z=13818047} previousReturn=Block{antikytheramechanism:mechanism_frame}[connected_down=false,connected_east=false,connected_north=false,connected_south=true,connected_up=false,connected_west=false,empty=true,facing=north] actual=Block{antikytheramechanism:mechanism_frame}[connected_down=false,connected_east=true,connected_north=false,connected_south=true,connected_up=false,connected_west=false,empty=true,facing=north] destinationTransition=false receiver=596952608 resolved=596952608 sameChunk=true
[10:15:57] [Server thread/ERROR] [de.an.AntikytheraMechanism/]: [HOST-WRITE-DIAG] HEAD pos=BlockPos{x=6590409, y=-58, z=13818047} before=Block{antikytheramechanism:mechanism_frame}[connected_down=false,connected_east=false,connected_north=false,connected_south=false,connected_up=false,connected_west=false,empty=true,facing=north] requested=Block{antikytheramechanism:mechanism_frame}[connected_down=false,connected_east=false,connected_north=false,connected_south=false,connected_up=false,connected_west=true,empty=true,facing=north] moving=false destinationTransition=false allowed=true receiver=596952608 resolved=596952608 sameChunk=true containing=ROOT
[10:15:57] [Server thread/ERROR] [de.an.AntikytheraMechanism/]: [HOST-WRITE-DIAG] RETURN pos=BlockPos{x=6590409, y=-58, z=13818047} previousReturn=Block{antikytheramechanism:mechanism_frame}[connected_down=false,connected_east=false,connected_north=false,connected_south=false,connected_up=false,connected_west=false,empty=true,facing=north] actual=Block{antikytheramechanism:mechanism_frame}[connected_down=false,connected_east=false,connected_north=false,connected_south=false,connected_up=false,connected_west=true,empty=true,facing=north] destinationTransition=false receiver=596952608 resolved=596952608 sameChunk=true
[10:15:57] [Server thread/ERROR] [de.an.AntikytheraMechanism/]: [HOST-WRITE-DIAG] HEAD pos=BlockPos{x=6590409, y=-58, z=13818048} before=Block{antikytheramechanism:mechanism_frame}[connected_down=false,connected_east=false,connected_north=false,connected_south=false,connected_up=false,connected_west=true,empty=true,facing=north] requested=Block{antikytheramechanism:mechanism_frame}[connected_down=false,connected_east=false,connected_north=true,connected_south=false,connected_up=false,connected_west=true,empty=true,facing=north] moving=false destinationTransition=false allowed=true receiver=343592235 resolved=343592235 sameChunk=true containing=ROOT
[10:15:57] [Server thread/ERROR] [de.an.AntikytheraMechanism/]: [HOST-WRITE-DIAG] RETURN pos=BlockPos{x=6590409, y=-58, z=13818048} previousReturn=Block{antikytheramechanism:mechanism_frame}[connected_down=false,connected_east=false,connected_north=false,connected_south=false,connected_up=false,connected_west=true,empty=true,facing=north] actual=Block{antikytheramechanism:mechanism_frame}[connected_down=false,connected_east=false,connected_north=true,connected_south=false,connected_up=false,connected_west=true,empty=true,facing=north] destinationTransition=false receiver=343592235 resolved=343592235 sameChunk=true
[10:15:57] [Server thread/ERROR] [de.an.AntikytheraMechanism/]: [HOST-WRITE-DIAG] HEAD pos=BlockPos{x=6590409, y=-58, z=13818047} before=Block{antikytheramechanism:mechanism_frame}[connected_down=false,connected_east=false,connected_north=false,connected_south=false,connected_up=false,connected_west=true,empty=true,facing=north] requested=Block{antikytheramechanism:mechanism_frame}[connected_down=false,connected_east=false,connected_north=false,connected_south=true,connected_up=false,connected_west=true,empty=true,facing=north] moving=false destinationTransition=false allowed=true receiver=596952608 resolved=596952608 sameChunk=true containing=ROOT
[10:15:57] [Server thread/ERROR] [de.an.AntikytheraMechanism/]: [HOST-WRITE-DIAG] RETURN pos=BlockPos{x=6590409, y=-58, z=13818047} previousReturn=Block{antikytheramechanism:mechanism_frame}[connected_down=false,connected_east=false,connected_north=false,connected_south=false,connected_up=false,connected_west=true,empty=true,facing=north] actual=Block{antikytheramechanism:mechanism_frame}[connected_down=false,connected_east=false,connected_north=false,connected_south=true,connected_up=false,connected_west=true,empty=true,facing=north] destinationTransition=false receiver=596952608 resolved=596952608 sameChunk=true
[10:15:57] [Server thread/ERROR] [de.an.AntikytheraMechanism/]: [HOST-WRITE-DIAG] HEAD pos=BlockPos{x=6590425, y=-57, z=13818045} before=Block{minecraft:air} requested=Block{antikytheramechanism:mechanism_frame}[connected_down=false,connected_east=false,connected_north=false,connected_south=false,connected_up=false,connected_west=false,empty=true,facing=north] moving=false destinationTransition=false allowed=true receiver=86602679 resolved=86602679 sameChunk=true containing=ROOT
[10:15:57] [Server thread/WARN] [de.an.AntikytheraMechanism/]: [FREEZE-WATCHDOG] Armed 30s after Mechanism Frame placement at BlockPos{x=6590425, y=-57, z=13818045} in minecraft:overworld on thread Server thread (stall threshold=2000ms, generation=72)
[10:15:57] [Server thread/ERROR] [de.an.AntikytheraMechanism/]: [HOST-WRITE-DIAG] RETURN pos=BlockPos{x=6590425, y=-57, z=13818045} previousReturn=Block{minecraft:air} actual=Block{antikytheramechanism:mechanism_frame}[connected_down=false,connected_east=false,connected_north=false,connected_south=false,connected_up=false,connected_west=false,empty=true,facing=north] destinationTransition=false receiver=86602679 resolved=86602679 sameChunk=true
[10:15:57] [Server thread/DEBUG] [de.an.AntikytheraMechanism/]: Staged Sable SubLevel 45531f50-67b0-4234-bea4-4e99f9c87dc1 for content in assembly f9c28edb-6b99-40d1-89dc-c3c9fb003fe6
[10:15:57] [Server thread/DEBUG] [de.an.AntikytheraMechanism/]: Frame onRemove at BlockPos{x=6590425, y=-57, z=13818045} movedByPiston=false relocationJournal=true
[10:15:57] [Server thread/WARN] [de.an.AntikytheraMechanism/]: Managed Sable SubLevel 45531f50-67b0-4234-bea4-4e99f9c87dc1 for assembly f9c28edb-6b99-40d1-89dc-c3c9fb003fe6 was removed (REMOVED)
[10:15:57] [Server thread/ERROR] [de.an.AntikytheraMechanism/]: [HOST-WRITE-DIAG] HEAD pos=BlockPos{x=6590499, y=-57, z=13818047} before=Block{minecraft:air} requested=Block{antikytheramechanism:mechanism_frame}[connected_down=false,connected_east=false,connected_north=false,connected_south=false,connected_up=false,connected_west=false,empty=true,facing=north] moving=false destinationTransition=false allowed=true receiver=525473515 resolved=525473515 sameChunk=true containing=ROOT
[10:15:57] [Server thread/WARN] [de.an.AntikytheraMechanism/]: [FREEZE-WATCHDOG] Armed 30s after Mechanism Frame placement at BlockPos{x=6590499, y=-57, z=13818047} in minecraft:overworld on thread Server thread (stall threshold=2000ms, generation=73)
[10:15:57] [Server thread/ERROR] [de.an.AntikytheraMechanism/]: [HOST-WRITE-DIAG] RETURN pos=BlockPos{x=6590499, y=-57, z=13818047} previousReturn=Block{minecraft:air} actual=Block{antikytheramechanism:mechanism_frame}[connected_down=false,connected_east=false,connected_north=false,connected_south=false,connected_up=false,connected_west=false,empty=true,facing=north] destinationTransition=false receiver=525473515 resolved=525473515 sameChunk=true
[10:15:57] [Server thread/ERROR] [de.an.AntikytheraMechanism/]: [HOST-WRITE-DIAG] HEAD pos=BlockPos{x=6590500, y=-57, z=13818047} before=Block{minecraft:air} requested=Block{antikytheramechanism:mechanism_frame}[connected_down=false,connected_east=false,connected_north=false,connected_south=false,connected_up=false,connected_west=false,empty=true,facing=north] moving=false destinationTransition=false allowed=true receiver=525473515 resolved=525473515 sameChunk=true containing=ROOT
[10:15:57] [Server thread/WARN] [de.an.AntikytheraMechanism/]: [FREEZE-WATCHDOG] Armed 30s after Mechanism Frame placement at BlockPos{x=6590500, y=-57, z=13818047} in minecraft:overworld on thread Server thread (stall threshold=2000ms, generation=74)
[10:15:57] [Server thread/ERROR] [de.an.AntikytheraMechanism/]: [HOST-WRITE-DIAG] RETURN pos=BlockPos{x=6590500, y=-57, z=13818047} previousReturn=Block{minecraft:air} actual=Block{antikytheramechanism:mechanism_frame}[connected_down=false,connected_east=false,connected_north=false,connected_south=false,connected_up=false,connected_west=false,empty=true,facing=north] destinationTransition=false receiver=525473515 resolved=525473515 sameChunk=true
[10:15:57] [Server thread/ERROR] [de.an.AntikytheraMechanism/]: [HOST-WRITE-DIAG] HEAD pos=BlockPos{x=6590499, y=-57, z=13818047} before=Block{antikytheramechanism:mechanism_frame}[connected_down=false,connected_east=false,connected_north=false,connected_south=false,connected_up=false,connected_west=false,empty=true,facing=north] requested=Block{antikytheramechanism:mechanism_frame}[connected_down=false,connected_east=true,connected_north=false,connected_south=false,connected_up=false,connected_west=false,empty=true,facing=north] moving=false destinationTransition=false allowed=true receiver=525473515 resolved=525473515 sameChunk=true containing=ROOT
[10:15:57] [Server thread/ERROR] [de.an.AntikytheraMechanism/]: [HOST-WRITE-DIAG] RETURN pos=BlockPos{x=6590499, y=-57, z=13818047} previousReturn=Block{antikytheramechanism:mechanism_frame}[connected_down=false,connected_east=false,connected_north=false,connected_south=false,connected_up=false,connected_west=false,empty=true,facing=north] actual=Block{antikytheramechanism:mechanism_frame}[connected_down=false,connected_east=true,connected_north=false,connected_south=false,connected_up=false,connected_west=false,empty=true,facing=north] destinationTransition=false receiver=525473515 resolved=525473515 sameChunk=true
[10:15:57] [Server thread/ERROR] [de.an.AntikytheraMechanism/]: [HOST-WRITE-DIAG] HEAD pos=BlockPos{x=6590500, y=-57, z=13818047} before=Block{antikytheramechanism:mechanism_frame}[connected_down=false,connected_east=false,connected_north=false,connected_south=false,connected_up=false,connected_west=false,empty=true,facing=north] requested=Block{antikytheramechanism:mechanism_frame}[connected_down=false,connected_east=false,connected_north=false,connected_south=false,connected_up=false,connected_west=true,empty=true,facing=north] moving=false destinationTransition=false allowed=true receiver=525473515 resolved=525473515 sameChunk=true containing=ROOT
[10:15:57] [Server thread/ERROR] [de.an.AntikytheraMechanism/]: [HOST-WRITE-DIAG] RETURN pos=BlockPos{x=6590500, y=-57, z=13818047} previousReturn=Block{antikytheramechanism:mechanism_frame}[connected_down=false,connected_east=false,connected_north=false,connected_south=false,connected_up=false,connected_west=false,empty=true,facing=north] actual=Block{antikytheramechanism:mechanism_frame}[connected_down=false,connected_east=false,connected_north=false,connected_south=false,connected_up=false,connected_west=true,empty=true,facing=north] destinationTransition=false receiver=525473515 resolved=525473515 sameChunk=true
[10:15:57] [Server thread/ERROR] [de.an.AntikytheraMechanism/]: [HOST-WRITE-DIAG] HEAD pos=BlockPos{x=6590501, y=-57, z=13818047} before=Block{minecraft:air} requested=Block{antikytheramechanism:mechanism_frame}[connected_down=false,connected_east=false,connected_north=false,connected_south=false,connected_up=false,connected_west=false,empty=true,facing=north] moving=false destinationTransition=false allowed=true receiver=525473515 resolved=525473515 sameChunk=true containing=ROOT
[10:15:57] [Server thread/WARN] [de.an.AntikytheraMechanism/]: [FREEZE-WATCHDOG] Armed 30s after Mechanism Frame placement at BlockPos{x=6590501, y=-57, z=13818047} in minecraft:overworld on thread Server thread (stall threshold=2000ms, generation=75)
[10:15:57] [Server thread/ERROR] [de.an.AntikytheraMechanism/]: [HOST-WRITE-DIAG] RETURN pos=BlockPos{x=6590501, y=-57, z=13818047} previousReturn=Block{minecraft:air} actual=Block{antikytheramechanism:mechanism_frame}[connected_down=false,connected_east=false,connected_north=false,connected_south=false,connected_up=false,connected_west=false,empty=true,facing=north] destinationTransition=false receiver=525473515 resolved=525473515 sameChunk=true
[10:15:57] [Server thread/ERROR] [de.an.AntikytheraMechanism/]: [HOST-WRITE-DIAG] HEAD pos=BlockPos{x=6590500, y=-57, z=13818047} before=Block{antikytheramechanism:mechanism_frame}[connected_down=false,connected_east=false,connected_north=false,connected_south=false,connected_up=false,connected_west=true,empty=true,facing=north] requested=Block{antikytheramechanism:mechanism_frame}[connected_down=false,connected_east=true,connected_north=false,connected_south=false,connected_up=false,connected_west=true,empty=true,facing=north] moving=false destinationTransition=false allowed=true receiver=525473515 resolved=525473515 sameChunk=true containing=ROOT
[10:15:57] [Server thread/ERROR] [de.an.AntikytheraMechanism/]: [HOST-WRITE-DIAG] RETURN pos=BlockPos{x=6590500, y=-57, z=13818047} previousReturn=Block{antikytheramechanism:mechanism_frame}[connected_down=false,connected_east=false,connected_north=false,connected_south=false,connected_up=false,connected_west=true,empty=true,facing=north] actual=Block{antikytheramechanism:mechanism_frame}[connected_down=false,connected_east=true,connected_north=false,connected_south=false,connected_up=false,connected_west=true,empty=true,facing=north] destinationTransition=false receiver=525473515 resolved=525473515 sameChunk=true
[10:15:57] [Server thread/ERROR] [de.an.AntikytheraMechanism/]: [HOST-WRITE-DIAG] HEAD pos=BlockPos{x=6590501, y=-57, z=13818047} before=Block{antikytheramechanism:mechanism_frame}[connected_down=false,connected_east=false,connected_north=false,connected_south=false,connected_up=false,connected_west=false,empty=true,facing=north] requested=Block{antikytheramechanism:mechanism_frame}[connected_down=false,connected_east=false,connected_north=false,connected_south=false,connected_up=false,connected_west=true,empty=true,facing=north] moving=false destinationTransition=false allowed=true receiver=525473515 resolved=525473515 sameChunk=true containing=ROOT
[10:15:57] [Server thread/ERROR] [de.an.AntikytheraMechanism/]: [HOST-WRITE-DIAG] RETURN pos=BlockPos{x=6590501, y=-57, z=13818047} previousReturn=Block{antikytheramechanism:mechanism_frame}[connected_down=false,connected_east=false,connected_north=false,connected_south=false,connected_up=false,connected_west=false,empty=true,facing=north] actual=Block{antikytheramechanism:mechanism_frame}[connected_down=false,connected_east=false,connected_north=false,connected_south=false,connected_up=false,connected_west=true,empty=true,facing=north] destinationTransition=false receiver=525473515 resolved=525473515 sameChunk=true
[10:15:57] [Server thread/DEBUG] [de.an.AntikytheraMechanism/]: Staged Sable SubLevel 4d2b2f57-01b9-4c0a-ba5c-f295a11ae20e for content in assembly 3c58183f-6e80-495a-8b1e-9a6f2de4d361
[10:15:57] [Server thread/DEBUG] [de.an.AntikytheraMechanism/]: Frame onRemove at BlockPos{x=6590499, y=-57, z=13818047} movedByPiston=false relocationJournal=false
[10:15:57] [Server thread/DEBUG] [de.an.AntikytheraMechanism/]: Staged Sable SubLevel 92a2ad34-06a6-49b8-b57f-2f58600672e6 for content in assembly cc4ca2a1-4ab8-4c00-bc3a-8af104dd6c3a
[10:15:57] [Server thread/ERROR] [de.an.AntikytheraMechanism/]: Assembly lifecycle listener antikytheramechanism:gametest_origin_rebase_inbound_before rejected beforeAssemblyTransfer
[10:15:57] [Server thread/ERROR] [de.an.AntikytheraMechanism/]: Locked assemblies 3c58183f-6e80-495a-8b1e-9a6f2de4d361 and cc4ca2a1-4ab8-4c00-bc3a-8af104dd6c3a after stale-origin repair failed: restoring the rebased payload to the original assembly rolled back. Both managed payload references were retained for recovery.
[10:15:57] [Server thread/ERROR] [de.an.AntikytheraMechanism/]: [HOST-WRITE-DIAG] HEAD pos=BlockPos{x=6590500, y=-57, z=13818047} before=Block{antikytheramechanism:mechanism_frame}[connected_down=false,connected_east=true,connected_north=false,connected_south=false,connected_up=false,connected_west=true,empty=true,facing=north] requested=Block{antikytheramechanism:mechanism_frame}[connected_down=false,connected_east=true,connected_north=false,connected_south=false,connected_up=false,connected_west=false,empty=true,facing=north] moving=false destinationTransition=false allowed=true receiver=525473515 resolved=525473515 sameChunk=true containing=ROOT
[10:15:57] [Server thread/ERROR] [de.an.AntikytheraMechanism/]: [HOST-WRITE-DIAG] RETURN pos=BlockPos{x=6590500, y=-57, z=13818047} previousReturn=Block{antikytheramechanism:mechanism_frame}[connected_down=false,connected_east=true,connected_north=false,connected_south=false,connected_up=false,connected_west=true,empty=true,facing=north] actual=Block{antikytheramechanism:mechanism_frame}[connected_down=false,connected_east=true,connected_north=false,connected_south=false,connected_up=false,connected_west=false,empty=true,facing=north] destinationTransition=false receiver=525473515 resolved=525473515 sameChunk=true
[10:15:57] [Server thread/WARN] [de.an.AntikytheraMechanism/]: Managed Sable SubLevel 4d2b2f57-01b9-4c0a-ba5c-f295a11ae20e for assembly 3c58183f-6e80-495a-8b1e-9a6f2de4d361 was removed (REMOVED)
[10:15:57] [Server thread/ERROR] [de.an.AntikytheraMechanism/]: [HOST-WRITE-DIAG] HEAD pos=BlockPos{x=6590538, y=-57, z=13818052} before=Block{minecraft:air} requested=Block{antikytheramechanism:mechanism_frame}[connected_down=false,connected_east=false,connected_north=false,connected_south=false,connected_up=false,connected_west=false,empty=true,facing=north] moving=false destinationTransition=false allowed=true receiver=1136263661 resolved=1136263661 sameChunk=true containing=ROOT
[10:15:57] [Server thread/WARN] [de.an.AntikytheraMechanism/]: [FREEZE-WATCHDOG] Armed 30s after Mechanism Frame placement at BlockPos{x=6590538, y=-57, z=13818052} in minecraft:overworld on thread Server thread (stall threshold=2000ms, generation=76)
[10:15:57] [Server thread/ERROR] [de.an.AntikytheraMechanism/]: [HOST-WRITE-DIAG] RETURN pos=BlockPos{x=6590538, y=-57, z=13818052} previousReturn=Block{minecraft:air} actual=Block{antikytheramechanism:mechanism_frame}[connected_down=false,connected_east=false,connected_north=false,connected_south=false,connected_up=false,connected_west=false,empty=true,facing=north] destinationTransition=false receiver=1136263661 resolved=1136263661 sameChunk=true
[10:15:57] [Server thread/ERROR] [de.an.AntikytheraMechanism/]: [HOST-WRITE-DIAG] HEAD pos=BlockPos{x=6590537, y=-57, z=13818052} before=Block{minecraft:air} requested=Block{antikytheramechanism:mechanism_frame}[connected_down=false,connected_east=false,connected_north=false,connected_south=false,connected_up=false,connected_west=false,empty=true,facing=north] moving=false destinationTransition=false allowed=true receiver=1136263661 resolved=1136263661 sameChunk=true containing=ROOT
[10:15:57] [Server thread/WARN] [de.an.AntikytheraMechanism/]: [FREEZE-WATCHDOG] Armed 30s after Mechanism Frame placement at BlockPos{x=6590537, y=-57, z=13818052} in minecraft:overworld on thread Server thread (stall threshold=2000ms, generation=77)
[10:15:57] [Server thread/ERROR] [de.an.AntikytheraMechanism/]: [HOST-WRITE-DIAG] RETURN pos=BlockPos{x=6590537, y=-57, z=13818052} previousReturn=Block{minecraft:air} actual=Block{antikytheramechanism:mechanism_frame}[connected_down=false,connected_east=false,connected_north=false,connected_south=false,connected_up=false,connected_west=false,empty=true,facing=north] destinationTransition=false receiver=1136263661 resolved=1136263661 sameChunk=true
[10:15:57] [Server thread/ERROR] [de.an.AntikytheraMechanism/]: [HOST-WRITE-DIAG] HEAD pos=BlockPos{x=6590538, y=-57, z=13818052} before=Block{antikytheramechanism:mechanism_frame}[connected_down=false,connected_east=false,connected_north=false,connected_south=false,connected_up=false,connected_west=false,empty=true,facing=north] requested=Block{antikytheramechanism:mechanism_frame}[connected_down=false,connected_east=false,connected_north=false,connected_south=false,connected_up=false,connected_west=true,empty=true,facing=north] moving=false destinationTransition=false allowed=true receiver=1136263661 resolved=1136263661 sameChunk=true containing=ROOT
[10:15:57] [Server thread/ERROR] [de.an.AntikytheraMechanism/]: [HOST-WRITE-DIAG] RETURN pos=BlockPos{x=6590538, y=-57, z=13818052} previousReturn=Block{antikytheramechanism:mechanism_frame}[connected_down=false,connected_east=false,connected_north=false,connected_south=false,connected_up=false,connected_west=false,empty=true,facing=north] actual=Block{antikytheramechanism:mechanism_frame}[connected_down=false,connected_east=false,connected_north=false,connected_south=false,connected_up=false,connected_west=true,empty=true,facing=north] destinationTransition=false receiver=1136263661 resolved=1136263661 sameChunk=true
[10:15:57] [Server thread/ERROR] [de.an.AntikytheraMechanism/]: [HOST-WRITE-DIAG] HEAD pos=BlockPos{x=6590537, y=-57, z=13818052} before=Block{antikytheramechanism:mechanism_frame}[connected_down=false,connected_east=false,connected_north=false,connected_south=false,connected_up=false,connected_west=false,empty=true,facing=north] requested=Block{antikytheramechanism:mechanism_frame}[connected_down=false,connected_east=true,connected_north=false,connected_south=false,connected_up=false,connected_west=false,empty=true,facing=north] moving=false destinationTransition=false allowed=true receiver=1136263661 resolved=1136263661 sameChunk=true containing=ROOT
[10:15:57] [Server thread/ERROR] [de.an.AntikytheraMechanism/]: [HOST-WRITE-DIAG] RETURN pos=BlockPos{x=6590537, y=-57, z=13818052} previousReturn=Block{antikytheramechanism:mechanism_frame}[connected_down=false,connected_east=false,connected_north=false,connected_south=false,connected_up=false,connected_west=false,empty=true,facing=north] actual=Block{antikytheramechanism:mechanism_frame}[connected_down=false,connected_east=true,connected_north=false,connected_south=false,connected_up=false,connected_west=false,empty=true,facing=north] destinationTransition=false receiver=1136263661 resolved=1136263661 sameChunk=true
[10:15:57] [Server thread/ERROR] [de.an.AntikytheraMechanism/]: [HOST-WRITE-DIAG] HEAD pos=BlockPos{x=6590539, y=-57, z=13818052} before=Block{minecraft:air} requested=Block{antikytheramechanism:mechanism_frame}[connected_down=false,connected_east=false,connected_north=false,connected_south=false,connected_up=false,connected_west=false,empty=true,facing=north] moving=false destinationTransition=false allowed=true receiver=1136263661 resolved=1136263661 sameChunk=true containing=ROOT
[10:15:57] [Server thread/WARN] [de.an.AntikytheraMechanism/]: [FREEZE-WATCHDOG] Armed 30s after Mechanism Frame placement at BlockPos{x=6590539, y=-57, z=13818052} in minecraft:overworld on thread Server thread (stall threshold=2000ms, generation=78)
[10:15:57] [Server thread/ERROR] [de.an.AntikytheraMechanism/]: [HOST-WRITE-DIAG] RETURN pos=BlockPos{x=6590539, y=-57, z=13818052} previousReturn=Block{minecraft:air} actual=Block{antikytheramechanism:mechanism_frame}[connected_down=false,connected_east=false,connected_north=false,connected_south=false,connected_up=false,connected_west=false,empty=true,facing=north] destinationTransition=false receiver=1136263661 resolved=1136263661 sameChunk=true
[10:15:57] [Server thread/ERROR] [de.an.AntikytheraMechanism/]: [HOST-WRITE-DIAG] HEAD pos=BlockPos{x=6590538, y=-57, z=13818052} before=Block{antikytheramechanism:mechanism_frame}[connected_down=false,connected_east=false,connected_north=false,connected_south=false,connected_up=false,connected_west=true,empty=true,facing=north] requested=Block{antikytheramechanism:mechanism_frame}[connected_down=false,connected_east=true,connected_north=false,connected_south=false,connected_up=false,connected_west=true,empty=true,facing=north] moving=false destinationTransition=false allowed=true receiver=1136263661 resolved=1136263661 sameChunk=true containing=ROOT
[10:15:57] [Server thread/ERROR] [de.an.AntikytheraMechanism/]: [HOST-WRITE-DIAG] RETURN pos=BlockPos{x=6590538, y=-57, z=13818052} previousReturn=Block{antikytheramechanism:mechanism_frame}[connected_down=false,connected_east=false,connected_north=false,connected_south=false,connected_up=false,connected_west=true,empty=true,facing=north] actual=Block{antikytheramechanism:mechanism_frame}[connected_down=false,connected_east=true,connected_north=false,connected_south=false,connected_up=false,connected_west=true,empty=true,facing=north] destinationTransition=false receiver=1136263661 resolved=1136263661 sameChunk=true
[10:15:57] [Server thread/ERROR] [de.an.AntikytheraMechanism/]: [HOST-WRITE-DIAG] HEAD pos=BlockPos{x=6590539, y=-57, z=13818052} before=Block{antikytheramechanism:mechanism_frame}[connected_down=false,connected_east=false,connected_north=false,connected_south=false,connected_up=false,connected_west=false,empty=true,facing=north] requested=Block{antikytheramechanism:mechanism_frame}[connected_down=false,connected_east=false,connected_north=false,connected_south=false,connected_up=false,connected_west=true,empty=true,facing=north] moving=false destinationTransition=false allowed=true receiver=1136263661 resolved=1136263661 sameChunk=true containing=ROOT
[10:15:57] [Server thread/ERROR] [de.an.AntikytheraMechanism/]: [HOST-WRITE-DIAG] RETURN pos=BlockPos{x=6590539, y=-57, z=13818052} previousReturn=Block{antikytheramechanism:mechanism_frame}[connected_down=false,connected_east=false,connected_north=false,connected_south=false,connected_up=false,connected_west=false,empty=true,facing=north] actual=Block{antikytheramechanism:mechanism_frame}[connected_down=false,connected_east=false,connected_north=false,connected_south=false,connected_up=false,connected_west=true,empty=true,facing=north] destinationTransition=false receiver=1136263661 resolved=1136263661 sameChunk=true
[10:15:57] [Server thread/DEBUG] [de.an.AntikytheraMechanism/]: Staged Sable SubLevel 9cb1dbf0-ad3f-466a-9058-b7e9e4e73b16 for content in assembly 46f5f8d1-fe17-458c-8186-335e75966d4f
[10:15:57] [Server thread/ERROR] [de.an.AntikytheraMechanism/]: [HOST-WRITE-DIAG] HEAD pos=BlockPos{x=6590537, y=-57, z=13818052} before=Block{antikytheramechanism:mechanism_frame}[connected_down=false,connected_east=true,connected_north=false,connected_south=false,connected_up=false,connected_west=false,empty=true,facing=north] requested=Block{antikytheramechanism:mechanism_frame}[connected_down=false,connected_east=true,connected_north=false,connected_south=false,connected_up=false,connected_west=false,empty=false,facing=north] moving=false destinationTransition=false allowed=true receiver=1136263661 resolved=1136263661 sameChunk=true containing=ROOT
[10:15:57] [Server thread/ERROR] [de.an.AntikytheraMechanism/]: [HOST-WRITE-DIAG] RETURN pos=BlockPos{x=6590537, y=-57, z=13818052} previousReturn=Block{antikytheramechanism:mechanism_frame}[connected_down=false,connected_east=true,connected_north=false,connected_south=false,connected_up=false,connected_west=false,empty=true,facing=north] actual=Block{antikytheramechanism:mechanism_frame}[connected_down=false,connected_east=true,connected_north=false,connected_south=false,connected_up=false,connected_west=false,empty=false,facing=north] destinationTransition=false receiver=1136263661 resolved=1136263661 sameChunk=true
[10:15:57] [Server thread/ERROR] [de.an.AntikytheraMechanism/]: [HOST-WRITE-DIAG] HEAD pos=BlockPos{x=6590538, y=-57, z=13818052} before=Block{antikytheramechanism:mechanism_frame}[connected_down=false,connected_east=true,connected_north=false,connected_south=false,connected_up=false,connected_west=true,empty=true,facing=north] requested=Block{antikytheramechanism:mechanism_frame}[connected_down=false,connected_east=true,connected_north=false,connected_south=false,connected_up=false,connected_west=true,empty=false,facing=north] moving=false destinationTransition=false allowed=true receiver=1136263661 resolved=1136263661 sameChunk=true containing=ROOT
[10:15:57] [Server thread/ERROR] [de.an.AntikytheraMechanism/]: [HOST-WRITE-DIAG] RETURN pos=BlockPos{x=6590538, y=-57, z=13818052} previousReturn=Block{antikytheramechanism:mechanism_frame}[connected_down=false,connected_east=true,connected_north=false,connected_south=false,connected_up=false,connected_west=true,empty=true,facing=north] actual=Block{antikytheramechanism:mechanism_frame}[connected_down=false,connected_east=true,connected_north=false,connected_south=false,connected_up=false,connected_west=true,empty=false,facing=north] destinationTransition=false receiver=1136263661 resolved=1136263661 sameChunk=true
[10:15:57] [Server thread/ERROR] [de.an.AntikytheraMechanism/]: [HOST-WRITE-DIAG] HEAD pos=BlockPos{x=6590539, y=-57, z=13818052} before=Block{antikytheramechanism:mechanism_frame}[connected_down=false,connected_east=false,connected_north=false,connected_south=false,connected_up=false,connected_west=true,empty=true,facing=north] requested=Block{antikytheramechanism:mechanism_frame}[connected_down=false,connected_east=false,connected_north=false,connected_south=false,connected_up=false,connected_west=true,empty=false,facing=north] moving=false destinationTransition=false allowed=true receiver=1136263661 resolved=1136263661 sameChunk=true containing=ROOT
[10:15:57] [Server thread/ERROR] [de.an.AntikytheraMechanism/]: [HOST-WRITE-DIAG] RETURN pos=BlockPos{x=6590539, y=-57, z=13818052} previousReturn=Block{antikytheramechanism:mechanism_frame}[connected_down=false,connected_east=false,connected_north=false,connected_south=false,connected_up=false,connected_west=true,empty=true,facing=north] actual=Block{antikytheramechanism:mechanism_frame}[connected_down=false,connected_east=false,connected_north=false,connected_south=false,connected_up=false,connected_west=true,empty=false,facing=north] destinationTransition=false receiver=1136263661 resolved=1136263661 sameChunk=true
[10:15:57] [Server thread/ERROR] [de.an.AntikytheraMechanism/]: [HOST-WRITE-DIAG] HEAD pos=BlockPos{x=6590538, y=-57, z=13818052} before=Block{antikytheramechanism:mechanism_frame}[connected_down=false,connected_east=true,connected_north=false,connected_south=false,connected_up=false,connected_west=true,empty=false,facing=north] requested=Block{antikytheramechanism:mechanism_frame}[connected_down=false,connected_east=true,connected_north=false,connected_south=false,connected_up=false,connected_west=true,empty=true,facing=north] moving=false destinationTransition=false allowed=true receiver=1136263661 resolved=1136263661 sameChunk=true containing=ROOT
[10:15:57] [Server thread/ERROR] [de.an.AntikytheraMechanism/]: [HOST-WRITE-DIAG] RETURN pos=BlockPos{x=6590538, y=-57, z=13818052} previousReturn=Block{antikytheramechanism:mechanism_frame}[connected_down=false,connected_east=true,connected_north=false,connected_south=false,connected_up=false,connected_west=true,empty=false,facing=north] actual=Block{antikytheramechanism:mechanism_frame}[connected_down=false,connected_east=true,connected_north=false,connected_south=false,connected_up=false,connected_west=true,empty=true,facing=north] destinationTransition=false receiver=1136263661 resolved=1136263661 sameChunk=true
[10:15:57] [Server thread/DEBUG] [de.an.AntikytheraMechanism/]: Frame onRemove at BlockPos{x=6590538, y=-57, z=13818052} movedByPiston=false relocationJournal=false
[10:15:57] [Server thread/DEBUG] [de.an.AntikytheraMechanism/]: Staged Sable SubLevel 87b95164-b575-4724-ab0f-487d5ffbe9ff for content in assembly 3cb1d66c-e99a-4cfa-aa4b-e87fb75e4b16
[10:15:57] [Server thread/DEBUG] [de.an.AntikytheraMechanism/]: Staged Sable SubLevel 1875a0c3-c433-4c8f-8ad5-e3ff4ff08bff for content in assembly 9bccc761-6e8f-47db-ad31-84a3bc9d6685
[10:15:57] [Server thread/WARN] [de.an.AntikytheraMechanism/]: Managed Sable SubLevel 1875a0c3-c433-4c8f-8ad5-e3ff4ff08bff for assembly 9bccc761-6e8f-47db-ad31-84a3bc9d6685 was removed (REMOVED)
[10:15:57] [Server thread/DEBUG] [de.an.AntikytheraMechanism/]: Rebased assembly 46f5f8d1-fe17-458c-8186-335e75966d4f after topology change: stale origin BlockPos{x=6590538, y=-57, z=13818052} -> BlockPos{x=6590537, y=-57, z=13818052} over 1 retained Frames
[10:15:57] [Server thread/ERROR] [de.an.AntikytheraMechanism/]: [HOST-WRITE-DIAG] HEAD pos=BlockPos{x=6590537, y=-57, z=13818052} before=Block{antikytheramechanism:mechanism_frame}[connected_down=false,connected_east=true,connected_north=false,connected_south=false,connected_up=false,connected_west=false,empty=false,facing=north] requested=Block{antikytheramechanism:mechanism_frame}[connected_down=false,connected_east=false,connected_north=false,connected_south=false,connected_up=false,connected_west=false,empty=false,facing=north] moving=false destinationTransition=false allowed=true receiver=1136263661 resolved=1136263661 sameChunk=true containing=ROOT
[10:15:57] [Server thread/ERROR] [de.an.AntikytheraMechanism/]: [HOST-WRITE-DIAG] RETURN pos=BlockPos{x=6590537, y=-57, z=13818052} previousReturn=Block{antikytheramechanism:mechanism_frame}[connected_down=false,connected_east=true,connected_north=false,connected_south=false,connected_up=false,connected_west=false,empty=false,facing=north] actual=Block{antikytheramechanism:mechanism_frame}[connected_down=false,connected_east=false,connected_north=false,connected_south=false,connected_up=false,connected_west=false,empty=false,facing=north] destinationTransition=false receiver=1136263661 resolved=1136263661 sameChunk=true
[10:15:57] [Server thread/ERROR] [de.an.AntikytheraMechanism/]: [HOST-WRITE-DIAG] HEAD pos=BlockPos{x=6590539, y=-57, z=13818052} before=Block{antikytheramechanism:mechanism_frame}[connected_down=false,connected_east=false,connected_north=false,connected_south=false,connected_up=false,connected_west=true,empty=false,facing=north] requested=Block{antikytheramechanism:mechanism_frame}[connected_down=false,connected_east=false,connected_north=false,connected_south=false,connected_up=false,connected_west=false,empty=false,facing=north] moving=false destinationTransition=false allowed=true receiver=1136263661 resolved=1136263661 sameChunk=true containing=ROOT
[10:15:57] [Server thread/ERROR] [de.an.AntikytheraMechanism/]: [HOST-WRITE-DIAG] RETURN pos=BlockPos{x=6590539, y=-57, z=13818052} previousReturn=Block{antikytheramechanism:mechanism_frame}[connected_down=false,connected_east=false,connected_north=false,connected_south=false,connected_up=false,connected_west=true,empty=false,facing=north] actual=Block{antikytheramechanism:mechanism_frame}[connected_down=false,connected_east=false,connected_north=false,connected_south=false,connected_up=false,connected_west=false,empty=false,facing=north] destinationTransition=false receiver=1136263661 resolved=1136263661 sameChunk=true
[10:15:57] [Server thread/ERROR] [de.an.AntikytheraMechanism/]: [HOST-WRITE-DIAG] HEAD pos=BlockPos{x=6590360, y=-57, z=13818067} before=Block{minecraft:air} requested=Block{antikytheramechanism:mechanism_frame}[connected_down=false,connected_east=false,connected_north=false,connected_south=false,connected_up=false,connected_west=false,empty=true,facing=north] moving=false destinationTransition=false allowed=true receiver=192037503 resolved=192037503 sameChunk=true containing=ROOT
[10:15:57] [Server thread/WARN] [de.an.AntikytheraMechanism/]: [FREEZE-WATCHDOG] Armed 30s after Mechanism Frame placement at BlockPos{x=6590360, y=-57, z=13818067} in minecraft:overworld on thread Server thread (stall threshold=2000ms, generation=79)
[10:15:57] [Server thread/ERROR] [de.an.AntikytheraMechanism/]: [HOST-WRITE-DIAG] RETURN pos=BlockPos{x=6590360, y=-57, z=13818067} previousReturn=Block{minecraft:air} actual=Block{antikytheramechanism:mechanism_frame}[connected_down=false,connected_east=false,connected_north=false,connected_south=false,connected_up=false,connected_west=false,empty=true,facing=north] destinationTransition=false receiver=192037503 resolved=192037503 sameChunk=true
[10:15:57] [Server thread/DEBUG] [de.an.AntikytheraMechanism/]: Staged Sable SubLevel 666ee9b9-7319-412c-99f9-817918723f85 for content in assembly 5ba3b102-a419-4446-bf12-7107b00c5c30
[10:15:57] [Server thread/ERROR] [de.an.AntikytheraMechanism/]: [HOST-WRITE-DIAG] HEAD pos=BlockPos{x=6590360, y=-57, z=13818067} before=Block{antikytheramechanism:mechanism_frame}[connected_down=false,connected_east=false,connected_north=false,connected_south=false,connected_up=false,connected_west=false,empty=true,facing=north] requested=Block{antikytheramechanism:mechanism_frame}[connected_down=false,connected_east=false,connected_north=false,connected_south=false,connected_up=false,connected_west=false,empty=false,facing=north] moving=false destinationTransition=false allowed=true receiver=192037503 resolved=192037503 sameChunk=true containing=ROOT
[10:15:57] [Server thread/ERROR] [de.an.AntikytheraMechanism/]: [HOST-WRITE-DIAG] RETURN pos=BlockPos{x=6590360, y=-57, z=13818067} previousReturn=Block{antikytheramechanism:mechanism_frame}[connected_down=false,connected_east=false,connected_north=false,connected_south=false,connected_up=false,connected_west=false,empty=true,facing=north] actual=Block{antikytheramechanism:mechanism_frame}[connected_down=false,connected_east=false,connected_north=false,connected_south=false,connected_up=false,connected_west=false,empty=false,facing=north] destinationTransition=false receiver=192037503 resolved=192037503 sameChunk=true
[10:15:57] [Server thread/ERROR] [de.an.AntikytheraMechanism/]: [DIRECT-AIR-DIAG] AIR_WITH_PAYLOAD_BEGIN frame=BlockPos{x=6590360, y=-57, z=13818067}
[10:15:57] [Server thread/ERROR] [de.an.AntikytheraMechanism/]: [HOST-WRITE-DIAG] HEAD pos=BlockPos{x=6590360, y=-57, z=13818067} before=Block{antikytheramechanism:mechanism_frame}[connected_down=false,connected_east=false,connected_north=false,connected_south=false,connected_up=false,connected_west=false,empty=false,facing=north] requested=Block{antikytheramechanism:mechanism_frame}[connected_down=false,connected_east=false,connected_north=false,connected_south=false,connected_up=false,connected_west=false,empty=true,facing=north] moving=false destinationTransition=false allowed=true receiver=192037503 resolved=192037503 sameChunk=true containing=ROOT
[10:15:57] [Server thread/ERROR] [de.an.AntikytheraMechanism/]: [HOST-WRITE-DIAG] RETURN pos=BlockPos{x=6590360, y=-57, z=13818067} previousReturn=Block{antikytheramechanism:mechanism_frame}[connected_down=false,connected_east=false,connected_north=false,connected_south=false,connected_up=false,connected_west=false,empty=false,facing=north] actual=Block{antikytheramechanism:mechanism_frame}[connected_down=false,connected_east=false,connected_north=false,connected_south=false,connected_up=false,connected_west=false,empty=true,facing=north] destinationTransition=false receiver=192037503 resolved=192037503 sameChunk=true
[10:15:57] [Server thread/DEBUG] [de.an.AntikytheraMechanism/]: Frame onRemove at BlockPos{x=6590360, y=-57, z=13818067} movedByPiston=false relocationJournal=false
[10:15:57] [Server thread/WARN] [de.an.AntikytheraMechanism/]: Managed Sable SubLevel 666ee9b9-7319-412c-99f9-817918723f85 for assembly 5ba3b102-a419-4446-bf12-7107b00c5c30 was removed (REMOVED)
[10:15:57] [Server thread/ERROR] [de.an.AntikytheraMechanism/]: [DIRECT-AIR-DIAG] AIR_WITH_PAYLOAD_RETURN changed=true
[10:15:57] [Server thread/ERROR] [de.an.AntikytheraMechanism/]: [HOST-WRITE-DIAG] HEAD pos=BlockPos{x=6590389, y=-57, z=13818068} before=Block{minecraft:air} requested=Block{antikytheramechanism:mechanism_frame}[connected_down=false,connected_east=false,connected_north=false,connected_south=false,connected_up=false,connected_west=false,empty=true,facing=north] moving=false destinationTransition=false allowed=true receiver=778102878 resolved=778102878 sameChunk=true containing=ROOT
[10:15:57] [Server thread/WARN] [de.an.AntikytheraMechanism/]: [FREEZE-WATCHDOG] Armed 30s after Mechanism Frame placement at BlockPos{x=6590389, y=-57, z=13818068} in minecraft:overworld on thread Server thread (stall threshold=2000ms, generation=80)
[10:15:57] [Server thread/ERROR] [de.an.AntikytheraMechanism/]: [HOST-WRITE-DIAG] RETURN pos=BlockPos{x=6590389, y=-57, z=13818068} previousReturn=Block{minecraft:air} actual=Block{antikytheramechanism:mechanism_frame}[connected_down=false,connected_east=false,connected_north=false,connected_south=false,connected_up=false,connected_west=false,empty=true,facing=north] destinationTransition=false receiver=778102878 resolved=778102878 sameChunk=true
[10:15:57] [Server thread/DEBUG] [de.an.AntikytheraMechanism/]: Staged Sable SubLevel b71064ad-37b0-426e-9fa1-e6d79e4b1fc7 for content in assembly 13877c76-f735-471b-8393-4d4605ab01aa
[10:15:57] [Server thread/ERROR] [de.an.AntikytheraMechanism/]: [HOST-WRITE-DIAG] HEAD pos=BlockPos{x=6590389, y=-57, z=13818068} before=Block{antikytheramechanism:mechanism_frame}[connected_down=false,connected_east=false,connected_north=false,connected_south=false,connected_up=false,connected_west=false,empty=true,facing=north] requested=Block{antikytheramechanism:mechanism_frame}[connected_down=false,connected_east=false,connected_north=false,connected_south=false,connected_up=false,connected_west=false,empty=false,facing=north] moving=false destinationTransition=false allowed=true receiver=778102878 resolved=778102878 sameChunk=true containing=ROOT
[10:15:57] [Server thread/ERROR] [de.an.AntikytheraMechanism/]: [HOST-WRITE-DIAG] RETURN pos=BlockPos{x=6590389, y=-57, z=13818068} previousReturn=Block{antikytheramechanism:mechanism_frame}[connected_down=false,connected_east=false,connected_north=false,connected_south=false,connected_up=false,connected_west=false,empty=true,facing=north] actual=Block{antikytheramechanism:mechanism_frame}[connected_down=false,connected_east=false,connected_north=false,connected_south=false,connected_up=false,connected_west=false,empty=false,facing=north] destinationTransition=false receiver=778102878 resolved=778102878 sameChunk=true
[10:15:57] [Server thread/ERROR] [de.an.AntikytheraMechanism/]: [HOST-WRITE-DIAG] HEAD pos=BlockPos{x=6590425, y=-57, z=13818067} before=Block{minecraft:air} requested=Block{antikytheramechanism:mechanism_frame}[connected_down=false,connected_east=false,connected_north=false,connected_south=false,connected_up=false,connected_west=false,empty=true,facing=north] moving=false destinationTransition=false allowed=true receiver=1451175888 resolved=1451175888 sameChunk=true containing=ROOT
[10:15:57] [Server thread/WARN] [de.an.AntikytheraMechanism/]: [FREEZE-WATCHDOG] Armed 30s after Mechanism Frame placement at BlockPos{x=6590425, y=-57, z=13818067} in minecraft:overworld on thread Server thread (stall threshold=2000ms, generation=81)
[10:15:57] [Server thread/ERROR] [de.an.AntikytheraMechanism/]: [HOST-WRITE-DIAG] RETURN pos=BlockPos{x=6590425, y=-57, z=13818067} previousReturn=Block{minecraft:air} actual=Block{antikytheramechanism:mechanism_frame}[connected_down=false,connected_east=false,connected_north=false,connected_south=false,connected_up=false,connected_west=false,empty=true,facing=north] destinationTransition=false receiver=1451175888 resolved=1451175888 sameChunk=true
[10:15:57] [Server thread/DEBUG] [de.an.AntikytheraMechanism/]: Staged Sable SubLevel 25bc1898-967c-4f0d-89b5-e5866508424a for content in assembly 8d6747f3-8f09-42a3-89c1-1a6a3ec042c5
[10:15:57] [Server thread/ERROR] [de.an.AntikytheraMechanism/]: [HOST-WRITE-DIAG] HEAD pos=BlockPos{x=20481032, y=128, z=20521992} before=Block{minecraft:air} requested=Block{antikytheramechanism:mechanism_frame}[connected_down=false,connected_east=false,connected_north=false,connected_south=false,connected_up=false,connected_west=false,empty=true,facing=north] moving=true destinationTransition=true allowed=true receiver=557833684 resolved=557833684 sameChunk=true containing=8df13f60-60ee-4fc2-9059-b5451835c1d0
[10:15:57] [Server thread/ERROR] [de.an.AntikytheraMechanism/]: [HOST-WRITE-DIAG] RETURN pos=BlockPos{x=20481032, y=128, z=20521992} previousReturn=Block{minecraft:air} actual=Block{antikytheramechanism:mechanism_frame}[connected_down=false,connected_east=false,connected_north=false,connected_south=false,connected_up=false,connected_west=false,empty=true,facing=north] destinationTransition=true receiver=557833684 resolved=557833684 sameChunk=true
[10:15:57] [Server thread/DEBUG] [de.an.AntikytheraMechanism/]: Frame onRemove at BlockPos{x=6590425, y=-57, z=13818067} movedByPiston=true relocationJournal=true
[10:15:57] [Server thread/DEBUG] [de.an.AntikytheraMechanism/]: Adopted complete Sable relocation for assembly 8d6747f3-8f09-42a3-89c1-1a6a3ec042c5 by BlockPos{x=13890607, y=185, z=6703925} into host FOREIGN
[10:15:57] [Server thread/DEBUG] [mixin/]: Mixing FloatingBlockDataAccessor from antikytheramechanism.mixins.json into dev.ryanhcode.sable.physics.floating_block.FloatingBlockData
[10:15:57] [Server thread/WARN] [de.an.AntikytheraMechanism/]: Managed Sable SubLevel 25bc1898-967c-4f0d-89b5-e5866508424a for assembly 8d6747f3-8f09-42a3-89c1-1a6a3ec042c5 was removed (REMOVED)
[10:15:57] [Server thread/ERROR] [de.an.AntikytheraMechanism/]: [HOST-WRITE-DIAG] HEAD pos=BlockPos{x=6590499, y=-57, z=13818067} before=Block{minecraft:air} requested=Block{antikytheramechanism:mechanism_frame}[connected_down=false,connected_east=false,connected_north=false,connected_south=false,connected_up=false,connected_west=false,empty=true,facing=north] moving=false destinationTransition=false allowed=true receiver=553751452 resolved=553751452 sameChunk=true containing=ROOT
[10:15:57] [Server thread/WARN] [de.an.AntikytheraMechanism/]: [FREEZE-WATCHDOG] Armed 30s after Mechanism Frame placement at BlockPos{x=6590499, y=-57, z=13818067} in minecraft:overworld on thread Server thread (stall threshold=2000ms, generation=82)
[10:15:57] [Server thread/ERROR] [de.an.AntikytheraMechanism/]: [HOST-WRITE-DIAG] RETURN pos=BlockPos{x=6590499, y=-57, z=13818067} previousReturn=Block{minecraft:air} actual=Block{antikytheramechanism:mechanism_frame}[connected_down=false,connected_east=false,connected_north=false,connected_south=false,connected_up=false,connected_west=false,empty=true,facing=north] destinationTransition=false receiver=553751452 resolved=553751452 sameChunk=true
[10:15:57] [Server thread/DEBUG] [de.an.AntikytheraMechanism/]: Staged Sable SubLevel 9c11eaed-89c6-46aa-be3a-2cfd1be5bc38 for content in assembly a6ee592f-29d0-4cc3-9ac2-2b0780559e26
[10:15:57] [Server thread/ERROR] [de.an.AntikytheraMechanism/]: [DIRECT-AIR-DIAG] MINI_SEED_BEGIN frame=BlockPos{x=6590499, y=-57, z=13818067} local=BlockPos{x=0, y=0, z=0}
[10:15:57] [Server thread/ERROR] [de.an.AntikytheraMechanism/]: [DIRECT-AIR-DIAG] MINI_SEED_RETURN changed=true
[10:15:57] [Server thread/WARN] [de.an.AntikytheraMechanism/]: Managed Sable SubLevel 9c11eaed-89c6-46aa-be3a-2cfd1be5bc38 for assembly a6ee592f-29d0-4cc3-9ac2-2b0780559e26 was removed (REMOVED)
[10:15:57] [Server thread/ERROR] [de.an.AntikytheraMechanism/]: [HOST-WRITE-DIAG] HEAD pos=BlockPos{x=6590535, y=-57, z=13818066} before=Block{minecraft:air} requested=Block{antikytheramechanism:mechanism_frame}[connected_down=false,connected_east=false,connected_north=false,connected_south=false,connected_up=false,connected_west=false,empty=true,facing=north] moving=false destinationTransition=false allowed=true receiver=1607664313 resolved=1607664313 sameChunk=true containing=ROOT
[10:15:57] [Server thread/WARN] [de.an.AntikytheraMechanism/]: [FREEZE-WATCHDOG] Armed 30s after Mechanism Frame placement at BlockPos{x=6590535, y=-57, z=13818066} in minecraft:overworld on thread Server thread (stall threshold=2000ms, generation=83)
[10:15:57] [Server thread/ERROR] [de.an.AntikytheraMechanism/]: [HOST-WRITE-DIAG] RETURN pos=BlockPos{x=6590535, y=-57, z=13818066} previousReturn=Block{minecraft:air} actual=Block{antikytheramechanism:mechanism_frame}[connected_down=false,connected_east=false,connected_north=false,connected_south=false,connected_up=false,connected_west=false,empty=true,facing=north] destinationTransition=false receiver=1607664313 resolved=1607664313 sameChunk=true
[10:15:57] [Server thread/DEBUG] [de.an.AntikytheraMechanism/]: Staged Sable SubLevel e9e90fce-9027-493d-a114-6eaaa0ef7ca8 for content in assembly 7c786b26-05ef-4949-b170-65e152bfd6e2
[10:15:57] [Server thread/ERROR] [de.an.AntikytheraMechanism/]: [HOST-WRITE-DIAG] HEAD pos=BlockPos{x=6590535, y=-57, z=13818066} before=Block{antikytheramechanism:mechanism_frame}[connected_down=false,connected_east=false,connected_north=false,connected_south=false,connected_up=false,connected_west=false,empty=true,facing=north] requested=Block{antikytheramechanism:mechanism_frame}[connected_down=false,connected_east=false,connected_north=false,connected_south=false,connected_up=false,connected_west=false,empty=false,facing=north] moving=false destinationTransition=false allowed=true receiver=1607664313 resolved=1607664313 sameChunk=true containing=ROOT
[10:15:57] [Server thread/ERROR] [de.an.AntikytheraMechanism/]: [HOST-WRITE-DIAG] RETURN pos=BlockPos{x=6590535, y=-57, z=13818066} previousReturn=Block{antikytheramechanism:mechanism_frame}[connected_down=false,connected_east=false,connected_north=false,connected_south=false,connected_up=false,connected_west=false,empty=true,facing=north] actual=Block{antikytheramechanism:mechanism_frame}[connected_down=false,connected_east=false,connected_north=false,connected_south=false,connected_up=false,connected_west=false,empty=false,facing=north] destinationTransition=false receiver=1607664313 resolved=1607664313 sameChunk=true
[10:15:57] [Server thread/DEBUG] [de.an.AntikytheraMechanism/]: Frame onRemove at BlockPos{x=6590535, y=-57, z=13818066} movedByPiston=false relocationJournal=true
[10:15:57] [Server thread/ERROR] [de.an.AntikytheraMechanism/]: [HOST-WRITE-DIAG] HEAD pos=BlockPos{x=6590535, y=-57, z=13818066} before=Block{minecraft:air} requested=Block{antikytheramechanism:mechanism_frame}[connected_down=false,connected_east=false,connected_north=false,connected_south=false,connected_up=false,connected_west=false,empty=false,facing=north] moving=false destinationTransition=false allowed=true receiver=1607664313 resolved=1607664313 sameChunk=true containing=ROOT
[10:15:57] [Server thread/ERROR] [de.an.AntikytheraMechanism/]: [HOST-WRITE-DIAG] RETURN pos=BlockPos{x=6590535, y=-57, z=13818066} previousReturn=Block{minecraft:air} actual=Block{antikytheramechanism:mechanism_frame}[connected_down=false,connected_east=false,connected_north=false,connected_south=false,connected_up=false,connected_west=false,empty=false,facing=north] destinationTransition=false receiver=1607664313 resolved=1607664313 sameChunk=true
[10:15:57] [Server thread/ERROR] [de.an.AntikytheraMechanism/]: [HOST-WRITE-DIAG] HEAD pos=BlockPos{x=6590541, y=-57, z=13818066} before=Block{minecraft:air} requested=Block{antikytheramechanism:mechanism_frame}[connected_down=false,connected_east=false,connected_north=false,connected_south=false,connected_up=false,connected_west=false,empty=true,facing=north] moving=false destinationTransition=false allowed=true receiver=1607664313 resolved=1607664313 sameChunk=true containing=ROOT
[10:15:57] [Server thread/WARN] [de.an.AntikytheraMechanism/]: [FREEZE-WATCHDOG] Armed 30s after Mechanism Frame placement at BlockPos{x=6590541, y=-57, z=13818066} in minecraft:overworld on thread Server thread (stall threshold=2000ms, generation=84)
[10:15:57] [Server thread/ERROR] [de.an.AntikytheraMechanism/]: [HOST-WRITE-DIAG] RETURN pos=BlockPos{x=6590541, y=-57, z=13818066} previousReturn=Block{minecraft:air} actual=Block{antikytheramechanism:mechanism_frame}[connected_down=false,connected_east=false,connected_north=false,connected_south=false,connected_up=false,connected_west=false,empty=true,facing=north] destinationTransition=false receiver=1607664313 resolved=1607664313 sameChunk=true
[10:15:57] [Server thread/DEBUG] [de.an.AntikytheraMechanism/]: Staged Sable SubLevel 626cc6ec-e453-46a5-9177-ffba01139d0c for content in assembly 15e707ec-2459-4401-9818-f8e71b736e3d
[10:15:57] [Server thread/ERROR] [de.an.AntikytheraMechanism/]: [HOST-WRITE-DIAG] HEAD pos=BlockPos{x=6590541, y=-57, z=13818066} before=Block{antikytheramechanism:mechanism_frame}[connected_down=false,connected_east=false,connected_north=false,connected_south=false,connected_up=false,connected_west=false,empty=true,facing=north] requested=Block{antikytheramechanism:mechanism_frame}[connected_down=false,connected_east=false,connected_north=false,connected_south=false,connected_up=false,connected_west=false,empty=false,facing=north] moving=false destinationTransition=false allowed=true receiver=1607664313 resolved=1607664313 sameChunk=true containing=ROOT
[10:15:57] [Server thread/ERROR] [de.an.AntikytheraMechanism/]: [HOST-WRITE-DIAG] RETURN pos=BlockPos{x=6590541, y=-57, z=13818066} previousReturn=Block{antikytheramechanism:mechanism_frame}[connected_down=false,connected_east=false,connected_north=false,connected_south=false,connected_up=false,connected_west=false,empty=true,facing=north] actual=Block{antikytheramechanism:mechanism_frame}[connected_down=false,connected_east=false,connected_north=false,connected_south=false,connected_up=false,connected_west=false,empty=false,facing=north] destinationTransition=false receiver=1607664313 resolved=1607664313 sameChunk=true
[10:15:57] [Server thread/DEBUG] [de.an.AntikytheraMechanism/]: Frame onRemove at BlockPos{x=6590541, y=-57, z=13818066} movedByPiston=false relocationJournal=true
[10:15:57] [Server thread/ERROR] [de.an.AntikytheraMechanism/]: [HOST-WRITE-DIAG] HEAD pos=BlockPos{x=6590541, y=-57, z=13818066} before=Block{minecraft:air} requested=Block{antikytheramechanism:mechanism_frame}[connected_down=false,connected_east=false,connected_north=false,connected_south=false,connected_up=false,connected_west=false,empty=false,facing=north] moving=false destinationTransition=false allowed=true receiver=1607664313 resolved=1607664313 sameChunk=true containing=ROOT
[10:15:57] [Server thread/ERROR] [de.an.AntikytheraMechanism/]: [HOST-WRITE-DIAG] RETURN pos=BlockPos{x=6590541, y=-57, z=13818066} previousReturn=Block{minecraft:air} actual=Block{antikytheramechanism:mechanism_frame}[connected_down=false,connected_east=false,connected_north=false,connected_south=false,connected_up=false,connected_west=false,empty=false,facing=north] destinationTransition=false receiver=1607664313 resolved=1607664313 sameChunk=true
[10:15:57] [Server thread/ERROR] [de.an.AntikytheraMechanism/]: [HOST-WRITE-DIAG] HEAD pos=BlockPos{x=6590535, y=-57, z=13818072} before=Block{minecraft:air} requested=Block{antikytheramechanism:mechanism_frame}[connected_down=false,connected_east=false,connected_north=false,connected_south=false,connected_up=false,connected_west=false,empty=true,facing=north] moving=false destinationTransition=false allowed=true receiver=1607664313 resolved=1607664313 sameChunk=true containing=ROOT
[10:15:57] [Server thread/WARN] [de.an.AntikytheraMechanism/]: [FREEZE-WATCHDOG] Armed 30s after Mechanism Frame placement at BlockPos{x=6590535, y=-57, z=13818072} in minecraft:overworld on thread Server thread (stall threshold=2000ms, generation=85)
[10:15:57] [Server thread/ERROR] [de.an.AntikytheraMechanism/]: [HOST-WRITE-DIAG] RETURN pos=BlockPos{x=6590535, y=-57, z=13818072} previousReturn=Block{minecraft:air} actual=Block{antikytheramechanism:mechanism_frame}[connected_down=false,connected_east=false,connected_north=false,connected_south=false,connected_up=false,connected_west=false,empty=true,facing=north] destinationTransition=false receiver=1607664313 resolved=1607664313 sameChunk=true
[10:15:57] [Server thread/DEBUG] [de.an.AntikytheraMechanism/]: Staged Sable SubLevel 036158ba-03de-4967-83b4-53c8fbb84d1c for content in assembly e5717e02-0781-4b5c-ad40-5c7571047198
[10:15:57] [Server thread/ERROR] [de.an.AntikytheraMechanism/]: [HOST-WRITE-DIAG] HEAD pos=BlockPos{x=6590535, y=-57, z=13818072} before=Block{antikytheramechanism:mechanism_frame}[connected_down=false,connected_east=false,connected_north=false,connected_south=false,connected_up=false,connected_west=false,empty=true,facing=north] requested=Block{antikytheramechanism:mechanism_frame}[connected_down=false,connected_east=false,connected_north=false,connected_south=false,connected_up=false,connected_west=false,empty=false,facing=north] moving=false destinationTransition=false allowed=true receiver=1607664313 resolved=1607664313 sameChunk=true containing=ROOT
[10:15:57] [Server thread/ERROR] [de.an.AntikytheraMechanism/]: [HOST-WRITE-DIAG] RETURN pos=BlockPos{x=6590535, y=-57, z=13818072} previousReturn=Block{antikytheramechanism:mechanism_frame}[connected_down=false,connected_east=false,connected_north=false,connected_south=false,connected_up=false,connected_west=false,empty=true,facing=north] actual=Block{antikytheramechanism:mechanism_frame}[connected_down=false,connected_east=false,connected_north=false,connected_south=false,connected_up=false,connected_west=false,empty=false,facing=north] destinationTransition=false receiver=1607664313 resolved=1607664313 sameChunk=true
[10:15:57] [Server thread/DEBUG] [de.an.AntikytheraMechanism/]: Frame onRemove at BlockPos{x=6590535, y=-57, z=13818072} movedByPiston=false relocationJournal=true
[10:15:57] [Server thread/ERROR] [de.an.AntikytheraMechanism/]: [HOST-WRITE-DIAG] HEAD pos=BlockPos{x=6590535, y=-57, z=13818072} before=Block{minecraft:air} requested=Block{antikytheramechanism:mechanism_frame}[connected_down=false,connected_east=false,connected_north=false,connected_south=false,connected_up=false,connected_west=false,empty=false,facing=north] moving=false destinationTransition=false allowed=true receiver=1607664313 resolved=1607664313 sameChunk=true containing=ROOT
[10:15:57] [Server thread/ERROR] [de.an.AntikytheraMechanism/]: [HOST-WRITE-DIAG] RETURN pos=BlockPos{x=6590535, y=-57, z=13818072} previousReturn=Block{minecraft:air} actual=Block{antikytheramechanism:mechanism_frame}[connected_down=false,connected_east=false,connected_north=false,connected_south=false,connected_up=false,connected_west=false,empty=false,facing=north] destinationTransition=false receiver=1607664313 resolved=1607664313 sameChunk=true
[10:15:57] [Server thread/ERROR] [de.an.AntikytheraMechanism/]: [HOST-WRITE-DIAG] HEAD pos=BlockPos{x=6590541, y=-57, z=13818072} before=Block{minecraft:air} requested=Block{antikytheramechanism:mechanism_frame}[connected_down=false,connected_east=false,connected_north=false,connected_south=false,connected_up=false,connected_west=false,empty=true,facing=north] moving=false destinationTransition=false allowed=true receiver=1607664313 resolved=1607664313 sameChunk=true containing=ROOT
[10:15:57] [Server thread/WARN] [de.an.AntikytheraMechanism/]: [FREEZE-WATCHDOG] Armed 30s after Mechanism Frame placement at BlockPos{x=6590541, y=-57, z=13818072} in minecraft:overworld on thread Server thread (stall threshold=2000ms, generation=86)
[10:15:57] [Server thread/ERROR] [de.an.AntikytheraMechanism/]: [HOST-WRITE-DIAG] RETURN pos=BlockPos{x=6590541, y=-57, z=13818072} previousReturn=Block{minecraft:air} actual=Block{antikytheramechanism:mechanism_frame}[connected_down=false,connected_east=false,connected_north=false,connected_south=false,connected_up=false,connected_west=false,empty=true,facing=north] destinationTransition=false receiver=1607664313 resolved=1607664313 sameChunk=true
[10:15:57] [Server thread/DEBUG] [de.an.AntikytheraMechanism/]: Staged Sable SubLevel 1ba18f1b-c819-44ad-9075-c21491cd3ef5 for content in assembly 53533b10-43a7-4c02-a7bc-1ea2f8ea76bb
[10:15:57] [Server thread/ERROR] [de.an.AntikytheraMechanism/]: [HOST-WRITE-DIAG] HEAD pos=BlockPos{x=6590541, y=-57, z=13818072} before=Block{antikytheramechanism:mechanism_frame}[connected_down=false,connected_east=false,connected_north=false,connected_south=false,connected_up=false,connected_west=false,empty=true,facing=north] requested=Block{antikytheramechanism:mechanism_frame}[connected_down=false,connected_east=false,connected_north=false,connected_south=false,connected_up=false,connected_west=false,empty=false,facing=north] moving=false destinationTransition=false allowed=true receiver=1607664313 resolved=1607664313 sameChunk=true containing=ROOT
[10:15:57] [Server thread/ERROR] [de.an.AntikytheraMechanism/]: [HOST-WRITE-DIAG] RETURN pos=BlockPos{x=6590541, y=-57, z=13818072} previousReturn=Block{antikytheramechanism:mechanism_frame}[connected_down=false,connected_east=false,connected_north=false,connected_south=false,connected_up=false,connected_west=false,empty=true,facing=north] actual=Block{antikytheramechanism:mechanism_frame}[connected_down=false,connected_east=false,connected_north=false,connected_south=false,connected_up=false,connected_west=false,empty=false,facing=north] destinationTransition=false receiver=1607664313 resolved=1607664313 sameChunk=true
[10:15:57] [Server thread/DEBUG] [de.an.AntikytheraMechanism/]: Frame onRemove at BlockPos{x=6590541, y=-57, z=13818072} movedByPiston=false relocationJournal=true
[10:15:57] [Server thread/ERROR] [de.an.AntikytheraMechanism/]: [HOST-WRITE-DIAG] HEAD pos=BlockPos{x=6590541, y=-57, z=13818072} before=Block{minecraft:air} requested=Block{antikytheramechanism:mechanism_frame}[connected_down=false,connected_east=false,connected_north=false,connected_south=false,connected_up=false,connected_west=false,empty=false,facing=north] moving=false destinationTransition=false allowed=true receiver=1607664313 resolved=1607664313 sameChunk=true containing=ROOT
[10:15:57] [Server thread/ERROR] [de.an.AntikytheraMechanism/]: [HOST-WRITE-DIAG] RETURN pos=BlockPos{x=6590541, y=-57, z=13818072} previousReturn=Block{minecraft:air} actual=Block{antikytheramechanism:mechanism_frame}[connected_down=false,connected_east=false,connected_north=false,connected_south=false,connected_up=false,connected_west=false,empty=false,facing=north] destinationTransition=false receiver=1607664313 resolved=1607664313 sameChunk=true
[10:15:57] [Server thread/DEBUG] [de.an.AntikytheraMechanism/]: Marked Sable SubLevel 0c99a717-b136-47ef-9722-66e74e263a2f as detached Antikythera half-scale physics body
[10:15:57] [Server thread/WARN] [de.an.AntikytheraMechanism/]: Rejected Sable mixed-scale assembly before move: detached Antikythera 0.5 content was selected with incompatible block BlockPos{x=20481032, y=128, z=20532232} in SubLevel a56376d6-c63b-4bd7-9f78-06516c9424e5 scale=( 1.000E+0  1.000E+0  1.000E+0)
[10:15:57] [Server thread/ERROR] [de.an.AntikytheraMechanism/]: [HOST-WRITE-DIAG] HEAD pos=BlockPos{x=6590389, y=-57, z=13818090} before=Block{minecraft:air} requested=Block{antikytheramechanism:mechanism_frame}[connected_down=false,connected_east=false,connected_north=false,connected_south=false,connected_up=false,connected_west=false,empty=true,facing=north] moving=false destinationTransition=false allowed=true receiver=2043915491 resolved=2043915491 sameChunk=true containing=ROOT
[10:15:57] [Server thread/WARN] [de.an.AntikytheraMechanism/]: [FREEZE-WATCHDOG] Armed 30s after Mechanism Frame placement at BlockPos{x=6590389, y=-57, z=13818090} in minecraft:overworld on thread Server thread (stall threshold=2000ms, generation=87)
[10:15:57] [Server thread/ERROR] [de.an.AntikytheraMechanism/]: [HOST-WRITE-DIAG] RETURN pos=BlockPos{x=6590389, y=-57, z=13818090} previousReturn=Block{minecraft:air} actual=Block{antikytheramechanism:mechanism_frame}[connected_down=false,connected_east=false,connected_north=false,connected_south=false,connected_up=false,connected_west=false,empty=true,facing=north] destinationTransition=false receiver=2043915491 resolved=2043915491 sameChunk=true
[10:15:57] [Server thread/DEBUG] [de.an.AntikytheraMechanism/]: Staged Sable SubLevel 677cbb5c-5d1b-4e80-892d-3e7aa45a6746 for content in assembly f0fed5ed-c4d8-4a40-9b2b-6f94b8ef8093
[10:15:57] [Server thread/ERROR] [de.an.AntikytheraMechanism/]: [HOST-WRITE-DIAG] HEAD pos=BlockPos{x=6590389, y=-57, z=13818090} before=Block{antikytheramechanism:mechanism_frame}[connected_down=false,connected_east=false,connected_north=false,connected_south=false,connected_up=false,connected_west=false,empty=true,facing=north] requested=Block{antikytheramechanism:mechanism_frame}[connected_down=false,connected_east=false,connected_north=false,connected_south=false,connected_up=false,connected_west=false,empty=false,facing=north] moving=false destinationTransition=false allowed=true receiver=2043915491 resolved=2043915491 sameChunk=true containing=ROOT
[10:15:57] [Server thread/ERROR] [de.an.AntikytheraMechanism/]: [HOST-WRITE-DIAG] RETURN pos=BlockPos{x=6590389, y=-57, z=13818090} previousReturn=Block{antikytheramechanism:mechanism_frame}[connected_down=false,connected_east=false,connected_north=false,connected_south=false,connected_up=false,connected_west=false,empty=true,facing=north] actual=Block{antikytheramechanism:mechanism_frame}[connected_down=false,connected_east=false,connected_north=false,connected_south=false,connected_up=false,connected_west=false,empty=false,facing=north] destinationTransition=false receiver=2043915491 resolved=2043915491 sameChunk=true
[10:15:57] [Server thread/DEBUG] [de.an.AntikytheraMechanism/]: Frame onRemove at BlockPos{x=6590389, y=-57, z=13818090} movedByPiston=false relocationJournal=true
[10:15:57] [Server thread/ERROR] [de.an.AntikytheraMechanism/]: [HOST-WRITE-DIAG] HEAD pos=BlockPos{x=6590389, y=-57, z=13818090} before=Block{minecraft:air} requested=Block{antikytheramechanism:mechanism_frame}[connected_down=false,connected_east=false,connected_north=false,connected_south=false,connected_up=false,connected_west=false,empty=false,facing=east] moving=false destinationTransition=false allowed=true receiver=2043915491 resolved=2043915491 sameChunk=true containing=ROOT
[10:15:57] [Server thread/ERROR] [de.an.AntikytheraMechanism/]: [HOST-WRITE-DIAG] RETURN pos=BlockPos{x=6590389, y=-57, z=13818090} previousReturn=Block{minecraft:air} actual=Block{antikytheramechanism:mechanism_frame}[connected_down=false,connected_east=false,connected_north=false,connected_south=false,connected_up=false,connected_west=false,empty=false,facing=east] destinationTransition=false receiver=2043915491 resolved=2043915491 sameChunk=true
[10:15:57] [Server thread/ERROR] [de.an.AntikytheraMechanism/]: [HOST-WRITE-DIAG] HEAD pos=BlockPos{x=6590498, y=-57, z=13818098} before=Block{minecraft:air} requested=Block{antikytheramechanism:mechanism_frame}[connected_down=false,connected_east=false,connected_north=false,connected_south=false,connected_up=false,connected_west=false,empty=true,facing=north] moving=false destinationTransition=false allowed=true receiver=389363361 resolved=389363361 sameChunk=true containing=ROOT
[10:15:57] [Server thread/WARN] [de.an.AntikytheraMechanism/]: [FREEZE-WATCHDOG] Armed 30s after Mechanism Frame placement at BlockPos{x=6590498, y=-57, z=13818098} in minecraft:overworld on thread Server thread (stall threshold=2000ms, generation=88)
[10:15:57] [Server thread/ERROR] [de.an.AntikytheraMechanism/]: [HOST-WRITE-DIAG] RETURN pos=BlockPos{x=6590498, y=-57, z=13818098} previousReturn=Block{minecraft:air} actual=Block{antikytheramechanism:mechanism_frame}[connected_down=false,connected_east=false,connected_north=false,connected_south=false,connected_up=false,connected_west=false,empty=true,facing=north] destinationTransition=false receiver=389363361 resolved=389363361 sameChunk=true
[10:15:57] [Server thread/ERROR] [de.an.AntikytheraMechanism/]: [HOST-WRITE-DIAG] HEAD pos=BlockPos{x=6590499, y=-57, z=13818098} before=Block{minecraft:air} requested=Block{antikytheramechanism:mechanism_frame}[connected_down=false,connected_east=false,connected_north=false,connected_south=false,connected_up=false,connected_west=false,empty=true,facing=north] moving=false destinationTransition=false allowed=true receiver=389363361 resolved=389363361 sameChunk=true containing=ROOT
[10:15:57] [Server thread/WARN] [de.an.AntikytheraMechanism/]: [FREEZE-WATCHDOG] Armed 30s after Mechanism Frame placement at BlockPos{x=6590499, y=-57, z=13818098} in minecraft:overworld on thread Server thread (stall threshold=2000ms, generation=89)
[10:15:57] [Server thread/ERROR] [de.an.AntikytheraMechanism/]: [HOST-WRITE-DIAG] RETURN pos=BlockPos{x=6590499, y=-57, z=13818098} previousReturn=Block{minecraft:air} actual=Block{antikytheramechanism:mechanism_frame}[connected_down=false,connected_east=false,connected_north=false,connected_south=false,connected_up=false,connected_west=false,empty=true,facing=north] destinationTransition=false receiver=389363361 resolved=389363361 sameChunk=true
[10:15:57] [Server thread/ERROR] [de.an.AntikytheraMechanism/]: [HOST-WRITE-DIAG] HEAD pos=BlockPos{x=6590498, y=-57, z=13818098} before=Block{antikytheramechanism:mechanism_frame}[connected_down=false,connected_east=false,connected_north=false,connected_south=false,connected_up=false,connected_west=false,empty=true,facing=north] requested=Block{antikytheramechanism:mechanism_frame}[connected_down=false,connected_east=true,connected_north=false,connected_south=false,connected_up=false,connected_west=false,empty=true,facing=north] moving=false destinationTransition=false allowed=true receiver=389363361 resolved=389363361 sameChunk=true containing=ROOT
[10:15:57] [Server thread/ERROR] [de.an.AntikytheraMechanism/]: [HOST-WRITE-DIAG] RETURN pos=BlockPos{x=6590498, y=-57, z=13818098} previousReturn=Block{antikytheramechanism:mechanism_frame}[connected_down=false,connected_east=false,connected_north=false,connected_south=false,connected_up=false,connected_west=false,empty=true,facing=north] actual=Block{antikytheramechanism:mechanism_frame}[connected_down=false,connected_east=true,connected_north=false,connected_south=false,connected_up=false,connected_west=false,empty=true,facing=north] destinationTransition=false receiver=389363361 resolved=389363361 sameChunk=true
[10:15:57] [Server thread/ERROR] [de.an.AntikytheraMechanism/]: [HOST-WRITE-DIAG] HEAD pos=BlockPos{x=6590499, y=-57, z=13818098} before=Block{antikytheramechanism:mechanism_frame}[connected_down=false,connected_east=false,connected_north=false,connected_south=false,connected_up=false,connected_west=false,empty=true,facing=north] requested=Block{antikytheramechanism:mechanism_frame}[connected_down=false,connected_east=false,connected_north=false,connected_south=false,connected_up=false,connected_west=true,empty=true,facing=north] moving=false destinationTransition=false allowed=true receiver=389363361 resolved=389363361 sameChunk=true containing=ROOT
[10:15:57] [Server thread/ERROR] [de.an.AntikytheraMechanism/]: [HOST-WRITE-DIAG] RETURN pos=BlockPos{x=6590499, y=-57, z=13818098} previousReturn=Block{antikytheramechanism:mechanism_frame}[connected_down=false,connected_east=false,connected_north=false,connected_south=false,connected_up=false,connected_west=false,empty=true,facing=north] actual=Block{antikytheramechanism:mechanism_frame}[connected_down=false,connected_east=false,connected_north=false,connected_south=false,connected_up=false,connected_west=true,empty=true,facing=north] destinationTransition=false receiver=389363361 resolved=389363361 sameChunk=true
[10:15:57] [Server thread/ERROR] [de.an.AntikytheraMechanism/]: [HOST-WRITE-DIAG] HEAD pos=BlockPos{x=6590500, y=-57, z=13818098} before=Block{minecraft:air} requested=Block{antikytheramechanism:mechanism_frame}[connected_down=false,connected_east=false,connected_north=false,connected_south=false,connected_up=false,connected_west=false,empty=true,facing=north] moving=false destinationTransition=false allowed=true receiver=389363361 resolved=389363361 sameChunk=true containing=ROOT
[10:15:57] [Server thread/WARN] [de.an.AntikytheraMechanism/]: [FREEZE-WATCHDOG] Armed 30s after Mechanism Frame placement at BlockPos{x=6590500, y=-57, z=13818098} in minecraft:overworld on thread Server thread (stall threshold=2000ms, generation=90)
[10:15:57] [Server thread/ERROR] [de.an.AntikytheraMechanism/]: [HOST-WRITE-DIAG] RETURN pos=BlockPos{x=6590500, y=-57, z=13818098} previousReturn=Block{minecraft:air} actual=Block{antikytheramechanism:mechanism_frame}[connected_down=false,connected_east=false,connected_north=false,connected_south=false,connected_up=false,connected_west=false,empty=true,facing=north] destinationTransition=false receiver=389363361 resolved=389363361 sameChunk=true
[10:15:57] [Server thread/ERROR] [de.an.AntikytheraMechanism/]: [HOST-WRITE-DIAG] HEAD pos=BlockPos{x=6590499, y=-57, z=13818098} before=Block{antikytheramechanism:mechanism_frame}[connected_down=false,connected_east=false,connected_north=false,connected_south=false,connected_up=false,connected_west=true,empty=true,facing=north] requested=Block{antikytheramechanism:mechanism_frame}[connected_down=false,connected_east=true,connected_north=false,connected_south=false,connected_up=false,connected_west=true,empty=true,facing=north] moving=false destinationTransition=false allowed=true receiver=389363361 resolved=389363361 sameChunk=true containing=ROOT
[10:15:57] [Server thread/ERROR] [de.an.AntikytheraMechanism/]: [HOST-WRITE-DIAG] RETURN pos=BlockPos{x=6590499, y=-57, z=13818098} previousReturn=Block{antikytheramechanism:mechanism_frame}[connected_down=false,connected_east=false,connected_north=false,connected_south=false,connected_up=false,connected_west=true,empty=true,facing=north] actual=Block{antikytheramechanism:mechanism_frame}[connected_down=false,connected_east=true,connected_north=false,connected_south=false,connected_up=false,connected_west=true,empty=true,facing=north] destinationTransition=false receiver=389363361 resolved=389363361 sameChunk=true
[10:15:57] [Server thread/ERROR] [de.an.AntikytheraMechanism/]: [HOST-WRITE-DIAG] HEAD pos=BlockPos{x=6590500, y=-57, z=13818098} before=Block{antikytheramechanism:mechanism_frame}[connected_down=false,connected_east=false,connected_north=false,connected_south=false,connected_up=false,connected_west=false,empty=true,facing=north] requested=Block{antikytheramechanism:mechanism_frame}[connected_down=false,connected_east=false,connected_north=false,connected_south=false,connected_up=false,connected_west=true,empty=true,facing=north] moving=false destinationTransition=false allowed=true receiver=389363361 resolved=389363361 sameChunk=true containing=ROOT
[10:15:57] [Server thread/ERROR] [de.an.AntikytheraMechanism/]: [HOST-WRITE-DIAG] RETURN pos=BlockPos{x=6590500, y=-57, z=13818098} previousReturn=Block{antikytheramechanism:mechanism_frame}[connected_down=false,connected_east=false,connected_north=false,connected_south=false,connected_up=false,connected_west=false,empty=true,facing=north] actual=Block{antikytheramechanism:mechanism_frame}[connected_down=false,connected_east=false,connected_north=false,connected_south=false,connected_up=false,connected_west=true,empty=true,facing=north] destinationTransition=false receiver=389363361 resolved=389363361 sameChunk=true
[10:15:57] [Server thread/ERROR] [de.an.AntikytheraMechanism/]: [HOST-WRITE-DIAG] HEAD pos=BlockPos{x=6590501, y=-57, z=13818098} before=Block{minecraft:air} requested=Block{antikytheramechanism:mechanism_frame}[connected_down=false,connected_east=false,connected_north=false,connected_south=false,connected_up=false,connected_west=false,empty=true,facing=north] moving=false destinationTransition=false allowed=true receiver=389363361 resolved=389363361 sameChunk=true containing=ROOT
[10:15:57] [Server thread/WARN] [de.an.AntikytheraMechanism/]: [FREEZE-WATCHDOG] Armed 30s after Mechanism Frame placement at BlockPos{x=6590501, y=-57, z=13818098} in minecraft:overworld on thread Server thread (stall threshold=2000ms, generation=91)
[10:15:57] [Server thread/ERROR] [de.an.AntikytheraMechanism/]: [HOST-WRITE-DIAG] RETURN pos=BlockPos{x=6590501, y=-57, z=13818098} previousReturn=Block{minecraft:air} actual=Block{antikytheramechanism:mechanism_frame}[connected_down=false,connected_east=false,connected_north=false,connected_south=false,connected_up=false,connected_west=false,empty=true,facing=north] destinationTransition=false receiver=389363361 resolved=389363361 sameChunk=true
[10:15:57] [Server thread/ERROR] [de.an.AntikytheraMechanism/]: [HOST-WRITE-DIAG] HEAD pos=BlockPos{x=6590500, y=-57, z=13818098} before=Block{antikytheramechanism:mechanism_frame}[connected_down=false,connected_east=false,connected_north=false,connected_south=false,connected_up=false,connected_west=true,empty=true,facing=north] requested=Block{antikytheramechanism:mechanism_frame}[connected_down=false,connected_east=true,connected_north=false,connected_south=false,connected_up=false,connected_west=true,empty=true,facing=north] moving=false destinationTransition=false allowed=true receiver=389363361 resolved=389363361 sameChunk=true containing=ROOT
[10:15:57] [Server thread/ERROR] [de.an.AntikytheraMechanism/]: [HOST-WRITE-DIAG] RETURN pos=BlockPos{x=6590500, y=-57, z=13818098} previousReturn=Block{antikytheramechanism:mechanism_frame}[connected_down=false,connected_east=false,connected_north=false,connected_south=false,connected_up=false,connected_west=true,empty=true,facing=north] actual=Block{antikytheramechanism:mechanism_frame}[connected_down=false,connected_east=true,connected_north=false,connected_south=false,connected_up=false,connected_west=true,empty=true,facing=north] destinationTransition=false receiver=389363361 resolved=389363361 sameChunk=true
[10:15:57] [Server thread/ERROR] [de.an.AntikytheraMechanism/]: [HOST-WRITE-DIAG] HEAD pos=BlockPos{x=6590501, y=-57, z=13818098} before=Block{antikytheramechanism:mechanism_frame}[connected_down=false,connected_east=false,connected_north=false,connected_south=false,connected_up=false,connected_west=false,empty=true,facing=north] requested=Block{antikytheramechanism:mechanism_frame}[connected_down=false,connected_east=false,connected_north=false,connected_south=false,connected_up=false,connected_west=true,empty=true,facing=north] moving=false destinationTransition=false allowed=true receiver=389363361 resolved=389363361 sameChunk=true containing=ROOT
[10:15:57] [Server thread/ERROR] [de.an.AntikytheraMechanism/]: [HOST-WRITE-DIAG] RETURN pos=BlockPos{x=6590501, y=-57, z=13818098} previousReturn=Block{antikytheramechanism:mechanism_frame}[connected_down=false,connected_east=false,connected_north=false,connected_south=false,connected_up=false,connected_west=false,empty=true,facing=north] actual=Block{antikytheramechanism:mechanism_frame}[connected_down=false,connected_east=false,connected_north=false,connected_south=false,connected_up=false,connected_west=true,empty=true,facing=north] destinationTransition=false receiver=389363361 resolved=389363361 sameChunk=true
[10:15:57] [Server thread/DEBUG] [de.an.AntikytheraMechanism/]: Staged Sable SubLevel c28f9cc3-1e5c-4883-87b2-8d8f51da4030 for content in assembly b3dc73a1-46dd-47ae-86e0-8fc3fccf9937
[10:15:57] [Server thread/DEBUG] [de.an.AntikytheraMechanism/]: Frame onRemove at BlockPos{x=6590499, y=-57, z=13818098} movedByPiston=false relocationJournal=false
[10:15:57] [Server thread/DEBUG] [de.an.AntikytheraMechanism/]: Staged Sable SubLevel 48a221cf-86dc-48a7-9328-9daa22cd4ce4 for content in assembly 9081dc08-1ee8-4312-8de5-6bb93c936749
[10:15:57] [Server thread/DEBUG] [de.an.AntikytheraMechanism/]: Staged Sable SubLevel 19f8a0f5-353d-42f4-85da-9221ca98220d for content in assembly e96232f6-579a-48c1-a4fb-1db782202dd0
[10:15:57] [Server thread/WARN] [de.an.AntikytheraMechanism/]: Managed Sable SubLevel 19f8a0f5-353d-42f4-85da-9221ca98220d for assembly e96232f6-579a-48c1-a4fb-1db782202dd0 was removed (REMOVED)
[10:15:57] [Server thread/ERROR] [de.an.AntikytheraMechanism/]: [HOST-WRITE-DIAG] HEAD pos=BlockPos{x=6590501, y=-57, z=13818098} before=Block{antikytheramechanism:mechanism_frame}[connected_down=false,connected_east=false,connected_north=false,connected_south=false,connected_up=false,connected_west=true,empty=true,facing=north] requested=Block{antikytheramechanism:mechanism_frame}[connected_down=false,connected_east=false,connected_north=false,connected_south=false,connected_up=false,connected_west=true,empty=false,facing=north] moving=false destinationTransition=false allowed=true receiver=389363361 resolved=389363361 sameChunk=true containing=ROOT
[10:15:57] [Server thread/ERROR] [de.an.AntikytheraMechanism/]: [HOST-WRITE-DIAG] RETURN pos=BlockPos{x=6590501, y=-57, z=13818098} previousReturn=Block{antikytheramechanism:mechanism_frame}[connected_down=false,connected_east=false,connected_north=false,connected_south=false,connected_up=false,connected_west=true,empty=true,facing=north] actual=Block{antikytheramechanism:mechanism_frame}[connected_down=false,connected_east=false,connected_north=false,connected_south=false,connected_up=false,connected_west=true,empty=false,facing=north] destinationTransition=false receiver=389363361 resolved=389363361 sameChunk=true
[10:15:57] [Server thread/DEBUG] [de.an.AntikytheraMechanism/]: Rebased assembly b3dc73a1-46dd-47ae-86e0-8fc3fccf9937 after topology change: stale origin BlockPos{x=6590498, y=-57, z=13818098} -> BlockPos{x=6590500, y=-57, z=13818098} over 2 retained Frames
[10:15:57] [Server thread/ERROR] [de.an.AntikytheraMechanism/]: [HOST-WRITE-DIAG] HEAD pos=BlockPos{x=6590498, y=-57, z=13818098} before=Block{antikytheramechanism:mechanism_frame}[connected_down=false,connected_east=true,connected_north=false,connected_south=false,connected_up=false,connected_west=false,empty=true,facing=north] requested=Block{antikytheramechanism:mechanism_frame}[connected_down=false,connected_east=false,connected_north=false,connected_south=false,connected_up=false,connected_west=false,empty=true,facing=north] moving=false destinationTransition=false allowed=true receiver=389363361 resolved=389363361 sameChunk=true containing=ROOT
[10:15:57] [Server thread/ERROR] [de.an.AntikytheraMechanism/]: [HOST-WRITE-DIAG] RETURN pos=BlockPos{x=6590498, y=-57, z=13818098} previousReturn=Block{antikytheramechanism:mechanism_frame}[connected_down=false,connected_east=true,connected_north=false,connected_south=false,connected_up=false,connected_west=false,empty=true,facing=north] actual=Block{antikytheramechanism:mechanism_frame}[connected_down=false,connected_east=false,connected_north=false,connected_south=false,connected_up=false,connected_west=false,empty=true,facing=north] destinationTransition=false receiver=389363361 resolved=389363361 sameChunk=true
[10:15:57] [Server thread/ERROR] [de.an.AntikytheraMechanism/]: [HOST-WRITE-DIAG] HEAD pos=BlockPos{x=6590500, y=-57, z=13818098} before=Block{antikytheramechanism:mechanism_frame}[connected_down=false,connected_east=true,connected_north=false,connected_south=false,connected_up=false,connected_west=true,empty=true,facing=north] requested=Block{antikytheramechanism:mechanism_frame}[connected_down=false,connected_east=true,connected_north=false,connected_south=false,connected_up=false,connected_west=false,empty=true,facing=north] moving=false destinationTransition=false allowed=true receiver=389363361 resolved=389363361 sameChunk=true containing=ROOT
[10:15:57] [Server thread/ERROR] [de.an.AntikytheraMechanism/]: [HOST-WRITE-DIAG] RETURN pos=BlockPos{x=6590500, y=-57, z=13818098} previousReturn=Block{antikytheramechanism:mechanism_frame}[connected_down=false,connected_east=true,connected_north=false,connected_south=false,connected_up=false,connected_west=true,empty=true,facing=north] actual=Block{antikytheramechanism:mechanism_frame}[connected_down=false,connected_east=true,connected_north=false,connected_south=false,connected_up=false,connected_west=false,empty=true,facing=north] destinationTransition=false receiver=389363361 resolved=389363361 sameChunk=true
[10:15:57] [Server thread/WARN] [de.an.AntikytheraMechanism/]: Managed Sable SubLevel c28f9cc3-1e5c-4883-87b2-8d8f51da4030 for assembly b3dc73a1-46dd-47ae-86e0-8fc3fccf9937 was removed (REMOVED)
[10:15:57] [Server thread/DEBUG] [de.an.AntikytheraMechanism/]: Frame onRemove at BlockPos{x=6590352, y=-57, z=13818046} movedByPiston=false relocationJournal=true
[10:15:57] [Server thread/ERROR] [de.an.AntikytheraMechanism/]: [HOST-WRITE-DIAG] HEAD pos=BlockPos{x=6590352, y=-57, z=13818046} before=Block{minecraft:air} requested=Block{antikytheramechanism:mechanism_frame}[connected_down=false,connected_east=false,connected_north=false,connected_south=false,connected_up=false,connected_west=false,empty=false,facing=east] moving=false destinationTransition=false allowed=true receiver=1041481999 resolved=1041481999 sameChunk=true containing=ROOT
[10:15:57] [Server thread/ERROR] [de.an.AntikytheraMechanism/]: [HOST-WRITE-DIAG] RETURN pos=BlockPos{x=6590352, y=-57, z=13818046} previousReturn=Block{minecraft:air} actual=Block{antikytheramechanism:mechanism_frame}[connected_down=false,connected_east=false,connected_north=false,connected_south=false,connected_up=false,connected_west=false,empty=false,facing=east] destinationTransition=false receiver=1041481999 resolved=1041481999 sameChunk=true
[10:15:57] [Server thread/DEBUG] [de.an.AntikytheraMechanism/]: Frame onRemove at BlockPos{x=6590389, y=-57, z=13818068} movedByPiston=false relocationJournal=true
[10:15:57] [Server thread/ERROR] [de.an.AntikytheraMechanism/]: [HOST-WRITE-DIAG] HEAD pos=BlockPos{x=6590389, y=-57, z=13818068} before=Block{minecraft:air} requested=Block{antikytheramechanism:mechanism_frame}[connected_down=false,connected_east=false,connected_north=false,connected_south=false,connected_up=false,connected_west=false,empty=false,facing=west] moving=false destinationTransition=false allowed=true receiver=778102878 resolved=778102878 sameChunk=true containing=ROOT
[10:15:57] [Server thread/ERROR] [de.an.AntikytheraMechanism/]: [HOST-WRITE-DIAG] RETURN pos=BlockPos{x=6590389, y=-57, z=13818068} previousReturn=Block{minecraft:air} actual=Block{antikytheramechanism:mechanism_frame}[connected_down=false,connected_east=false,connected_north=false,connected_south=false,connected_up=false,connected_west=false,empty=false,facing=west] destinationTransition=false receiver=778102878 resolved=778102878 sameChunk=true
[10:15:57] [Server thread/ERROR] [de.an.AntikytheraMechanism/]: [HOST-WRITE-DIAG] HEAD pos=BlockPos{x=6590538, y=-57, z=13818052} before=Block{minecraft:air} requested=Block{antikytheramechanism:mechanism_frame}[connected_down=false,connected_east=false,connected_north=false,connected_south=false,connected_up=false,connected_west=false,empty=true,facing=north] moving=false destinationTransition=false allowed=true receiver=1136263661 resolved=1136263661 sameChunk=true containing=ROOT
[10:15:57] [Server thread/WARN] [de.an.AntikytheraMechanism/]: [FREEZE-WATCHDOG] Armed 30s after Mechanism Frame placement at BlockPos{x=6590538, y=-57, z=13818052} in minecraft:overworld on thread Server thread (stall threshold=2000ms, generation=92)
[10:15:57] [Server thread/ERROR] [de.an.AntikytheraMechanism/]: [HOST-WRITE-DIAG] HEAD pos=BlockPos{x=6590538, y=-57, z=13818052} before=Block{antikytheramechanism:mechanism_frame}[connected_down=false,connected_east=false,connected_north=false,connected_south=false,connected_up=false,connected_west=false,empty=true,facing=north] requested=Block{antikytheramechanism:mechanism_frame}[connected_down=false,connected_east=false,connected_north=false,connected_south=false,connected_up=false,connected_west=true,empty=true,facing=north] moving=false destinationTransition=false allowed=true receiver=1136263661 resolved=1136263661 sameChunk=true containing=ROOT
[10:15:57] [Server thread/ERROR] [de.an.AntikytheraMechanism/]: [HOST-WRITE-DIAG] RETURN pos=BlockPos{x=6590538, y=-57, z=13818052} previousReturn=Block{antikytheramechanism:mechanism_frame}[connected_down=false,connected_east=false,connected_north=false,connected_south=false,connected_up=false,connected_west=false,empty=true,facing=north] actual=Block{antikytheramechanism:mechanism_frame}[connected_down=false,connected_east=false,connected_north=false,connected_south=false,connected_up=false,connected_west=true,empty=true,facing=north] destinationTransition=false receiver=1136263661 resolved=1136263661 sameChunk=true
[10:15:57] [Server thread/ERROR] [de.an.AntikytheraMechanism/]: [HOST-WRITE-DIAG] HEAD pos=BlockPos{x=6590537, y=-57, z=13818052} before=Block{antikytheramechanism:mechanism_frame}[connected_down=false,connected_east=false,connected_north=false,connected_south=false,connected_up=false,connected_west=false,empty=false,facing=north] requested=Block{antikytheramechanism:mechanism_frame}[connected_down=false,connected_east=true,connected_north=false,connected_south=false,connected_up=false,connected_west=false,empty=false,facing=north] moving=false destinationTransition=false allowed=true receiver=1136263661 resolved=1136263661 sameChunk=true containing=ROOT
[10:15:57] [Server thread/ERROR] [de.an.AntikytheraMechanism/]: [HOST-WRITE-DIAG] RETURN pos=BlockPos{x=6590537, y=-57, z=13818052} previousReturn=Block{antikytheramechanism:mechanism_frame}[connected_down=false,connected_east=false,connected_north=false,connected_south=false,connected_up=false,connected_west=false,empty=false,facing=north] actual=Block{antikytheramechanism:mechanism_frame}[connected_down=false,connected_east=true,connected_north=false,connected_south=false,connected_up=false,connected_west=false,empty=false,facing=north] destinationTransition=false receiver=1136263661 resolved=1136263661 sameChunk=true
[10:15:57] [Server thread/ERROR] [de.an.AntikytheraMechanism/]: [HOST-WRITE-DIAG] HEAD pos=BlockPos{x=6590539, y=-57, z=13818052} before=Block{antikytheramechanism:mechanism_frame}[connected_down=false,connected_east=false,connected_north=false,connected_south=false,connected_up=false,connected_west=false,empty=false,facing=north] requested=Block{antikytheramechanism:mechanism_frame}[connected_down=false,connected_east=false,connected_north=false,connected_south=false,connected_up=false,connected_west=true,empty=false,facing=north] moving=false destinationTransition=false allowed=true receiver=1136263661 resolved=1136263661 sameChunk=true containing=ROOT
[10:15:57] [Server thread/ERROR] [de.an.AntikytheraMechanism/]: [HOST-WRITE-DIAG] RETURN pos=BlockPos{x=6590539, y=-57, z=13818052} previousReturn=Block{antikytheramechanism:mechanism_frame}[connected_down=false,connected_east=false,connected_north=false,connected_south=false,connected_up=false,connected_west=false,empty=false,facing=north] actual=Block{antikytheramechanism:mechanism_frame}[connected_down=false,connected_east=false,connected_north=false,connected_south=false,connected_up=false,connected_west=true,empty=false,facing=north] destinationTransition=false receiver=1136263661 resolved=1136263661 sameChunk=true
[10:15:57] [Server thread/ERROR] [de.an.AntikytheraMechanism/]: [HOST-WRITE-DIAG] HEAD pos=BlockPos{x=6590538, y=-57, z=13818052} before=Block{antikytheramechanism:mechanism_frame}[connected_down=false,connected_east=false,connected_north=false,connected_south=false,connected_up=false,connected_west=true,empty=true,facing=north] requested=Block{antikytheramechanism:mechanism_frame}[connected_down=false,connected_east=true,connected_north=false,connected_south=false,connected_up=false,connected_west=true,empty=true,facing=north] moving=false destinationTransition=false allowed=true receiver=1136263661 resolved=1136263661 sameChunk=true containing=ROOT
[10:15:57] [Server thread/ERROR] [de.an.AntikytheraMechanism/]: [HOST-WRITE-DIAG] RETURN pos=BlockPos{x=6590538, y=-57, z=13818052} previousReturn=Block{antikytheramechanism:mechanism_frame}[connected_down=false,connected_east=false,connected_north=false,connected_south=false,connected_up=false,connected_west=true,empty=true,facing=north] actual=Block{antikytheramechanism:mechanism_frame}[connected_down=false,connected_east=true,connected_north=false,connected_south=false,connected_up=false,connected_west=true,empty=true,facing=north] destinationTransition=false receiver=1136263661 resolved=1136263661 sameChunk=true
[10:15:57] [Server thread/WARN] [de.an.AntikytheraMechanism/]: Managed Sable SubLevel 9cb1dbf0-ad3f-466a-9058-b7e9e4e73b16 for assembly 46f5f8d1-fe17-458c-8186-335e75966d4f was removed (REMOVED)
[10:15:57] [Server thread/ERROR] [de.an.AntikytheraMechanism/]: [HOST-WRITE-DIAG] RETURN pos=BlockPos{x=6590538, y=-57, z=13818052} previousReturn=Block{minecraft:air} actual=Block{antikytheramechanism:mechanism_frame}[connected_down=false,connected_east=true,connected_north=false,connected_south=false,connected_up=false,connected_west=true,empty=true,facing=north] destinationTransition=false receiver=1136263661 resolved=1136263661 sameChunk=true
[10:15:57] [Server thread/ERROR] [de.an.AntikytheraMechanism/]: [HOST-WRITE-DIAG] HEAD pos=BlockPos{x=6590314, y=-58, z=13818044} before=Block{minecraft:air} requested=Block{antikytheramechanism:mechanism_frame}[connected_down=false,connected_east=false,connected_north=false,connected_south=false,connected_up=false,connected_west=false,empty=true,facing=north] moving=false destinationTransition=false allowed=true receiver=1601803334 resolved=1601803334 sameChunk=true containing=ROOT
[10:15:57] [Server thread/WARN] [de.an.AntikytheraMechanism/]: [FREEZE-WATCHDOG] Armed 30s after Mechanism Frame placement at BlockPos{x=6590314, y=-58, z=13818044} in minecraft:overworld on thread Server thread (stall threshold=2000ms, generation=93)
[10:15:57] [Server thread/ERROR] [de.an.AntikytheraMechanism/]: [HOST-WRITE-DIAG] RETURN pos=BlockPos{x=6590314, y=-58, z=13818044} previousReturn=Block{minecraft:air} actual=Block{antikytheramechanism:mechanism_frame}[connected_down=false,connected_east=false,connected_north=false,connected_south=false,connected_up=false,connected_west=false,empty=true,facing=north] destinationTransition=false receiver=1601803334 resolved=1601803334 sameChunk=true
[10:15:57] [Server thread/ERROR] [de.an.AntikytheraMechanism/]: [HOST-WRITE-DIAG] HEAD pos=BlockPos{x=6590313, y=-58, z=13818045} before=Block{minecraft:air} requested=Block{antikytheramechanism:mechanism_frame}[connected_down=false,connected_east=false,connected_north=false,connected_south=false,connected_up=false,connected_west=false,empty=true,facing=north] moving=false destinationTransition=false allowed=true receiver=1601803334 resolved=1601803334 sameChunk=true containing=ROOT
[10:15:57] [Server thread/WARN] [de.an.AntikytheraMechanism/]: [FREEZE-WATCHDOG] Armed 30s after Mechanism Frame placement at BlockPos{x=6590313, y=-58, z=13818045} in minecraft:overworld on thread Server thread (stall threshold=2000ms, generation=94)
[10:15:57] [Server thread/ERROR] [de.an.AntikytheraMechanism/]: [HOST-WRITE-DIAG] RETURN pos=BlockPos{x=6590313, y=-58, z=13818045} previousReturn=Block{minecraft:air} actual=Block{antikytheramechanism:mechanism_frame}[connected_down=false,connected_east=false,connected_north=false,connected_south=false,connected_up=false,connected_west=false,empty=true,facing=north] destinationTransition=false receiver=1601803334 resolved=1601803334 sameChunk=true
[10:15:57] [Server thread/ERROR] [de.an.AntikytheraMechanism/]: [HOST-WRITE-DIAG] HEAD pos=BlockPos{x=6590313, y=-58, z=13818044} before=Block{minecraft:air} requested=Block{antikytheramechanism:mechanism_frame}[connected_down=false,connected_east=false,connected_north=false,connected_south=false,connected_up=false,connected_west=false,empty=true,facing=north] moving=false destinationTransition=false allowed=true receiver=1601803334 resolved=1601803334 sameChunk=true containing=ROOT
[10:15:57] [Server thread/WARN] [de.an.AntikytheraMechanism/]: [FREEZE-WATCHDOG] Armed 30s after Mechanism Frame placement at BlockPos{x=6590313, y=-58, z=13818044} in minecraft:overworld on thread Server thread (stall threshold=2000ms, generation=95)
[10:15:57] [Server thread/ERROR] [de.an.AntikytheraMechanism/]: [HOST-WRITE-DIAG] RETURN pos=BlockPos{x=6590313, y=-58, z=13818044} previousReturn=Block{minecraft:air} actual=Block{antikytheramechanism:mechanism_frame}[connected_down=false,connected_east=false,connected_north=false,connected_south=false,connected_up=false,connected_west=false,empty=true,facing=north] destinationTransition=false receiver=1601803334 resolved=1601803334 sameChunk=true
[10:15:57] [Server thread/ERROR] [de.an.AntikytheraMechanism/]: [HOST-WRITE-DIAG] HEAD pos=BlockPos{x=6590314, y=-58, z=13818044} before=Block{antikytheramechanism:mechanism_frame}[connected_down=false,connected_east=false,connected_north=false,connected_south=false,connected_up=false,connected_west=false,empty=true,facing=north] requested=Block{antikytheramechanism:mechanism_frame}[connected_down=false,connected_east=false,connected_north=false,connected_south=false,connected_up=false,connected_west=true,empty=true,facing=north] moving=false destinationTransition=false allowed=true receiver=1601803334 resolved=1601803334 sameChunk=true containing=ROOT
[10:15:57] [Server thread/ERROR] [de.an.AntikytheraMechanism/]: [HOST-WRITE-DIAG] RETURN pos=BlockPos{x=6590314, y=-58, z=13818044} previousReturn=Block{antikytheramechanism:mechanism_frame}[connected_down=false,connected_east=false,connected_north=false,connected_south=false,connected_up=false,connected_west=false,empty=true,facing=north] actual=Block{antikytheramechanism:mechanism_frame}[connected_down=false,connected_east=false,connected_north=false,connected_south=false,connected_up=false,connected_west=true,empty=true,facing=north] destinationTransition=false receiver=1601803334 resolved=1601803334 sameChunk=true
[10:15:57] [Server thread/ERROR] [de.an.AntikytheraMechanism/]: [HOST-WRITE-DIAG] HEAD pos=BlockPos{x=6590313, y=-58, z=13818044} before=Block{antikytheramechanism:mechanism_frame}[connected_down=false,connected_east=false,connected_north=false,connected_south=false,connected_up=false,connected_west=false,empty=true,facing=north] requested=Block{antikytheramechanism:mechanism_frame}[connected_down=false,connected_east=true,connected_north=false,connected_south=false,connected_up=false,connected_west=false,empty=true,facing=north] moving=false destinationTransition=false allowed=true receiver=1601803334 resolved=1601803334 sameChunk=true containing=ROOT
[10:15:57] [Server thread/ERROR] [de.an.AntikytheraMechanism/]: [HOST-WRITE-DIAG] RETURN pos=BlockPos{x=6590313, y=-58, z=13818044} previousReturn=Block{antikytheramechanism:mechanism_frame}[connected_down=false,connected_east=false,connected_north=false,connected_south=false,connected_up=false,connected_west=false,empty=true,facing=north] actual=Block{antikytheramechanism:mechanism_frame}[connected_down=false,connected_east=true,connected_north=false,connected_south=false,connected_up=false,connected_west=false,empty=true,facing=north] destinationTransition=false receiver=1601803334 resolved=1601803334 sameChunk=true
[10:15:57] [Server thread/ERROR] [de.an.AntikytheraMechanism/]: [HOST-WRITE-DIAG] HEAD pos=BlockPos{x=6590313, y=-58, z=13818045} before=Block{antikytheramechanism:mechanism_frame}[connected_down=false,connected_east=false,connected_north=false,connected_south=false,connected_up=false,connected_west=false,empty=true,facing=north] requested=Block{antikytheramechanism:mechanism_frame}[connected_down=false,connected_east=false,connected_north=true,connected_south=false,connected_up=false,connected_west=false,empty=true,facing=north] moving=false destinationTransition=false allowed=true receiver=1601803334 resolved=1601803334 sameChunk=true containing=ROOT
[10:15:57] [Server thread/ERROR] [de.an.AntikytheraMechanism/]: [HOST-WRITE-DIAG] RETURN pos=BlockPos{x=6590313, y=-58, z=13818045} previousReturn=Block{antikytheramechanism:mechanism_frame}[connected_down=false,connected_east=false,connected_north=false,connected_south=false,connected_up=false,connected_west=false,empty=true,facing=north] actual=Block{antikytheramechanism:mechanism_frame}[connected_down=false,connected_east=false,connected_north=true,connected_south=false,connected_up=false,connected_west=false,empty=true,facing=north] destinationTransition=false receiver=1601803334 resolved=1601803334 sameChunk=true
[10:15:57] [Server thread/ERROR] [de.an.AntikytheraMechanism/]: [HOST-WRITE-DIAG] HEAD pos=BlockPos{x=6590313, y=-58, z=13818044} before=Block{antikytheramechanism:mechanism_frame}[connected_down=false,connected_east=true,connected_north=false,connected_south=false,connected_up=false,connected_west=false,empty=true,facing=north] requested=Block{antikytheramechanism:mechanism_frame}[connected_down=false,connected_east=true,connected_north=false,connected_south=true,connected_up=false,connected_west=false,empty=true,facing=north] moving=false destinationTransition=false allowed=true receiver=1601803334 resolved=1601803334 sameChunk=true containing=ROOT
[10:15:57] [Server thread/ERROR] [de.an.AntikytheraMechanism/]: [HOST-WRITE-DIAG] RETURN pos=BlockPos{x=6590313, y=-58, z=13818044} previousReturn=Block{antikytheramechanism:mechanism_frame}[connected_down=false,connected_east=true,connected_north=false,connected_south=false,connected_up=false,connected_west=false,empty=true,facing=north] actual=Block{antikytheramechanism:mechanism_frame}[connected_down=false,connected_east=true,connected_north=false,connected_south=true,connected_up=false,connected_west=false,empty=true,facing=north] destinationTransition=false receiver=1601803334 resolved=1601803334 sameChunk=true
[10:15:57] [Server thread/DEBUG] [de.an.AntikytheraMechanism/]: Frame onRemove at BlockPos{x=6590314, y=-58, z=13818044} movedByPiston=false relocationJournal=true
[10:15:57] [Server thread/ERROR] [de.an.AntikytheraMechanism/]: [HOST-WRITE-DIAG] HEAD pos=BlockPos{x=6590313, y=-58, z=13818044} before=Block{antikytheramechanism:mechanism_frame}[connected_down=false,connected_east=true,connected_north=false,connected_south=true,connected_up=false,connected_west=false,empty=true,facing=north] requested=Block{antikytheramechanism:mechanism_frame}[connected_down=false,connected_east=false,connected_north=false,connected_south=true,connected_up=false,connected_west=false,empty=true,facing=north] moving=false destinationTransition=false allowed=true receiver=1601803334 resolved=1601803334 sameChunk=true containing=ROOT
[10:15:57] [Server thread/ERROR] [de.an.AntikytheraMechanism/]: [HOST-WRITE-DIAG] RETURN pos=BlockPos{x=6590313, y=-58, z=13818044} previousReturn=Block{antikytheramechanism:mechanism_frame}[connected_down=false,connected_east=true,connected_north=false,connected_south=true,connected_up=false,connected_west=false,empty=true,facing=north] actual=Block{antikytheramechanism:mechanism_frame}[connected_down=false,connected_east=false,connected_north=false,connected_south=true,connected_up=false,connected_west=false,empty=true,facing=north] destinationTransition=false receiver=1601803334 resolved=1601803334 sameChunk=true
[10:15:57] [Server thread/DEBUG] [de.an.AntikytheraMechanism/]: Frame onRemove at BlockPos{x=6590313, y=-58, z=13818045} movedByPiston=false relocationJournal=true
[10:15:57] [Server thread/ERROR] [de.an.AntikytheraMechanism/]: [HOST-WRITE-DIAG] HEAD pos=BlockPos{x=6590313, y=-58, z=13818044} before=Block{antikytheramechanism:mechanism_frame}[connected_down=false,connected_east=false,connected_north=false,connected_south=true,connected_up=false,connected_west=false,empty=true,facing=north] requested=Block{antikytheramechanism:mechanism_frame}[connected_down=false,connected_east=false,connected_north=false,connected_south=false,connected_up=false,connected_west=false,empty=true,facing=north] moving=false destinationTransition=false allowed=true receiver=1601803334 resolved=1601803334 sameChunk=true containing=ROOT
[10:15:57] [Server thread/ERROR] [de.an.AntikytheraMechanism/]: [HOST-WRITE-DIAG] RETURN pos=BlockPos{x=6590313, y=-58, z=13818044} previousReturn=Block{antikytheramechanism:mechanism_frame}[connected_down=false,connected_east=false,connected_north=false,connected_south=true,connected_up=false,connected_west=false,empty=true,facing=north] actual=Block{antikytheramechanism:mechanism_frame}[connected_down=false,connected_east=false,connected_north=false,connected_south=false,connected_up=false,connected_west=false,empty=true,facing=north] destinationTransition=false receiver=1601803334 resolved=1601803334 sameChunk=true
[10:15:57] [Server thread/DEBUG] [de.an.AntikytheraMechanism/]: Frame onRemove at BlockPos{x=6590313, y=-58, z=13818044} movedByPiston=false relocationJournal=true
[10:15:57] [Server thread/ERROR] [de.an.AntikytheraMechanism/]: [HOST-WRITE-DIAG] HEAD pos=BlockPos{x=6590321, y=-58, z=13818046} before=Block{minecraft:air} requested=Block{antikytheramechanism:mechanism_frame}[connected_down=false,connected_east=false,connected_north=false,connected_south=false,connected_up=false,connected_west=false,empty=true,facing=east] moving=false destinationTransition=false allowed=true receiver=1968595146 resolved=1968595146 sameChunk=true containing=ROOT
[10:15:57] [Server thread/ERROR] [de.an.AntikytheraMechanism/]: [HOST-WRITE-DIAG] RETURN pos=BlockPos{x=6590321, y=-58, z=13818046} previousReturn=Block{minecraft:air} actual=Block{antikytheramechanism:mechanism_frame}[connected_down=false,connected_east=false,connected_north=false,connected_south=false,connected_up=false,connected_west=false,empty=true,facing=east] destinationTransition=false receiver=1968595146 resolved=1968595146 sameChunk=true
[10:15:57] [Server thread/ERROR] [de.an.AntikytheraMechanism/]: [HOST-WRITE-DIAG] HEAD pos=BlockPos{x=6590320, y=-58, z=13818045} before=Block{minecraft:air} requested=Block{antikytheramechanism:mechanism_frame}[connected_down=false,connected_east=false,connected_north=false,connected_south=false,connected_up=false,connected_west=false,empty=true,facing=east] moving=false destinationTransition=false allowed=true receiver=1968595146 resolved=1968595146 sameChunk=true containing=ROOT
[10:15:57] [Server thread/ERROR] [de.an.AntikytheraMechanism/]: [HOST-WRITE-DIAG] RETURN pos=BlockPos{x=6590320, y=-58, z=13818045} previousReturn=Block{minecraft:air} actual=Block{antikytheramechanism:mechanism_frame}[connected_down=false,connected_east=false,connected_north=false,connected_south=false,connected_up=false,connected_west=false,empty=true,facing=east] destinationTransition=false receiver=1968595146 resolved=1968595146 sameChunk=true
[10:15:57] [Server thread/ERROR] [de.an.AntikytheraMechanism/]: [HOST-WRITE-DIAG] HEAD pos=BlockPos{x=6590321, y=-58, z=13818045} before=Block{minecraft:air} requested=Block{antikytheramechanism:mechanism_frame}[connected_down=false,connected_east=false,connected_north=false,connected_south=false,connected_up=false,connected_west=false,empty=true,facing=east] moving=false destinationTransition=false allowed=true receiver=1968595146 resolved=1968595146 sameChunk=true containing=ROOT
[10:15:58] [Server thread/ERROR] [de.an.AntikytheraMechanism/]: [HOST-WRITE-DIAG] RETURN pos=BlockPos{x=6590321, y=-58, z=13818045} previousReturn=Block{minecraft:air} actual=Block{antikytheramechanism:mechanism_frame}[connected_down=false,connected_east=false,connected_north=false,connected_south=false,connected_up=false,connected_west=false,empty=true,facing=east] destinationTransition=false receiver=1968595146 resolved=1968595146 sameChunk=true
[10:15:58] [Server thread/ERROR] [de.an.AntikytheraMechanism/]: [HOST-WRITE-DIAG] HEAD pos=BlockPos{x=6590320, y=-58, z=13818045} before=Block{antikytheramechanism:mechanism_frame}[connected_down=false,connected_east=false,connected_north=false,connected_south=false,connected_up=false,connected_west=false,empty=true,facing=east] requested=Block{antikytheramechanism:mechanism_frame}[connected_down=false,connected_east=true,connected_north=false,connected_south=false,connected_up=false,connected_west=false,empty=true,facing=east] moving=false destinationTransition=false allowed=true receiver=1968595146 resolved=1968595146 sameChunk=true containing=ROOT
[10:15:58] [Server thread/ERROR] [de.an.AntikytheraMechanism/]: [HOST-WRITE-DIAG] RETURN pos=BlockPos{x=6590320, y=-58, z=13818045} previousReturn=Block{antikytheramechanism:mechanism_frame}[connected_down=false,connected_east=false,connected_north=false,connected_south=false,connected_up=false,connected_west=false,empty=true,facing=east] actual=Block{antikytheramechanism:mechanism_frame}[connected_down=false,connected_east=true,connected_north=false,connected_south=false,connected_up=false,connected_west=false,empty=true,facing=east] destinationTransition=false receiver=1968595146 resolved=1968595146 sameChunk=true
[10:15:58] [Server thread/ERROR] [de.an.AntikytheraMechanism/]: [HOST-WRITE-DIAG] HEAD pos=BlockPos{x=6590321, y=-58, z=13818045} before=Block{antikytheramechanism:mechanism_frame}[connected_down=false,connected_east=false,connected_north=false,connected_south=false,connected_up=false,connected_west=false,empty=true,facing=east] requested=Block{antikytheramechanism:mechanism_frame}[connected_down=false,connected_east=false,connected_north=false,connected_south=false,connected_up=false,connected_west=true,empty=true,facing=east] moving=false destinationTransition=false allowed=true receiver=1968595146 resolved=1968595146 sameChunk=true containing=ROOT
[10:15:58] [Server thread/ERROR] [de.an.AntikytheraMechanism/]: [HOST-WRITE-DIAG] RETURN pos=BlockPos{x=6590321, y=-58, z=13818045} previousReturn=Block{antikytheramechanism:mechanism_frame}[connected_down=false,connected_east=false,connected_north=false,connected_south=false,connected_up=false,connected_west=false,empty=true,facing=east] actual=Block{antikytheramechanism:mechanism_frame}[connected_down=false,connected_east=false,connected_north=false,connected_south=false,connected_up=false,connected_west=true,empty=true,facing=east] destinationTransition=false receiver=1968595146 resolved=1968595146 sameChunk=true
[10:15:58] [Server thread/ERROR] [de.an.AntikytheraMechanism/]: [HOST-WRITE-DIAG] HEAD pos=BlockPos{x=6590321, y=-58, z=13818046} before=Block{antikytheramechanism:mechanism_frame}[connected_down=false,connected_east=false,connected_north=false,connected_south=false,connected_up=false,connected_west=false,empty=true,facing=east] requested=Block{antikytheramechanism:mechanism_frame}[connected_down=false,connected_east=false,connected_north=true,connected_south=false,connected_up=false,connected_west=false,empty=true,facing=east] moving=false destinationTransition=false allowed=true receiver=1968595146 resolved=1968595146 sameChunk=true containing=ROOT
[10:15:58] [Server thread/ERROR] [de.an.AntikytheraMechanism/]: [HOST-WRITE-DIAG] RETURN pos=BlockPos{x=6590321, y=-58, z=13818046} previousReturn=Block{antikytheramechanism:mechanism_frame}[connected_down=false,connected_east=false,connected_north=false,connected_south=false,connected_up=false,connected_west=false,empty=true,facing=east] actual=Block{antikytheramechanism:mechanism_frame}[connected_down=false,connected_east=false,connected_north=true,connected_south=false,connected_up=false,connected_west=false,empty=true,facing=east] destinationTransition=false receiver=1968595146 resolved=1968595146 sameChunk=true
[10:15:58] [Server thread/ERROR] [de.an.AntikytheraMechanism/]: [HOST-WRITE-DIAG] HEAD pos=BlockPos{x=6590321, y=-58, z=13818045} before=Block{antikytheramechanism:mechanism_frame}[connected_down=false,connected_east=false,connected_north=false,connected_south=false,connected_up=false,connected_west=true,empty=true,facing=east] requested=Block{antikytheramechanism:mechanism_frame}[connected_down=false,connected_east=false,connected_north=false,connected_south=true,connected_up=false,connected_west=true,empty=true,facing=east] moving=false destinationTransition=false allowed=true receiver=1968595146 resolved=1968595146 sameChunk=true containing=ROOT
[10:15:58] [Server thread/ERROR] [de.an.AntikytheraMechanism/]: [HOST-WRITE-DIAG] RETURN pos=BlockPos{x=6590321, y=-58, z=13818045} previousReturn=Block{antikytheramechanism:mechanism_frame}[connected_down=false,connected_east=false,connected_north=false,connected_south=false,connected_up=false,connected_west=true,empty=true,facing=east] actual=Block{antikytheramechanism:mechanism_frame}[connected_down=false,connected_east=false,connected_north=false,connected_south=true,connected_up=false,connected_west=true,empty=true,facing=east] destinationTransition=false receiver=1968595146 resolved=1968595146 sameChunk=true
[10:15:58] [Server thread/ERROR] [de.an.AntikytheraMechanism/]: Could not commit Create contraption placement; assembly, index, Frame BlockEntity mappings and block states were rolled back and journals retained
java.lang.IllegalStateException: intentional mid-commit GameTest fault
	at TRANSFORMER/antikytheramechanism@0.1.0/dev.antikytheramechanism.assembly.MechanismAssemblyRotationGameTests.lambda$partialCommitFailureRollsBackMappingsAndKeepsJournal$6(MechanismAssemblyRotationGameTests.java:136) ~[%23127!/:?] {re:classloading}
	at TRANSFORMER/antikytheramechanism@0.1.0/dev.antikytheramechanism.assembly.MechanismAssemblyManager.finalizeContraptionPlacement(MechanismAssemblyManager.java:400) ~[%23127!/:?] {re:mixin,re:classloading,pl:mixin:APP:antikytheramechanism.mixins.json:MechanismAssemblyManagerAccessor from mod antikytheramechanism,pl:mixin:APP:antikytheramechanism.mixins.json:MechanismAssemblyOriginInvariantMixin from mod antikytheramechanism,pl:mixin:APP:antikytheramechanism.mixins.json:MechanismAssemblyManagerDeferredRemovalMixin from mod antikytheramechanism,pl:mixin:A}
	at TRANSFORMER/antikytheramechanism@0.1.0/dev.antikytheramechanism.assembly.MechanismAssemblyRotationGameTests.partialCommitFailureRollsBackMappingsAndKeepsJournal(MechanismAssemblyRotationGameTests.java:138) ~[%23127!/:?] {re:classloading}
	at java.base/jdk.internal.reflect.DirectMethodHandleAccessor.invoke(DirectMethodHandleAccessor.java:103) ~[?:?] {}
	at java.base/java.lang.reflect.Method.invoke(Method.java:580) ~[?:?] {}
	at TRANSFORMER/minecraft@1.21.1/net.minecraft.gametest.framework.GameTestRegistry.lambda$turnMethodIntoConsumer$5(GameTestRegistry.java:157) ~[neoforge-21.1.228.jar%23125!/:?] {re:classloading}
	at TRANSFORMER/minecraft@1.21.1/net.minecraft.gametest.framework.TestFunction.run(TestFunction.java:22) ~[neoforge-21.1.228.jar%23125!/:?] {re:classloading}
	at TRANSFORMER/minecraft@1.21.1/net.minecraft.gametest.framework.GameTestInfo.startTest(GameTestInfo.java:162) ~[neoforge-21.1.228.jar%23125!/:?] {re:mixin,pl:accesstransformer:B,re:classloading,pl:accesstransformer:B,pl:mixin:APP:sable.mixins.json:game_test.GameTestInfoMixin from mod sable,pl:mixin:A}
	at TRANSFORMER/minecraft@1.21.1/net.minecraft.gametest.framework.GameTestInfo.tickInternal(GameTestInfo.java:124) ~[neoforge-21.1.228.jar%23125!/:?] {re:mixin,pl:accesstransformer:B,re:classloading,pl:accesstransformer:B,pl:mixin:APP:sable.mixins.json:game_test.GameTestInfoMixin from mod sable,pl:mixin:A}
	at TRANSFORMER/minecraft@1.21.1/net.minecraft.gametest.framework.GameTestInfo.tick(GameTestInfo.java:107) ~[neoforge-21.1.228.jar%23125!/:?] {re:mixin,pl:accesstransformer:B,re:classloading,pl:accesstransformer:B,pl:mixin:APP:sable.mixins.json:game_test.GameTestInfoMixin from mod sable,pl:mixin:A}
	at TRANSFORMER/minecraft@1.21.1/net.minecraft.gametest.framework.GameTestTicker.lambda$tick$0(GameTestTicker.java:42) ~[neoforge-21.1.228.jar%23125!/:?] {re:classloading}
	at java.base/java.util.concurrent.CopyOnWriteArrayList.forEach(CopyOnWriteArrayList.java:891) ~[?:?] {}
	at TRANSFORMER/minecraft@1.21.1/net.minecraft.gametest.framework.GameTestTicker.tick(GameTestTicker.java:42) ~[neoforge-21.1.228.jar%23125!/:?] {re:classloading}
	at TRANSFORMER/minecraft@1.21.1/net.minecraft.server.MinecraftServer.tickChildren(MinecraftServer.java:1055) ~[neoforge-21.1.228.jar%23125!/:?] {re:mixin,pl:accesstransformer:B,re:classloading,pl:accesstransformer:B,pl:mixin:APP:veil.network.mixins.json:NetworkMinecraftServerMixin from mod veil,pl:mixin:APP:veil.scheduler.mixins.json:MinecraftServerMixin from mod veil,pl:mixin:APP:sable.mixins.json:udp.MinecraftServerMixin from mod sable,pl:mixin:A}
	at TRANSFORMER/minecraft@1.21.1/net.minecraft.server.MinecraftServer.tickServer(MinecraftServer.java:917) ~[neoforge-21.1.228.jar%23125!/:?] {re:mixin,pl:accesstransformer:B,re:classloading,pl:accesstransformer:B,pl:mixin:APP:veil.network.mixins.json:NetworkMinecraftServerMixin from mod veil,pl:mixin:APP:veil.scheduler.mixins.json:MinecraftServerMixin from mod veil,pl:mixin:APP:sable.mixins.json:udp.MinecraftServerMixin from mod sable,pl:mixin:A}
	at TRANSFORMER/minecraft@1.21.1/net.minecraft.gametest.framework.GameTestServer.tickServer(GameTestServer.java:168) ~[neoforge-21.1.228.jar%23125!/:?] {re:classloading}
	at TRANSFORMER/minecraft@1.21.1/net.minecraft.server.MinecraftServer.runServer(MinecraftServer.java:707) ~[neoforge-21.1.228.jar%23125!/:?] {re:mixin,pl:accesstransformer:B,re:classloading,pl:accesstransformer:B,pl:mixin:APP:veil.network.mixins.json:NetworkMinecraftServerMixin from mod veil,pl:mixin:APP:veil.scheduler.mixins.json:MinecraftServerMixin from mod veil,pl:mixin:APP:sable.mixins.json:udp.MinecraftServerMixin from mod sable,pl:mixin:A}
	at TRANSFORMER/minecraft@1.21.1/net.minecraft.server.MinecraftServer.lambda$spin$2(MinecraftServer.java:267) ~[neoforge-21.1.228.jar%23125!/:?] {re:mixin,pl:accesstransformer:B,re:classloading,pl:accesstransformer:B,pl:mixin:APP:veil.network.mixins.json:NetworkMinecraftServerMixin from mod veil,pl:mixin:APP:veil.scheduler.mixins.json:MinecraftServerMixin from mod veil,pl:mixin:APP:sable.mixins.json:udp.MinecraftServerMixin from mod sable,pl:mixin:A}
	at java.base/java.lang.Thread.run(Thread.java:1583) [?:?] {re:mixin}
[10:15:58] [Server thread/DEBUG] [de.an.AntikytheraMechanism/]: Frame onRemove at BlockPos{x=6590538, y=-57, z=13818052} movedByPiston=false relocationJournal=false
[10:15:58] [Server thread/DEBUG] [de.an.AntikytheraMechanism/]: Staged Sable SubLevel 843f88c1-cfc7-47b8-9aee-3ee0fbbdd4e2 for content in assembly eebd31e2-ea04-4f11-a207-7cdb9a6cbc96
[10:15:58] [Server thread/DEBUG] [de.an.AntikytheraMechanism/]: Staged Sable SubLevel 8ee5c9fd-4421-4c17-84bc-43d7e75a5cf8 for content in assembly 38752055-13b5-4568-b22f-cf8f9bf16f23
[10:15:58] [Server thread/WARN] [de.an.AntikytheraMechanism/]: Managed Sable SubLevel 8ee5c9fd-4421-4c17-84bc-43d7e75a5cf8 for assembly 38752055-13b5-4568-b22f-cf8f9bf16f23 was removed (REMOVED)
[10:15:58] [Server thread/DEBUG] [de.an.AntikytheraMechanism/]: Rebased assembly 3cb1d66c-e99a-4cfa-aa4b-e87fb75e4b16 after topology change: stale origin BlockPos{x=6590539, y=-57, z=13818052} -> BlockPos{x=6590537, y=-57, z=13818052} over 1 retained Frames
[10:15:58] [Server thread/ERROR] [de.an.AntikytheraMechanism/]: [HOST-WRITE-DIAG] HEAD pos=BlockPos{x=6590537, y=-57, z=13818052} before=Block{antikytheramechanism:mechanism_frame}[connected_down=false,connected_east=true,connected_north=false,connected_south=false,connected_up=false,connected_west=false,empty=false,facing=north] requested=Block{antikytheramechanism:mechanism_frame}[connected_down=false,connected_east=false,connected_north=false,connected_south=false,connected_up=false,connected_west=false,empty=false,facing=north] moving=false destinationTransition=false allowed=true receiver=1136263661 resolved=1136263661 sameChunk=true containing=ROOT
[10:15:58] [Server thread/ERROR] [de.an.AntikytheraMechanism/]: [HOST-WRITE-DIAG] RETURN pos=BlockPos{x=6590537, y=-57, z=13818052} previousReturn=Block{antikytheramechanism:mechanism_frame}[connected_down=false,connected_east=true,connected_north=false,connected_south=false,connected_up=false,connected_west=false,empty=false,facing=north] actual=Block{antikytheramechanism:mechanism_frame}[connected_down=false,connected_east=false,connected_north=false,connected_south=false,connected_up=false,connected_west=false,empty=false,facing=north] destinationTransition=false receiver=1136263661 resolved=1136263661 sameChunk=true
[10:15:58] [Server thread/ERROR] [de.an.AntikytheraMechanism/]: [HOST-WRITE-DIAG] HEAD pos=BlockPos{x=6590539, y=-57, z=13818052} before=Block{antikytheramechanism:mechanism_frame}[connected_down=false,connected_east=false,connected_north=false,connected_south=false,connected_up=false,connected_west=true,empty=false,facing=north] requested=Block{antikytheramechanism:mechanism_frame}[connected_down=false,connected_east=false,connected_north=false,connected_south=false,connected_up=false,connected_west=false,empty=false,facing=north] moving=false destinationTransition=false allowed=true receiver=1136263661 resolved=1136263661 sameChunk=true containing=ROOT
[10:15:58] [Server thread/ERROR] [de.an.AntikytheraMechanism/]: [HOST-WRITE-DIAG] RETURN pos=BlockPos{x=6590539, y=-57, z=13818052} previousReturn=Block{antikytheramechanism:mechanism_frame}[connected_down=false,connected_east=false,connected_north=false,connected_south=false,connected_up=false,connected_west=true,empty=false,facing=north] actual=Block{antikytheramechanism:mechanism_frame}[connected_down=false,connected_east=false,connected_north=false,connected_south=false,connected_up=false,connected_west=false,empty=false,facing=north] destinationTransition=false receiver=1136263661 resolved=1136263661 sameChunk=true
[10:15:58] [Server thread/WARN] [de.an.AntikytheraMechanism/]: Managed Sable SubLevel 66611a6c-ab19-4292-8532-54bfc340fdc6 for assembly 4d764381-33ba-4049-ae1d-668c6d1b30e2 was removed (REMOVED)
[10:15:58] [Server thread/WARN] [de.an.AntikytheraMechanism/]: Managed Sable SubLevel b71064ad-37b0-426e-9fa1-e6d79e4b1fc7 for assembly 13877c76-f735-471b-8393-4d4605ab01aa was removed (REMOVED)
[10:15:58] [Server thread/ERROR] [de.an.AntikytheraMechanism/]: [HOST-WRITE-DIAG] HEAD pos=BlockPos{x=6590573, y=-57, z=13818023} before=Block{minecraft:air} requested=Block{antikytheramechanism:mechanism_frame}[connected_down=false,connected_east=false,connected_north=false,connected_south=false,connected_up=false,connected_west=false,empty=true,facing=north] moving=false destinationTransition=false allowed=true receiver=1262224779 resolved=1262224779 sameChunk=true containing=ROOT
[10:15:58] [Server thread/WARN] [de.an.AntikytheraMechanism/]: [FREEZE-WATCHDOG] Armed 30s after Mechanism Frame placement at BlockPos{x=6590573, y=-57, z=13818023} in minecraft:overworld on thread Server thread (stall threshold=2000ms, generation=96)
[10:15:58] [Server thread/ERROR] [de.an.AntikytheraMechanism/]: [HOST-WRITE-DIAG] RETURN pos=BlockPos{x=6590573, y=-57, z=13818023} previousReturn=Block{minecraft:air} actual=Block{antikytheramechanism:mechanism_frame}[connected_down=false,connected_east=false,connected_north=false,connected_south=false,connected_up=false,connected_west=false,empty=true,facing=north] destinationTransition=false receiver=1262224779 resolved=1262224779 sameChunk=true
[10:15:58] [Server thread/DEBUG] [de.an.AntikytheraMechanism/]: Staged Sable SubLevel 6a855b49-2814-4440-9032-b10c610a2ca8 for content in assembly 4bc778fe-826d-45e8-be0a-4e5e7edd1ec6
[10:15:58] [Server thread/ERROR] [de.an.AntikytheraMechanism/]: [HOST-WRITE-DIAG] HEAD pos=BlockPos{x=6590573, y=-57, z=13818023} before=Block{antikytheramechanism:mechanism_frame}[connected_down=false,connected_east=false,connected_north=false,connected_south=false,connected_up=false,connected_west=false,empty=true,facing=north] requested=Block{antikytheramechanism:mechanism_frame}[connected_down=false,connected_east=false,connected_north=false,connected_south=false,connected_up=false,connected_west=false,empty=false,facing=north] moving=false destinationTransition=false allowed=true receiver=1262224779 resolved=1262224779 sameChunk=true containing=ROOT
[10:15:58] [Server thread/ERROR] [de.an.AntikytheraMechanism/]: [HOST-WRITE-DIAG] RETURN pos=BlockPos{x=6590573, y=-57, z=13818023} previousReturn=Block{antikytheramechanism:mechanism_frame}[connected_down=false,connected_east=false,connected_north=false,connected_south=false,connected_up=false,connected_west=false,empty=true,facing=north] actual=Block{antikytheramechanism:mechanism_frame}[connected_down=false,connected_east=false,connected_north=false,connected_south=false,connected_up=false,connected_west=false,empty=false,facing=north] destinationTransition=false receiver=1262224779 resolved=1262224779 sameChunk=true
[10:15:58] [Server thread/DEBUG] [de.an.AntikytheraMechanism/]: Frame onRemove at BlockPos{x=6590573, y=-57, z=13818023} movedByPiston=false relocationJournal=true
[10:15:58] [Server thread/WARN] [de.an.AntikytheraMechanism/]: Managed Sable SubLevel 6a855b49-2814-4440-9032-b10c610a2ca8 for assembly 4bc778fe-826d-45e8-be0a-4e5e7edd1ec6 was removed (REMOVED)
[10:15:58] [Server thread/WARN] [de.an.AntikytheraMechanism/]: Managed Sable SubLevel 87b95164-b575-4724-ab0f-487d5ffbe9ff for assembly 3cb1d66c-e99a-4cfa-aa4b-e87fb75e4b16 was removed (REMOVED)
[10:15:58] [Server thread/WARN] [de.an.AntikytheraMechanism/]: Managed Sable SubLevel 843f88c1-cfc7-47b8-9aee-3ee0fbbdd4e2 for assembly eebd31e2-ea04-4f11-a207-7cdb9a6cbc96 was removed (REMOVED)
[10:15:58] [Server thread/ERROR] [de.an.AntikytheraMechanism/]: [HOST-WRITE-DIAG] HEAD pos=BlockPos{x=6590315, y=-57, z=13818068} before=Block{minecraft:air} requested=Block{antikytheramechanism:mechanism_frame}[connected_down=false,connected_east=false,connected_north=false,connected_south=false,connected_up=false,connected_west=false,empty=true,facing=north] moving=false destinationTransition=false allowed=true receiver=288545702 resolved=288545702 sameChunk=true containing=ROOT
[10:15:58] [Server thread/WARN] [de.an.AntikytheraMechanism/]: [FREEZE-WATCHDOG] Armed 30s after Mechanism Frame placement at BlockPos{x=6590315, y=-57, z=13818068} in minecraft:overworld on thread Server thread (stall threshold=2000ms, generation=97)
[10:15:58] [Server thread/ERROR] [de.an.AntikytheraMechanism/]: [HOST-WRITE-DIAG] RETURN pos=BlockPos{x=6590315, y=-57, z=13818068} previousReturn=Block{minecraft:air} actual=Block{antikytheramechanism:mechanism_frame}[connected_down=false,connected_east=false,connected_north=false,connected_south=false,connected_up=false,connected_west=false,empty=true,facing=north] destinationTransition=false receiver=288545702 resolved=288545702 sameChunk=true
[10:15:58] [Server thread/DEBUG] [de.an.AntikytheraMechanism/]: Staged Sable SubLevel adae23b1-309b-4a18-b945-782602a29e38 for content in assembly 87d75ab9-1449-48df-9447-272b99bcf171
[10:15:58] [Server thread/ERROR] [de.an.AntikytheraMechanism/]: [HOST-WRITE-DIAG] HEAD pos=BlockPos{x=6590315, y=-57, z=13818068} before=Block{antikytheramechanism:mechanism_frame}[connected_down=false,connected_east=false,connected_north=false,connected_south=false,connected_up=false,connected_west=false,empty=true,facing=north] requested=Block{antikytheramechanism:mechanism_frame}[connected_down=false,connected_east=false,connected_north=false,connected_south=false,connected_up=false,connected_west=false,empty=false,facing=north] moving=false destinationTransition=false allowed=true receiver=288545702 resolved=288545702 sameChunk=true containing=ROOT
[10:15:58] [Server thread/ERROR] [de.an.AntikytheraMechanism/]: [HOST-WRITE-DIAG] RETURN pos=BlockPos{x=6590315, y=-57, z=13818068} previousReturn=Block{antikytheramechanism:mechanism_frame}[connected_down=false,connected_east=false,connected_north=false,connected_south=false,connected_up=false,connected_west=false,empty=true,facing=north] actual=Block{antikytheramechanism:mechanism_frame}[connected_down=false,connected_east=false,connected_north=false,connected_south=false,connected_up=false,connected_west=false,empty=false,facing=north] destinationTransition=false receiver=288545702 resolved=288545702 sameChunk=true
[10:15:58] [Server thread/ERROR] [de.an.AntikytheraMechanism/]: [HOST-WRITE-DIAG] HEAD pos=BlockPos{x=6590315, y=-57, z=13818068} before=Block{antikytheramechanism:mechanism_frame}[connected_down=false,connected_east=false,connected_north=false,connected_south=false,connected_up=false,connected_west=false,empty=false,facing=north] requested=Block{antikytheramechanism:mechanism_frame}[connected_down=false,connected_east=false,connected_north=false,connected_south=false,connected_up=false,connected_west=false,empty=true,facing=north] moving=false destinationTransition=false allowed=true receiver=288545702 resolved=288545702 sameChunk=true containing=ROOT
[10:15:58] [Server thread/ERROR] [de.an.AntikytheraMechanism/]: [HOST-WRITE-DIAG] RETURN pos=BlockPos{x=6590315, y=-57, z=13818068} previousReturn=Block{antikytheramechanism:mechanism_frame}[connected_down=false,connected_east=false,connected_north=false,connected_south=false,connected_up=false,connected_west=false,empty=false,facing=north] actual=Block{antikytheramechanism:mechanism_frame}[connected_down=false,connected_east=false,connected_north=false,connected_south=false,connected_up=false,connected_west=false,empty=true,facing=north] destinationTransition=false receiver=288545702 resolved=288545702 sameChunk=true
[10:15:58] [Server thread/DEBUG] [de.an.AntikytheraMechanism/]: Frame onRemove at BlockPos{x=6590315, y=-57, z=13818068} movedByPiston=false relocationJournal=false
[10:15:58] [Server thread/WARN] [de.an.AntikytheraMechanism/]: Managed Sable SubLevel adae23b1-309b-4a18-b945-782602a29e38 for assembly 87d75ab9-1449-48df-9447-272b99bcf171 was removed (REMOVED)
[10:15:58] [Server thread/WARN] [de.an.AntikytheraMechanism/]: Managed Sable SubLevel c519731f-25d9-45f1-89ce-227df28fae3d for assembly b029f859-95fa-477e-a80b-ae275e39ffbc was removed (REMOVED)
[10:15:58] [Server thread/WARN] [de.an.AntikytheraMechanism/]: Managed Sable SubLevel 677cbb5c-5d1b-4e80-892d-3e7aa45a6746 for assembly f0fed5ed-c4d8-4a40-9b2b-6f94b8ef8093 was removed (REMOVED)
[10:15:58] [Server thread/INFO] [minecraft/GameTestServer]: [+++++++++++++++++++++++++++++++++++++++++++++++++++++++++++++++ _++++++  +++++         ]
[10:15:58] [Server thread/ERROR] [de.an.AntikytheraMechanism/]: [HOST-WRITE-DIAG] HEAD pos=BlockPos{x=6590389, y=-57, z=13818068} before=Block{antikytheramechanism:mechanism_frame}[connected_down=false,connected_east=false,connected_north=false,connected_south=false,connected_up=false,connected_west=false,empty=false,facing=west] requested=Block{antikytheramechanism:mechanism_frame}[connected_down=false,connected_east=false,connected_north=false,connected_south=false,connected_up=false,connected_west=false,empty=true,facing=west] moving=false destinationTransition=false allowed=true receiver=778102878 resolved=778102878 sameChunk=true containing=ROOT
[10:15:58] [Server thread/ERROR] [de.an.AntikytheraMechanism/]: [HOST-WRITE-DIAG] RETURN pos=BlockPos{x=6590389, y=-57, z=13818068} previousReturn=Block{antikytheramechanism:mechanism_frame}[connected_down=false,connected_east=false,connected_north=false,connected_south=false,connected_up=false,connected_west=false,empty=false,facing=west] actual=Block{antikytheramechanism:mechanism_frame}[connected_down=false,connected_east=false,connected_north=false,connected_south=false,connected_up=false,connected_west=false,empty=true,facing=west] destinationTransition=false receiver=778102878 resolved=778102878 sameChunk=true
[10:15:58] [Server thread/ERROR] [de.an.AntikytheraMechanism/]: [HOST-WRITE-DIAG] HEAD pos=BlockPos{x=6590537, y=-57, z=13818052} before=Block{antikytheramechanism:mechanism_frame}[connected_down=false,connected_east=false,connected_north=false,connected_south=false,connected_up=false,connected_west=false,empty=false,facing=north] requested=Block{antikytheramechanism:mechanism_frame}[connected_down=false,connected_east=false,connected_north=false,connected_south=false,connected_up=false,connected_west=false,empty=true,facing=north] moving=false destinationTransition=false allowed=true receiver=1136263661 resolved=1136263661 sameChunk=true containing=ROOT
[10:15:58] [Server thread/ERROR] [de.an.AntikytheraMechanism/]: [HOST-WRITE-DIAG] RETURN pos=BlockPos{x=6590537, y=-57, z=13818052} previousReturn=Block{antikytheramechanism:mechanism_frame}[connected_down=false,connected_east=false,connected_north=false,connected_south=false,connected_up=false,connected_west=false,empty=false,facing=north] actual=Block{antikytheramechanism:mechanism_frame}[connected_down=false,connected_east=false,connected_north=false,connected_south=false,connected_up=false,connected_west=false,empty=true,facing=north] destinationTransition=false receiver=1136263661 resolved=1136263661 sameChunk=true
[10:15:58] [Server thread/ERROR] [de.an.AntikytheraMechanism/]: [HOST-WRITE-DIAG] HEAD pos=BlockPos{x=6590389, y=-57, z=13818090} before=Block{antikytheramechanism:mechanism_frame}[connected_down=false,connected_east=false,connected_north=false,connected_south=false,connected_up=false,connected_west=false,empty=false,facing=east] requested=Block{antikytheramechanism:mechanism_frame}[connected_down=false,connected_east=false,connected_north=false,connected_south=false,connected_up=false,connected_west=false,empty=true,facing=east] moving=false destinationTransition=false allowed=true receiver=2043915491 resolved=2043915491 sameChunk=true containing=ROOT
[10:15:58] [Server thread/ERROR] [de.an.AntikytheraMechanism/]: [HOST-WRITE-DIAG] RETURN pos=BlockPos{x=6590389, y=-57, z=13818090} previousReturn=Block{antikytheramechanism:mechanism_frame}[connected_down=false,connected_east=false,connected_north=false,connected_south=false,connected_up=false,connected_west=false,empty=false,facing=east] actual=Block{antikytheramechanism:mechanism_frame}[connected_down=false,connected_east=false,connected_north=false,connected_south=false,connected_up=false,connected_west=false,empty=true,facing=east] destinationTransition=false receiver=2043915491 resolved=2043915491 sameChunk=true
[10:15:58] [Server thread/ERROR] [de.an.AntikytheraMechanism/]: [HOST-WRITE-DIAG] HEAD pos=BlockPos{x=6590501, y=-57, z=13818098} before=Block{antikytheramechanism:mechanism_frame}[connected_down=false,connected_east=false,connected_north=false,connected_south=false,connected_up=false,connected_west=true,empty=false,facing=north] requested=Block{antikytheramechanism:mechanism_frame}[connected_down=false,connected_east=false,connected_north=false,connected_south=false,connected_up=false,connected_west=true,empty=true,facing=north] moving=false destinationTransition=false allowed=true receiver=389363361 resolved=389363361 sameChunk=true containing=ROOT
[10:15:58] [Server thread/ERROR] [de.an.AntikytheraMechanism/]: [HOST-WRITE-DIAG] RETURN pos=BlockPos{x=6590501, y=-57, z=13818098} previousReturn=Block{antikytheramechanism:mechanism_frame}[connected_down=false,connected_east=false,connected_north=false,connected_south=false,connected_up=false,connected_west=true,empty=false,facing=north] actual=Block{antikytheramechanism:mechanism_frame}[connected_down=false,connected_east=false,connected_north=false,connected_south=false,connected_up=false,connected_west=true,empty=true,facing=north] destinationTransition=false receiver=389363361 resolved=389363361 sameChunk=true
[10:15:58] [Server thread/ERROR] [de.an.AntikytheraMechanism/]: [HOST-WRITE-DIAG] HEAD pos=BlockPos{x=6590426, y=-57, z=13818024} before=Block{antikytheramechanism:mechanism_frame}[connected_down=false,connected_east=false,connected_north=false,connected_south=false,connected_up=false,connected_west=false,empty=false,facing=west] requested=Block{antikytheramechanism:mechanism_frame}[connected_down=false,connected_east=false,connected_north=false,connected_south=false,connected_up=false,connected_west=false,empty=true,facing=west] moving=false destinationTransition=false allowed=true receiver=1903423465 resolved=1903423465 sameChunk=true containing=ROOT
[10:15:58] [Server thread/ERROR] [de.an.AntikytheraMechanism/]: [HOST-WRITE-DIAG] RETURN pos=BlockPos{x=6590426, y=-57, z=13818024} previousReturn=Block{antikytheramechanism:mechanism_frame}[connected_down=false,connected_east=false,connected_north=false,connected_south=false,connected_up=false,connected_west=false,empty=false,facing=west] actual=Block{antikytheramechanism:mechanism_frame}[connected_down=false,connected_east=false,connected_north=false,connected_south=false,connected_up=false,connected_west=false,empty=true,facing=west] destinationTransition=false receiver=1903423465 resolved=1903423465 sameChunk=true
[10:15:58] [Server thread/ERROR] [de.an.AntikytheraMechanism/]: [HOST-WRITE-DIAG] HEAD pos=BlockPos{x=6590352, y=-57, z=13818046} before=Block{antikytheramechanism:mechanism_frame}[connected_down=false,connected_east=false,connected_north=false,connected_south=false,connected_up=false,connected_west=false,empty=false,facing=east] requested=Block{antikytheramechanism:mechanism_frame}[connected_down=false,connected_east=false,connected_north=false,connected_south=false,connected_up=false,connected_west=false,empty=true,facing=east] moving=false destinationTransition=false allowed=true receiver=1041481999 resolved=1041481999 sameChunk=true containing=ROOT
[10:15:58] [Server thread/ERROR] [de.an.AntikytheraMechanism/]: [HOST-WRITE-DIAG] RETURN pos=BlockPos{x=6590352, y=-57, z=13818046} previousReturn=Block{antikytheramechanism:mechanism_frame}[connected_down=false,connected_east=false,connected_north=false,connected_south=false,connected_up=false,connected_west=false,empty=false,facing=east] actual=Block{antikytheramechanism:mechanism_frame}[connected_down=false,connected_east=false,connected_north=false,connected_south=false,connected_up=false,connected_west=false,empty=true,facing=east] destinationTransition=false receiver=1041481999 resolved=1041481999 sameChunk=true
[10:15:58] [Server thread/ERROR] [de.an.AntikytheraMechanism/]: [HOST-WRITE-DIAG] HEAD pos=BlockPos{x=6590539, y=-57, z=13818052} before=Block{antikytheramechanism:mechanism_frame}[connected_down=false,connected_east=false,connected_north=false,connected_south=false,connected_up=false,connected_west=false,empty=false,facing=north] requested=Block{antikytheramechanism:mechanism_frame}[connected_down=false,connected_east=false,connected_north=false,connected_south=false,connected_up=false,connected_west=false,empty=true,facing=north] moving=false destinationTransition=false allowed=true receiver=1136263661 resolved=1136263661 sameChunk=true containing=ROOT
[10:15:58] [Server thread/ERROR] [de.an.AntikytheraMechanism/]: [HOST-WRITE-DIAG] RETURN pos=BlockPos{x=6590539, y=-57, z=13818052} previousReturn=Block{antikytheramechanism:mechanism_frame}[connected_down=false,connected_east=false,connected_north=false,connected_south=false,connected_up=false,connected_west=false,empty=false,facing=north] actual=Block{antikytheramechanism:mechanism_frame}[connected_down=false,connected_east=false,connected_north=false,connected_south=false,connected_up=false,connected_west=false,empty=true,facing=north] destinationTransition=false receiver=1136263661 resolved=1136263661 sameChunk=true
[10:15:58] [Server thread/ERROR] [de.an.AntikytheraMechanism/]: [HOST-WRITE-DIAG] HEAD pos=BlockPos{x=6590498, y=-57, z=13818098} before=Block{antikytheramechanism:mechanism_frame}[connected_down=false,connected_east=false,connected_north=false,connected_south=false,connected_up=false,connected_west=false,empty=true,facing=north] requested=Block{antikytheramechanism:mechanism_frame}[connected_down=false,connected_east=false,connected_north=false,connected_south=false,connected_up=false,connected_west=false,empty=false,facing=north] moving=false destinationTransition=false allowed=true receiver=389363361 resolved=389363361 sameChunk=true containing=ROOT
[10:15:58] [Server thread/ERROR] [de.an.AntikytheraMechanism/]: [HOST-WRITE-DIAG] RETURN pos=BlockPos{x=6590498, y=-57, z=13818098} previousReturn=Block{antikytheramechanism:mechanism_frame}[connected_down=false,connected_east=false,connected_north=false,connected_south=false,connected_up=false,connected_west=false,empty=true,facing=north] actual=Block{antikytheramechanism:mechanism_frame}[connected_down=false,connected_east=false,connected_north=false,connected_south=false,connected_up=false,connected_west=false,empty=false,facing=north] destinationTransition=false receiver=389363361 resolved=389363361 sameChunk=true
[10:15:58] [Server thread/ERROR] [de.an.AntikytheraMechanism/]: [HOST-WRITE-DIAG] HEAD pos=BlockPos{x=6590572, y=-58, z=13818044} before=Block{minecraft:air} requested=Block{antikytheramechanism:mechanism_frame}[connected_down=false,connected_east=false,connected_north=false,connected_south=false,connected_up=false,connected_west=false,empty=true,facing=north] moving=false destinationTransition=false allowed=true receiver=2066662071 resolved=2066662071 sameChunk=true containing=ROOT
[10:15:58] [Server thread/WARN] [de.an.AntikytheraMechanism/]: [FREEZE-WATCHDOG] Armed 30s after Mechanism Frame placement at BlockPos{x=6590572, y=-58, z=13818044} in minecraft:overworld on thread Server thread (stall threshold=2000ms, generation=98)
[10:15:58] [Server thread/ERROR] [de.an.AntikytheraMechanism/]: [HOST-WRITE-DIAG] RETURN pos=BlockPos{x=6590572, y=-58, z=13818044} previousReturn=Block{minecraft:air} actual=Block{antikytheramechanism:mechanism_frame}[connected_down=false,connected_east=false,connected_north=false,connected_south=false,connected_up=false,connected_west=false,empty=true,facing=north] destinationTransition=false receiver=2066662071 resolved=2066662071 sameChunk=true
[10:15:58] [Server thread/ERROR] [de.an.AntikytheraMechanism/]: [HOST-WRITE-DIAG] HEAD pos=BlockPos{x=6590573, y=-58, z=13818044} before=Block{minecraft:air} requested=Block{antikytheramechanism:mechanism_frame}[connected_down=false,connected_east=false,connected_north=false,connected_south=false,connected_up=false,connected_west=false,empty=true,facing=east] moving=false destinationTransition=false allowed=true receiver=2066662071 resolved=2066662071 sameChunk=true containing=ROOT
[10:15:58] [Server thread/WARN] [de.an.AntikytheraMechanism/]: [FREEZE-WATCHDOG] Armed 30s after Mechanism Frame placement at BlockPos{x=6590573, y=-58, z=13818044} in minecraft:overworld on thread Server thread (stall threshold=2000ms, generation=99)
[10:15:58] [Server thread/ERROR] [de.an.AntikytheraMechanism/]: [HOST-WRITE-DIAG] RETURN pos=BlockPos{x=6590573, y=-58, z=13818044} previousReturn=Block{minecraft:air} actual=Block{antikytheramechanism:mechanism_frame}[connected_down=false,connected_east=false,connected_north=false,connected_south=false,connected_up=false,connected_west=false,empty=true,facing=east] destinationTransition=false receiver=2066662071 resolved=2066662071 sameChunk=true
[10:15:58] [Server thread/DEBUG] [de.an.AntikytheraMechanism/]: Staged Sable SubLevel c8f40bfa-db64-42be-99bb-a3139e064eb3 for content in assembly a6d71865-0f70-4175-a5dc-553cc3015d8c
[10:15:58] [Server thread/DEBUG] [de.an.AntikytheraMechanism/]: Staged Sable SubLevel 6cffb190-277f-44a7-b0e7-73591f2b31c4 for content in assembly 4d0e67c9-daff-4394-a5aa-f4418fe2dc5c
[10:15:58] [Server thread/WARN] [de.an.AntikytheraMechanism/]: Managed Sable SubLevel c8f40bfa-db64-42be-99bb-a3139e064eb3 for assembly a6d71865-0f70-4175-a5dc-553cc3015d8c was removed (REMOVED)
[10:15:58] [Server thread/ERROR] [de.an.AntikytheraMechanism/]: [HOST-WRITE-DIAG] HEAD pos=BlockPos{x=6590574, y=-57, z=13818068} before=Block{minecraft:air} requested=Block{antikytheramechanism:mechanism_frame}[connected_down=false,connected_east=false,connected_north=false,connected_south=false,connected_up=false,connected_west=false,empty=true,facing=north] moving=false destinationTransition=false allowed=true receiver=981962846 resolved=981962846 sameChunk=true containing=ROOT
[10:15:58] [Server thread/WARN] [de.an.AntikytheraMechanism/]: [FREEZE-WATCHDOG] Armed 30s after Mechanism Frame placement at BlockPos{x=6590574, y=-57, z=13818068} in minecraft:overworld on thread Server thread (stall threshold=2000ms, generation=100)
[10:15:58] [Server thread/ERROR] [de.an.AntikytheraMechanism/]: [HOST-WRITE-DIAG] RETURN pos=BlockPos{x=6590574, y=-57, z=13818068} previousReturn=Block{minecraft:air} actual=Block{antikytheramechanism:mechanism_frame}[connected_down=false,connected_east=false,connected_north=false,connected_south=false,connected_up=false,connected_west=false,empty=true,facing=north] destinationTransition=false receiver=981962846 resolved=981962846 sameChunk=true
[10:15:58] [Server thread/DEBUG] [de.an.AntikytheraMechanism/]: Staged Sable SubLevel 056597ca-5552-4c9d-bdb7-ad60e2b9f9d0 for content in assembly 0d84b738-a434-4c67-a3b8-19f9fe3b43dd
[10:15:58] [Server thread/DEBUG] [mixin/]: Mixing death_message.CombatTrackerMixin from sable.mixins.json into net.minecraft.world.damagesource.CombatTracker
[10:15:58] [Server thread/ERROR] [de.an.AntikytheraMechanism/]: [HOST-WRITE-DIAG] HEAD pos=BlockPos{x=6590313, y=-57, z=13818089} before=Block{minecraft:air} requested=Block{antikytheramechanism:mechanism_frame}[connected_down=false,connected_east=false,connected_north=false,connected_south=false,connected_up=false,connected_west=false,empty=true,facing=north] moving=false destinationTransition=false allowed=true receiver=1029474885 resolved=1029474885 sameChunk=true containing=ROOT
[10:15:58] [Server thread/WARN] [de.an.AntikytheraMechanism/]: [FREEZE-WATCHDOG] Armed 30s after Mechanism Frame placement at BlockPos{x=6590313, y=-57, z=13818089} in minecraft:overworld on thread Server thread (stall threshold=2000ms, generation=101)
[10:15:58] [Server thread/ERROR] [de.an.AntikytheraMechanism/]: [HOST-WRITE-DIAG] RETURN pos=BlockPos{x=6590313, y=-57, z=13818089} previousReturn=Block{minecraft:air} actual=Block{antikytheramechanism:mechanism_frame}[connected_down=false,connected_east=false,connected_north=false,connected_south=false,connected_up=false,connected_west=false,empty=true,facing=north] destinationTransition=false receiver=1029474885 resolved=1029474885 sameChunk=true
[10:15:58] [Server thread/ERROR] [de.an.AntikytheraMechanism/]: [HOST-WRITE-DIAG] HEAD pos=BlockPos{x=6590314, y=-57, z=13818089} before=Block{minecraft:air} requested=Block{antikytheramechanism:mechanism_frame}[connected_down=false,connected_east=false,connected_north=false,connected_south=false,connected_up=false,connected_west=false,empty=true,facing=north] moving=false destinationTransition=false allowed=true receiver=1029474885 resolved=1029474885 sameChunk=true containing=ROOT
[10:15:58] [Server thread/WARN] [de.an.AntikytheraMechanism/]: [FREEZE-WATCHDOG] Armed 30s after Mechanism Frame placement at BlockPos{x=6590314, y=-57, z=13818089} in minecraft:overworld on thread Server thread (stall threshold=2000ms, generation=102)
[10:15:58] [Server thread/ERROR] [de.an.AntikytheraMechanism/]: [HOST-WRITE-DIAG] RETURN pos=BlockPos{x=6590314, y=-57, z=13818089} previousReturn=Block{minecraft:air} actual=Block{antikytheramechanism:mechanism_frame}[connected_down=false,connected_east=false,connected_north=false,connected_south=false,connected_up=false,connected_west=false,empty=true,facing=north] destinationTransition=false receiver=1029474885 resolved=1029474885 sameChunk=true
[10:15:58] [Server thread/ERROR] [de.an.AntikytheraMechanism/]: [HOST-WRITE-DIAG] HEAD pos=BlockPos{x=6590313, y=-57, z=13818089} before=Block{antikytheramechanism:mechanism_frame}[connected_down=false,connected_east=false,connected_north=false,connected_south=false,connected_up=false,connected_west=false,empty=true,facing=north] requested=Block{antikytheramechanism:mechanism_frame}[connected_down=false,connected_east=true,connected_north=false,connected_south=false,connected_up=false,connected_west=false,empty=true,facing=north] moving=false destinationTransition=false allowed=true receiver=1029474885 resolved=1029474885 sameChunk=true containing=ROOT
[10:15:58] [Server thread/ERROR] [de.an.AntikytheraMechanism/]: [HOST-WRITE-DIAG] RETURN pos=BlockPos{x=6590313, y=-57, z=13818089} previousReturn=Block{antikytheramechanism:mechanism_frame}[connected_down=false,connected_east=false,connected_north=false,connected_south=false,connected_up=false,connected_west=false,empty=true,facing=north] actual=Block{antikytheramechanism:mechanism_frame}[connected_down=false,connected_east=true,connected_north=false,connected_south=false,connected_up=false,connected_west=false,empty=true,facing=north] destinationTransition=false receiver=1029474885 resolved=1029474885 sameChunk=true
[10:15:58] [Server thread/ERROR] [de.an.AntikytheraMechanism/]: [HOST-WRITE-DIAG] HEAD pos=BlockPos{x=6590314, y=-57, z=13818089} before=Block{antikytheramechanism:mechanism_frame}[connected_down=false,connected_east=false,connected_north=false,connected_south=false,connected_up=false,connected_west=false,empty=true,facing=north] requested=Block{antikytheramechanism:mechanism_frame}[connected_down=false,connected_east=false,connected_north=false,connected_south=false,connected_up=false,connected_west=true,empty=true,facing=north] moving=false destinationTransition=false allowed=true receiver=1029474885 resolved=1029474885 sameChunk=true containing=ROOT
[10:15:58] [Server thread/ERROR] [de.an.AntikytheraMechanism/]: [HOST-WRITE-DIAG] RETURN pos=BlockPos{x=6590314, y=-57, z=13818089} previousReturn=Block{antikytheramechanism:mechanism_frame}[connected_down=false,connected_east=false,connected_north=false,connected_south=false,connected_up=false,connected_west=false,empty=true,facing=north] actual=Block{antikytheramechanism:mechanism_frame}[connected_down=false,connected_east=false,connected_north=false,connected_south=false,connected_up=false,connected_west=true,empty=true,facing=north] destinationTransition=false receiver=1029474885 resolved=1029474885 sameChunk=true
[10:15:58] [Server thread/ERROR] [de.an.AntikytheraMechanism/]: [HOST-WRITE-DIAG] HEAD pos=BlockPos{x=6590315, y=-57, z=13818089} before=Block{minecraft:air} requested=Block{antikytheramechanism:mechanism_frame}[connected_down=false,connected_east=false,connected_north=false,connected_south=false,connected_up=false,connected_west=false,empty=true,facing=north] moving=false destinationTransition=false allowed=true receiver=1029474885 resolved=1029474885 sameChunk=true containing=ROOT
[10:15:58] [Server thread/WARN] [de.an.AntikytheraMechanism/]: [FREEZE-WATCHDOG] Armed 30s after Mechanism Frame placement at BlockPos{x=6590315, y=-57, z=13818089} in minecraft:overworld on thread Server thread (stall threshold=2000ms, generation=103)
[10:15:58] [Server thread/ERROR] [de.an.AntikytheraMechanism/]: [HOST-WRITE-DIAG] RETURN pos=BlockPos{x=6590315, y=-57, z=13818089} previousReturn=Block{minecraft:air} actual=Block{antikytheramechanism:mechanism_frame}[connected_down=false,connected_east=false,connected_north=false,connected_south=false,connected_up=false,connected_west=false,empty=true,facing=north] destinationTransition=false receiver=1029474885 resolved=1029474885 sameChunk=true
[10:15:58] [Server thread/ERROR] [de.an.AntikytheraMechanism/]: [HOST-WRITE-DIAG] HEAD pos=BlockPos{x=6590314, y=-57, z=13818089} before=Block{antikytheramechanism:mechanism_frame}[connected_down=false,connected_east=false,connected_north=false,connected_south=false,connected_up=false,connected_west=true,empty=true,facing=north] requested=Block{antikytheramechanism:mechanism_frame}[connected_down=false,connected_east=true,connected_north=false,connected_south=false,connected_up=false,connected_west=true,empty=true,facing=north] moving=false destinationTransition=false allowed=true receiver=1029474885 resolved=1029474885 sameChunk=true containing=ROOT
[10:15:58] [Server thread/ERROR] [de.an.AntikytheraMechanism/]: [HOST-WRITE-DIAG] RETURN pos=BlockPos{x=6590314, y=-57, z=13818089} previousReturn=Block{antikytheramechanism:mechanism_frame}[connected_down=false,connected_east=false,connected_north=false,connected_south=false,connected_up=false,connected_west=true,empty=true,facing=north] actual=Block{antikytheramechanism:mechanism_frame}[connected_down=false,connected_east=true,connected_north=false,connected_south=false,connected_up=false,connected_west=true,empty=true,facing=north] destinationTransition=false receiver=1029474885 resolved=1029474885 sameChunk=true
[10:15:58] [Server thread/ERROR] [de.an.AntikytheraMechanism/]: [HOST-WRITE-DIAG] HEAD pos=BlockPos{x=6590315, y=-57, z=13818089} before=Block{antikytheramechanism:mechanism_frame}[connected_down=false,connected_east=false,connected_north=false,connected_south=false,connected_up=false,connected_west=false,empty=true,facing=north] requested=Block{antikytheramechanism:mechanism_frame}[connected_down=false,connected_east=false,connected_north=false,connected_south=false,connected_up=false,connected_west=true,empty=true,facing=north] moving=false destinationTransition=false allowed=true receiver=1029474885 resolved=1029474885 sameChunk=true containing=ROOT
[10:15:58] [Server thread/ERROR] [de.an.AntikytheraMechanism/]: [HOST-WRITE-DIAG] RETURN pos=BlockPos{x=6590315, y=-57, z=13818089} previousReturn=Block{antikytheramechanism:mechanism_frame}[connected_down=false,connected_east=false,connected_north=false,connected_south=false,connected_up=false,connected_west=false,empty=true,facing=north] actual=Block{antikytheramechanism:mechanism_frame}[connected_down=false,connected_east=false,connected_north=false,connected_south=false,connected_up=false,connected_west=true,empty=true,facing=north] destinationTransition=false receiver=1029474885 resolved=1029474885 sameChunk=true
[10:15:58] [Server thread/DEBUG] [de.an.AntikytheraMechanism/]: Staged Sable SubLevel c80cdabb-29d2-49fc-bf6d-54e3b40d1a07 for content in assembly e91b99b6-e977-45e6-9d7e-91e36cdcea67
[10:15:58] [Server thread/DEBUG] [de.an.AntikytheraMechanism/]: Frame onRemove at BlockPos{x=6590313, y=-57, z=13818089} movedByPiston=false relocationJournal=true
[10:15:58] [Server thread/ERROR] [de.an.AntikytheraMechanism/]: [HOST-WRITE-DIAG] HEAD pos=BlockPos{x=6590314, y=-57, z=13818089} before=Block{antikytheramechanism:mechanism_frame}[connected_down=false,connected_east=true,connected_north=false,connected_south=false,connected_up=false,connected_west=true,empty=true,facing=north] requested=Block{antikytheramechanism:mechanism_frame}[connected_down=false,connected_east=true,connected_north=false,connected_south=false,connected_up=false,connected_west=false,empty=true,facing=north] moving=false destinationTransition=false allowed=true receiver=1029474885 resolved=1029474885 sameChunk=true containing=ROOT
[10:15:58] [Server thread/ERROR] [de.an.AntikytheraMechanism/]: [HOST-WRITE-DIAG] RETURN pos=BlockPos{x=6590314, y=-57, z=13818089} previousReturn=Block{antikytheramechanism:mechanism_frame}[connected_down=false,connected_east=true,connected_north=false,connected_south=false,connected_up=false,connected_west=true,empty=true,facing=north] actual=Block{antikytheramechanism:mechanism_frame}[connected_down=false,connected_east=true,connected_north=false,connected_south=false,connected_up=false,connected_west=false,empty=true,facing=north] destinationTransition=false receiver=1029474885 resolved=1029474885 sameChunk=true
[10:15:58] [Server thread/DEBUG] [de.an.AntikytheraMechanism/]: Frame onRemove at BlockPos{x=6590314, y=-57, z=13818089} movedByPiston=false relocationJournal=true
[10:15:58] [Server thread/ERROR] [de.an.AntikytheraMechanism/]: [HOST-WRITE-DIAG] HEAD pos=BlockPos{x=6590315, y=-57, z=13818089} before=Block{antikytheramechanism:mechanism_frame}[connected_down=false,connected_east=false,connected_north=false,connected_south=false,connected_up=false,connected_west=true,empty=true,facing=north] requested=Block{antikytheramechanism:mechanism_frame}[connected_down=false,connected_east=false,connected_north=false,connected_south=false,connected_up=false,connected_west=false,empty=true,facing=north] moving=false destinationTransition=false allowed=true receiver=1029474885 resolved=1029474885 sameChunk=true containing=ROOT
[10:15:58] [Server thread/ERROR] [de.an.AntikytheraMechanism/]: [HOST-WRITE-DIAG] RETURN pos=BlockPos{x=6590315, y=-57, z=13818089} previousReturn=Block{antikytheramechanism:mechanism_frame}[connected_down=false,connected_east=false,connected_north=false,connected_south=false,connected_up=false,connected_west=true,empty=true,facing=north] actual=Block{antikytheramechanism:mechanism_frame}[connected_down=false,connected_east=false,connected_north=false,connected_south=false,connected_up=false,connected_west=false,empty=true,facing=north] destinationTransition=false receiver=1029474885 resolved=1029474885 sameChunk=true
[10:15:58] [Server thread/DEBUG] [de.an.AntikytheraMechanism/]: Frame onRemove at BlockPos{x=6590315, y=-57, z=13818089} movedByPiston=false relocationJournal=true
[10:15:58] [Server thread/ERROR] [de.an.AntikytheraMechanism/]: [HOST-WRITE-DIAG] HEAD pos=BlockPos{x=6590319, y=-57, z=13818089} before=Block{minecraft:air} requested=Block{antikytheramechanism:mechanism_frame}[connected_down=false,connected_east=false,connected_north=false,connected_south=false,connected_up=false,connected_west=false,empty=true,facing=south] moving=false destinationTransition=false allowed=true receiver=1029474885 resolved=1029474885 sameChunk=true containing=ROOT
[10:15:58] [Server thread/ERROR] [de.an.AntikytheraMechanism/]: [HOST-WRITE-DIAG] RETURN pos=BlockPos{x=6590319, y=-57, z=13818089} previousReturn=Block{minecraft:air} actual=Block{antikytheramechanism:mechanism_frame}[connected_down=false,connected_east=false,connected_north=false,connected_south=false,connected_up=false,connected_west=false,empty=true,facing=south] destinationTransition=false receiver=1029474885 resolved=1029474885 sameChunk=true
[10:15:58] [Server thread/ERROR] [de.an.AntikytheraMechanism/]: [HOST-WRITE-DIAG] HEAD pos=BlockPos{x=6590317, y=-57, z=13818089} before=Block{minecraft:air} requested=Block{antikytheramechanism:mechanism_frame}[connected_down=false,connected_east=false,connected_north=false,connected_south=false,connected_up=false,connected_west=false,empty=true,facing=south] moving=false destinationTransition=false allowed=true receiver=1029474885 resolved=1029474885 sameChunk=true containing=ROOT
[10:15:58] [Server thread/ERROR] [de.an.AntikytheraMechanism/]: [HOST-WRITE-DIAG] RETURN pos=BlockPos{x=6590317, y=-57, z=13818089} previousReturn=Block{minecraft:air} actual=Block{antikytheramechanism:mechanism_frame}[connected_down=false,connected_east=false,connected_north=false,connected_south=false,connected_up=false,connected_west=false,empty=true,facing=south] destinationTransition=false receiver=1029474885 resolved=1029474885 sameChunk=true
[10:15:58] [Server thread/DEBUG] [de.an.AntikytheraMechanism/]: Staged Sable SubLevel 6f5a4092-eea8-4bad-8afe-4e6e4b514467 for content in assembly 8c204185-7720-4e9d-b196-ace875a4d2b9
[10:15:58] [Server thread/DEBUG] [de.an.AntikytheraMechanism/]: Staged Sable SubLevel 6901e769-a82c-4a2c-a85f-a7f7e8035937 for content in assembly a103e3b2-3295-4efc-b4cf-15987c818229
[10:15:58] [Server thread/WARN] [de.an.AntikytheraMechanism/]: Managed Sable SubLevel 6901e769-a82c-4a2c-a85f-a7f7e8035937 for assembly a103e3b2-3295-4efc-b4cf-15987c818229 was removed (REMOVED)
[10:15:58] [Server thread/ERROR] [de.an.AntikytheraMechanism/]: [HOST-WRITE-DIAG] HEAD pos=BlockPos{x=6590317, y=-57, z=13818089} before=Block{antikytheramechanism:mechanism_frame}[connected_down=false,connected_east=false,connected_north=false,connected_south=false,connected_up=false,connected_west=false,empty=true,facing=south] requested=Block{antikytheramechanism:mechanism_frame}[connected_down=false,connected_east=false,connected_north=false,connected_south=false,connected_up=false,connected_west=false,empty=false,facing=south] moving=false destinationTransition=false allowed=true receiver=1029474885 resolved=1029474885 sameChunk=true containing=ROOT
[10:15:58] [Server thread/ERROR] [de.an.AntikytheraMechanism/]: [HOST-WRITE-DIAG] RETURN pos=BlockPos{x=6590317, y=-57, z=13818089} previousReturn=Block{antikytheramechanism:mechanism_frame}[connected_down=false,connected_east=false,connected_north=false,connected_south=false,connected_up=false,connected_west=false,empty=true,facing=south] actual=Block{antikytheramechanism:mechanism_frame}[connected_down=false,connected_east=false,connected_north=false,connected_south=false,connected_up=false,connected_west=false,empty=false,facing=south] destinationTransition=false receiver=1029474885 resolved=1029474885 sameChunk=true
[10:15:58] [Server thread/DEBUG] [de.an.AntikytheraMechanism/]: Rebased assembly e91b99b6-e977-45e6-9d7e-91e36cdcea67 after topology change: stale origin BlockPos{x=6590319, y=-57, z=13818089} -> BlockPos{x=6590317, y=-57, z=13818089} over 1 retained Frames
[10:15:58] [Server thread/ERROR] [de.an.AntikytheraMechanism/]: [HOST-WRITE-DIAG] HEAD pos=BlockPos{x=6590319, y=-57, z=13818089} before=Block{antikytheramechanism:mechanism_frame}[connected_down=false,connected_east=false,connected_north=false,connected_south=false,connected_up=false,connected_west=false,empty=true,facing=south] requested=Block{antikytheramechanism:mechanism_frame}[connected_down=false,connected_east=false,connected_north=false,connected_south=false,connected_up=false,connected_west=false,empty=false,facing=south] moving=false destinationTransition=false allowed=true receiver=1029474885 resolved=1029474885 sameChunk=true containing=ROOT
[10:15:58] [Server thread/ERROR] [de.an.AntikytheraMechanism/]: [HOST-WRITE-DIAG] RETURN pos=BlockPos{x=6590319, y=-57, z=13818089} previousReturn=Block{antikytheramechanism:mechanism_frame}[connected_down=false,connected_east=false,connected_north=false,connected_south=false,connected_up=false,connected_west=false,empty=true,facing=south] actual=Block{antikytheramechanism:mechanism_frame}[connected_down=false,connected_east=false,connected_north=false,connected_south=false,connected_up=false,connected_west=false,empty=false,facing=south] destinationTransition=false receiver=1029474885 resolved=1029474885 sameChunk=true
[10:15:58] [Server thread/ERROR] [de.an.AntikytheraMechanism/]: [HOST-WRITE-DIAG] HEAD pos=BlockPos{x=6590574, y=-57, z=13818090} before=Block{minecraft:air} requested=Block{antikytheramechanism:mechanism_frame}[connected_down=false,connected_east=false,connected_north=false,connected_south=false,connected_up=false,connected_west=false,empty=true,facing=north] moving=false destinationTransition=false allowed=true receiver=1882361912 resolved=1882361912 sameChunk=true containing=ROOT
[10:15:58] [Server thread/WARN] [de.an.AntikytheraMechanism/]: [FREEZE-WATCHDOG] Armed 30s after Mechanism Frame placement at BlockPos{x=6590574, y=-57, z=13818090} in minecraft:overworld on thread Server thread (stall threshold=2000ms, generation=104)
[10:15:58] [Server thread/ERROR] [de.an.AntikytheraMechanism/]: [HOST-WRITE-DIAG] RETURN pos=BlockPos{x=6590574, y=-57, z=13818090} previousReturn=Block{minecraft:air} actual=Block{antikytheramechanism:mechanism_frame}[connected_down=false,connected_east=false,connected_north=false,connected_south=false,connected_up=false,connected_west=false,empty=true,facing=north] destinationTransition=false receiver=1882361912 resolved=1882361912 sameChunk=true
[10:15:58] [Server thread/ERROR] [de.an.AntikytheraMechanism/]: [HOST-WRITE-DIAG] HEAD pos=BlockPos{x=6590573, y=-57, z=13818090} before=Block{minecraft:air} requested=Block{antikytheramechanism:mechanism_frame}[connected_down=false,connected_east=false,connected_north=false,connected_south=false,connected_up=false,connected_west=false,empty=true,facing=north] moving=false destinationTransition=false allowed=true receiver=1882361912 resolved=1882361912 sameChunk=true containing=ROOT
[10:15:58] [Server thread/WARN] [de.an.AntikytheraMechanism/]: [FREEZE-WATCHDOG] Armed 30s after Mechanism Frame placement at BlockPos{x=6590573, y=-57, z=13818090} in minecraft:overworld on thread Server thread (stall threshold=2000ms, generation=105)
[10:15:58] [Server thread/ERROR] [de.an.AntikytheraMechanism/]: [HOST-WRITE-DIAG] RETURN pos=BlockPos{x=6590573, y=-57, z=13818090} previousReturn=Block{minecraft:air} actual=Block{antikytheramechanism:mechanism_frame}[connected_down=false,connected_east=false,connected_north=false,connected_south=false,connected_up=false,connected_west=false,empty=true,facing=north] destinationTransition=false receiver=1882361912 resolved=1882361912 sameChunk=true
[10:15:58] [Server thread/ERROR] [de.an.AntikytheraMechanism/]: [HOST-WRITE-DIAG] HEAD pos=BlockPos{x=6590574, y=-57, z=13818090} before=Block{antikytheramechanism:mechanism_frame}[connected_down=false,connected_east=false,connected_north=false,connected_south=false,connected_up=false,connected_west=false,empty=true,facing=north] requested=Block{antikytheramechanism:mechanism_frame}[connected_down=false,connected_east=false,connected_north=false,connected_south=false,connected_up=false,connected_west=true,empty=true,facing=north] moving=false destinationTransition=false allowed=true receiver=1882361912 resolved=1882361912 sameChunk=true containing=ROOT
[10:15:58] [Server thread/ERROR] [de.an.AntikytheraMechanism/]: [HOST-WRITE-DIAG] RETURN pos=BlockPos{x=6590574, y=-57, z=13818090} previousReturn=Block{antikytheramechanism:mechanism_frame}[connected_down=false,connected_east=false,connected_north=false,connected_south=false,connected_up=false,connected_west=false,empty=true,facing=north] actual=Block{antikytheramechanism:mechanism_frame}[connected_down=false,connected_east=false,connected_north=false,connected_south=false,connected_up=false,connected_west=true,empty=true,facing=north] destinationTransition=false receiver=1882361912 resolved=1882361912 sameChunk=true
[10:15:58] [Server thread/ERROR] [de.an.AntikytheraMechanism/]: [HOST-WRITE-DIAG] HEAD pos=BlockPos{x=6590573, y=-57, z=13818090} before=Block{antikytheramechanism:mechanism_frame}[connected_down=false,connected_east=false,connected_north=false,connected_south=false,connected_up=false,connected_west=false,empty=true,facing=north] requested=Block{antikytheramechanism:mechanism_frame}[connected_down=false,connected_east=true,connected_north=false,connected_south=false,connected_up=false,connected_west=false,empty=true,facing=north] moving=false destinationTransition=false allowed=true receiver=1882361912 resolved=1882361912 sameChunk=true containing=ROOT
[10:15:58] [Server thread/ERROR] [de.an.AntikytheraMechanism/]: [HOST-WRITE-DIAG] RETURN pos=BlockPos{x=6590573, y=-57, z=13818090} previousReturn=Block{antikytheramechanism:mechanism_frame}[connected_down=false,connected_east=false,connected_north=false,connected_south=false,connected_up=false,connected_west=false,empty=true,facing=north] actual=Block{antikytheramechanism:mechanism_frame}[connected_down=false,connected_east=true,connected_north=false,connected_south=false,connected_up=false,connected_west=false,empty=true,facing=north] destinationTransition=false receiver=1882361912 resolved=1882361912 sameChunk=true
[10:15:58] [Server thread/ERROR] [de.an.AntikytheraMechanism/]: [HOST-WRITE-DIAG] HEAD pos=BlockPos{x=6590575, y=-57, z=13818090} before=Block{minecraft:air} requested=Block{antikytheramechanism:mechanism_frame}[connected_down=false,connected_east=false,connected_north=false,connected_south=false,connected_up=false,connected_west=false,empty=true,facing=north] moving=false destinationTransition=false allowed=true receiver=1882361912 resolved=1882361912 sameChunk=true containing=ROOT
[10:15:58] [Server thread/WARN] [de.an.AntikytheraMechanism/]: [FREEZE-WATCHDOG] Armed 30s after Mechanism Frame placement at BlockPos{x=6590575, y=-57, z=13818090} in minecraft:overworld on thread Server thread (stall threshold=2000ms, generation=106)
[10:15:58] [Server thread/ERROR] [de.an.AntikytheraMechanism/]: [HOST-WRITE-DIAG] RETURN pos=BlockPos{x=6590575, y=-57, z=13818090} previousReturn=Block{minecraft:air} actual=Block{antikytheramechanism:mechanism_frame}[connected_down=false,connected_east=false,connected_north=false,connected_south=false,connected_up=false,connected_west=false,empty=true,facing=north] destinationTransition=false receiver=1882361912 resolved=1882361912 sameChunk=true
[10:15:58] [Server thread/ERROR] [de.an.AntikytheraMechanism/]: [HOST-WRITE-DIAG] HEAD pos=BlockPos{x=6590574, y=-57, z=13818090} before=Block{antikytheramechanism:mechanism_frame}[connected_down=false,connected_east=false,connected_north=false,connected_south=false,connected_up=false,connected_west=true,empty=true,facing=north] requested=Block{antikytheramechanism:mechanism_frame}[connected_down=false,connected_east=true,connected_north=false,connected_south=false,connected_up=false,connected_west=true,empty=true,facing=north] moving=false destinationTransition=false allowed=true receiver=1882361912 resolved=1882361912 sameChunk=true containing=ROOT
[10:15:58] [Server thread/ERROR] [de.an.AntikytheraMechanism/]: [HOST-WRITE-DIAG] RETURN pos=BlockPos{x=6590574, y=-57, z=13818090} previousReturn=Block{antikytheramechanism:mechanism_frame}[connected_down=false,connected_east=false,connected_north=false,connected_south=false,connected_up=false,connected_west=true,empty=true,facing=north] actual=Block{antikytheramechanism:mechanism_frame}[connected_down=false,connected_east=true,connected_north=false,connected_south=false,connected_up=false,connected_west=true,empty=true,facing=north] destinationTransition=false receiver=1882361912 resolved=1882361912 sameChunk=true
[10:15:58] [Server thread/ERROR] [de.an.AntikytheraMechanism/]: [HOST-WRITE-DIAG] HEAD pos=BlockPos{x=6590575, y=-57, z=13818090} before=Block{antikytheramechanism:mechanism_frame}[connected_down=false,connected_east=false,connected_north=false,connected_south=false,connected_up=false,connected_west=false,empty=true,facing=north] requested=Block{antikytheramechanism:mechanism_frame}[connected_down=false,connected_east=false,connected_north=false,connected_south=false,connected_up=false,connected_west=true,empty=true,facing=north] moving=false destinationTransition=false allowed=true receiver=1882361912 resolved=1882361912 sameChunk=true containing=ROOT
[10:15:58] [Server thread/ERROR] [de.an.AntikytheraMechanism/]: [HOST-WRITE-DIAG] RETURN pos=BlockPos{x=6590575, y=-57, z=13818090} previousReturn=Block{antikytheramechanism:mechanism_frame}[connected_down=false,connected_east=false,connected_north=false,connected_south=false,connected_up=false,connected_west=false,empty=true,facing=north] actual=Block{antikytheramechanism:mechanism_frame}[connected_down=false,connected_east=false,connected_north=false,connected_south=false,connected_up=false,connected_west=true,empty=true,facing=north] destinationTransition=false receiver=1882361912 resolved=1882361912 sameChunk=true
[10:15:58] [Server thread/DEBUG] [de.an.AntikytheraMechanism/]: Staged Sable SubLevel 0cc97a07-cbc3-4fd0-ad57-f64300787002 for content in assembly 43d405d5-a98a-4a07-ba93-be4647b855c5
[10:15:58] [Server thread/DEBUG] [de.an.AntikytheraMechanism/]: Frame onRemove at BlockPos{x=6590574, y=-57, z=13818090} movedByPiston=false relocationJournal=false
[10:15:58] [Server thread/DEBUG] [de.an.AntikytheraMechanism/]: Staged Sable SubLevel 5e86aebb-7732-47a7-b8e3-e991f88fb295 for content in assembly 9c8bee92-36d8-4c9a-a14c-dadac19ba702
[10:15:58] [Server thread/DEBUG] [de.an.AntikytheraMechanism/]: Staged Sable SubLevel 5c17ad2a-df7a-4a04-b613-aa0e4bc5408b for content in assembly 486b8bdf-fda3-41ad-a7e1-595f17d30074
[10:15:58] [Server thread/WARN] [de.an.AntikytheraMechanism/]: Managed Sable SubLevel 5c17ad2a-df7a-4a04-b613-aa0e4bc5408b for assembly 486b8bdf-fda3-41ad-a7e1-595f17d30074 was removed (REMOVED)
[10:15:58] [Server thread/ERROR] [de.an.AntikytheraMechanism/]: [HOST-WRITE-DIAG] HEAD pos=BlockPos{x=6590573, y=-57, z=13818090} before=Block{antikytheramechanism:mechanism_frame}[connected_down=false,connected_east=true,connected_north=false,connected_south=false,connected_up=false,connected_west=false,empty=true,facing=north] requested=Block{antikytheramechanism:mechanism_frame}[connected_down=false,connected_east=true,connected_north=false,connected_south=false,connected_up=false,connected_west=false,empty=false,facing=north] moving=false destinationTransition=false allowed=true receiver=1882361912 resolved=1882361912 sameChunk=true containing=ROOT
[10:15:58] [Server thread/ERROR] [de.an.AntikytheraMechanism/]: [HOST-WRITE-DIAG] RETURN pos=BlockPos{x=6590573, y=-57, z=13818090} previousReturn=Block{antikytheramechanism:mechanism_frame}[connected_down=false,connected_east=true,connected_north=false,connected_south=false,connected_up=false,connected_west=false,empty=true,facing=north] actual=Block{antikytheramechanism:mechanism_frame}[connected_down=false,connected_east=true,connected_north=false,connected_south=false,connected_up=false,connected_west=false,empty=false,facing=north] destinationTransition=false receiver=1882361912 resolved=1882361912 sameChunk=true
[10:15:58] [Server thread/DEBUG] [de.an.AntikytheraMechanism/]: Rebased assembly 43d405d5-a98a-4a07-ba93-be4647b855c5 after topology change: stale origin BlockPos{x=6590574, y=-57, z=13818090} -> BlockPos{x=6590573, y=-57, z=13818090} over 1 retained Frames
[10:15:58] [Server thread/ERROR] [de.an.AntikytheraMechanism/]: [HOST-WRITE-DIAG] HEAD pos=BlockPos{x=6590573, y=-57, z=13818090} before=Block{antikytheramechanism:mechanism_frame}[connected_down=false,connected_east=true,connected_north=false,connected_south=false,connected_up=false,connected_west=false,empty=false,facing=north] requested=Block{antikytheramechanism:mechanism_frame}[connected_down=false,connected_east=false,connected_north=false,connected_south=false,connected_up=false,connected_west=false,empty=false,facing=north] moving=false destinationTransition=false allowed=true receiver=1882361912 resolved=1882361912 sameChunk=true containing=ROOT
[10:15:58] [Server thread/ERROR] [de.an.AntikytheraMechanism/]: [HOST-WRITE-DIAG] RETURN pos=BlockPos{x=6590573, y=-57, z=13818090} previousReturn=Block{antikytheramechanism:mechanism_frame}[connected_down=false,connected_east=true,connected_north=false,connected_south=false,connected_up=false,connected_west=false,empty=false,facing=north] actual=Block{antikytheramechanism:mechanism_frame}[connected_down=false,connected_east=false,connected_north=false,connected_south=false,connected_up=false,connected_west=false,empty=false,facing=north] destinationTransition=false receiver=1882361912 resolved=1882361912 sameChunk=true
[10:15:58] [Server thread/ERROR] [de.an.AntikytheraMechanism/]: [HOST-WRITE-DIAG] HEAD pos=BlockPos{x=6590575, y=-57, z=13818090} before=Block{antikytheramechanism:mechanism_frame}[connected_down=false,connected_east=false,connected_north=false,connected_south=false,connected_up=false,connected_west=true,empty=true,facing=north] requested=Block{antikytheramechanism:mechanism_frame}[connected_down=false,connected_east=false,connected_north=false,connected_south=false,connected_up=false,connected_west=false,empty=true,facing=north] moving=false destinationTransition=false allowed=true receiver=1882361912 resolved=1882361912 sameChunk=true containing=ROOT
[10:15:58] [Server thread/ERROR] [de.an.AntikytheraMechanism/]: [HOST-WRITE-DIAG] RETURN pos=BlockPos{x=6590575, y=-57, z=13818090} previousReturn=Block{antikytheramechanism:mechanism_frame}[connected_down=false,connected_east=false,connected_north=false,connected_south=false,connected_up=false,connected_west=true,empty=true,facing=north] actual=Block{antikytheramechanism:mechanism_frame}[connected_down=false,connected_east=false,connected_north=false,connected_south=false,connected_up=false,connected_west=false,empty=true,facing=north] destinationTransition=false receiver=1882361912 resolved=1882361912 sameChunk=true
[10:15:58] [Server thread/WARN] [de.an.AntikytheraMechanism/]: Managed Sable SubLevel 0cc97a07-cbc3-4fd0-ad57-f64300787002 for assembly 43d405d5-a98a-4a07-ba93-be4647b855c5 was removed (REMOVED)
[10:15:58] [Server thread/ERROR] [de.an.AntikytheraMechanism/]: [HOST-WRITE-DIAG] HEAD pos=BlockPos{x=6590313, y=-57, z=13818110} before=Block{minecraft:air} requested=Block{antikytheramechanism:mechanism_frame}[connected_down=false,connected_east=false,connected_north=false,connected_south=false,connected_up=false,connected_west=false,empty=true,facing=north] moving=false destinationTransition=false allowed=true receiver=1657553081 resolved=1657553081 sameChunk=true containing=ROOT
[10:15:58] [Server thread/WARN] [de.an.AntikytheraMechanism/]: [FREEZE-WATCHDOG] Armed 30s after Mechanism Frame placement at BlockPos{x=6590313, y=-57, z=13818110} in minecraft:overworld on thread Server thread (stall threshold=2000ms, generation=107)
[10:15:58] [Server thread/ERROR] [de.an.AntikytheraMechanism/]: [HOST-WRITE-DIAG] RETURN pos=BlockPos{x=6590313, y=-57, z=13818110} previousReturn=Block{minecraft:air} actual=Block{antikytheramechanism:mechanism_frame}[connected_down=false,connected_east=false,connected_north=false,connected_south=false,connected_up=false,connected_west=false,empty=true,facing=north] destinationTransition=false receiver=1657553081 resolved=1657553081 sameChunk=true
[10:15:58] [Server thread/DEBUG] [de.an.AntikytheraMechanism/]: Frame onRemove at BlockPos{x=6590313, y=-57, z=13818110} movedByPiston=false relocationJournal=true
[10:15:58] [Server thread/ERROR] [de.an.AntikytheraMechanism/]: [HOST-WRITE-DIAG] HEAD pos=BlockPos{x=6590319, y=-57, z=13818111} before=Block{minecraft:air} requested=Block{antikytheramechanism:mechanism_frame}[connected_down=false,connected_east=false,connected_north=false,connected_south=false,connected_up=false,connected_west=false,empty=true,facing=east] moving=false destinationTransition=false allowed=true receiver=1657553081 resolved=1657553081 sameChunk=true containing=ROOT
[10:15:58] [Server thread/ERROR] [de.an.AntikytheraMechanism/]: [HOST-WRITE-DIAG] RETURN pos=BlockPos{x=6590319, y=-57, z=13818111} previousReturn=Block{minecraft:air} actual=Block{antikytheramechanism:mechanism_frame}[connected_down=false,connected_east=false,connected_north=false,connected_south=false,connected_up=false,connected_west=false,empty=true,facing=east] destinationTransition=false receiver=1657553081 resolved=1657553081 sameChunk=true
[10:15:58] [Server thread/DEBUG] [de.an.AntikytheraMechanism/]: Staged Sable SubLevel 857ebaf4-3af3-47ae-bc83-97a78c408920 for content in assembly f917fb03-a5b8-4625-bcd7-e4b1a5eea9e9
[10:15:58] [Server thread/WARN] [de.an.AntikytheraMechanism/]: Managed Sable SubLevel 857ebaf4-3af3-47ae-bc83-97a78c408920 for assembly f917fb03-a5b8-4625-bcd7-e4b1a5eea9e9 was removed (REMOVED)
[10:15:58] [Server thread/ERROR] [de.an.AntikytheraMechanism/]: [HOST-WRITE-DIAG] HEAD pos=BlockPos{x=6590351, y=-57, z=13818116} before=Block{minecraft:air} requested=Block{antikytheramechanism:mechanism_frame}[connected_down=false,connected_east=false,connected_north=false,connected_south=false,connected_up=false,connected_west=false,empty=true,facing=north] moving=false destinationTransition=false allowed=true receiver=1458617841 resolved=1458617841 sameChunk=true containing=ROOT
[10:15:58] [Server thread/WARN] [de.an.AntikytheraMechanism/]: [FREEZE-WATCHDOG] Armed 30s after Mechanism Frame placement at BlockPos{x=6590351, y=-57, z=13818116} in minecraft:overworld on thread Server thread (stall threshold=2000ms, generation=108)
[10:15:58] [Server thread/ERROR] [de.an.AntikytheraMechanism/]: [HOST-WRITE-DIAG] RETURN pos=BlockPos{x=6590351, y=-57, z=13818116} previousReturn=Block{minecraft:air} actual=Block{antikytheramechanism:mechanism_frame}[connected_down=false,connected_east=false,connected_north=false,connected_south=false,connected_up=false,connected_west=false,empty=true,facing=north] destinationTransition=false receiver=1458617841 resolved=1458617841 sameChunk=true
[10:15:58] [Server thread/ERROR] [de.an.AntikytheraMechanism/]: [HOST-WRITE-DIAG] HEAD pos=BlockPos{x=6590352, y=-57, z=13818116} before=Block{minecraft:air} requested=Block{antikytheramechanism:mechanism_frame}[connected_down=false,connected_east=false,connected_north=false,connected_south=false,connected_up=false,connected_west=false,empty=true,facing=north] moving=false destinationTransition=false allowed=true receiver=1501184814 resolved=1501184814 sameChunk=true containing=ROOT
[10:15:58] [Server thread/WARN] [de.an.AntikytheraMechanism/]: [FREEZE-WATCHDOG] Armed 30s after Mechanism Frame placement at BlockPos{x=6590352, y=-57, z=13818116} in minecraft:overworld on thread Server thread (stall threshold=2000ms, generation=109)
[10:15:58] [Server thread/ERROR] [de.an.AntikytheraMechanism/]: [HOST-WRITE-DIAG] RETURN pos=BlockPos{x=6590352, y=-57, z=13818116} previousReturn=Block{minecraft:air} actual=Block{antikytheramechanism:mechanism_frame}[connected_down=false,connected_east=false,connected_north=false,connected_south=false,connected_up=false,connected_west=false,empty=true,facing=north] destinationTransition=false receiver=1501184814 resolved=1501184814 sameChunk=true
[10:15:58] [Server thread/ERROR] [de.an.AntikytheraMechanism/]: [HOST-WRITE-DIAG] HEAD pos=BlockPos{x=6590351, y=-57, z=13818116} before=Block{antikytheramechanism:mechanism_frame}[connected_down=false,connected_east=false,connected_north=false,connected_south=false,connected_up=false,connected_west=false,empty=true,facing=north] requested=Block{antikytheramechanism:mechanism_frame}[connected_down=false,connected_east=true,connected_north=false,connected_south=false,connected_up=false,connected_west=false,empty=true,facing=north] moving=false destinationTransition=false allowed=true receiver=1458617841 resolved=1458617841 sameChunk=true containing=ROOT
[10:15:58] [Server thread/ERROR] [de.an.AntikytheraMechanism/]: [HOST-WRITE-DIAG] RETURN pos=BlockPos{x=6590351, y=-57, z=13818116} previousReturn=Block{antikytheramechanism:mechanism_frame}[connected_down=false,connected_east=false,connected_north=false,connected_south=false,connected_up=false,connected_west=false,empty=true,facing=north] actual=Block{antikytheramechanism:mechanism_frame}[connected_down=false,connected_east=true,connected_north=false,connected_south=false,connected_up=false,connected_west=false,empty=true,facing=north] destinationTransition=false receiver=1458617841 resolved=1458617841 sameChunk=true
[10:15:58] [Server thread/ERROR] [de.an.AntikytheraMechanism/]: [HOST-WRITE-DIAG] HEAD pos=BlockPos{x=6590352, y=-57, z=13818116} before=Block{antikytheramechanism:mechanism_frame}[connected_down=false,connected_east=false,connected_north=false,connected_south=false,connected_up=false,connected_west=false,empty=true,facing=north] requested=Block{antikytheramechanism:mechanism_frame}[connected_down=false,connected_east=false,connected_north=false,connected_south=false,connected_up=false,connected_west=true,empty=true,facing=north] moving=false destinationTransition=false allowed=true receiver=1501184814 resolved=1501184814 sameChunk=true containing=ROOT
[10:15:58] [Server thread/ERROR] [de.an.AntikytheraMechanism/]: [HOST-WRITE-DIAG] RETURN pos=BlockPos{x=6590352, y=-57, z=13818116} previousReturn=Block{antikytheramechanism:mechanism_frame}[connected_down=false,connected_east=false,connected_north=false,connected_south=false,connected_up=false,connected_west=false,empty=true,facing=north] actual=Block{antikytheramechanism:mechanism_frame}[connected_down=false,connected_east=false,connected_north=false,connected_south=false,connected_up=false,connected_west=true,empty=true,facing=north] destinationTransition=false receiver=1501184814 resolved=1501184814 sameChunk=true
[10:15:58] [Server thread/ERROR] [de.an.AntikytheraMechanism/]: [HOST-WRITE-DIAG] HEAD pos=BlockPos{x=6590353, y=-57, z=13818116} before=Block{minecraft:air} requested=Block{antikytheramechanism:mechanism_frame}[connected_down=false,connected_east=false,connected_north=false,connected_south=false,connected_up=false,connected_west=false,empty=true,facing=north] moving=false destinationTransition=false allowed=true receiver=1501184814 resolved=1501184814 sameChunk=true containing=ROOT
[10:15:58] [Server thread/WARN] [de.an.AntikytheraMechanism/]: [FREEZE-WATCHDOG] Armed 30s after Mechanism Frame placement at BlockPos{x=6590353, y=-57, z=13818116} in minecraft:overworld on thread Server thread (stall threshold=2000ms, generation=110)
[10:15:58] [Server thread/ERROR] [de.an.AntikytheraMechanism/]: [HOST-WRITE-DIAG] RETURN pos=BlockPos{x=6590353, y=-57, z=13818116} previousReturn=Block{minecraft:air} actual=Block{antikytheramechanism:mechanism_frame}[connected_down=false,connected_east=false,connected_north=false,connected_south=false,connected_up=false,connected_west=false,empty=true,facing=north] destinationTransition=false receiver=1501184814 resolved=1501184814 sameChunk=true
[10:15:58] [Server thread/ERROR] [de.an.AntikytheraMechanism/]: [HOST-WRITE-DIAG] HEAD pos=BlockPos{x=6590352, y=-57, z=13818116} before=Block{antikytheramechanism:mechanism_frame}[connected_down=false,connected_east=false,connected_north=false,connected_south=false,connected_up=false,connected_west=true,empty=true,facing=north] requested=Block{antikytheramechanism:mechanism_frame}[connected_down=false,connected_east=true,connected_north=false,connected_south=false,connected_up=false,connected_west=true,empty=true,facing=north] moving=false destinationTransition=false allowed=true receiver=1501184814 resolved=1501184814 sameChunk=true containing=ROOT
[10:15:58] [Server thread/ERROR] [de.an.AntikytheraMechanism/]: [HOST-WRITE-DIAG] RETURN pos=BlockPos{x=6590352, y=-57, z=13818116} previousReturn=Block{antikytheramechanism:mechanism_frame}[connected_down=false,connected_east=false,connected_north=false,connected_south=false,connected_up=false,connected_west=true,empty=true,facing=north] actual=Block{antikytheramechanism:mechanism_frame}[connected_down=false,connected_east=true,connected_north=false,connected_south=false,connected_up=false,connected_west=true,empty=true,facing=north] destinationTransition=false receiver=1501184814 resolved=1501184814 sameChunk=true
[10:15:58] [Server thread/ERROR] [de.an.AntikytheraMechanism/]: [HOST-WRITE-DIAG] HEAD pos=BlockPos{x=6590353, y=-57, z=13818116} before=Block{antikytheramechanism:mechanism_frame}[connected_down=false,connected_east=false,connected_north=false,connected_south=false,connected_up=false,connected_west=false,empty=true,facing=north] requested=Block{antikytheramechanism:mechanism_frame}[connected_down=false,connected_east=false,connected_north=false,connected_south=false,connected_up=false,connected_west=true,empty=true,facing=north] moving=false destinationTransition=false allowed=true receiver=1501184814 resolved=1501184814 sameChunk=true containing=ROOT
[10:15:58] [Server thread/ERROR] [de.an.AntikytheraMechanism/]: [HOST-WRITE-DIAG] RETURN pos=BlockPos{x=6590353, y=-57, z=13818116} previousReturn=Block{antikytheramechanism:mechanism_frame}[connected_down=false,connected_east=false,connected_north=false,connected_south=false,connected_up=false,connected_west=false,empty=true,facing=north] actual=Block{antikytheramechanism:mechanism_frame}[connected_down=false,connected_east=false,connected_north=false,connected_south=false,connected_up=false,connected_west=true,empty=true,facing=north] destinationTransition=false receiver=1501184814 resolved=1501184814 sameChunk=true
[10:15:58] [Server thread/DEBUG] [de.an.AntikytheraMechanism/]: Staged Sable SubLevel 12d04cc5-463f-4828-9b2d-7d76dbfd8c96 for content in assembly 7ebbecdf-4d72-49a5-9548-9262e1d961bb
[10:15:58] [Server thread/DEBUG] [de.an.AntikytheraMechanism/]: Frame onRemove at BlockPos{x=6590351, y=-57, z=13818116} movedByPiston=false relocationJournal=false
[10:15:58] [Server thread/DEBUG] [de.an.AntikytheraMechanism/]: Staged Sable SubLevel 1d10fd65-7977-4363-a49e-cfe33ff57665 for content in assembly 43374bb4-d129-4cfa-b354-ce36705ac8d6
[10:15:58] [Server thread/WARN] [de.an.AntikytheraMechanism/]: Managed Sable SubLevel 1d10fd65-7977-4363-a49e-cfe33ff57665 for assembly 43374bb4-d129-4cfa-b354-ce36705ac8d6 was removed (REMOVED)
[10:15:58] [Server thread/ERROR] [de.an.AntikytheraMechanism/]: [HOST-WRITE-DIAG] HEAD pos=BlockPos{x=6590352, y=-57, z=13818116} before=Block{antikytheramechanism:mechanism_frame}[connected_down=false,connected_east=true,connected_north=false,connected_south=false,connected_up=false,connected_west=true,empty=true,facing=north] requested=Block{antikytheramechanism:mechanism_frame}[connected_down=false,connected_east=true,connected_north=false,connected_south=false,connected_up=false,connected_west=true,empty=false,facing=north] moving=false destinationTransition=false allowed=true receiver=1501184814 resolved=1501184814 sameChunk=true containing=ROOT
[10:15:58] [Server thread/ERROR] [de.an.AntikytheraMechanism/]: [HOST-WRITE-DIAG] RETURN pos=BlockPos{x=6590352, y=-57, z=13818116} previousReturn=Block{antikytheramechanism:mechanism_frame}[connected_down=false,connected_east=true,connected_north=false,connected_south=false,connected_up=false,connected_west=true,empty=true,facing=north] actual=Block{antikytheramechanism:mechanism_frame}[connected_down=false,connected_east=true,connected_north=false,connected_south=false,connected_up=false,connected_west=true,empty=false,facing=north] destinationTransition=false receiver=1501184814 resolved=1501184814 sameChunk=true
[10:15:58] [Server thread/ERROR] [de.an.AntikytheraMechanism/]: [HOST-WRITE-DIAG] HEAD pos=BlockPos{x=6590353, y=-57, z=13818116} before=Block{antikytheramechanism:mechanism_frame}[connected_down=false,connected_east=false,connected_north=false,connected_south=false,connected_up=false,connected_west=true,empty=true,facing=north] requested=Block{antikytheramechanism:mechanism_frame}[connected_down=false,connected_east=false,connected_north=false,connected_south=false,connected_up=false,connected_west=true,empty=false,facing=north] moving=false destinationTransition=false allowed=true receiver=1501184814 resolved=1501184814 sameChunk=true containing=ROOT
[10:15:58] [Server thread/ERROR] [de.an.AntikytheraMechanism/]: [HOST-WRITE-DIAG] RETURN pos=BlockPos{x=6590353, y=-57, z=13818116} previousReturn=Block{antikytheramechanism:mechanism_frame}[connected_down=false,connected_east=false,connected_north=false,connected_south=false,connected_up=false,connected_west=true,empty=true,facing=north] actual=Block{antikytheramechanism:mechanism_frame}[connected_down=false,connected_east=false,connected_north=false,connected_south=false,connected_up=false,connected_west=true,empty=false,facing=north] destinationTransition=false receiver=1501184814 resolved=1501184814 sameChunk=true
[10:15:58] [Server thread/DEBUG] [de.an.AntikytheraMechanism/]: Rebased assembly 7ebbecdf-4d72-49a5-9548-9262e1d961bb after topology change: stale origin BlockPos{x=6590351, y=-57, z=13818116} -> BlockPos{x=6590352, y=-57, z=13818116} over 2 retained Frames
[10:15:58] [Server thread/ERROR] [de.an.AntikytheraMechanism/]: [HOST-WRITE-DIAG] HEAD pos=BlockPos{x=6590352, y=-57, z=13818116} before=Block{antikytheramechanism:mechanism_frame}[connected_down=false,connected_east=true,connected_north=false,connected_south=false,connected_up=false,connected_west=true,empty=false,facing=north] requested=Block{antikytheramechanism:mechanism_frame}[connected_down=false,connected_east=true,connected_north=false,connected_south=false,connected_up=false,connected_west=false,empty=false,facing=north] moving=false destinationTransition=false allowed=true receiver=1501184814 resolved=1501184814 sameChunk=true containing=ROOT
[10:15:58] [Server thread/ERROR] [de.an.AntikytheraMechanism/]: [HOST-WRITE-DIAG] RETURN pos=BlockPos{x=6590352, y=-57, z=13818116} previousReturn=Block{antikytheramechanism:mechanism_frame}[connected_down=false,connected_east=true,connected_north=false,connected_south=false,connected_up=false,connected_west=true,empty=false,facing=north] actual=Block{antikytheramechanism:mechanism_frame}[connected_down=false,connected_east=true,connected_north=false,connected_south=false,connected_up=false,connected_west=false,empty=false,facing=north] destinationTransition=false receiver=1501184814 resolved=1501184814 sameChunk=true
[10:15:58] [Server thread/WARN] [de.an.AntikytheraMechanism/]: Managed Sable SubLevel 12d04cc5-463f-4828-9b2d-7d76dbfd8c96 for assembly 7ebbecdf-4d72-49a5-9548-9262e1d961bb was removed (REMOVED)
[10:15:58] [Server thread/WARN] [de.an.AntikytheraMechanism/]: Managed Sable SubLevel 056597ca-5552-4c9d-bdb7-ad60e2b9f9d0 for assembly 0d84b738-a434-4c67-a3b8-19f9fe3b43dd was removed (REMOVED)
[10:15:58] [Server thread/DEBUG] [de.an.AntikytheraMechanism/]: Retired empty Sable SubLevel 056597ca-5552-4c9d-bdb7-ad60e2b9f9d0 while keeping assembly 0d84b738-a434-4c67-a3b8-19f9fe3b43dd
[10:15:58] [Server thread/WARN] [de.an.AntikytheraMechanism/]: Managed Sable SubLevel 6cffb190-277f-44a7-b0e7-73591f2b31c4 for assembly 4d0e67c9-daff-4394-a5aa-f4418fe2dc5c was removed (REMOVED)
[10:15:58] [Server thread/DEBUG] [de.an.AntikytheraMechanism/]: Retired empty Sable SubLevel 6cffb190-277f-44a7-b0e7-73591f2b31c4 while keeping assembly 4d0e67c9-daff-4394-a5aa-f4418fe2dc5c
[10:15:58] [Server thread/ERROR] [de.an.AntikytheraMechanism/]: [HOST-WRITE-DIAG] HEAD pos=BlockPos{x=6590315, y=-57, z=13818068} before=Block{minecraft:air} requested=Block{antikytheramechanism:mechanism_frame}[connected_down=false,connected_east=false,connected_north=false,connected_south=false,connected_up=false,connected_west=false,empty=true,facing=north] moving=false destinationTransition=false allowed=true receiver=288545702 resolved=288545702 sameChunk=true containing=ROOT
[10:15:58] [Server thread/WARN] [de.an.AntikytheraMechanism/]: [FREEZE-WATCHDOG] Armed 30s after Mechanism Frame placement at BlockPos{x=6590315, y=-57, z=13818068} in minecraft:overworld on thread Server thread (stall threshold=2000ms, generation=111)
[10:15:58] [Server thread/ERROR] [de.an.AntikytheraMechanism/]: [HOST-WRITE-DIAG] RETURN pos=BlockPos{x=6590315, y=-57, z=13818068} previousReturn=Block{minecraft:air} actual=Block{antikytheramechanism:mechanism_frame}[connected_down=false,connected_east=false,connected_north=false,connected_south=false,connected_up=false,connected_west=false,empty=true,facing=north] destinationTransition=false receiver=288545702 resolved=288545702 sameChunk=true
[10:15:58] [Server thread/ERROR] [de.an.AntikytheraMechanism/]: [HOST-WRITE-DIAG] HEAD pos=BlockPos{x=6590391, y=-57, z=13818111} before=Block{minecraft:air} requested=Block{antikytheramechanism:mechanism_frame}[connected_down=false,connected_east=false,connected_north=false,connected_south=false,connected_up=false,connected_west=false,empty=true,facing=north] moving=false destinationTransition=false allowed=true receiver=1495524406 resolved=1495524406 sameChunk=true containing=ROOT
[10:15:58] [Server thread/WARN] [de.an.AntikytheraMechanism/]: [FREEZE-WATCHDOG] Armed 30s after Mechanism Frame placement at BlockPos{x=6590391, y=-57, z=13818111} in minecraft:overworld on thread Server thread (stall threshold=2000ms, generation=112)
[10:15:58] [Server thread/ERROR] [de.an.AntikytheraMechanism/]: [HOST-WRITE-DIAG] RETURN pos=BlockPos{x=6590391, y=-57, z=13818111} previousReturn=Block{minecraft:air} actual=Block{antikytheramechanism:mechanism_frame}[connected_down=false,connected_east=false,connected_north=false,connected_south=false,connected_up=false,connected_west=false,empty=true,facing=north] destinationTransition=false receiver=1495524406 resolved=1495524406 sameChunk=true
[10:15:58] [Server thread/ERROR] [de.an.AntikytheraMechanism/]: [DIRECT-AIR-DIAG] AIR_NO_CHILD_BEGIN frame=BlockPos{x=6590391, y=-57, z=13818111}
[10:15:58] [Server thread/DEBUG] [de.an.AntikytheraMechanism/]: Frame onRemove at BlockPos{x=6590391, y=-57, z=13818111} movedByPiston=false relocationJournal=false
[10:15:58] [Server thread/ERROR] [de.an.AntikytheraMechanism/]: [DIRECT-AIR-DIAG] AIR_NO_CHILD_RETURN changed=true
[10:15:58] [Server thread/DEBUG] [de.an.AntikytheraMechanism/]: Frame onRemove at BlockPos{x=6590315, y=-57, z=13818068} movedByPiston=false relocationJournal=false
[10:15:58] [Server thread/WARN] [de.an.AntikytheraMechanism/]: Managed Sable SubLevel c80cdabb-29d2-49fc-bf6d-54e3b40d1a07 for assembly e91b99b6-e977-45e6-9d7e-91e36cdcea67 was removed (REMOVED)
[10:15:58] [Server thread/ERROR] [de.an.AntikytheraMechanism/]: [HOST-WRITE-DIAG] HEAD pos=BlockPos{x=6590425, y=-57, z=13818111} before=Block{minecraft:air} requested=Block{antikytheramechanism:mechanism_frame}[connected_down=false,connected_east=false,connected_north=false,connected_south=false,connected_up=false,connected_west=false,empty=true,facing=north] moving=false destinationTransition=false allowed=true receiver=513299150 resolved=513299150 sameChunk=true containing=ROOT
[10:15:58] [Server thread/WARN] [de.an.AntikytheraMechanism/]: [FREEZE-WATCHDOG] Armed 30s after Mechanism Frame placement at BlockPos{x=6590425, y=-57, z=13818111} in minecraft:overworld on thread Server thread (stall threshold=2000ms, generation=113)
[10:15:58] [Server thread/ERROR] [de.an.AntikytheraMechanism/]: [HOST-WRITE-DIAG] RETURN pos=BlockPos{x=6590425, y=-57, z=13818111} previousReturn=Block{minecraft:air} actual=Block{antikytheramechanism:mechanism_frame}[connected_down=false,connected_east=false,connected_north=false,connected_south=false,connected_up=false,connected_west=false,empty=true,facing=north] destinationTransition=false receiver=513299150 resolved=513299150 sameChunk=true
[10:15:58] [Server thread/ERROR] [de.an.AntikytheraMechanism/]: [HOST-WRITE-DIAG] HEAD pos=BlockPos{x=6590461, y=-58, z=13818110} before=Block{minecraft:air} requested=Block{antikytheramechanism:mechanism_frame}[connected_down=false,connected_east=false,connected_north=false,connected_south=false,connected_up=false,connected_west=false,empty=true,facing=north] moving=false destinationTransition=false allowed=true receiver=1930254656 resolved=1930254656 sameChunk=true containing=ROOT
[10:15:58] [Server thread/WARN] [de.an.AntikytheraMechanism/]: [FREEZE-WATCHDOG] Armed 30s after Mechanism Frame placement at BlockPos{x=6590461, y=-58, z=13818110} in minecraft:overworld on thread Server thread (stall threshold=2000ms, generation=114)
[10:15:58] [Server thread/ERROR] [de.an.AntikytheraMechanism/]: [HOST-WRITE-DIAG] RETURN pos=BlockPos{x=6590461, y=-58, z=13818110} previousReturn=Block{minecraft:air} actual=Block{antikytheramechanism:mechanism_frame}[connected_down=false,connected_east=false,connected_north=false,connected_south=false,connected_up=false,connected_west=false,empty=true,facing=north] destinationTransition=false receiver=1930254656 resolved=1930254656 sameChunk=true
[10:15:58] [Server thread/DEBUG] [de.an.AntikytheraMechanism/]: Frame onRemove at BlockPos{x=6590461, y=-58, z=13818110} movedByPiston=false relocationJournal=true
[10:15:58] [Server thread/ERROR] [de.an.AntikytheraMechanism/]: [HOST-WRITE-DIAG] HEAD pos=BlockPos{x=6590466, y=-58, z=13818110} before=Block{minecraft:air} requested=Block{antikytheramechanism:mechanism_frame}[connected_down=false,connected_east=false,connected_north=false,connected_south=false,connected_up=false,connected_west=false,empty=true,facing=south] moving=false destinationTransition=false allowed=true receiver=803175373 resolved=803175373 sameChunk=true containing=ROOT
[10:15:58] [Server thread/ERROR] [de.an.AntikytheraMechanism/]: [HOST-WRITE-DIAG] RETURN pos=BlockPos{x=6590466, y=-58, z=13818110} previousReturn=Block{minecraft:air} actual=Block{antikytheramechanism:mechanism_frame}[connected_down=false,connected_east=false,connected_north=false,connected_south=false,connected_up=false,connected_west=false,empty=true,facing=south] destinationTransition=false receiver=803175373 resolved=803175373 sameChunk=true
[10:15:58] [Server thread/ERROR] [de.an.AntikytheraMechanism/]: [HOST-WRITE-DIAG] HEAD pos=BlockPos{x=6590505, y=-57, z=13818111} before=Block{minecraft:air} requested=Block{antikytheramechanism:mechanism_frame}[connected_down=false,connected_east=false,connected_north=false,connected_south=false,connected_up=false,connected_west=false,empty=true,facing=north] moving=false destinationTransition=false allowed=true receiver=389363361 resolved=389363361 sameChunk=true containing=ROOT
[10:15:58] [Server thread/WARN] [de.an.AntikytheraMechanism/]: [FREEZE-WATCHDOG] Armed 30s after Mechanism Frame placement at BlockPos{x=6590505, y=-57, z=13818111} in minecraft:overworld on thread Server thread (stall threshold=2000ms, generation=115)
[10:15:58] [Server thread/ERROR] [de.an.AntikytheraMechanism/]: [HOST-WRITE-DIAG] RETURN pos=BlockPos{x=6590505, y=-57, z=13818111} previousReturn=Block{minecraft:air} actual=Block{antikytheramechanism:mechanism_frame}[connected_down=false,connected_east=false,connected_north=false,connected_south=false,connected_up=false,connected_west=false,empty=true,facing=north] destinationTransition=false receiver=389363361 resolved=389363361 sameChunk=true
[10:15:58] [Server thread/DEBUG] [de.an.AntikytheraMechanism/]: Staged Sable SubLevel 3713303b-40f7-4232-8a53-38134985cff5 for content in assembly ba6e5d15-751f-45be-a188-0a6f14f74e4d
[10:15:58] [Server thread/ERROR] [de.an.AntikytheraMechanism/]: [DIRECT-AIR-DIAG] AIR_EMPTY_CHILD_BEGIN frame=BlockPos{x=6590505, y=-57, z=13818111}
[10:15:58] [Server thread/DEBUG] [de.an.AntikytheraMechanism/]: Frame onRemove at BlockPos{x=6590505, y=-57, z=13818111} movedByPiston=false relocationJournal=false
[10:15:58] [Server thread/WARN] [de.an.AntikytheraMechanism/]: Managed Sable SubLevel 3713303b-40f7-4232-8a53-38134985cff5 for assembly ba6e5d15-751f-45be-a188-0a6f14f74e4d was removed (REMOVED)
[10:15:58] [Server thread/ERROR] [de.an.AntikytheraMechanism/]: [DIRECT-AIR-DIAG] AIR_EMPTY_CHILD_RETURN changed=true
[10:15:58] [Server thread/ERROR] [de.an.AntikytheraMechanism/]: [HOST-WRITE-DIAG] HEAD pos=BlockPos{x=6590537, y=-57, z=13818112} before=Block{minecraft:air} requested=Block{antikytheramechanism:mechanism_frame}[connected_down=false,connected_east=false,connected_north=false,connected_south=false,connected_up=false,connected_west=false,empty=true,facing=north] moving=false destinationTransition=false allowed=true receiver=2132367036 resolved=2132367036 sameChunk=true containing=ROOT
[10:15:58] [Server thread/WARN] [de.an.AntikytheraMechanism/]: [FREEZE-WATCHDOG] Armed 30s after Mechanism Frame placement at BlockPos{x=6590537, y=-57, z=13818112} in minecraft:overworld on thread Server thread (stall threshold=2000ms, generation=116)
[10:15:58] [Server thread/ERROR] [de.an.AntikytheraMechanism/]: [HOST-WRITE-DIAG] RETURN pos=BlockPos{x=6590537, y=-57, z=13818112} previousReturn=Block{minecraft:air} actual=Block{antikytheramechanism:mechanism_frame}[connected_down=false,connected_east=false,connected_north=false,connected_south=false,connected_up=false,connected_west=false,empty=true,facing=north] destinationTransition=false receiver=2132367036 resolved=2132367036 sameChunk=true
[10:15:58] [Server thread/DEBUG] [de.an.AntikytheraMechanism/]: Staged Sable SubLevel 67093361-0036-4d1a-8507-a23158bcbab4 for content in assembly de0d1e51-1f13-460f-a2da-52e73ee35d27
[10:15:58] [Server thread/ERROR] [de.an.AntikytheraMechanism/]: [HOST-WRITE-DIAG] HEAD pos=BlockPos{x=6590537, y=-57, z=13818112} before=Block{antikytheramechanism:mechanism_frame}[connected_down=false,connected_east=false,connected_north=false,connected_south=false,connected_up=false,connected_west=false,empty=true,facing=north] requested=Block{antikytheramechanism:mechanism_frame}[connected_down=false,connected_east=false,connected_north=false,connected_south=false,connected_up=false,connected_west=false,empty=false,facing=north] moving=false destinationTransition=false allowed=true receiver=2132367036 resolved=2132367036 sameChunk=true containing=ROOT
[10:15:58] [Server thread/ERROR] [de.an.AntikytheraMechanism/]: [HOST-WRITE-DIAG] RETURN pos=BlockPos{x=6590537, y=-57, z=13818112} previousReturn=Block{antikytheramechanism:mechanism_frame}[connected_down=false,connected_east=false,connected_north=false,connected_south=false,connected_up=false,connected_west=false,empty=true,facing=north] actual=Block{antikytheramechanism:mechanism_frame}[connected_down=false,connected_east=false,connected_north=false,connected_south=false,connected_up=false,connected_west=false,empty=false,facing=north] destinationTransition=false receiver=2132367036 resolved=2132367036 sameChunk=true
[10:15:58] [Server thread/WARN] [de.an.AntikytheraMechanism/]: Managed Sable SubLevel 67093361-0036-4d1a-8507-a23158bcbab4 for assembly de0d1e51-1f13-460f-a2da-52e73ee35d27 was removed (REMOVED)
[10:15:58] [Server thread/INFO] [minecraft/GameTestServer]: [+++++++++++++++++++++++++++++++++++++++++++++++++++++++++++++++++++++++++++++++++++++++]
[10:15:58] [Server thread/INFO] [minecraft/GameTestServer]: ========= 87 GAME TESTS COMPLETE IN 7.664 s ======================
[10:15:58] [Server thread/INFO] [minecraft/GameTestServer]: All 87 required tests passed :)
[10:15:58] [Server thread/INFO] [minecraft/GameTestServer]: ====================================================
[10:15:58] [Server thread/WARN] [de.an.AntikytheraMechanism/]: [FREEZE-WATCHDOG] Armed 5min shutdown/save window after server/world shutdown and save on thread Server thread (stall threshold=30000ms, generation=117)
[10:15:58] [Server thread/INFO] [minecraft/MinecraftServer]: Stopping server
[10:15:58] [Server thread/INFO] [minecraft/MinecraftServer]: Saving players
[10:15:58] [Server thread/INFO] [minecraft/MinecraftServer]: Saving worlds
[10:16:00] [Server thread/INFO] [minecraft/MinecraftServer]: Saving chunks for level 'ServerLevel[Test Level]'/minecraft:overworld
[10:16:00] [Server thread/INFO] [de.ry.sa.Sable/]: Saving sub-levels for level 'ServerLevel[Test Level]'/minecraft:overworld
[10:16:03] [Server thread/INFO] [minecraft/MinecraftServer]: Saving chunks for level 'ServerLevel[Test Level]'/minecraft:the_nether
[10:16:03] [Server thread/INFO] [de.ry.sa.Sable/]: Saving sub-levels for level 'ServerLevel[Test Level]'/minecraft:the_nether
[10:16:03] [Server thread/INFO] [minecraft/MinecraftServer]: Saving chunks for level 'ServerLevel[Test Level]'/minecraft:the_end
[10:16:03] [Server thread/INFO] [de.ry.sa.Sable/]: Saving sub-levels for level 'ServerLevel[Test Level]'/minecraft:the_end
[10:16:03] [Server thread/DEBUG] [ne.ne.ne.co.CommonHooks/WP]: Gathered mod list to write to world save Test Level
[10:16:03] [Server thread/INFO] [minecraft/MinecraftServer]: ThreadedAnvilChunkStorage (world): All chunks are saved
[10:16:03] [Server thread/INFO] [minecraft/MinecraftServer]: ThreadedAnvilChunkStorage (DIM-1): All chunks are saved
[10:16:03] [Server thread/INFO] [minecraft/MinecraftServer]: ThreadedAnvilChunkStorage (DIM1): All chunks are saved
[10:16:03] [Server thread/INFO] [minecraft/MinecraftServer]: ThreadedAnvilChunkStorage: All dimensions are saved
[10:16:04] [Server thread/DEBUG] [de.an.AntikytheraMechanism/]: Managed Sable SubLevel e57d3f09-0586-465e-a32c-b4cdeee42f60 for assembly cbe96f4b-1642-4052-b528-d2d392dca9b2 unloaded normally
[10:16:04] [Server thread/DEBUG] [de.an.AntikytheraMechanism/]: Managed Sable SubLevel 772e7fc9-0017-4550-b828-2df122408aae for assembly 1bde8e34-5f06-4d9d-9d67-64b3ad0dae07 unloaded normally
[10:16:04] [Server thread/DEBUG] [de.an.AntikytheraMechanism/]: Managed Sable SubLevel f49adeca-12eb-45c8-8563-a0c5c83cf996 for assembly f8c0b2f4-71e8-4c7e-82de-c7292d219018 unloaded normally
[10:16:04] [Server thread/DEBUG] [de.an.AntikytheraMechanism/]: Managed Sable SubLevel 92a2ad34-06a6-49b8-b57f-2f58600672e6 for assembly cc4ca2a1-4ab8-4c00-bc3a-8af104dd6c3a unloaded normally
[10:16:04] [Server thread/DEBUG] [de.an.AntikytheraMechanism/]: Managed Sable SubLevel e9e90fce-9027-493d-a114-6eaaa0ef7ca8 for assembly 7c786b26-05ef-4949-b170-65e152bfd6e2 unloaded normally
[10:16:04] [Server thread/DEBUG] [de.an.AntikytheraMechanism/]: Managed Sable SubLevel 626cc6ec-e453-46a5-9177-ffba01139d0c for assembly 15e707ec-2459-4401-9818-f8e71b736e3d unloaded normally
[10:16:04] [Server thread/DEBUG] [de.an.AntikytheraMechanism/]: Managed Sable SubLevel 036158ba-03de-4967-83b4-53c8fbb84d1c for assembly e5717e02-0781-4b5c-ad40-5c7571047198 unloaded normally
[10:16:04] [Server thread/DEBUG] [de.an.AntikytheraMechanism/]: Managed Sable SubLevel 1ba18f1b-c819-44ad-9075-c21491cd3ef5 for assembly 53533b10-43a7-4c02-a7bc-1ea2f8ea76bb unloaded normally
[10:16:04] [Server thread/DEBUG] [de.an.AntikytheraMechanism/]: Managed Sable SubLevel 48a221cf-86dc-48a7-9328-9daa22cd4ce4 for assembly 9081dc08-1ee8-4312-8de5-6bb93c936749 unloaded normally
[10:16:04] [Server thread/DEBUG] [de.an.AntikytheraMechanism/]: Managed Sable SubLevel 6f5a4092-eea8-4bad-8afe-4e6e4b514467 for assembly 8c204185-7720-4e9d-b196-ace875a4d2b9 unloaded normally
[10:16:04] [Server thread/DEBUG] [de.an.AntikytheraMechanism/]: Managed Sable SubLevel 5e86aebb-7732-47a7-b8e3-e991f88fb295 for assembly 9c8bee92-36d8-4c9a-a14c-dadac19ba702 unloaded normally
[10:16:04] [Server thread/INFO] [de.an.AntikytheraMechanism/]: [FREEZE-WATCHDOG] Disarmed after server/world shutdown completed (generation=118)
[10:16:04] [Server thread/DEBUG] [ne.ne.fm.co.ConfigTracker/CONFIG]: Unloading configs type SERVER
[10:16:04] [Server thread/INFO] [minecraft/GameTestServer]: Game test server shutting down
gradle/actions: Writing build results to /home/runner/work/_temp/.gradle-actions/build-results/__run-1787048113083.json

[Incubating] Problems report is available at: file:///home/runner/work/AntikytheraMechanism/AntikytheraMechanism/build/reports/problems/problems-report.html

Deprecated Gradle features were used in this build, making it incompatible with Gradle 10.

You can use '--warning-mode all' to show the individual deprecation warnings and determine if they come from your own scripts or plugins.

For more on this, please refer to https://docs.gradle.org/9.2.1/userguide/command_line_interface.html#sec:command_line_warnings in the Gradle documentation.

BUILD SUCCESSFUL in 55s
8 actionable tasks: 8 executed
Configuration cache entry stored.
