To honour the JVM settings for this build a single-use Daemon process will be forked. For more on this, please refer to https://docs.gradle.org/9.2.1/userguide/gradle_daemon.html#sec:disabling_the_daemon in the Gradle documentation.
Daemon will be stopped at the end of the build 
Calculating task graph as no cached configuration is available for tasks: runGameTestServer

> Configure project :
Creating Minecraft artifacts without recompilation.

> Task :writeGameTestServerLegacyClasspath
> Task :generateModMetadata
> Task :processResources

> Task :downloadAssets
Loaded 131 artifacts from /home/runner/work/AntikytheraMechanism/AntikytheraMechanism/build/tmp/downloadAssets/nfrt_artifact_manifest.properties
Downloading asset index 17
Using Minecraft asset root: /home/runner/.gradle/caches/neoformruntime/assets
  ↓ https://piston-meta.mojang.com/v1/packages/84fb63f8ed4091fab26fb68b32f79dfecfae31d9/17.json

> Task :createMinecraftArtifacts
Loaded 131 artifacts from /home/runner/work/AntikytheraMechanism/AntikytheraMechanism/build/tmp/createMinecraftArtifacts/nfrt_artifact_manifest.properties
[1m*** Started working on [4mdownloadJson[0m[0m
 [1m[92m✓[0m Completed [4mdownloadJson[0m in 0.04s
[1m*** Started working on [4mdownloadServer[0m[0m
[1m*** Started working on [4mdownloadClient[0m[0m
[1m*** Started working on [4mdownloadClientMappings[0m[0m
 [1m[92m✓[0m Completed [4mdownloadClient[0m in 0.05s
 [1m[92m✓[0m Completed [4mdownloadClientMappings[0m in 0.06s
 [1m[92m✓[0m Completed [4mdownloadServer[0m in 0.06s
[1m*** Started working on [4mstripClient[0m[0m
 [1m[92m♻[0m Used cache of [4mstripClient[0m in 0.01s
[1m*** Started working on [4mmergeMappings[0m[0m
 [1m[92m♻[0m Used cache of [4mmergeMappings[0m in 0.00s
[1m*** Started working on [4mextractServer[0m[0m
 [1m[92m♻[0m Used cache of [4mextractServer[0m in 0.00s
[1m*** Started working on [4mstripServer[0m[0m
 [1m[92m♻[0m Used cache of [4mstripServer[0m in 0.00s
[1m*** Started working on [4mmerge[0m[0m
 [1m[92m♻[0m Used cache of [4mmerge[0m in 0.00s
[1m*** Started working on [4mrename[0m[0m
 [1m[92m♻[0m Used cache of [4mrename[0m in 0.00s
[1m*** Started working on [4mbinaryPatch[0m[0m
 [1m[92m♻[0m Used cache of [4mbinaryPatch[0m in 0.00s
[1m*** Started working on [4mcopyUnpatchedClasses[0m[0m
 [1m[92m♻[0m Used cache of [4mcopyUnpatchedClasses[0m in 0.00s
[1m*** Started working on [4mapplyDevTransforms[0m[0m
 [1m[92m♻[0m Used cache of [4mapplyDevTransforms[0m in 0.00s
[1m*** Started working on [4mbinaryWithNeoForge[0m[0m
 [1m[92m♻[0m Used cache of [4mbinaryWithNeoForge[0m in 0.00s
Performing periodic cache maintenance on /home/runner/.gradle/caches/neoformruntime
Cleaning intermediate results cache in /home/runner/.gradle/caches/neoformruntime/intermediate_results
 Maximum age: 744h
 Maximum cache size: 10 GiB
 [0;2;3m30 files found[0m
 [0;2;3m219 MiB overall size[0m
 [0;2;3m0 expired keys found[0m
[0;2;3m Deleted 14 outdated lock files
Total runtime: 2.44s


> Task :downloadAssets
100/3888 downloads
200/3888 downloads
300/3888 downloads
400/3888 downloads
500/3888 downloads
600/3888 downloads
700/3888 downloads
800/3888 downloads
900/3888 downloads
1000/3888 downloads
1100/3888 downloads
1200/3888 downloads
1300/3888 downloads
1400/3888 downloads
1500/3888 downloads
1600/3888 downloads
1700/3888 downloads
1800/3888 downloads
1900/3888 downloads
2000/3888 downloads
2100/3888 downloads
2200/3888 downloads
2300/3888 downloads
2400/3888 downloads
2500/3888 downloads
2600/3888 downloads
2700/3888 downloads
2800/3888 downloads
2900/3888 downloads
3000/3888 downloads
3100/3888 downloads
3200/3888 downloads
3300/3888 downloads
3400/3888 downloads
3500/3888 downloads
3600/3888 downloads
3700/3888 downloads
3800/3888 downloads
Downloaded 3888 files with a total size of 783 MiB

> Task :prepareGameTestServerRun

> Task :compileJava
Note: Some input files use or override a deprecated API.
Note: Recompile with -Xlint:deprecation for details.

> Task :classes

> Task :runGameTestServer
WARN StatusConsoleListener Advanced terminal features are not available in this environment
[10:15:46] [main/INFO] [cp.mo.mo.Launcher/MODLAUNCHER]: ModLauncher running: args [--launchTarget, forgeserverdev, --gameDir, ., --fml.fmlVersion, 4.0.42, --fml.mcVersion, 1.21.1, --fml.neoForgeVersion, 21.1.228, --fml.neoFormVersion, 20240808.144430]
[10:15:46] [main/INFO] [cp.mo.mo.Launcher/MODLAUNCHER]: JVM identified as Eclipse Adoptium OpenJDK 64-Bit Server VM 21.0.12+8-LTS
[10:15:46] [main/INFO] [cp.mo.mo.Launcher/MODLAUNCHER]: ModLauncher 11.0.5+main.901c6ea8 starting: java version 21.0.12 by Eclipse Adoptium; OS Linux arch amd64 version 6.17.0-1022-azure
[10:15:46] [main/DEBUG] [cp.mo.mo.LaunchServiceHandler/MODLAUNCHER]: Found launch services [minecraft,forgeclient,forgedatauserdev,testharness,forgeserverdev,forgeserveruserdev,forgejunitdev,forgeclientdev,forgeclientuserdev,forgeserver,forgejunituserdev,forgedatadev]
[10:15:46] [main/DEBUG] [cp.mo.mo.LaunchPluginHandler/MODLAUNCHER]: Found launch plugins: [mixin,slf4jfixer,runtime_enum_extender,accesstransformer,runtimedistcleaner]
[10:15:46] [main/DEBUG] [cp.mo.mo.TransformationServicesHandler/MODLAUNCHER]: Discovering transformation services
[10:15:46] [main/DEBUG] [ne.ne.fm.lo.FMLPaths/CORE]: Path GAMEDIR is /home/runner/work/AntikytheraMechanism/AntikytheraMechanism/run
[10:15:46] [main/DEBUG] [ne.ne.fm.lo.FMLPaths/CORE]: Path MODSDIR is /home/runner/work/AntikytheraMechanism/AntikytheraMechanism/run/mods
[10:15:46] [main/DEBUG] [ne.ne.fm.lo.FMLPaths/CORE]: Path CONFIGDIR is /home/runner/work/AntikytheraMechanism/AntikytheraMechanism/run/config
[10:15:46] [main/DEBUG] [ne.ne.fm.lo.FMLPaths/CORE]: Path FMLCONFIG is /home/runner/work/AntikytheraMechanism/AntikytheraMechanism/run/config/fml.toml
[10:15:46] [main/DEBUG] [ne.ne.fm.lo.ta.CommonLaunchHandler/CORE]: Got mod coordinates antikytheramechanism%%/home/runner/work/AntikytheraMechanism/AntikytheraMechanism/build/classes/java/main:antikytheramechanism%%/home/runner/work/AntikytheraMechanism/AntikytheraMechanism/build/resources/main from env
[10:15:46] [main/DEBUG] [ne.ne.fm.lo.ta.CommonLaunchHandler/CORE]: Found supplied mod coordinates [{antikytheramechanism=[/home/runner/work/AntikytheraMechanism/AntikytheraMechanism/build/classes/java/main, /home/runner/work/AntikytheraMechanism/AntikytheraMechanism/build/resources/main]}]
[10:15:46] [main/DEBUG] [cp.mo.mo.TransformationServicesHandler/MODLAUNCHER]: Found additional transformation services from discovery services: 
[10:15:46] [main/INFO] [ne.ne.fm.lo.ImmediateWindowHandler/]: ImmediateWindowProvider not loading because launch target is forgeserverdev
[10:15:46] [main/DEBUG] [cp.mo.mo.TransformationServicesHandler/MODLAUNCHER]: Found transformer services : [mixin,fml]
[10:15:46] [main/DEBUG] [cp.mo.mo.TransformationServicesHandler/MODLAUNCHER]: Transformation services loading
[10:15:46] [main/DEBUG] [cp.mo.mo.TransformationServiceDecorator/MODLAUNCHER]: Loading service mixin
[10:15:46] [main/DEBUG] [cp.mo.mo.TransformationServiceDecorator/MODLAUNCHER]: Loaded service mixin
[10:15:46] [main/DEBUG] [cp.mo.mo.TransformationServiceDecorator/MODLAUNCHER]: Loading service fml
[10:15:46] [main/DEBUG] [ne.ne.fm.lo.FMLLoader/CORE]: FML 4.0.42 loading
[10:15:46] [main/DEBUG] [ne.ne.fm.lo.FMLLoader/CORE]: FML found ModLauncher version : 11.0.5+main.901c6ea8
[10:15:46] [main/DEBUG] [ne.ne.fm.lo.FMLLoader/CORE]: FML found AccessTransformer version : 10.0.1+139da711
[10:15:46] [main/DEBUG] [ne.ne.fm.lo.FMLLoader/CORE]: FML found EventBus version : null
[10:15:46] [main/DEBUG] [ne.ne.fm.lo.FMLLoader/CORE]: Found Runtime Dist Cleaner
[10:15:46] [main/DEBUG] [cp.mo.mo.TransformationServiceDecorator/MODLAUNCHER]: Loaded service fml
[10:15:46] [main/DEBUG] [cp.mo.mo.TransformationServicesHandler/MODLAUNCHER]: Configuring option handling for services
[10:15:46] [main/DEBUG] [ne.ne.fm.lo.FMLServiceProvider/CORE]: Received command line version data  : VersionInfo[neoForgeVersion=21.1.228, fmlVersion=4.0.42, mcVersion=1.21.1, neoFormVersion=20240808.144430]
[10:15:46] [main/DEBUG] [cp.mo.mo.TransformationServicesHandler/MODLAUNCHER]: Transformation services initializing
[10:15:46] [main/DEBUG] [cp.mo.mo.TransformationServiceDecorator/MODLAUNCHER]: Initializing transformation service mixin
[10:15:46] [main/DEBUG] [mixin/]: MixinService [ModLauncher] was successfully booted in cpw.mods.cl.ModuleClassLoader@131276c2
[10:15:46] [main/INFO] [mixin/]: SpongePowered MIXIN Subsystem Version=0.8.7 Source=union:/home/runner/.gradle/caches/modules-2/files-2.1/net.fabricmc/sponge-mixin/0.15.2+mixin.0.8.7/2af2f021d8e02a0220dc27a7a72b4666d66d44ca/sponge-mixin-0.15.2+mixin.0.8.7.jar%2394!/ Service=ModLauncher Env=SERVER
[10:15:46] [main/DEBUG] [mixin/]: Initialising Mixin Platform Manager
[10:15:46] [main/DEBUG] [mixin/]: Adding mixin platform agents for container ModLauncher Root Container(ModLauncher:4f56a0a2)
[10:15:46] [main/DEBUG] [mixin/]: Instancing new MixinPlatformAgentMinecraftForge for ModLauncher Root Container(ModLauncher:4f56a0a2)
[10:15:46] [main/DEBUG] [mixin/]: MixinPlatformAgentMinecraftForge rejected container ModLauncher Root Container(ModLauncher:4f56a0a2)
[10:15:46] [main/DEBUG] [mixin/]: Instancing new MixinPlatformAgentDefault for ModLauncher Root Container(ModLauncher:4f56a0a2)
[10:15:46] [main/DEBUG] [mixin/]: MixinPlatformAgentDefault accepted container ModLauncher Root Container(ModLauncher:4f56a0a2)
[10:15:46] [main/DEBUG] [cp.mo.mo.TransformationServiceDecorator/MODLAUNCHER]: Initialized transformation service mixin
[10:15:46] [main/DEBUG] [cp.mo.mo.TransformationServiceDecorator/MODLAUNCHER]: Initializing transformation service fml
[10:15:46] [main/DEBUG] [ne.ne.fm.lo.FMLServiceProvider/CORE]: Setting up basic FML game directories
[10:15:46] [main/DEBUG] [ne.ne.fm.lo.FMLPaths/CORE]: Path GAMEDIR is /home/runner/work/AntikytheraMechanism/AntikytheraMechanism/run
[10:15:46] [main/DEBUG] [ne.ne.fm.lo.FMLPaths/CORE]: Path MODSDIR is /home/runner/work/AntikytheraMechanism/AntikytheraMechanism/run/mods
[10:15:46] [main/DEBUG] [ne.ne.fm.lo.FMLPaths/CORE]: Path CONFIGDIR is /home/runner/work/AntikytheraMechanism/AntikytheraMechanism/run/config
[10:15:46] [main/DEBUG] [ne.ne.fm.lo.FMLPaths/CORE]: Path FMLCONFIG is /home/runner/work/AntikytheraMechanism/AntikytheraMechanism/run/config/fml.toml
[10:15:46] [main/DEBUG] [ne.ne.fm.lo.FMLServiceProvider/CORE]: Loading configuration
[10:15:46] [main/DEBUG] [ne.ne.fm.lo.FMLServiceProvider/CORE]: Preparing launch handler
[10:15:46] [main/DEBUG] [ne.ne.fm.lo.FMLLoader/CORE]: Using forgeserverdev as launch service
[10:15:46] [main/DEBUG] [cp.mo.mo.TransformationServiceDecorator/MODLAUNCHER]: Initialized transformation service fml
[10:15:46] [main/DEBUG] [cp.mo.mo.TransformationServicesHandler/MODLAUNCHER]: Transformation services begin scanning
[10:15:46] [main/DEBUG] [cp.mo.mo.TransformationServiceDecorator/MODLAUNCHER]: Beginning scan trigger - transformation service mixin
[10:15:46] [main/DEBUG] [cp.mo.mo.TransformationServiceDecorator/MODLAUNCHER]: End scan trigger - transformation service mixin
[10:15:46] [main/DEBUG] [cp.mo.mo.TransformationServiceDecorator/MODLAUNCHER]: Beginning scan trigger - transformation service fml
[10:15:46] [main/DEBUG] [ne.ne.fm.lo.FMLServiceProvider/CORE]: Initiating mod scan
[10:15:46] [main/DEBUG] [ne.ne.fm.lo.ta.CommonLaunchHandler/CORE]: Got mod coordinates antikytheramechanism%%/home/runner/work/AntikytheraMechanism/AntikytheraMechanism/build/classes/java/main:antikytheramechanism%%/home/runner/work/AntikytheraMechanism/AntikytheraMechanism/build/resources/main from env
[10:15:46] [main/DEBUG] [ne.ne.fm.lo.ta.CommonLaunchHandler/CORE]: Found supplied mod coordinates [{antikytheramechanism=[/home/runner/work/AntikytheraMechanism/AntikytheraMechanism/build/classes/java/main, /home/runner/work/AntikytheraMechanism/AntikytheraMechanism/build/resources/main]}]
[10:15:46] [main/DEBUG] [ne.ne.fm.lo.ta.CommonDevLaunchHandler/]: Launching with NeoForge from /home/runner/work/AntikytheraMechanism/AntikytheraMechanism/build/moddev/artifacts/neoforge-21.1.228.jar
[10:15:46] [main/DEBUG] [ne.ne.fm.ut.ServiceLoaderUtil/CORE]: Found 4 implementations of IModFileCandidateLocator:
[10:15:46] [main/DEBUG] [ne.ne.fm.ut.ServiceLoaderUtil/CORE]: 	       0 - [built-in] net.neoforged.fml.loading.moddiscovery.locators.NeoForgeDevProvider from loader-4.0.42.jar
[10:15:46] [main/DEBUG] [ne.ne.fm.ut.ServiceLoaderUtil/CORE]: 	       0 - net.neoforged.fml.loading.moddiscovery.locators.ModsFolderLocator from loader-4.0.42.jar
[10:15:46] [main/DEBUG] [ne.ne.fm.ut.ServiceLoaderUtil/CORE]: 	       0 - net.neoforged.fml.loading.moddiscovery.locators.MavenDirectoryLocator from loader-4.0.42.jar
[10:15:46] [main/DEBUG] [ne.ne.fm.ut.ServiceLoaderUtil/CORE]: 	   -1000 - [built-in] net.neoforged.fml.loading.moddiscovery.locators.UserdevLocator from loader-4.0.42.jar
[10:15:46] [main/DEBUG] [ne.ne.fm.ut.ServiceLoaderUtil/CORE]: Found 2 implementations of IModFileReader:
[10:15:46] [main/DEBUG] [ne.ne.fm.ut.ServiceLoaderUtil/CORE]: 	       0 - net.neoforged.fml.loading.moddiscovery.readers.JarModsDotTomlModFileReader from loader-4.0.42.jar
[10:15:46] [main/DEBUG] [ne.ne.fm.ut.ServiceLoaderUtil/CORE]: 	   -1000 - net.neoforged.fml.loading.moddiscovery.readers.NestedLibraryModReader from loader-4.0.42.jar
[10:15:46] [main/DEBUG] [ne.ne.fm.ut.ServiceLoaderUtil/CORE]: Found 1 implementations of IDependencyLocator:
[10:15:46] [main/DEBUG] [ne.ne.fm.ut.ServiceLoaderUtil/CORE]: 	       0 - net.neoforged.fml.loading.moddiscovery.locators.JarInJarDependencyLocator from loader-4.0.42.jar
[10:15:46] [main/DEBUG] [ne.ne.fm.lo.mo.ModFileInfo/LOADING]: Found valid mod file neoforge-21.1.228.jar with {minecraft} mods - versions {1.21.1}
[10:15:46] [main/DEBUG] [ne.ne.fm.lo.mo.ModFileParser/LOADING]: Considering mod file candidate /home/runner/work/AntikytheraMechanism/AntikytheraMechanism/build/moddev/artifacts/neoforge-21.1.228.jar
[10:15:46] [main/DEBUG] [ne.ne.fm.lo.mo.ModFileInfo/LOADING]: Found valid mod file neoforge-21.1.228.jar with {neoforge} mods - versions {21.1.228}
[10:15:46] [main/DEBUG] [ne.ne.fm.lo.mo.ModListHandler/CORE]: Found mod coordinates from lists: []
[10:15:46] [main/DEBUG] [ne.ne.fm.lo.mo.ModFileParser/LOADING]: Considering mod file candidate /home/runner/work/AntikytheraMechanism/AntikytheraMechanism/build/classes/java/main
[10:15:46] [main/DEBUG] [ne.ne.fm.lo.mo.ModFileInfo/LOADING]: Found valid mod file main with {antikytheramechanism} mods - versions {0.1.0}
[10:15:46] [main/DEBUG] [ne.ne.fm.lo.mo.ModFileParser/LOADING]: Considering mod file candidate /home/runner/work/AntikytheraMechanism/AntikytheraMechanism/build/moddev/artifacts/neoforge-21.1.228.jar
[10:15:46] [main/DEBUG] [ne.ne.fm.lo.mo.ModFileInfo/LOADING]: Found valid mod file neoforge-21.1.228.jar with {neoforge} mods - versions {21.1.228}
[10:15:46] [main/DEBUG] [ne.ne.fm.lo.mo.ModFileParser/LOADING]: Considering mod file candidate /home/runner/.gradle/caches/modules-2/files-2.1/dev.ryanhcode.sable/sable-neoforge-1.21.1/2.0.3/f3ba9a497122ba29d9e94ebe6f9a3a3aaa5fa756/sable-neoforge-1.21.1-2.0.3.jar
[10:15:46] [main/DEBUG] [ne.ne.fm.lo.mo.ModFileInfo/LOADING]: Found valid mod file sable-neoforge-1.21.1-2.0.3.jar with {sable} mods - versions {2.0.3}
[10:15:46] [main/DEBUG] [ne.ne.fm.lo.mo.ModFileParser/LOADING]: Considering mod file candidate /home/runner/.gradle/caches/modules-2/files-2.1/curse.maven/sable-scaling-1607775/8564797/9d0ab34cc09e71fbca4129f725e072bbea03cf1c/sable-scaling-1607775-8564797.jar
[10:15:46] [main/DEBUG] [ne.ne.fm.lo.mo.ModFileInfo/LOADING]: Found valid mod file sable-scaling-1607775-8564797.jar with {sablescale} mods - versions {1.2.0}
[10:15:46] [main/DEBUG] [ne.ne.fm.lo.mo.ModFileParser/LOADING]: Considering mod file candidate /home/runner/.gradle/caches/modules-2/files-2.1/dev.ryanhcode.sable-companion/sable-companion-common-1.21.1/1.6.0/370be7db705926176e05c0215ed676150c45daae/sable-companion-common-1.21.1-1.6.0.jar
[10:15:46] [main/DEBUG] [ne.ne.fm.lo.mo.ModFileInfo/LOADING]: Found valid mod file sable-companion-common-1.21.1-1.6.0.jar with {sablecompanion} mods - versions {1.6.0}
[10:15:46] [main/DEBUG] [ne.ne.fm.lo.mo.ModFileParser/LOADING]: Considering mod file candidate /home/runner/.gradle/caches/modules-2/files-2.1/foundry.veil/veil-neoforge-1.21.1/4.1.4/642ec0bd02213ee087d86eda553d6d79c6a04d2b/veil-neoforge-1.21.1-4.1.4.jar
[10:15:46] [main/DEBUG] [ne.ne.fm.lo.mo.ModFileInfo/LOADING]: Found valid mod file veil-neoforge-1.21.1-4.1.4.jar with {veil} mods - versions {4.1.4}
[10:15:46] [main/DEBUG] [ne.ne.fm.lo.mo.ModDiscoverer/]: Skipping /home/runner/.gradle/caches/modules-2/files-2.1/net.neoforged.fancymodloader/earlydisplay/4.0.42/46555dbfff14e9e052f1f693aed14d542a74e111/earlydisplay-4.0.42.jar because it was already located earlier
[10:15:46] [main/DEBUG] [ne.ne.fm.lo.mo.ModDiscoverer/]: Skipping /home/runner/.gradle/caches/modules-2/files-2.1/net.neoforged.fancymodloader/loader/4.0.42/76e15f98bf676fb44b36c5e776f52a55581ec43a/loader-4.0.42.jar because it was already located earlier
[10:15:46] [main/DEBUG] [ne.ne.fm.lo.mo.ModDiscoverer/]: Skipping /home/runner/.gradle/caches/modules-2/files-2.1/net.neoforged.accesstransformers/at-modlauncher/10.0.1/5aba50202aceead086bc09fbc2751c9f05cb4890/at-modlauncher-10.0.1.jar because it was already located earlier
[10:15:46] [main/DEBUG] [ne.ne.fm.lo.mo.ModDiscoverer/]: Skipping /home/runner/.gradle/caches/modules-2/files-2.1/net.neoforged/accesstransformers/10.0.1/fd83b5725f76eae9115e9355fa1c456a6a441400/accesstransformers-10.0.1.jar because it was already located earlier
[10:15:46] [main/DEBUG] [ne.ne.fm.lo.mo.ModDiscoverer/]: Skipping /home/runner/.gradle/caches/modules-2/files-2.1/net.neoforged/bus/8.0.5/5b2d33285ab5d1554e9798ad98c40d6ea3868bd5/bus-8.0.5.jar because it was already located earlier
[10:15:46] [main/DEBUG] [ne.ne.fm.lo.mo.ModDiscoverer/]: Skipping /home/runner/.gradle/caches/modules-2/files-2.1/net.neoforged/coremods/7.0.3/9147e6f638b4272b3bd5fc8f92ad37802512c6c/coremods-7.0.3.jar because it was already located earlier
[10:15:46] [main/DEBUG] [ne.ne.fm.lo.mo.ModDiscoverer/]: Skipping /home/runner/.gradle/caches/modules-2/files-2.1/cpw.mods/modlauncher/11.0.5/b8f0d49294f733fdb6173931b263553e943dc950/modlauncher-11.0.5.jar because it was already located earlier
[10:15:46] [main/DEBUG] [ne.ne.fm.lo.mo.ModDiscoverer/]: Skipping /home/runner/.gradle/caches/modules-2/files-2.1/net.neoforged/mergetool/2.0.0/52fe1949be64e3303aabaaa21e315f551db9c9f4/mergetool-2.0.0-api.jar because it was already located earlier
[10:15:46] [main/DEBUG] [ne.ne.fm.lo.mo.ModDiscoverer/]: Skipping /home/runner/.gradle/caches/modules-2/files-2.1/com.electronwill.night-config/toml/3.8.3/90b2fd6efcb4a7d5b9810cf78f9d824994d717f2/toml-3.8.3.jar because it was already located earlier
[10:15:46] [main/DEBUG] [ne.ne.fm.lo.mo.ModDiscoverer/]: Skipping /home/runner/.gradle/caches/modules-2/files-2.1/com.electronwill.night-config/core/3.8.3/b442a95f09e349927f5a945ecb594455870fcf4f/core-3.8.3.jar because it was already located earlier
[10:15:46] [main/DEBUG] [ne.ne.fm.lo.mo.ModDiscoverer/]: Skipping /home/runner/.gradle/caches/modules-2/files-2.1/net.neoforged/JarJarSelector/0.4.1/fb3cc7a58af22ad2880adb98af6d518128c47dae/JarJarSelector-0.4.1.jar because it was already located earlier
[10:15:46] [main/DEBUG] [ne.ne.fm.lo.mo.ModDiscoverer/]: Skipping /home/runner/.gradle/caches/modules-2/files-2.1/net.neoforged/JarJarMetadata/0.4.1/f8da03683dc81694556dc3e177c5e3bb77ae6fcb/JarJarMetadata-0.4.1.jar because it was already located earlier
[10:15:46] [main/DEBUG] [ne.ne.fm.lo.mo.ModDiscoverer/]: Skipping /home/runner/.gradle/caches/modules-2/files-2.1/org.apache.maven/maven-artifact/3.8.5/4433f50c07debefaed0553bd0068f4f48d449313/maven-artifact-3.8.5.jar because it was already located earlier
[10:15:46] [main/DEBUG] [ne.ne.fm.lo.mo.ModDiscoverer/]: Skipping /home/runner/.gradle/caches/modules-2/files-2.1/net.jodah/typetools/0.6.3/a01aaa6ddaea9ec07ec4f209487b7a46a526283a/typetools-0.6.3.jar because it was already located earlier
[10:15:46] [main/DEBUG] [ne.ne.fm.lo.mo.ModDiscoverer/]: Skipping /home/runner/.gradle/caches/modules-2/files-2.1/net.minecrell/terminalconsoleappender/1.3.0/b562e9bb61235c9520e26282cdee71f8f802d1fc/terminalconsoleappender-1.3.0.jar because it was already located earlier
[10:15:46] [main/DEBUG] [ne.ne.fm.lo.mo.ModDiscoverer/]: Skipping /home/runner/.gradle/caches/modules-2/files-2.1/net.fabricmc/sponge-mixin/0.15.2+mixin.0.8.7/2af2f021d8e02a0220dc27a7a72b4666d66d44ca/sponge-mixin-0.15.2+mixin.0.8.7.jar because it was already located earlier
[10:15:46] [main/DEBUG] [ne.ne.fm.lo.mo.ModDiscoverer/]: Skipping /home/runner/.gradle/caches/modules-2/files-2.1/org.openjdk.nashorn/nashorn-core/15.4/f67f5ffaa5f5130cf6fb9b133da00c7df3b532a5/nashorn-core-15.4.jar because it was already located earlier
[10:15:46] [main/DEBUG] [ne.ne.fm.lo.mo.ModDiscoverer/]: Skipping /home/runner/.gradle/caches/modules-2/files-2.1/org.apache.commons/commons-lang3/3.14.0/1ed471194b02f2c6cb734a0cd6f6f107c673afae/commons-lang3-3.14.0.jar because it was already located earlier
[10:15:46] [main/DEBUG] [ne.ne.fm.lo.mo.ModDiscoverer/]: Skipping /home/runner/.gradle/caches/modules-2/files-2.1/net.sf.jopt-simple/jopt-simple/5.0.4/4fdac2fbe92dfad86aa6e9301736f6b4342a3f5c/jopt-simple-5.0.4.jar because it was already located earlier
[10:15:46] [main/DEBUG] [ne.ne.fm.lo.mo.ModDiscoverer/]: Skipping /home/runner/.gradle/caches/modules-2/files-2.1/commons-io/commons-io/2.15.1/f11560da189ab563a5c8e351941415430e9304ea/commons-io-2.15.1.jar because it was already located earlier
[10:15:46] [main/DEBUG] [ne.ne.fm.lo.mo.ModDiscoverer/]: Skipping /home/runner/.gradle/caches/modules-2/files-2.1/com.mojang/logging/1.2.7/24cb95ffb0e3433fd6e844c04e68009e504ca1c0/logging-1.2.7.jar because it was already located earlier
[10:15:46] [main/DEBUG] [ne.ne.fm.lo.mo.ModDiscoverer/]: Skipping /home/runner/.gradle/caches/modules-2/files-2.1/org.apache.logging.log4j/log4j-slf4j2-impl/2.22.1/d7e6693c2606cb7e7335047d7bb96dec52db5665/log4j-slf4j2-impl-2.22.1.jar because it was already located earlier
[10:15:46] [main/DEBUG] [ne.ne.fm.lo.mo.ModDiscoverer/]: Skipping /home/runner/.gradle/caches/modules-2/files-2.1/org.apache.logging.log4j/log4j-core/2.22.1/7183a25510a02ad00cc6a95d3b3d2a7d3c5a8dc4/log4j-core-2.22.1.jar because it was already located earlier
[10:15:46] [main/DEBUG] [ne.ne.fm.lo.mo.ModDiscoverer/]: Skipping /home/runner/.gradle/caches/modules-2/files-2.1/org.apache.logging.log4j/log4j-api/2.22.1/bea6fede6328fabafd7e68363161a7ea6605abd1/log4j-api-2.22.1.jar because it was already located earlier
[10:15:46] [main/DEBUG] [ne.ne.fm.lo.mo.ModDiscoverer/]: Skipping /home/runner/.gradle/caches/modules-2/files-2.1/com.google.guava/guava/32.1.2-jre/5e64ec7e056456bef3a4bc4c6fdaef71e8ab6318/guava-32.1.2-jre.jar because it was already located earlier
[10:15:46] [main/DEBUG] [ne.ne.fm.lo.mo.ModDiscoverer/]: Skipping /home/runner/.gradle/caches/modules-2/files-2.1/com.google.code.gson/gson/2.10.1/b3add478d4382b78ea20b1671390a858002feb6c/gson-2.10.1.jar because it was already located earlier
[10:15:46] [main/DEBUG] [ne.ne.fm.lo.mo.ModDiscoverer/]: Skipping /home/runner/.gradle/caches/modules-2/files-2.1/org.slf4j/slf4j-api/2.0.9/7cf2726fdcfbc8610f9a71fb3ed639871f315340/slf4j-api-2.0.9.jar because it was already located earlier
[10:15:46] [main/DEBUG] [ne.ne.fm.lo.mo.ModDiscoverer/]: Skipping /home/runner/.gradle/caches/modules-2/files-2.1/org.antlr/antlr4-runtime/4.13.1/17125bae1d965624e265ef49552f6465a2bfa307/antlr4-runtime-4.13.1.jar because it was already located earlier
[10:15:46] [main/DEBUG] [ne.ne.fm.lo.mo.ModDiscoverer/]: Skipping /home/runner/.gradle/caches/modules-2/files-2.1/net.minecraftforge/srgutils/0.4.15/ca408b131759478f164e010fae0d73997e125fb5/srgutils-0.4.15.jar because it was already located earlier
[10:15:46] [main/DEBUG] [ne.ne.fm.lo.mo.ModDiscoverer/]: Skipping /home/runner/.gradle/caches/modules-2/files-2.1/org.codehaus.plexus/plexus-utils/3.3.0/cf43b5391de623b36fe066a21127baef82c64022/plexus-utils-3.3.0.jar because it was already located earlier
[10:15:46] [main/DEBUG] [ne.ne.fm.lo.mo.ModDiscoverer/]: Skipping /home/runner/.gradle/caches/modules-2/files-2.1/org.jline/jline-reader/3.20.0/8f15415b022a25b473e8e16c28ae913186ffb9c4/jline-reader-3.20.0.jar because it was already located earlier
[10:15:46] [main/DEBUG] [ne.ne.fm.lo.mo.ModDiscoverer/]: Skipping /home/runner/.gradle/caches/modules-2/files-2.1/com.machinezoo.noexception/noexception/1.7.1/b65330c98e38a1f915fa54a6e5eca496505e3f0a/noexception-1.7.1.jar because it was already located earlier
[10:15:46] [main/DEBUG] [ne.ne.fm.lo.mo.ModDiscoverer/]: Skipping /home/runner/.gradle/caches/modules-2/files-2.1/com.github.oshi/oshi-core/6.4.10/b1d8ab82d11d92fd639b56d639f8f46f739dd5fa/oshi-core-6.4.10.jar because it was already located earlier
[10:15:46] [main/DEBUG] [ne.ne.fm.lo.mo.ModDiscoverer/]: Skipping /home/runner/.gradle/caches/modules-2/files-2.1/com.google.guava/failureaccess/1.0.1/1dcf1de382a0bf95a3d8b0849546c88bac1292c9/failureaccess-1.0.1.jar because it was already located earlier
[10:15:46] [main/DEBUG] [ne.ne.fm.lo.mo.ModDiscoverer/]: Skipping /home/runner/.gradle/caches/modules-2/files-2.1/com.mojang/authlib/6.0.54/de8bc95660e1b2fe8793fd427a7a10dcec5b3ea7/authlib-6.0.54.jar because it was already located earlier
[10:15:46] [main/DEBUG] [ne.ne.fm.lo.mo.ModDiscoverer/]: Skipping /home/runner/.gradle/caches/modules-2/files-2.1/com.mojang/brigadier/1.3.10/d15b53a14cf20fdcaa98f731af5dda654452c010/brigadier-1.3.10.jar because it was already located earlier
[10:15:46] [main/DEBUG] [ne.ne.fm.lo.mo.ModDiscoverer/]: Skipping /home/runner/.gradle/caches/modules-2/files-2.1/com.mojang/datafixerupper/8.0.16/67d4de6d7f95d89bcf5862995fb854ebaec02a34/datafixerupper-8.0.16.jar because it was already located earlier
[10:15:46] [main/DEBUG] [ne.ne.fm.lo.mo.ModDiscoverer/]: Skipping /home/runner/.gradle/caches/modules-2/files-2.1/io.netty/netty-buffer/4.1.97.Final/f8f3d8644afa5e6e1a40a3a6aeb9d9aa970ecb4f/netty-buffer-4.1.97.Final.jar because it was already located earlier
[10:15:46] [main/DEBUG] [ne.ne.fm.lo.mo.ModDiscoverer/]: Skipping /home/runner/.gradle/caches/modules-2/files-2.1/io.netty/netty-codec/4.1.97.Final/384ba4d75670befbedb45c4d3b497a93639c206d/netty-codec-4.1.97.Final.jar because it was already located earlier
[10:15:46] [main/DEBUG] [ne.ne.fm.lo.mo.ModDiscoverer/]: Skipping /home/runner/.gradle/caches/modules-2/files-2.1/io.netty/netty-common/4.1.97.Final/7cceacaf11df8dc63f23d0fb58e9d4640fc88404/netty-common-4.1.97.Final.jar because it was already located earlier
[10:15:46] [main/DEBUG] [ne.ne.fm.lo.mo.ModDiscoverer/]: Skipping /home/runner/.gradle/caches/modules-2/files-2.1/io.netty/netty-handler/4.1.97.Final/abb86c6906bf512bf2b797a41cd7d2e8d3cd7c36/netty-handler-4.1.97.Final.jar because it was already located earlier
[10:15:46] [main/DEBUG] [ne.ne.fm.lo.mo.ModDiscoverer/]: Skipping /home/runner/.gradle/caches/modules-2/files-2.1/io.netty/netty-resolver/4.1.97.Final/cec8348108dc76c47cf87c669d514be52c922144/netty-resolver-4.1.97.Final.jar because it was already located earlier
[10:15:46] [main/DEBUG] [ne.ne.fm.lo.mo.ModDiscoverer/]: Skipping /home/runner/.gradle/caches/modules-2/files-2.1/io.netty/netty-transport-classes-epoll/4.1.97.Final/795da37ded759e862457a82d9d92c4d39ce8ecee/netty-transport-classes-epoll-4.1.97.Final.jar because it was already located earlier
[10:15:46] [main/DEBUG] [ne.ne.fm.lo.mo.ModDiscoverer/]: Skipping /home/runner/.gradle/caches/modules-2/files-2.1/io.netty/netty-transport-native-unix-common/4.1.97.Final/d469d84265ab70095b01b40886cabdd433b6e664/netty-transport-native-unix-common-4.1.97.Final.jar because it was already located earlier
[10:15:46] [main/DEBUG] [ne.ne.fm.lo.mo.ModDiscoverer/]: Skipping /home/runner/.gradle/caches/modules-2/files-2.1/io.netty/netty-transport/4.1.97.Final/f37380d23c9bb079bc702910833b2fd532c9abd0/netty-transport-4.1.97.Final.jar because it was already located earlier
[10:15:46] [main/DEBUG] [ne.ne.fm.lo.mo.ModDiscoverer/]: Skipping /home/runner/.gradle/caches/modules-2/files-2.1/it.unimi.dsi/fastutil/8.5.12/c24946d46824bd528054bface3231d2ecb7e95e8/fastutil-8.5.12.jar because it was already located earlier
[10:15:46] [main/DEBUG] [ne.ne.fm.lo.mo.ModDiscoverer/]: Skipping /home/runner/.gradle/caches/modules-2/files-2.1/net.java.dev.jna/jna-platform/5.14.0/28934d48aed814f11e4c584da55c49fa7032b31b/jna-platform-5.14.0.jar because it was already located earlier
[10:15:46] [main/DEBUG] [ne.ne.fm.lo.mo.ModDiscoverer/]: Skipping /home/runner/.gradle/caches/modules-2/files-2.1/net.java.dev.jna/jna/5.14.0/67bf3eaea4f0718cb376a181a629e5f88fa1c9dd/jna-5.14.0.jar because it was already located earlier
[10:15:46] [main/DEBUG] [ne.ne.fm.lo.mo.ModDiscoverer/]: Skipping /home/runner/.gradle/caches/modules-2/files-2.1/org.joml/joml/1.10.5/22566d58af70ad3d72308bab63b8339906deb649/joml-1.10.5.jar because it was already located earlier
[10:15:46] [main/DEBUG] [ne.ne.fm.lo.mo.ModDiscoverer/]: Skipping /home/runner/.gradle/caches/modules-2/files-2.1/org.lz4/lz4-java/1.8.0/4b986a99445e49ea5fbf5d149c4b63f6ed6c6780/lz4-java-1.8.0.jar because it was already located earlier
[10:15:46] [main/DEBUG] [ne.ne.fm.lo.mo.ModDiscoverer/]: Skipping /home/runner/.gradle/caches/modules-2/files-2.1/org.jline/jline-terminal/3.20.0/d0ddcc708ddf527a3454c941b7b9225cc83a15ff/jline-terminal-3.20.0.jar because it was already located earlier
[10:15:46] [main/DEBUG] [ne.ne.fm.lo.mo.ModDiscoverer/]: Skipping /home/runner/.gradle/caches/modules-2/files-2.1/io.netty/netty-transport-native-epoll/4.1.97.Final/5514744c588190ffda076b35a9b8c9f24946a960/netty-transport-native-epoll-4.1.97.Final-linux-aarch_64.jar because it was already located earlier
[10:15:46] [main/DEBUG] [ne.ne.fm.lo.mo.ModDiscoverer/]: Skipping /home/runner/.gradle/caches/modules-2/files-2.1/io.netty/netty-transport-native-epoll/4.1.97.Final/54188f271e388e7f313aea995e82f58ce2cdb809/netty-transport-native-epoll-4.1.97.Final-linux-x86_64.jar because it was already located earlier
[10:15:46] [main/DEBUG] [ne.ne.fm.lo.mo.ModDiscoverer/]: Skipping /home/runner/.gradle/caches/modules-2/files-2.1/com.google.guava/listenablefuture/9999.0-empty-to-avoid-conflict-with-guava/b421526c5f297295adef1c886e5246c39d4ac629/listenablefuture-9999.0-empty-to-avoid-conflict-with-guava.jar because it was already located earlier
[10:15:46] [main/DEBUG] [ne.ne.fm.lo.mo.ModDiscoverer/]: Skipping /home/runner/.gradle/caches/modules-2/files-2.1/com.google.code.findbugs/jsr305/3.0.2/25ea2e8b0c338a877313bd4672d3fe056ea78f0d/jsr305-3.0.2.jar because it was already located earlier
[10:15:46] [main/DEBUG] [ne.ne.fm.lo.mo.ModDiscoverer/]: Skipping /home/runner/.gradle/caches/modules-2/files-2.1/org.checkerframework/checker-qual/3.33.0/de2b60b62da487644fc11f734e73c8b0b431238f/checker-qual-3.33.0.jar because it was already located earlier
[10:15:46] [main/DEBUG] [ne.ne.fm.lo.mo.ModDiscoverer/]: Skipping /home/runner/.gradle/caches/modules-2/files-2.1/com.google.errorprone/error_prone_annotations/2.18.0/89b684257096f548fa39a7df9fdaa409d4d4df91/error_prone_annotations-2.18.0.jar because it was already located earlier
[10:15:46] [main/DEBUG] [ne.ne.fm.lo.mo.ModDiscoverer/]: Skipping /home/runner/.gradle/caches/modules-2/files-2.1/com.google.j2objc/j2objc-annotations/2.8/c85270e307e7b822f1086b93689124b89768e273/j2objc-annotations-2.8.jar because it was already located earlier
[10:15:46] [main/DEBUG] [ne.ne.fm.lo.UniqueModListBuilder/]: Found 2 mods for first modid neoforge, selecting most recent based on version data
[10:15:46] [main/DEBUG] [ne.ne.fm.lo.UniqueModListBuilder/]: Selected file neoforge-21.1.228.jar for modid neoforge with version 21.1.228
[10:15:46] [main/DEBUG] [ne.ne.fm.lo.mo.ModFileParser/LOADING]: Considering mod file candidate 
[10:15:46] [main/DEBUG] [ne.ne.fm.lo.mo.ModFileInfo/LOADING]: Found valid mod file sable-companion-common-1.21.1-1.6.0.jar with {sablecompanion} mods - versions {1.6.0}
[10:15:46] [main/DEBUG] [ne.ne.fm.lo.mo.ModFileParser/LOADING]: Considering mod file candidate 
[10:15:46] [main/DEBUG] [ne.ne.fm.lo.mo.ModFileInfo/LOADING]: Found valid mod file veil-neoforge-1.21.1-4.1.4.jar with {veil} mods - versions {4.1.4}
[10:15:46] [main/DEBUG] [ne.ne.fm.lo.mo.ModFileParser/LOADING]: Considering mod file candidate 
[10:15:46] [main/DEBUG] [ne.ne.fm.lo.mo.ModFileInfo/LOADING]: Found valid mod file veil-neoforge-1.21.1-4.1.4.jar with {veil} mods - versions {4.1.4}
[10:15:46] [main/DEBUG] [ne.ne.fm.lo.mo.ModFileParser/LOADING]: Considering mod file candidate 
[10:15:46] [main/DEBUG] [ne.ne.fm.lo.mo.ModFileInfo/LOADING]: Found valid mod file sable-companion-common-1.21.1-1.6.0.jar with {sablecompanion} mods - versions {1.6.0}
[10:15:46] [main/WARN] [ne.ne.ja.se.JarSelector/]: Attempted to select a dependency jar for JarJar which was passed in as source: veil. Using Mod File: /home/runner/.gradle/caches/modules-2/files-2.1/foundry.veil/veil-neoforge-1.21.1/4.1.4/642ec0bd02213ee087d86eda553d6d79c6a04d2b/veil-neoforge-1.21.1-4.1.4.jar
[10:15:46] [main/WARN] [ne.ne.ja.se.JarSelector/]: Attempted to select a dependency jar for JarJar which was passed in as source: sablecompanion. Using Mod File: /home/runner/.gradle/caches/modules-2/files-2.1/dev.ryanhcode.sable-companion/sable-companion-common-1.21.1/1.6.0/370be7db705926176e05c0215ed676150c45daae/sable-companion-common-1.21.1-1.6.0.jar
[10:15:46] [main/WARN] [ne.ne.ja.se.JarSelector/]: Attempted to select a dependency jar for JarJar which was passed in as source: library:sable_rapier. Using Mod File: /home/runner/.gradle/caches/modules-2/files-2.1/dev.ryanhcode.sable/sable-sable_rapier-1.21.1/2.0.3/a88c0860320890144b6b44c332a2a2db3a61e189/sable-sable_rapier-1.21.1-2.0.3.jar
[10:15:46] [main/INFO] [ne.ne.fm.lo.mo.lo.JarInJarDependencyLocator/]: Found 6 dependencies adding them to mods collection
[10:15:46] [main/INFO] [ne.ne.fm.lo.mo.ModDiscoverer/]: 
     Mod List:
		Name Version (Mod Id)

		Antikythera Mechanism 0.1.0 (antikytheramechanism)
		Minecraft 1.21.1 (minecraft)
		NeoForge 21.1.228 (neoforge)
		Sable 2.0.3 (sable)
		Sable Companion 1.6.0 (sablecompanion)
		Sable Scale 1.2.0 (sablescale)
		Veil 4.1.4 (veil)
[10:15:46] [main/DEBUG] [ne.ne.fm.lo.mo.ModFileInfo/LOADING]: Found valid mod file neoforge-21.1.228.jar with {minecraft} mods - versions {1.21.1}
[10:15:46] [main/DEBUG] [ne.ne.fm.lo.mo.ModFile/LOADING]: Loading mod file /home/runner/work/AntikytheraMechanism/AntikytheraMechanism/build/moddev/artifacts/neoforge-21.1.228.jar with languages [LanguageSpec[languageName=minecraft, acceptedVersions=1]]
[10:15:46] [main/DEBUG] [ne.ne.fm.lo.mo.ModFileParser/LOADING]: Considering mod file candidate /home/runner/.gradle/caches/modules-2/files-2.1/curse.maven/sable-scaling-1607775/8564797/9d0ab34cc09e71fbca4129f725e072bbea03cf1c/sable-scaling-1607775-8564797.jar
[10:15:46] [main/DEBUG] [ne.ne.fm.lo.mo.ModFileInfo/LOADING]: Found valid mod file sable-scaling-1607775-8564797.jar with {sablescale} mods - versions {1.2.0}
[10:15:46] [main/DEBUG] [ne.ne.fm.lo.mo.ModFile/LOADING]: Loading mod file /home/runner/.gradle/caches/modules-2/files-2.1/curse.maven/sable-scaling-1607775/8564797/9d0ab34cc09e71fbca4129f725e072bbea03cf1c/sable-scaling-1607775-8564797.jar with languages [LanguageSpec[languageName=javafml, acceptedVersions=[1,)]]
[10:15:46] [main/DEBUG] [ne.ne.fm.lo.mo.ModFile/LOADING]: Found mixin config MixinConfig[config=sablescale.mixins.json, requiredMods=[]]
[10:15:46] [main/DEBUG] [ne.ne.fm.lo.mo.ModFile/LOADING]: Found mixin config MixinConfig[config=sablescale.flywheel.mixins.json, requiredMods=[]]
[10:15:46] [main/DEBUG] [ne.ne.fm.lo.mo.ModFile/LOADING]: Found mixin config MixinConfig[config=sablescale.simulated.mixins.json, requiredMods=[]]
[10:15:46] [main/DEBUG] [ne.ne.fm.lo.mo.ModFileParser/LOADING]: Considering mod file candidate /home/runner/.gradle/caches/modules-2/files-2.1/foundry.veil/veil-neoforge-1.21.1/4.1.4/642ec0bd02213ee087d86eda553d6d79c6a04d2b/veil-neoforge-1.21.1-4.1.4.jar
[10:15:46] [main/DEBUG] [ne.ne.fm.lo.mo.ModFileInfo/LOADING]: Found valid mod file veil-neoforge-1.21.1-4.1.4.jar with {veil} mods - versions {4.1.4}
[10:15:46] [main/DEBUG] [ne.ne.fm.lo.mo.ModFile/LOADING]: Loading mod file /home/runner/.gradle/caches/modules-2/files-2.1/foundry.veil/veil-neoforge-1.21.1/4.1.4/642ec0bd02213ee087d86eda553d6d79c6a04d2b/veil-neoforge-1.21.1-4.1.4.jar with languages [LanguageSpec[languageName=javafml, acceptedVersions=[4,)]]
[10:15:46] [main/DEBUG] [ne.ne.fm.lo.mo.ModFile/LOADING]: Found mixin config MixinConfig[config=veil.command.mixins.json, requiredMods=[]]
[10:15:46] [main/DEBUG] [ne.ne.fm.lo.mo.ModFile/LOADING]: Found mixin config MixinConfig[config=veil.debug.mixins.json, requiredMods=[]]
[10:15:46] [main/DEBUG] [ne.ne.fm.lo.mo.ModFile/LOADING]: Found mixin config MixinConfig[config=veil.dynamicbuffer.mixins.json, requiredMods=[]]
[10:15:46] [main/DEBUG] [ne.ne.fm.lo.mo.ModFile/LOADING]: Found mixin config MixinConfig[config=veil.fix.mixins.json, requiredMods=[]]
[10:15:46] [main/DEBUG] [ne.ne.fm.lo.mo.ModFile/LOADING]: Found mixin config MixinConfig[config=veil.framebuffer.mixins.json, requiredMods=[]]
[10:15:46] [main/DEBUG] [ne.ne.fm.lo.mo.ModFile/LOADING]: Found mixin config MixinConfig[config=veil.necromancer.mixins.json, requiredMods=[]]
[10:15:46] [main/DEBUG] [ne.ne.fm.lo.mo.ModFile/LOADING]: Found mixin config MixinConfig[config=veil.network.mixins.json, requiredMods=[]]
[10:15:46] [main/DEBUG] [ne.ne.fm.lo.mo.ModFile/LOADING]: Found mixin config MixinConfig[config=veil.performance.mixins.json, requiredMods=[]]
[10:15:46] [main/DEBUG] [ne.ne.fm.lo.mo.ModFile/LOADING]: Found mixin config MixinConfig[config=veil.perspective.mixins.json, requiredMods=[]]
[10:15:46] [main/DEBUG] [ne.ne.fm.lo.mo.ModFile/LOADING]: Found mixin config MixinConfig[config=veil.pipeline.mixins.json, requiredMods=[]]
[10:15:46] [main/DEBUG] [ne.ne.fm.lo.mo.ModFile/LOADING]: Found mixin config MixinConfig[config=veil.quasar.mixins.json, requiredMods=[]]
[10:15:46] [main/DEBUG] [ne.ne.fm.lo.mo.ModFile/LOADING]: Found mixin config MixinConfig[config=veil.registry.mixins.json, requiredMods=[]]
[10:15:46] [main/DEBUG] [ne.ne.fm.lo.mo.ModFile/LOADING]: Found mixin config MixinConfig[config=veil.rendertype.mixins.json, requiredMods=[]]
[10:15:46] [main/DEBUG] [ne.ne.fm.lo.mo.ModFile/LOADING]: Found mixin config MixinConfig[config=veil.resource.mixins.json, requiredMods=[]]
[10:15:46] [main/DEBUG] [ne.ne.fm.lo.mo.ModFile/LOADING]: Found mixin config MixinConfig[config=veil.scheduler.mixins.json, requiredMods=[]]
[10:15:46] [main/DEBUG] [ne.ne.fm.lo.mo.ModFile/LOADING]: Found mixin config MixinConfig[config=veil.shader.mixins.json, requiredMods=[]]
[10:15:46] [main/DEBUG] [ne.ne.fm.lo.mo.ModFile/LOADING]: Found mixin config MixinConfig[config=veil.neoforge.mixins.json, requiredMods=[]]
[10:15:46] [main/DEBUG] [ne.ne.fm.lo.mo.ModFileParser/LOADING]: Considering mod file candidate /home/runner/.gradle/caches/modules-2/files-2.1/dev.ryanhcode.sable/sable-neoforge-1.21.1/2.0.3/f3ba9a497122ba29d9e94ebe6f9a3a3aaa5fa756/sable-neoforge-1.21.1-2.0.3.jar
[10:15:46] [main/DEBUG] [ne.ne.fm.lo.mo.ModFileInfo/LOADING]: Found valid mod file sable-neoforge-1.21.1-2.0.3.jar with {sable} mods - versions {2.0.3}
[10:15:46] [main/DEBUG] [ne.ne.fm.lo.mo.ModFile/LOADING]: Loading mod file /home/runner/.gradle/caches/modules-2/files-2.1/dev.ryanhcode.sable/sable-neoforge-1.21.1/2.0.3/f3ba9a497122ba29d9e94ebe6f9a3a3aaa5fa756/sable-neoforge-1.21.1-2.0.3.jar with languages [LanguageSpec[languageName=javafml, acceptedVersions=[4,)]]
[10:15:46] [main/DEBUG] [ne.ne.fm.lo.mo.ModFile/LOADING]: Found mixin config MixinConfig[config=sable.mixins.json, requiredMods=[]]
[10:15:46] [main/DEBUG] [ne.ne.fm.lo.mo.ModFile/LOADING]: Found mixin config MixinConfig[config=sable-neoforge.mixins.json, requiredMods=[]]
[10:15:46] [main/DEBUG] [ne.ne.fm.lo.mo.ModFileParser/LOADING]: Considering mod file candidate /home/runner/work/AntikytheraMechanism/AntikytheraMechanism/build/classes/java/main
[10:15:46] [main/DEBUG] [ne.ne.fm.lo.mo.ModFileInfo/LOADING]: Found valid mod file main with {antikytheramechanism} mods - versions {0.1.0}
[10:15:46] [main/DEBUG] [ne.ne.fm.lo.mo.ModFile/LOADING]: Loading mod file /home/runner/work/AntikytheraMechanism/AntikytheraMechanism/build/classes/java/main with languages [LanguageSpec[languageName=javafml, acceptedVersions=[1,)]]
[10:15:46] [main/DEBUG] [ne.ne.fm.lo.mo.ModFile/LOADING]: Found mixin config MixinConfig[config=antikytheramechanism.mixins.json, requiredMods=[]]
[10:15:46] [main/DEBUG] [ne.ne.fm.lo.mo.ModFile/LOADING]: Found mixin config MixinConfig[config=antikytheramechanism.client.mixins.json, requiredMods=[]]
[10:15:46] [main/DEBUG] [ne.ne.fm.lo.mo.ModFileParser/LOADING]: Considering mod file candidate /home/runner/.gradle/caches/modules-2/files-2.1/dev.ryanhcode.sable-companion/sable-companion-common-1.21.1/1.6.0/370be7db705926176e05c0215ed676150c45daae/sable-companion-common-1.21.1-1.6.0.jar
[10:15:46] [main/DEBUG] [ne.ne.fm.lo.mo.ModFileInfo/LOADING]: Found valid mod file sable-companion-common-1.21.1-1.6.0.jar with {sablecompanion} mods - versions {1.6.0}
[10:15:46] [main/DEBUG] [ne.ne.fm.lo.mo.ModFile/LOADING]: Loading mod file /home/runner/.gradle/caches/modules-2/files-2.1/dev.ryanhcode.sable-companion/sable-companion-common-1.21.1/1.6.0/370be7db705926176e05c0215ed676150c45daae/sable-companion-common-1.21.1-1.6.0.jar with languages [LanguageSpec[languageName=javafml, acceptedVersions=[4,)]]
[10:15:46] [main/DEBUG] [ne.ne.fm.lo.mo.ModFileParser/LOADING]: Considering mod file candidate /home/runner/work/AntikytheraMechanism/AntikytheraMechanism/build/moddev/artifacts/neoforge-21.1.228.jar
[10:15:46] [main/DEBUG] [ne.ne.fm.lo.mo.ModFileInfo/LOADING]: Found valid mod file neoforge-21.1.228.jar with {neoforge} mods - versions {21.1.228}
[10:15:46] [main/DEBUG] [ne.ne.fm.lo.mo.ModFile/LOADING]: Loading mod file /home/runner/work/AntikytheraMechanism/AntikytheraMechanism/build/moddev/artifacts/neoforge-21.1.228.jar with languages [LanguageSpec[languageName=javafml, acceptedVersions=[3,]]]
[10:15:46] [main/DEBUG] [ne.ne.fm.lo.mo.ModFile/LOADING]: Found mixin config MixinConfig[config=neoforge.mixins.json, requiredMods=[]]
[10:15:46] [main/DEBUG] [ne.ne.fm.lo.mo.ModFile/LOADING]: Loading mod file /home/runner/.gradle/caches/modules-2/files-2.1/dev.ryanhcode.sable/sable-sable_rapier-1.21.1/2.0.3/a88c0860320890144b6b44c332a2a2db3a61e189/sable-sable_rapier-1.21.1-2.0.3.jar with languages []
[10:15:46] [main/DEBUG] [ne.ne.fm.lo.mo.ModFile/LOADING]: Loading mod file  with languages []
[10:15:46] [main/DEBUG] [ne.ne.fm.lo.mo.ModFile/LOADING]: Loading mod file  with languages []
[10:15:46] [main/DEBUG] [cp.mo.mo.TransformationServiceDecorator/MODLAUNCHER]: End scan trigger - transformation service fml
[10:15:46] [main/DEBUG] [ne.ne.fm.ut.ServiceLoaderUtil/CORE]: Found 3 implementations of IModLanguageLoader:
[10:15:46] [main/DEBUG] [ne.ne.fm.ut.ServiceLoaderUtil/CORE]: 	net.neoforged.fml.javafmlmod.FMLJavaModLanguageProvider from loader-4.0.42.jar
[10:15:46] [main/DEBUG] [ne.ne.fm.ut.ServiceLoaderUtil/CORE]: 	net.neoforged.fml.lowcodemod.LowCodeModLanguageProvider from loader-4.0.42.jar
[10:15:46] [main/DEBUG] [ne.ne.fm.ut.ServiceLoaderUtil/CORE]: 	net.neoforged.fml.mclanguageprovider.MinecraftModLanguageProvider from loader-4.0.42.jar
[10:15:46] [main/DEBUG] [ne.ne.fm.lo.LanguageProviderLoader/CORE]: Found language provider javafml, version 4.0.42
[10:15:46] [main/DEBUG] [ne.ne.fm.lo.LanguageProviderLoader/CORE]: Found language provider lowcodefml, version 4.0.42
[10:15:46] [main/DEBUG] [ne.ne.fm.lo.LanguageProviderLoader/CORE]: Found language provider minecraft, version 4.0.42
[10:15:46] [main/DEBUG] [ne.ne.fm.lo.ModSorter/]: Configured system mods: [minecraft, neoforge]
[10:15:46] [main/DEBUG] [ne.ne.fm.lo.ModSorter/]: Found system mod: minecraft
[10:15:46] [main/DEBUG] [ne.ne.fm.lo.ModSorter/]: Found system mod: neoforge
[10:15:46] [main/DEBUG] [ne.ne.fm.lo.ModSorter/LOADING]: Found 21 mod requirements (12 mandatory, 9 optional)
[10:15:46] [main/DEBUG] [ne.ne.fm.lo.ModSorter/LOADING]: Found 0 mod requirements missing (0 mandatory, 0 optional)
[10:15:47] [main/DEBUG] [mixin/]: Adding mixin platform agents for container net.neoforged.fml.loading.mixin.FMLMixinContainerHandle@13047d7d
[10:15:47] [main/DEBUG] [mixin/]: Instancing new MixinPlatformAgentMinecraftForge for net.neoforged.fml.loading.mixin.FMLMixinContainerHandle@13047d7d
[10:15:47] [main/DEBUG] [mixin/]: MixinPlatformAgentMinecraftForge rejected container net.neoforged.fml.loading.mixin.FMLMixinContainerHandle@13047d7d
[10:15:47] [main/DEBUG] [mixin/]: Instancing new MixinPlatformAgentDefault for net.neoforged.fml.loading.mixin.FMLMixinContainerHandle@13047d7d
[10:15:47] [main/DEBUG] [mixin/]: MixinPlatformAgentDefault accepted container net.neoforged.fml.loading.mixin.FMLMixinContainerHandle@13047d7d
[10:15:47] [main/DEBUG] [mixin/]: Instancing new FMLMixinPlatformAgent for net.neoforged.fml.loading.mixin.FMLMixinContainerHandle@13047d7d
[10:15:47] [main/DEBUG] [mixin/]: FMLMixinPlatformAgent accepted container net.neoforged.fml.loading.mixin.FMLMixinContainerHandle@13047d7d
[10:15:47] [main/DEBUG] [cp.mo.mo.TransformationServicesHandler/MODLAUNCHER]: Transformation services loading transformers
[10:15:47] [main/DEBUG] [cp.mo.mo.TransformationServiceDecorator/MODLAUNCHER]: Initializing transformers for transformation service mixin
[10:15:47] [main/DEBUG] [cp.mo.mo.TransformationServiceDecorator/MODLAUNCHER]: Initialized transformers for transformation service mixin
[10:15:47] [main/DEBUG] [cp.mo.mo.TransformationServiceDecorator/MODLAUNCHER]: Initializing transformers for transformation service fml
[10:15:47] [main/DEBUG] [ne.ne.fm.lo.FMLServiceProvider/LOADING]: Loading coremod transformers
[10:15:47] [main/DEBUG] [ne.ne.fm.lo.FMLServiceProvider/CORE]: Not loading coremod script-engine since no mod requested it
[10:15:47] [main/DEBUG] [ne.ne.fm.ut.ServiceLoaderUtil/CORE]: Found 1 implementations of ICoreMod:
[10:15:47] [main/DEBUG] [ne.ne.fm.ut.ServiceLoaderUtil/CORE]: 	net.neoforged.neoforge.coremods.NeoForgeCoreMod from neoforge-21.1.228.jar > net.neoforged.neoforge-coremods-21.1.228.jar
[10:15:47] [main/DEBUG] [ne.ne.fm.lo.FMLServiceProvider/CORE]: Adding [Target[className=net.minecraft.world.level.biome.Biome, elementName=, elementDescriptor=, targetType=cpw.mods.modlauncher.api.TargetType@6179e425]] transformer from core-mod net.neoforged.neoforge.coremods.NeoForgeCoreMod@770b3be0 in neoforge-21.1.228.jar > net.neoforged.neoforge-coremods-21.1.228.jar
[10:15:47] [main/DEBUG] [ne.ne.fm.lo.FMLServiceProvider/CORE]: Adding [Target[className=net.minecraft.world.level.levelgen.structure.Structure, elementName=, elementDescriptor=, targetType=cpw.mods.modlauncher.api.TargetType@6179e425]] transformer from core-mod net.neoforged.neoforge.coremods.NeoForgeCoreMod@770b3be0 in neoforge-21.1.228.jar > net.neoforged.neoforge-coremods-21.1.228.jar
[10:15:47] [main/DEBUG] [ne.ne.fm.lo.FMLServiceProvider/CORE]: Adding [Target[className=net.minecraft.world.level.block.FlowerPotBlock, elementName=, elementDescriptor=, targetType=cpw.mods.modlauncher.api.TargetType@6179e425]] transformer from core-mod net.neoforged.neoforge.coremods.NeoForgeCoreMod@770b3be0 in neoforge-21.1.228.jar > net.neoforged.neoforge-coremods-21.1.228.jar
[10:15:47] [main/DEBUG] [ne.ne.fm.lo.FMLServiceProvider/CORE]: Adding [Target[className=net/minecraft/world/entity/animal/frog/Tadpole, elementName=, elementDescriptor=, targetType=cpw.mods.modlauncher.api.TargetType@6179e425], Target[className=net/minecraft/world/level/levelgen/structure/structures/SwampHutPiece, elementName=, elementDescriptor=, targetType=cpw.mods.modlauncher.api.TargetType@6179e425], Target[className=net/minecraft/world/entity/monster/Evoker$EvokerSummonSpellGoal, elementName=, elementDescriptor=, targetType=cpw.mods.modlauncher.api.TargetType@6179e425], Target[className=net/minecraft/world/level/levelgen/structure/structures/OceanMonumentPieces$OceanMonumentPiece, elementName=, elementDescriptor=, targetType=cpw.mods.modlauncher.api.TargetType@6179e425], Target[className=net/minecraft/world/level/levelgen/structure/templatesystem/StructureTemplate, elementName=, elementDescriptor=, targetType=cpw.mods.modlauncher.api.TargetType@6179e425], Target[className=net/minecraft/world/entity/raid/Raid, elementName=, elementDescriptor=, targetType=cpw.mods.modlauncher.api.TargetType@6179e425], Target[className=net/minecraft/world/entity/monster/Spider, elementName=, elementDescriptor=, targetType=cpw.mods.modlauncher.api.TargetType@6179e425], Target[className=net/minecraft/world/level/levelgen/structure/structures/OceanRuinPieces$OceanRuinPiece, elementName=, elementDescriptor=, targetType=cpw.mods.modlauncher.api.TargetType@6179e425], Target[className=net/minecraft/world/entity/monster/ZombieVillager, elementName=, elementDescriptor=, targetType=cpw.mods.modlauncher.api.TargetType@6179e425], Target[className=net/minecraft/world/entity/npc/Villager, elementName=, elementDescriptor=, targetType=cpw.mods.modlauncher.api.TargetType@6179e425], Target[className=net/minecraft/world/level/levelgen/PhantomSpawner, elementName=, elementDescriptor=, targetType=cpw.mods.modlauncher.api.TargetType@6179e425], Target[className=net/minecraft/world/entity/ai/village/VillageSiege, elementName=, elementDescriptor=, targetType=cpw.mods.modlauncher.api.TargetType@6179e425], Target[className=net/minecraft/world/level/NaturalSpawner, elementName=, elementDescriptor=, targetType=cpw.mods.modlauncher.api.TargetType@6179e425], Target[className=net/minecraft/world/entity/monster/Zombie, elementName=, elementDescriptor=, targetType=cpw.mods.modlauncher.api.TargetType@6179e425], Target[className=net/minecraft/world/level/levelgen/PatrolSpawner, elementName=, elementDescriptor=, targetType=cpw.mods.modlauncher.api.TargetType@6179e425], Target[className=net/minecraft/server/commands/SummonCommand, elementName=, elementDescriptor=, targetType=cpw.mods.modlauncher.api.TargetType@6179e425], Target[className=net/minecraft/world/entity/monster/Strider, elementName=, elementDescriptor=, targetType=cpw.mods.modlauncher.api.TargetType@6179e425], Target[className=net/minecraft/world/level/levelgen/structure/structures/WoodlandMansionPieces$WoodlandMansionPiece, elementName=, elementDescriptor=, targetType=cpw.mods.modlauncher.api.TargetType@6179e425], Target[className=net/minecraft/server/commands/RaidCommand, elementName=, elementDescriptor=, targetType=cpw.mods.modlauncher.api.TargetType@6179e425], Target[className=net/minecraft/world/entity/EntityType, elementName=, elementDescriptor=, targetType=cpw.mods.modlauncher.api.TargetType@6179e425], Target[className=net/minecraft/world/entity/animal/horse/SkeletonTrapGoal, elementName=, elementDescriptor=, targetType=cpw.mods.modlauncher.api.TargetType@6179e425], Target[className=net/minecraft/world/entity/npc/CatSpawner, elementName=, elementDescriptor=, targetType=cpw.mods.modlauncher.api.TargetType@6179e425]] transformer from core-mod net.neoforged.neoforge.coremods.NeoForgeCoreMod@770b3be0 in neoforge-21.1.228.jar > net.neoforged.neoforge-coremods-21.1.228.jar
[10:15:47] [main/DEBUG] [cp.mo.mo.TransformStore/MODLAUNCHER]: Adding transformer net.neoforged.neoforge.coremods.ReplaceFieldWithGetterAccess@3104351d to Target : cpw.mods.modlauncher.api.TargetType@6179e425 {Lnet/minecraft/world/level/biome/Biome;} {} {V}
[10:15:47] [main/DEBUG] [cp.mo.mo.TransformStore/MODLAUNCHER]: Adding transformer net.neoforged.neoforge.coremods.ReplaceFieldWithGetterAccess@48b22fd4 to Target : cpw.mods.modlauncher.api.TargetType@6179e425 {Lnet/minecraft/world/level/levelgen/structure/Structure;} {} {V}
[10:15:47] [main/DEBUG] [cp.mo.mo.TransformStore/MODLAUNCHER]: Adding transformer net.neoforged.neoforge.coremods.ReplaceFieldWithGetterAccess@6a9d5dff to Target : cpw.mods.modlauncher.api.TargetType@6179e425 {Lnet/minecraft/world/level/block/FlowerPotBlock;} {} {V}
[10:15:47] [main/DEBUG] [cp.mo.mo.TransformStore/MODLAUNCHER]: Adding transformer net.neoforged.neoforge.coremods.MethodRedirector@3b08f438 to Target : cpw.mods.modlauncher.api.TargetType@6179e425 {Lnet/minecraft/world/entity/animal/frog/Tadpole;} {} {V}
[10:15:47] [main/DEBUG] [cp.mo.mo.TransformStore/MODLAUNCHER]: Adding transformer net.neoforged.neoforge.coremods.MethodRedirector@3b08f438 to Target : cpw.mods.modlauncher.api.TargetType@6179e425 {Lnet/minecraft/world/level/levelgen/structure/structures/SwampHutPiece;} {} {V}
[10:15:47] [main/DEBUG] [cp.mo.mo.TransformStore/MODLAUNCHER]: Adding transformer net.neoforged.neoforge.coremods.MethodRedirector@3b08f438 to Target : cpw.mods.modlauncher.api.TargetType@6179e425 {Lnet/minecraft/world/entity/monster/Evoker$EvokerSummonSpellGoal;} {} {V}
[10:15:47] [main/DEBUG] [cp.mo.mo.TransformStore/MODLAUNCHER]: Adding transformer net.neoforged.neoforge.coremods.MethodRedirector@3b08f438 to Target : cpw.mods.modlauncher.api.TargetType@6179e425 {Lnet/minecraft/world/level/levelgen/structure/structures/OceanMonumentPieces$OceanMonumentPiece;} {} {V}
[10:15:47] [main/DEBUG] [cp.mo.mo.TransformStore/MODLAUNCHER]: Adding transformer net.neoforged.neoforge.coremods.MethodRedirector@3b08f438 to Target : cpw.mods.modlauncher.api.TargetType@6179e425 {Lnet/minecraft/world/level/levelgen/structure/templatesystem/StructureTemplate;} {} {V}
[10:15:47] [main/DEBUG] [cp.mo.mo.TransformStore/MODLAUNCHER]: Adding transformer net.neoforged.neoforge.coremods.MethodRedirector@3b08f438 to Target : cpw.mods.modlauncher.api.TargetType@6179e425 {Lnet/minecraft/world/entity/raid/Raid;} {} {V}
[10:15:47] [main/DEBUG] [cp.mo.mo.TransformStore/MODLAUNCHER]: Adding transformer net.neoforged.neoforge.coremods.MethodRedirector@3b08f438 to Target : cpw.mods.modlauncher.api.TargetType@6179e425 {Lnet/minecraft/world/entity/monster/Spider;} {} {V}
[10:15:47] [main/DEBUG] [cp.mo.mo.TransformStore/MODLAUNCHER]: Adding transformer net.neoforged.neoforge.coremods.MethodRedirector@3b08f438 to Target : cpw.mods.modlauncher.api.TargetType@6179e425 {Lnet/minecraft/world/level/levelgen/structure/structures/OceanRuinPieces$OceanRuinPiece;} {} {V}
[10:15:47] [main/DEBUG] [cp.mo.mo.TransformStore/MODLAUNCHER]: Adding transformer net.neoforged.neoforge.coremods.MethodRedirector@3b08f438 to Target : cpw.mods.modlauncher.api.TargetType@6179e425 {Lnet/minecraft/world/entity/monster/ZombieVillager;} {} {V}
[10:15:47] [main/DEBUG] [cp.mo.mo.TransformStore/MODLAUNCHER]: Adding transformer net.neoforged.neoforge.coremods.MethodRedirector@3b08f438 to Target : cpw.mods.modlauncher.api.TargetType@6179e425 {Lnet/minecraft/world/entity/npc/Villager;} {} {V}
[10:15:47] [main/DEBUG] [cp.mo.mo.TransformStore/MODLAUNCHER]: Adding transformer net.neoforged.neoforge.coremods.MethodRedirector@3b08f438 to Target : cpw.mods.modlauncher.api.TargetType@6179e425 {Lnet/minecraft/world/level/levelgen/PhantomSpawner;} {} {V}
[10:15:47] [main/DEBUG] [cp.mo.mo.TransformStore/MODLAUNCHER]: Adding transformer net.neoforged.neoforge.coremods.MethodRedirector@3b08f438 to Target : cpw.mods.modlauncher.api.TargetType@6179e425 {Lnet/minecraft/world/entity/ai/village/VillageSiege;} {} {V}
[10:15:47] [main/DEBUG] [cp.mo.mo.TransformStore/MODLAUNCHER]: Adding transformer net.neoforged.neoforge.coremods.MethodRedirector@3b08f438 to Target : cpw.mods.modlauncher.api.TargetType@6179e425 {Lnet/minecraft/world/level/NaturalSpawner;} {} {V}
[10:15:47] [main/DEBUG] [cp.mo.mo.TransformStore/MODLAUNCHER]: Adding transformer net.neoforged.neoforge.coremods.MethodRedirector@3b08f438 to Target : cpw.mods.modlauncher.api.TargetType@6179e425 {Lnet/minecraft/world/entity/monster/Zombie;} {} {V}
[10:15:47] [main/DEBUG] [cp.mo.mo.TransformStore/MODLAUNCHER]: Adding transformer net.neoforged.neoforge.coremods.MethodRedirector@3b08f438 to Target : cpw.mods.modlauncher.api.TargetType@6179e425 {Lnet/minecraft/world/level/levelgen/PatrolSpawner;} {} {V}
[10:15:47] [main/DEBUG] [cp.mo.mo.TransformStore/MODLAUNCHER]: Adding transformer net.neoforged.neoforge.coremods.MethodRedirector@3b08f438 to Target : cpw.mods.modlauncher.api.TargetType@6179e425 {Lnet/minecraft/server/commands/SummonCommand;} {} {V}
[10:15:47] [main/DEBUG] [cp.mo.mo.TransformStore/MODLAUNCHER]: Adding transformer net.neoforged.neoforge.coremods.MethodRedirector@3b08f438 to Target : cpw.mods.modlauncher.api.TargetType@6179e425 {Lnet/minecraft/world/entity/monster/Strider;} {} {V}
[10:15:47] [main/DEBUG] [cp.mo.mo.TransformStore/MODLAUNCHER]: Adding transformer net.neoforged.neoforge.coremods.MethodRedirector@3b08f438 to Target : cpw.mods.modlauncher.api.TargetType@6179e425 {Lnet/minecraft/world/level/levelgen/structure/structures/WoodlandMansionPieces$WoodlandMansionPiece;} {} {V}
[10:15:47] [main/DEBUG] [cp.mo.mo.TransformStore/MODLAUNCHER]: Adding transformer net.neoforged.neoforge.coremods.MethodRedirector@3b08f438 to Target : cpw.mods.modlauncher.api.TargetType@6179e425 {Lnet/minecraft/server/commands/RaidCommand;} {} {V}
[10:15:47] [main/DEBUG] [cp.mo.mo.TransformStore/MODLAUNCHER]: Adding transformer net.neoforged.neoforge.coremods.MethodRedirector@3b08f438 to Target : cpw.mods.modlauncher.api.TargetType@6179e425 {Lnet/minecraft/world/entity/EntityType;} {} {V}
[10:15:47] [main/DEBUG] [cp.mo.mo.TransformStore/MODLAUNCHER]: Adding transformer net.neoforged.neoforge.coremods.MethodRedirector@3b08f438 to Target : cpw.mods.modlauncher.api.TargetType@6179e425 {Lnet/minecraft/world/entity/animal/horse/SkeletonTrapGoal;} {} {V}
[10:15:47] [main/DEBUG] [cp.mo.mo.TransformStore/MODLAUNCHER]: Adding transformer net.neoforged.neoforge.coremods.MethodRedirector@3b08f438 to Target : cpw.mods.modlauncher.api.TargetType@6179e425 {Lnet/minecraft/world/entity/npc/CatSpawner;} {} {V}
[10:15:47] [main/DEBUG] [cp.mo.mo.TransformationServiceDecorator/MODLAUNCHER]: Initialized transformers for transformation service fml
[10:15:47] [main/DEBUG] [mixin/]: Processing prepare() for PlatformAgent[MixinPlatformAgentDefault:ModLauncher Root Container(ModLauncher:4f56a0a2)]
[10:15:47] [main/DEBUG] [mixin/]: Processing prepare() for PlatformAgent[MixinPlatformAgentDefault:net.neoforged.fml.loading.mixin.FMLMixinContainerHandle@13047d7d]
[10:15:47] [main/DEBUG] [mixin/]: Processing prepare() for PlatformAgent[FMLMixinPlatformAgent:null]
[10:15:47] [main/DEBUG] [mixin/]: Compatibility level JAVA_21 specified by veil.command.mixins.json is higher than the maximum level supported by this version of mixin (JAVA_13).
[10:15:47] [main/INFO] [mixin/]: Compatibility level set to JAVA_21
[10:15:47] [main/DEBUG] [mixin/]: Processing launch tasks for PlatformAgent[MixinPlatformAgentDefault:ModLauncher Root Container(ModLauncher:4f56a0a2)]
[10:15:47] [main/DEBUG] [mixin/]: Adding mixin platform agents for container SecureJarResource(mixin_synthetic)
[10:15:47] [main/DEBUG] [mixin/]: Instancing new MixinPlatformAgentMinecraftForge for SecureJarResource(mixin_synthetic)
[10:15:47] [main/DEBUG] [mixin/]: MixinPlatformAgentMinecraftForge rejected container SecureJarResource(mixin_synthetic)
[10:15:47] [main/DEBUG] [mixin/]: Instancing new MixinPlatformAgentDefault for SecureJarResource(mixin_synthetic)
[10:15:47] [main/DEBUG] [mixin/]: MixinPlatformAgentDefault accepted container SecureJarResource(mixin_synthetic)
[10:15:47] [main/DEBUG] [mixin/]: Instancing new FMLMixinPlatformAgent for SecureJarResource(mixin_synthetic)
[10:15:47] [main/DEBUG] [mixin/]: FMLMixinPlatformAgent rejected container SecureJarResource(mixin_synthetic)
[10:15:47] [main/DEBUG] [mixin/]: Processing prepare() for PlatformAgent[MixinPlatformAgentDefault:SecureJarResource(mixin_synthetic)]
[10:15:47] [main/DEBUG] [mixin/]: Adding mixin platform agents for container SecureJarResource(minecraft)
[10:15:47] [main/DEBUG] [mixin/]: Instancing new MixinPlatformAgentMinecraftForge for SecureJarResource(minecraft)
[10:15:47] [main/DEBUG] [mixin/]: MixinPlatformAgentMinecraftForge rejected container SecureJarResource(minecraft)
[10:15:47] [main/DEBUG] [mixin/]: Instancing new MixinPlatformAgentDefault for SecureJarResource(minecraft)
[10:15:47] [main/DEBUG] [mixin/]: MixinPlatformAgentDefault accepted container SecureJarResource(minecraft)
[10:15:47] [main/DEBUG] [mixin/]: Instancing new FMLMixinPlatformAgent for SecureJarResource(minecraft)
[10:15:47] [main/DEBUG] [mixin/]: FMLMixinPlatformAgent rejected container SecureJarResource(minecraft)
[10:15:47] [main/DEBUG] [mixin/]: Processing prepare() for PlatformAgent[MixinPlatformAgentDefault:SecureJarResource(minecraft)]
[10:15:47] [main/DEBUG] [mixin/]: Adding mixin platform agents for container SecureJarResource(veil)
[10:15:47] [main/DEBUG] [mixin/]: Instancing new MixinPlatformAgentMinecraftForge for SecureJarResource(veil)
[10:15:47] [main/DEBUG] [mixin/]: MixinPlatformAgentMinecraftForge rejected container SecureJarResource(veil)
[10:15:47] [main/DEBUG] [mixin/]: Instancing new MixinPlatformAgentDefault for SecureJarResource(veil)
[10:15:47] [main/DEBUG] [mixin/]: MixinPlatformAgentDefault accepted container SecureJarResource(veil)
[10:15:47] [main/DEBUG] [mixin/]: Instancing new FMLMixinPlatformAgent for SecureJarResource(veil)
[10:15:47] [main/DEBUG] [mixin/]: FMLMixinPlatformAgent rejected container SecureJarResource(veil)
[10:15:47] [main/DEBUG] [mixin/]: Processing prepare() for PlatformAgent[MixinPlatformAgentDefault:SecureJarResource(veil)]
[10:15:47] [main/DEBUG] [mixin/]: Adding mixin platform agents for container SecureJarResource(sablecompanion)
[10:15:47] [main/DEBUG] [mixin/]: Instancing new MixinPlatformAgentMinecraftForge for SecureJarResource(sablecompanion)
[10:15:47] [main/DEBUG] [mixin/]: MixinPlatformAgentMinecraftForge rejected container SecureJarResource(sablecompanion)
[10:15:47] [main/DEBUG] [mixin/]: Instancing new MixinPlatformAgentDefault for SecureJarResource(sablecompanion)
[10:15:47] [main/DEBUG] [mixin/]: MixinPlatformAgentDefault accepted container SecureJarResource(sablecompanion)
[10:15:47] [main/DEBUG] [mixin/]: Instancing new FMLMixinPlatformAgent for SecureJarResource(sablecompanion)
[10:15:47] [main/DEBUG] [mixin/]: FMLMixinPlatformAgent rejected container SecureJarResource(sablecompanion)
[10:15:47] [main/DEBUG] [mixin/]: Processing prepare() for PlatformAgent[MixinPlatformAgentDefault:SecureJarResource(sablecompanion)]
[10:15:47] [main/DEBUG] [mixin/]: Adding mixin platform agents for container SecureJarResource(sable)
[10:15:47] [main/DEBUG] [mixin/]: Instancing new MixinPlatformAgentMinecraftForge for SecureJarResource(sable)
[10:15:47] [main/DEBUG] [mixin/]: MixinPlatformAgentMinecraftForge rejected container SecureJarResource(sable)
[10:15:47] [main/DEBUG] [mixin/]: Instancing new MixinPlatformAgentDefault for SecureJarResource(sable)
[10:15:47] [main/DEBUG] [mixin/]: MixinPlatformAgentDefault accepted container SecureJarResource(sable)
[10:15:47] [main/DEBUG] [mixin/]: Instancing new FMLMixinPlatformAgent for SecureJarResource(sable)
[10:15:47] [main/DEBUG] [mixin/]: FMLMixinPlatformAgent rejected container SecureJarResource(sable)
[10:15:47] [main/DEBUG] [mixin/]: Processing prepare() for PlatformAgent[MixinPlatformAgentDefault:SecureJarResource(sable)]
[10:15:47] [main/DEBUG] [mixin/]: Adding mixin platform agents for container SecureJarResource(sablescale)
[10:15:47] [main/DEBUG] [mixin/]: Instancing new MixinPlatformAgentMinecraftForge for SecureJarResource(sablescale)
[10:15:47] [main/DEBUG] [mixin/]: MixinPlatformAgentMinecraftForge rejected container SecureJarResource(sablescale)
[10:15:47] [main/DEBUG] [mixin/]: Instancing new MixinPlatformAgentDefault for SecureJarResource(sablescale)
[10:15:47] [main/DEBUG] [mixin/]: MixinPlatformAgentDefault accepted container SecureJarResource(sablescale)
[10:15:47] [main/DEBUG] [mixin/]: Instancing new FMLMixinPlatformAgent for SecureJarResource(sablescale)
[10:15:47] [main/DEBUG] [mixin/]: FMLMixinPlatformAgent rejected container SecureJarResource(sablescale)
[10:15:47] [main/DEBUG] [mixin/]: Processing prepare() for PlatformAgent[MixinPlatformAgentDefault:SecureJarResource(sablescale)]
[10:15:47] [main/DEBUG] [mixin/]: Adding mixin platform agents for container SecureJarResource(antikytheramechanism)
[10:15:47] [main/DEBUG] [mixin/]: Instancing new MixinPlatformAgentMinecraftForge for SecureJarResource(antikytheramechanism)
[10:15:47] [main/DEBUG] [mixin/]: MixinPlatformAgentMinecraftForge rejected container SecureJarResource(antikytheramechanism)
[10:15:47] [main/DEBUG] [mixin/]: Instancing new MixinPlatformAgentDefault for SecureJarResource(antikytheramechanism)
[10:15:47] [main/DEBUG] [mixin/]: MixinPlatformAgentDefault accepted container SecureJarResource(antikytheramechanism)
[10:15:47] [main/DEBUG] [mixin/]: Instancing new FMLMixinPlatformAgent for SecureJarResource(antikytheramechanism)
[10:15:47] [main/DEBUG] [mixin/]: FMLMixinPlatformAgent rejected container SecureJarResource(antikytheramechanism)
[10:15:47] [main/DEBUG] [mixin/]: Processing prepare() for PlatformAgent[MixinPlatformAgentDefault:SecureJarResource(antikytheramechanism)]
[10:15:47] [main/DEBUG] [mixin/]: Adding mixin platform agents for container SecureJarResource(sable_rapier)
[10:15:47] [main/DEBUG] [mixin/]: Instancing new MixinPlatformAgentMinecraftForge for SecureJarResource(sable_rapier)
[10:15:47] [main/DEBUG] [mixin/]: MixinPlatformAgentMinecraftForge rejected container SecureJarResource(sable_rapier)
[10:15:47] [main/DEBUG] [mixin/]: Instancing new MixinPlatformAgentDefault for SecureJarResource(sable_rapier)
[10:15:47] [main/DEBUG] [mixin/]: MixinPlatformAgentDefault accepted container SecureJarResource(sable_rapier)
[10:15:47] [main/DEBUG] [mixin/]: Instancing new FMLMixinPlatformAgent for SecureJarResource(sable_rapier)
[10:15:47] [main/DEBUG] [mixin/]: FMLMixinPlatformAgent rejected container SecureJarResource(sable_rapier)
[10:15:47] [main/DEBUG] [mixin/]: Processing prepare() for PlatformAgent[MixinPlatformAgentDefault:SecureJarResource(sable_rapier)]
[10:15:47] [main/DEBUG] [mixin/]: Adding mixin platform agents for container SecureJarResource(mixinsquared.neoforge)
[10:15:47] [main/DEBUG] [mixin/]: Instancing new MixinPlatformAgentMinecraftForge for SecureJarResource(mixinsquared.neoforge)
[10:15:47] [main/DEBUG] [mixin/]: MixinPlatformAgentMinecraftForge rejected container SecureJarResource(mixinsquared.neoforge)
[10:15:47] [main/DEBUG] [mixin/]: Instancing new MixinPlatformAgentDefault for SecureJarResource(mixinsquared.neoforge)
[10:15:47] [main/DEBUG] [mixin/]: MixinPlatformAgentDefault accepted container SecureJarResource(mixinsquared.neoforge)
[10:15:47] [main/DEBUG] [mixin/]: Instancing new FMLMixinPlatformAgent for SecureJarResource(mixinsquared.neoforge)
[10:15:47] [main/DEBUG] [mixin/]: FMLMixinPlatformAgent rejected container SecureJarResource(mixinsquared.neoforge)
[10:15:47] [main/DEBUG] [mixin/]: Processing prepare() for PlatformAgent[MixinPlatformAgentDefault:SecureJarResource(mixinsquared.neoforge)]
[10:15:47] [main/DEBUG] [mixin/]: Registering mixin config: mixinsquared.init.mixins.json source=SecureJarResource(mixinsquared.neoforge)
[10:15:47] [main/DEBUG] [mixin/]: Adding mixin platform agents for container SecureJarResource(mixinextras.neoforge)
[10:15:47] [main/DEBUG] [mixin/]: Instancing new MixinPlatformAgentMinecraftForge for SecureJarResource(mixinextras.neoforge)
[10:15:47] [main/DEBUG] [mixin/]: MixinPlatformAgentMinecraftForge rejected container SecureJarResource(mixinextras.neoforge)
[10:15:47] [main/DEBUG] [mixin/]: Instancing new MixinPlatformAgentDefault for SecureJarResource(mixinextras.neoforge)
[10:15:47] [main/DEBUG] [mixin/]: MixinPlatformAgentDefault accepted container SecureJarResource(mixinextras.neoforge)
[10:15:47] [main/DEBUG] [mixin/]: Instancing new FMLMixinPlatformAgent for SecureJarResource(mixinextras.neoforge)
[10:15:47] [main/DEBUG] [mixin/]: FMLMixinPlatformAgent rejected container SecureJarResource(mixinextras.neoforge)
[10:15:47] [main/DEBUG] [mixin/]: Processing prepare() for PlatformAgent[MixinPlatformAgentDefault:SecureJarResource(mixinextras.neoforge)]
[10:15:47] [main/DEBUG] [mixin/]: Registering mixin config: mixinextras.init.mixins.json source=SecureJarResource(mixinextras.neoforge)
[10:15:47] [main/DEBUG] [mixin/]: inject() running with 12 agents
[10:15:47] [main/DEBUG] [mixin/]: Processing inject() for PlatformAgent[MixinPlatformAgentDefault:ModLauncher Root Container(ModLauncher:4f56a0a2)]
[10:15:47] [main/DEBUG] [mixin/]: Processing inject() for PlatformAgent[MixinPlatformAgentDefault:net.neoforged.fml.loading.mixin.FMLMixinContainerHandle@13047d7d]
[10:15:47] [main/DEBUG] [mixin/]: Processing inject() for PlatformAgent[FMLMixinPlatformAgent:null]
[10:15:47] [main/DEBUG] [mixin/]: Processing inject() for PlatformAgent[MixinPlatformAgentDefault:SecureJarResource(mixin_synthetic)]
[10:15:47] [main/DEBUG] [mixin/]: Processing inject() for PlatformAgent[MixinPlatformAgentDefault:SecureJarResource(minecraft)]
[10:15:47] [main/DEBUG] [mixin/]: Processing inject() for PlatformAgent[MixinPlatformAgentDefault:SecureJarResource(veil)]
[10:15:47] [main/DEBUG] [mixin/]: Processing inject() for PlatformAgent[MixinPlatformAgentDefault:SecureJarResource(sablecompanion)]
[10:15:47] [main/DEBUG] [mixin/]: Processing inject() for PlatformAgent[MixinPlatformAgentDefault:SecureJarResource(sable)]
[10:15:47] [main/DEBUG] [mixin/]: Processing inject() for PlatformAgent[MixinPlatformAgentDefault:SecureJarResource(sablescale)]
[10:15:47] [main/DEBUG] [mixin/]: Processing inject() for PlatformAgent[MixinPlatformAgentDefault:SecureJarResource(antikytheramechanism)]
[10:15:47] [main/DEBUG] [mixin/]: Processing inject() for PlatformAgent[MixinPlatformAgentDefault:SecureJarResource(sable_rapier)]
[10:15:47] [main/DEBUG] [mixin/]: Processing inject() for PlatformAgent[MixinPlatformAgentDefault:SecureJarResource(mixinsquared.neoforge)]
[10:15:47] [main/DEBUG] [mixin/]: Processing inject() for PlatformAgent[MixinPlatformAgentDefault:SecureJarResource(mixinextras.neoforge)]
[10:15:47] [main/INFO] [cp.mo.mo.LaunchServiceHandler/MODLAUNCHER]: Launching target 'forgeserverdev' with arguments [--gameDir, .]
[10:15:47] [main/DEBUG] [mixin/]: Preparing mixins for MixinEnvironment[DEFAULT]
[10:15:47] [main/DEBUG] [mixin/]: Selecting config veil.command.mixins.json
[10:15:47] [main/DEBUG] [mixin/]: Selecting config veil.debug.mixins.json
[10:15:47] [main/DEBUG] [mixin/]: Selecting config veil.dynamicbuffer.mixins.json
[10:15:47] [main/DEBUG] [mixin/]: Selecting config veil.fix.mixins.json
[10:15:47] [main/DEBUG] [mixin/]: Selecting config veil.framebuffer.mixins.json
[10:15:47] [main/DEBUG] [mixin/]: Selecting config veil.necromancer.mixins.json
[10:15:47] [main/DEBUG] [mixin/]: Selecting config veil.network.mixins.json
[10:15:47] [main/DEBUG] [mixin/]: Selecting config veil.performance.mixins.json
[10:15:47] [main/DEBUG] [mixin/]: Selecting config veil.perspective.mixins.json
[10:15:47] [main/DEBUG] [mixin/]: Selecting config veil.pipeline.mixins.json
[10:15:47] [main/DEBUG] [mixin/]: Selecting config veil.quasar.mixins.json
[10:15:47] [main/DEBUG] [mixin/]: Selecting config veil.registry.mixins.json
[10:15:47] [main/DEBUG] [mixin/]: Selecting config veil.rendertype.mixins.json
[10:15:47] [main/DEBUG] [mixin/]: Selecting config veil.resource.mixins.json
[10:15:47] [main/DEBUG] [mixin/]: Selecting config veil.scheduler.mixins.json
[10:15:47] [main/DEBUG] [mixin/]: Selecting config veil.shader.mixins.json
[10:15:47] [main/DEBUG] [mixin/]: Selecting config veil.neoforge.mixins.json
[10:15:47] [main/DEBUG] [mixin/]: Selecting config neoforge.mixins.json
[10:15:47] [main/DEBUG] [mixin/]: Selecting config sable.mixins.json
[10:15:47] [main/INFO] [de.ry.sa.mi.AbstractSableMixinPlugin/]: Using Vanilla renderer mixins
[10:15:47] [main/DEBUG] [mixin/]: Selecting config sable-neoforge.mixins.json
[10:15:47] [main/INFO] [de.ry.sa.mi.AbstractSableMixinPlugin/]: Using Vanilla renderer mixins
[10:15:47] [main/DEBUG] [mixin/]: Selecting config sablescale.mixins.json
[10:15:47] [main/DEBUG] [mixin/]: Selecting config sablescale.flywheel.mixins.json
[10:15:47] [main/INFO] [de.sa.co.RequiredModsMixinPlugin/]: [Sable Scale] patch 'Flywheel sub-level scaling' dormant - missing one of sable, flywheel; skipping its mixins.
[10:15:47] [main/DEBUG] [mixin/]: Selecting config sablescale.simulated.mixins.json
[10:15:47] [main/INFO] [de.sa.co.RequiredModsMixinPlugin/]: [Sable Scale] patch 'Create Simulated sub-level scaling' dormant - missing one of sable, simulated; skipping its mixins.
[10:15:47] [main/DEBUG] [mixin/]: Selecting config antikytheramechanism.mixins.json
[10:15:47] [main/DEBUG] [mixin/]: Selecting config antikytheramechanism.client.mixins.json
[10:15:47] [main/DEBUG] [mixin/]: Selecting config mixinsquared.init.mixins.json
[10:15:47] [main/DEBUG] [mixin/]: Registering new target selector for @mixinsquared:handler with com.bawnorton.mixinsquared.selector.DynamicSelectorHandler
[10:15:47] [main/DEBUG] [mixin/]: Selecting config mixinextras.init.mixins.json
[10:15:47] [main/DEBUG] [MixinExtras|Service/]: com.llamalad7.mixinextras.service.MixinExtrasServiceImpl(version=0.5.3) is taking over from null
[10:15:47] [main/DEBUG] [mixin/]: Registering new injector for @Inject with org.spongepowered.asm.mixin.injection.struct.CallbackInjectionInfo
[10:15:47] [main/DEBUG] [mixin/]: Registering new injector for @ModifyArg with org.spongepowered.asm.mixin.injection.struct.ModifyArgInjectionInfo
[10:15:47] [main/DEBUG] [mixin/]: Registering new injector for @ModifyArgs with org.spongepowered.asm.mixin.injection.struct.ModifyArgsInjectionInfo
[10:15:47] [main/DEBUG] [mixin/]: Registering new injector for @Redirect with org.spongepowered.asm.mixin.injection.struct.RedirectInjectionInfo
[10:15:47] [main/DEBUG] [mixin/]: Registering new injector for @ModifyVariable with org.spongepowered.asm.mixin.injection.struct.ModifyVariableInjectionInfo
[10:15:47] [main/DEBUG] [mixin/]: Registering new injector for @ModifyConstant with org.spongepowered.asm.mixin.injection.struct.ModifyConstantInjectionInfo
[10:15:47] [main/DEBUG] [mixin/]: Preparing veil.command.mixins.json (1)
[10:15:47] [main/DEBUG] [mixin/]: Preparing veil.debug.mixins.json (15)
[10:15:48] [main/DEBUG] [mixin/]: Preparing veil.dynamicbuffer.mixins.json (5)
[10:15:48] [main/DEBUG] [mixin/]: Preparing veil.fix.mixins.json (3)
[10:15:48] [main/DEBUG] [mixin/]: Preparing veil.framebuffer.mixins.json (1)
[10:15:48] [main/DEBUG] [mixin/]: Preparing veil.necromancer.mixins.json (2)
[10:15:48] [main/DEBUG] [mixin/]: Preparing veil.network.mixins.json (3)
[10:15:48] [main/DEBUG] [mixin/]: Preparing veil.performance.mixins.json (4)
[10:15:48] [main/DEBUG] [mixin/]: Preparing veil.perspective.mixins.json (3)
[10:15:48] [main/DEBUG] [mixin/]: Preparing veil.pipeline.mixins.json (19)
[10:15:48] [main/DEBUG] [mixin/]: Preparing veil.quasar.mixins.json (2)
[10:15:48] [main/DEBUG] [mixin/]: Preparing veil.registry.mixins.json (1)
[10:15:48] [main/DEBUG] [mixin/]: Preparing veil.rendertype.mixins.json (6)
[10:15:48] [main/DEBUG] [mixin/]: Preparing veil.resource.mixins.json (6)
[10:15:48] [main/DEBUG] [mixin/]: Preparing veil.scheduler.mixins.json (1)
[10:15:48] [main/DEBUG] [mixin/]: Preparing veil.shader.mixins.json (4)
[10:15:48] [main/DEBUG] [mixin/]: Preparing veil.neoforge.mixins.json (34)
[10:15:48] [main/DEBUG] [mixin/]: Preparing neoforge.mixins.json (2)
[10:15:48] [main/DEBUG] [mixin/]: Preparing sable.mixins.json (215)
[10:15:48] [main/ERROR] [ne.ne.fm.co.as.RuntimeDistCleaner/DISTXFORM]: Attempted to load class net/minecraft/client/multiplayer/ClientLevel for invalid dist DEDICATED_SERVER
[10:15:48] [main/WARN] [mixin/]: Error loading class: net/minecraft/client/multiplayer/ClientLevel (java.lang.RuntimeException: Attempted to load class net/minecraft/client/multiplayer/ClientLevel for invalid dist DEDICATED_SERVER)
[10:15:48] [main/DEBUG] [mixin/]: Skipping virtual target net.minecraft.client.multiplayer.ClientLevel for sable.mixins.json:entity.entity_aabb_lookup.LevelsMixin from mod sable
[10:15:48] [main/ERROR] [ne.ne.fm.co.as.RuntimeDistCleaner/DISTXFORM]: Attempted to load class net/minecraft/client/multiplayer/ClientLevel for invalid dist DEDICATED_SERVER
[10:15:48] [main/WARN] [mixin/]: Error loading class: net/minecraft/client/multiplayer/ClientLevel (java.lang.RuntimeException: Attempted to load class net/minecraft/client/multiplayer/ClientLevel for invalid dist DEDICATED_SERVER)
[10:15:48] [main/DEBUG] [mixin/]: Skipping virtual target net.minecraft.client.multiplayer.ClientLevel for sable.mixins.json:plot.LevelsMixin from mod sable
[10:15:48] [main/ERROR] [ne.ne.fm.co.as.RuntimeDistCleaner/DISTXFORM]: Attempted to load class net/minecraft/client/multiplayer/ClientLevel for invalid dist DEDICATED_SERVER
[10:15:48] [main/WARN] [mixin/]: Error loading class: net/minecraft/client/multiplayer/ClientLevel (java.lang.RuntimeException: Attempted to load class net/minecraft/client/multiplayer/ClientLevel for invalid dist DEDICATED_SERVER)
[10:15:48] [main/DEBUG] [mixin/]: Skipping virtual target net.minecraft.client.multiplayer.ClientLevel for sable.mixins.json:water_occlusion.LevelsMixin from mod sable
[10:15:48] [main/DEBUG] [mixin/]: Preparing sable-neoforge.mixins.json (158)
[10:15:48] [main/DEBUG] [mixin/]: Preparing sablescale.mixins.json (25)
[10:15:48] [main/DEBUG] [mixin/]: Preparing sablescale.flywheel.mixins.json (1)
[10:15:48] [main/DEBUG] [mixin/]: Preparing sablescale.simulated.mixins.json (3)
[10:15:48] [main/DEBUG] [mixin/]: Preparing antikytheramechanism.mixins.json (50)
[10:15:48] [main/DEBUG] [mixin/]: Preparing antikytheramechanism.client.mixins.json (17)
[10:15:48] [main/DEBUG] [mixin/]: Preparing mixinsquared.init.mixins.json (0)
[10:15:48] [main/DEBUG] [mixin/]: Preparing mixinextras.init.mixins.json (0)
[10:15:48] [main/DEBUG] [mixin/]: Inner class foundry/veil/mixin/resource/ResourceVanillaPackResourcesMixin$1 in foundry/veil/mixin/resource/ResourceVanillaPackResourcesMixin on net/minecraft/server/packs/VanillaPackResources gets unique name net/minecraft/server/packs/VanillaPackResources$Anonymous$4df51dcc1be04166ac623e9d470a8472
[10:15:48] [main/DEBUG] [mixin/]: Inner class foundry/veil/forge/mixin/resources/PathPackResourcesMixin$1 in foundry/veil/forge/mixin/resources/PathPackResourcesMixin on net/minecraft/server/packs/PathPackResources gets unique name net/minecraft/server/packs/PathPackResources$Anonymous$79e8f268e19f45f1bf1352196f91c9ca
[10:15:48] [main/ERROR] [ne.ne.fm.co.as.RuntimeDistCleaner/DISTXFORM]: Attempted to load class net/minecraft/client/multiplayer/ClientLevel for invalid dist DEDICATED_SERVER
[10:15:48] [main/WARN] [mixin/]: Error loading class: net/minecraft/client/multiplayer/ClientLevel (java.lang.RuntimeException: Attempted to load class net/minecraft/client/multiplayer/ClientLevel for invalid dist DEDICATED_SERVER)
[10:15:48] [main/ERROR] [ne.ne.fm.co.as.RuntimeDistCleaner/DISTXFORM]: Attempted to load class net/minecraft/client/multiplayer/ClientLevel for invalid dist DEDICATED_SERVER
[10:15:48] [main/WARN] [mixin/]: Error loading class: net/minecraft/client/multiplayer/ClientLevel (java.lang.RuntimeException: Attempted to load class net/minecraft/client/multiplayer/ClientLevel for invalid dist DEDICATED_SERVER)
[10:15:48] [main/ERROR] [ne.ne.fm.co.as.RuntimeDistCleaner/DISTXFORM]: Attempted to load class net/minecraft/client/multiplayer/ClientLevel for invalid dist DEDICATED_SERVER
[10:15:48] [main/WARN] [mixin/]: Error loading class: net/minecraft/client/multiplayer/ClientLevel (java.lang.RuntimeException: Attempted to load class net/minecraft/client/multiplayer/ClientLevel for invalid dist DEDICATED_SERVER)
[10:15:48] [main/ERROR] [ne.ne.fm.co.as.RuntimeDistCleaner/DISTXFORM]: Attempted to load class net/minecraft/client/multiplayer/ClientLevel for invalid dist DEDICATED_SERVER
[10:15:48] [main/WARN] [mixin/]: Error loading class: net/minecraft/client/multiplayer/ClientLevel (java.lang.RuntimeException: Attempted to load class net/minecraft/client/multiplayer/ClientLevel for invalid dist DEDICATED_SERVER)
[10:15:48] [main/DEBUG] [mixin/]: Inner class dev/ryanhcode/sable/mixin/udp/ConnectionMixin$2 in dev/ryanhcode/sable/mixin/udp/ConnectionMixin on net/minecraft/network/Connection gets unique name net/minecraft/network/Connection$Anonymous$3cb1bae46db24fe68dd84d2b891f9d82
[10:15:48] [main/DEBUG] [mixin/]: Inner class dev/ryanhcode/sable/mixin/udp/ConnectionMixin$1 in dev/ryanhcode/sable/mixin/udp/ConnectionMixin on net/minecraft/network/Connection gets unique name net/minecraft/network/Connection$Anonymous$f7d5d50c4a5d482eba3378ce66aa9157
[10:15:48] [main/DEBUG] [mixin/]: Inner class dev/ryanhcode/sable/mixin/udp/ServerConnectionListenerMixin$2 in dev/ryanhcode/sable/mixin/udp/ServerConnectionListenerMixin on net/minecraft/server/network/ServerConnectionListener gets unique name net/minecraft/server/network/ServerConnectionListener$Anonymous$a9bd610a201e4dab8f3c3abe1dc64b44
[10:15:48] [main/DEBUG] [mixin/]: Inner class dev/ryanhcode/sable/mixin/udp/ServerConnectionListenerMixin$1 in dev/ryanhcode/sable/mixin/udp/ServerConnectionListenerMixin on net/minecraft/server/network/ServerConnectionListener gets unique name net/minecraft/server/network/ServerConnectionListener$Anonymous$d264b272c4794063bec9d6ffdaa11dee
[10:15:48] [main/ERROR] [ne.ne.fm.co.as.RuntimeDistCleaner/DISTXFORM]: Attempted to load class net/minecraft/client/multiplayer/ClientLevel for invalid dist DEDICATED_SERVER
[10:15:48] [main/WARN] [mixin/]: Error loading class: net/minecraft/client/multiplayer/ClientLevel (java.lang.RuntimeException: Attempted to load class net/minecraft/client/multiplayer/ClientLevel for invalid dist DEDICATED_SERVER)
[10:15:48] [main/ERROR] [ne.ne.fm.co.as.RuntimeDistCleaner/DISTXFORM]: Attempted to load class net/minecraft/client/multiplayer/ClientLevel for invalid dist DEDICATED_SERVER
[10:15:48] [main/WARN] [mixin/]: Error loading class: net/minecraft/client/multiplayer/ClientLevel (java.lang.RuntimeException: Attempted to load class net/minecraft/client/multiplayer/ClientLevel for invalid dist DEDICATED_SERVER)
[10:15:48] [main/DEBUG] [mixin/]: Prepared 197 mixins in 0.980 sec (5.0ms avg) (0ms load, 0ms transform, 0ms plugin)
[10:15:48] [main/DEBUG] [io.ne.ut.in.lo.InternalLoggerFactory/]: Using SLF4J as the default logging framework
[10:15:48] [main/DEBUG] [io.ne.ut.ResourceLeakDetector/]: -Dio.netty.leakDetection.level: simple
[10:15:48] [main/DEBUG] [io.ne.ut.ResourceLeakDetector/]: -Dio.netty.leakDetection.targetRecords: 4
[10:15:49] [main/DEBUG] [os.ut.FileUtil/]: No oshi.properties file found from ClassLoader cpw.mods.modlauncher.TransformingClassLoader@2bf94401
[10:15:49] [main/DEBUG] [os.ut.FileUtil/]: Reading file /proc/self/auxv
[10:15:49] [main/DEBUG] [os.ut.FileUtil/]: Reading file /proc/self/auxv
[10:15:49] [main/DEBUG] [os.ut.FileUtil/]: Reading file /proc/stat
[10:15:49] [main/DEBUG] [os.ut.FileUtil/]: Reading file /sys/devices/system/cpu/cpu0/topology/core_id
[10:15:49] [main/DEBUG] [os.ut.FileUtil/]: Reading file /sys/devices/system/cpu/cpu0/topology/core_id
[10:15:49] [main/DEBUG] [os.ut.FileUtil/]: Reading file /sys/devices/system/cpu/cpu0/topology/physical_package_id
[10:15:49] [main/DEBUG] [os.ut.FileUtil/]: Reading file /sys/devices/system/cpu/cpu0/topology/physical_package_id
[10:15:49] [main/DEBUG] [os.ut.FileUtil/]: Reading file /sys/devices/system/cpu/cpu0/cpu_capacity
[10:15:49] [main/DEBUG] [os.ut.FileUtil/]: Reading file /sys/devices/system/cpu/cpu0/cpu_capacity
[10:15:49] [main/DEBUG] [os.ut.FileUtil/]: Reading file /sys/devices/system/cpu/cpu0/cache/index2/level
[10:15:49] [main/DEBUG] [os.ut.FileUtil/]: Reading file /sys/devices/system/cpu/cpu0/cache/index2/level
[10:15:49] [main/DEBUG] [os.ut.FileUtil/]: Reading file /sys/devices/system/cpu/cpu0/cache/index2/type
[10:15:49] [main/DEBUG] [os.ut.FileUtil/]: Reading file /sys/devices/system/cpu/cpu0/cache/index2/type
[10:15:49] [main/DEBUG] [os.ut.FileUtil/]: Reading file /sys/devices/system/cpu/cpu0/cache/index2/ways_of_associativity
[10:15:49] [main/DEBUG] [os.ut.FileUtil/]: Reading file /sys/devices/system/cpu/cpu0/cache/index2/ways_of_associativity
[10:15:49] [main/DEBUG] [os.ut.FileUtil/]: Reading file /sys/devices/system/cpu/cpu0/cache/index2/coherency_line_size
[10:15:49] [main/DEBUG] [os.ut.FileUtil/]: Reading file /sys/devices/system/cpu/cpu0/cache/index2/coherency_line_size
[10:15:49] [main/DEBUG] [os.ut.FileUtil/]: Reading file /sys/devices/system/cpu/cpu0/cache/index2/size
[10:15:49] [main/DEBUG] [os.ut.FileUtil/]: Reading file /sys/devices/system/cpu/cpu0/cache/index2/size
[10:15:49] [main/DEBUG] [os.ut.FileUtil/]: Reading file /sys/devices/system/cpu/cpu0/cache/index0/level
[10:15:49] [main/DEBUG] [os.ut.FileUtil/]: Reading file /sys/devices/system/cpu/cpu0/cache/index0/level
[10:15:49] [main/DEBUG] [os.ut.FileUtil/]: Reading file /sys/devices/system/cpu/cpu0/cache/index0/type
[10:15:49] [main/DEBUG] [os.ut.FileUtil/]: Reading file /sys/devices/system/cpu/cpu0/cache/index0/type
[10:15:49] [main/DEBUG] [os.ut.FileUtil/]: Reading file /sys/devices/system/cpu/cpu0/cache/index0/ways_of_associativity
[10:15:49] [main/DEBUG] [os.ut.FileUtil/]: Reading file /sys/devices/system/cpu/cpu0/cache/index0/ways_of_associativity
[10:15:49] [main/DEBUG] [os.ut.FileUtil/]: Reading file /sys/devices/system/cpu/cpu0/cache/index0/coherency_line_size
[10:15:49] [main/DEBUG] [os.ut.FileUtil/]: Reading file /sys/devices/system/cpu/cpu0/cache/index0/coherency_line_size
[10:15:49] [main/DEBUG] [os.ut.FileUtil/]: Reading file /sys/devices/system/cpu/cpu0/cache/index0/size
[10:15:49] [main/DEBUG] [os.ut.FileUtil/]: Reading file /sys/devices/system/cpu/cpu0/cache/index0/size
[10:15:49] [main/DEBUG] [os.ut.FileUtil/]: Reading file /sys/devices/system/cpu/cpu0/cache/index3/level
[10:15:49] [main/DEBUG] [os.ut.FileUtil/]: Reading file /sys/devices/system/cpu/cpu0/cache/index3/level
[10:15:49] [main/DEBUG] [os.ut.FileUtil/]: Reading file /sys/devices/system/cpu/cpu0/cache/index3/type
[10:15:49] [main/DEBUG] [os.ut.FileUtil/]: Reading file /sys/devices/system/cpu/cpu0/cache/index3/type
[10:15:49] [main/DEBUG] [os.ut.FileUtil/]: Reading file /sys/devices/system/cpu/cpu0/cache/index3/ways_of_associativity
[10:15:49] [main/DEBUG] [os.ut.FileUtil/]: Reading file /sys/devices/system/cpu/cpu0/cache/index3/ways_of_associativity
[10:15:49] [main/DEBUG] [os.ut.FileUtil/]: Reading file /sys/devices/system/cpu/cpu0/cache/index3/coherency_line_size
[10:15:49] [main/DEBUG] [os.ut.FileUtil/]: Reading file /sys/devices/system/cpu/cpu0/cache/index3/coherency_line_size
[10:15:49] [main/DEBUG] [os.ut.FileUtil/]: Reading file /sys/devices/system/cpu/cpu0/cache/index3/size
[10:15:49] [main/DEBUG] [os.ut.FileUtil/]: Reading file /sys/devices/system/cpu/cpu0/cache/index3/size
[10:15:49] [main/DEBUG] [os.ut.FileUtil/]: Reading file /sys/devices/system/cpu/cpu0/cache/index1/level
[10:15:49] [main/DEBUG] [os.ut.FileUtil/]: Reading file /sys/devices/system/cpu/cpu0/cache/index1/level
[10:15:49] [main/DEBUG] [os.ut.FileUtil/]: Reading file /sys/devices/system/cpu/cpu0/cache/index1/type
[10:15:49] [main/DEBUG] [os.ut.FileUtil/]: Reading file /sys/devices/system/cpu/cpu0/cache/index1/type
[10:15:49] [main/DEBUG] [os.ut.FileUtil/]: Reading file /sys/devices/system/cpu/cpu0/cache/index1/ways_of_associativity
[10:15:49] [main/DEBUG] [os.ut.FileUtil/]: Reading file /sys/devices/system/cpu/cpu0/cache/index1/ways_of_associativity
[10:15:49] [main/DEBUG] [os.ut.FileUtil/]: Reading file /sys/devices/system/cpu/cpu0/cache/index1/coherency_line_size
[10:15:49] [main/DEBUG] [os.ut.FileUtil/]: Reading file /sys/devices/system/cpu/cpu0/cache/index1/coherency_line_size
[10:15:49] [main/DEBUG] [os.ut.FileUtil/]: Reading file /sys/devices/system/cpu/cpu0/cache/index1/size
[10:15:49] [main/DEBUG] [os.ut.FileUtil/]: Reading file /sys/devices/system/cpu/cpu0/cache/index1/size
[10:15:49] [main/DEBUG] [os.ut.FileUtil/]: Reading file /sys/devices/system/cpu/cpu1/topology/core_id
[10:15:49] [main/DEBUG] [os.ut.FileUtil/]: Reading file /sys/devices/system/cpu/cpu1/topology/core_id
[10:15:49] [main/DEBUG] [os.ut.FileUtil/]: Reading file /sys/devices/system/cpu/cpu1/topology/physical_package_id
[10:15:49] [main/DEBUG] [os.ut.FileUtil/]: Reading file /sys/devices/system/cpu/cpu1/topology/physical_package_id
[10:15:49] [main/DEBUG] [os.ut.FileUtil/]: Reading file /sys/devices/system/cpu/cpu1/cpu_capacity
[10:15:49] [main/DEBUG] [os.ut.FileUtil/]: Reading file /sys/devices/system/cpu/cpu1/cpu_capacity
[10:15:49] [main/DEBUG] [os.ut.FileUtil/]: Reading file /sys/devices/system/cpu/cpu1/cache/index2/level
[10:15:49] [main/DEBUG] [os.ut.FileUtil/]: Reading file /sys/devices/system/cpu/cpu1/cache/index2/level
[10:15:49] [main/DEBUG] [os.ut.FileUtil/]: Reading file /sys/devices/system/cpu/cpu1/cache/index2/type
[10:15:49] [main/DEBUG] [os.ut.FileUtil/]: Reading file /sys/devices/system/cpu/cpu1/cache/index2/type
[10:15:49] [main/DEBUG] [os.ut.FileUtil/]: Reading file /sys/devices/system/cpu/cpu1/cache/index2/ways_of_associativity
[10:15:49] [main/DEBUG] [os.ut.FileUtil/]: Reading file /sys/devices/system/cpu/cpu1/cache/index2/ways_of_associativity
[10:15:49] [main/DEBUG] [os.ut.FileUtil/]: Reading file /sys/devices/system/cpu/cpu1/cache/index2/coherency_line_size
[10:15:49] [main/DEBUG] [os.ut.FileUtil/]: Reading file /sys/devices/system/cpu/cpu1/cache/index2/coherency_line_size
[10:15:49] [main/DEBUG] [os.ut.FileUtil/]: Reading file /sys/devices/system/cpu/cpu1/cache/index2/size
[10:15:49] [main/DEBUG] [os.ut.FileUtil/]: Reading file /sys/devices/system/cpu/cpu1/cache/index2/size
[10:15:49] [main/DEBUG] [os.ut.FileUtil/]: Reading file /sys/devices/system/cpu/cpu1/cache/index0/level
[10:15:49] [main/DEBUG] [os.ut.FileUtil/]: Reading file /sys/devices/system/cpu/cpu1/cache/index0/level
[10:15:49] [main/DEBUG] [os.ut.FileUtil/]: Reading file /sys/devices/system/cpu/cpu1/cache/index0/type
[10:15:49] [main/DEBUG] [os.ut.FileUtil/]: Reading file /sys/devices/system/cpu/cpu1/cache/index0/type
[10:15:49] [main/DEBUG] [os.ut.FileUtil/]: Reading file /sys/devices/system/cpu/cpu1/cache/index0/ways_of_associativity
[10:15:49] [main/DEBUG] [os.ut.FileUtil/]: Reading file /sys/devices/system/cpu/cpu1/cache/index0/ways_of_associativity
[10:15:49] [main/DEBUG] [os.ut.FileUtil/]: Reading file /sys/devices/system/cpu/cpu1/cache/index0/coherency_line_size
[10:15:49] [main/DEBUG] [os.ut.FileUtil/]: Reading file /sys/devices/system/cpu/cpu1/cache/index0/coherency_line_size
[10:15:49] [main/DEBUG] [os.ut.FileUtil/]: Reading file /sys/devices/system/cpu/cpu1/cache/index0/size
[10:15:49] [main/DEBUG] [os.ut.FileUtil/]: Reading file /sys/devices/system/cpu/cpu1/cache/index0/size
[10:15:49] [main/DEBUG] [os.ut.FileUtil/]: Reading file /sys/devices/system/cpu/cpu1/cache/index3/level
[10:15:49] [main/DEBUG] [os.ut.FileUtil/]: Reading file /sys/devices/system/cpu/cpu1/cache/index3/level
[10:15:49] [main/DEBUG] [os.ut.FileUtil/]: Reading file /sys/devices/system/cpu/cpu1/cache/index3/type
[10:15:49] [main/DEBUG] [os.ut.FileUtil/]: Reading file /sys/devices/system/cpu/cpu1/cache/index3/type
[10:15:49] [main/DEBUG] [os.ut.FileUtil/]: Reading file /sys/devices/system/cpu/cpu1/cache/index3/ways_of_associativity
[10:15:49] [main/DEBUG] [os.ut.FileUtil/]: Reading file /sys/devices/system/cpu/cpu1/cache/index3/ways_of_associativity
[10:15:49] [main/DEBUG] [os.ut.FileUtil/]: Reading file /sys/devices/system/cpu/cpu1/cache/index3/coherency_line_size
[10:15:49] [main/DEBUG] [os.ut.FileUtil/]: Reading file /sys/devices/system/cpu/cpu1/cache/index3/coherency_line_size
[10:15:49] [main/DEBUG] [os.ut.FileUtil/]: Reading file /sys/devices/system/cpu/cpu1/cache/index3/size
[10:15:49] [main/DEBUG] [os.ut.FileUtil/]: Reading file /sys/devices/system/cpu/cpu1/cache/index3/size
[10:15:49] [main/DEBUG] [os.ut.FileUtil/]: Reading file /sys/devices/system/cpu/cpu1/cache/index1/level
[10:15:49] [main/DEBUG] [os.ut.FileUtil/]: Reading file /sys/devices/system/cpu/cpu1/cache/index1/level
[10:15:49] [main/DEBUG] [os.ut.FileUtil/]: Reading file /sys/devices/system/cpu/cpu1/cache/index1/type
[10:15:49] [main/DEBUG] [os.ut.FileUtil/]: Reading file /sys/devices/system/cpu/cpu1/cache/index1/type
[10:15:49] [main/DEBUG] [os.ut.FileUtil/]: Reading file /sys/devices/system/cpu/cpu1/cache/index1/ways_of_associativity
[10:15:49] [main/DEBUG] [os.ut.FileUtil/]: Reading file /sys/devices/system/cpu/cpu1/cache/index1/ways_of_associativity
[10:15:49] [main/DEBUG] [os.ut.FileUtil/]: Reading file /sys/devices/system/cpu/cpu1/cache/index1/coherency_line_size
[10:15:49] [main/DEBUG] [os.ut.FileUtil/]: Reading file /sys/devices/system/cpu/cpu1/cache/index1/coherency_line_size
[10:15:49] [main/DEBUG] [os.ut.FileUtil/]: Reading file /sys/devices/system/cpu/cpu1/cache/index1/size
[10:15:49] [main/DEBUG] [os.ut.FileUtil/]: Reading file /sys/devices/system/cpu/cpu1/cache/index1/size
[10:15:49] [main/DEBUG] [os.ut.FileUtil/]: Reading file /sys/devices/system/cpu/cpu2/topology/core_id
[10:15:49] [main/DEBUG] [os.ut.FileUtil/]: Reading file /sys/devices/system/cpu/cpu2/topology/core_id
[10:15:49] [main/DEBUG] [os.ut.FileUtil/]: Reading file /sys/devices/system/cpu/cpu2/topology/physical_package_id
[10:15:49] [main/DEBUG] [os.ut.FileUtil/]: Reading file /sys/devices/system/cpu/cpu2/topology/physical_package_id
[10:15:49] [main/DEBUG] [os.ut.FileUtil/]: Reading file /sys/devices/system/cpu/cpu2/cpu_capacity
[10:15:49] [main/DEBUG] [os.ut.FileUtil/]: Reading file /sys/devices/system/cpu/cpu2/cpu_capacity
[10:15:49] [main/DEBUG] [os.ut.FileUtil/]: Reading file /sys/devices/system/cpu/cpu2/cache/index2/level
[10:15:49] [main/DEBUG] [os.ut.FileUtil/]: Reading file /sys/devices/system/cpu/cpu2/cache/index2/level
[10:15:49] [main/DEBUG] [os.ut.FileUtil/]: Reading file /sys/devices/system/cpu/cpu2/cache/index2/type
[10:15:49] [main/DEBUG] [os.ut.FileUtil/]: Reading file /sys/devices/system/cpu/cpu2/cache/index2/type
[10:15:49] [main/DEBUG] [os.ut.FileUtil/]: Reading file /sys/devices/system/cpu/cpu2/cache/index2/ways_of_associativity
[10:15:49] [main/DEBUG] [os.ut.FileUtil/]: Reading file /sys/devices/system/cpu/cpu2/cache/index2/ways_of_associativity
[10:15:49] [main/DEBUG] [os.ut.FileUtil/]: Reading file /sys/devices/system/cpu/cpu2/cache/index2/coherency_line_size
[10:15:49] [main/DEBUG] [os.ut.FileUtil/]: Reading file /sys/devices/system/cpu/cpu2/cache/index2/coherency_line_size
[10:15:49] [main/DEBUG] [os.ut.FileUtil/]: Reading file /sys/devices/system/cpu/cpu2/cache/index2/size
[10:15:49] [main/DEBUG] [os.ut.FileUtil/]: Reading file /sys/devices/system/cpu/cpu2/cache/index2/size
[10:15:49] [main/DEBUG] [os.ut.FileUtil/]: Reading file /sys/devices/system/cpu/cpu2/cache/index0/level
[10:15:49] [main/DEBUG] [os.ut.FileUtil/]: Reading file /sys/devices/system/cpu/cpu2/cache/index0/level
[10:15:49] [main/DEBUG] [os.ut.FileUtil/]: Reading file /sys/devices/system/cpu/cpu2/cache/index0/type
[10:15:49] [main/DEBUG] [os.ut.FileUtil/]: Reading file /sys/devices/system/cpu/cpu2/cache/index0/type
[10:15:49] [main/DEBUG] [os.ut.FileUtil/]: Reading file /sys/devices/system/cpu/cpu2/cache/index0/ways_of_associativity
[10:15:49] [main/DEBUG] [os.ut.FileUtil/]: Reading file /sys/devices/system/cpu/cpu2/cache/index0/ways_of_associativity
[10:15:49] [main/DEBUG] [os.ut.FileUtil/]: Reading file /sys/devices/system/cpu/cpu2/cache/index0/coherency_line_size
[10:15:49] [main/DEBUG] [os.ut.FileUtil/]: Reading file /sys/devices/system/cpu/cpu2/cache/index0/coherency_line_size
[10:15:49] [main/DEBUG] [os.ut.FileUtil/]: Reading file /sys/devices/system/cpu/cpu2/cache/index0/size
[10:15:49] [main/DEBUG] [os.ut.FileUtil/]: Reading file /sys/devices/system/cpu/cpu2/cache/index0/size
[10:15:49] [main/DEBUG] [os.ut.FileUtil/]: Reading file /sys/devices/system/cpu/cpu2/cache/index3/level
[10:15:49] [main/DEBUG] [os.ut.FileUtil/]: Reading file /sys/devices/system/cpu/cpu2/cache/index3/level
[10:15:49] [main/DEBUG] [os.ut.FileUtil/]: Reading file /sys/devices/system/cpu/cpu2/cache/index3/type
[10:15:49] [main/DEBUG] [os.ut.FileUtil/]: Reading file /sys/devices/system/cpu/cpu2/cache/index3/type
[10:15:49] [main/DEBUG] [os.ut.FileUtil/]: Reading file /sys/devices/system/cpu/cpu2/cache/index3/ways_of_associativity
[10:15:49] [main/DEBUG] [os.ut.FileUtil/]: Reading file /sys/devices/system/cpu/cpu2/cache/index3/ways_of_associativity
[10:15:49] [main/DEBUG] [os.ut.FileUtil/]: Reading file /sys/devices/system/cpu/cpu2/cache/index3/coherency_line_size
[10:15:49] [main/DEBUG] [os.ut.FileUtil/]: Reading file /sys/devices/system/cpu/cpu2/cache/index3/coherency_line_size
[10:15:49] [main/DEBUG] [os.ut.FileUtil/]: Reading file /sys/devices/system/cpu/cpu2/cache/index3/size
[10:15:49] [main/DEBUG] [os.ut.FileUtil/]: Reading file /sys/devices/system/cpu/cpu2/cache/index3/size
[10:15:49] [main/DEBUG] [os.ut.FileUtil/]: Reading file /sys/devices/system/cpu/cpu2/cache/index1/level
[10:15:49] [main/DEBUG] [os.ut.FileUtil/]: Reading file /sys/devices/system/cpu/cpu2/cache/index1/level
[10:15:49] [main/DEBUG] [os.ut.FileUtil/]: Reading file /sys/devices/system/cpu/cpu2/cache/index1/type
[10:15:49] [main/DEBUG] [os.ut.FileUtil/]: Reading file /sys/devices/system/cpu/cpu2/cache/index1/type
[10:15:49] [main/DEBUG] [os.ut.FileUtil/]: Reading file /sys/devices/system/cpu/cpu2/cache/index1/ways_of_associativity
[10:15:49] [main/DEBUG] [os.ut.FileUtil/]: Reading file /sys/devices/system/cpu/cpu2/cache/index1/ways_of_associativity
[10:15:49] [main/DEBUG] [os.ut.FileUtil/]: Reading file /sys/devices/system/cpu/cpu2/cache/index1/coherency_line_size
[10:15:49] [main/DEBUG] [os.ut.FileUtil/]: Reading file /sys/devices/system/cpu/cpu2/cache/index1/coherency_line_size
[10:15:49] [main/DEBUG] [os.ut.FileUtil/]: Reading file /sys/devices/system/cpu/cpu2/cache/index1/size
[10:15:49] [main/DEBUG] [os.ut.FileUtil/]: Reading file /sys/devices/system/cpu/cpu2/cache/index1/size
[10:15:49] [main/DEBUG] [os.ut.FileUtil/]: Reading file /sys/devices/system/cpu/cpu3/topology/core_id
[10:15:49] [main/DEBUG] [os.ut.FileUtil/]: Reading file /sys/devices/system/cpu/cpu3/topology/core_id
[10:15:49] [main/DEBUG] [os.ut.FileUtil/]: Reading file /sys/devices/system/cpu/cpu3/topology/physical_package_id
[10:15:49] [main/DEBUG] [os.ut.FileUtil/]: Reading file /sys/devices/system/cpu/cpu3/topology/physical_package_id
[10:15:49] [main/DEBUG] [os.ut.FileUtil/]: Reading file /sys/devices/system/cpu/cpu3/cpu_capacity
[10:15:49] [main/DEBUG] [os.ut.FileUtil/]: Reading file /sys/devices/system/cpu/cpu3/cpu_capacity
[10:15:49] [main/DEBUG] [os.ut.FileUtil/]: Reading file /sys/devices/system/cpu/cpu3/cache/index2/level
[10:15:49] [main/DEBUG] [os.ut.FileUtil/]: Reading file /sys/devices/system/cpu/cpu3/cache/index2/level
[10:15:49] [main/DEBUG] [os.ut.FileUtil/]: Reading file /sys/devices/system/cpu/cpu3/cache/index2/type
[10:15:49] [main/DEBUG] [os.ut.FileUtil/]: Reading file /sys/devices/system/cpu/cpu3/cache/index2/type
[10:15:49] [main/DEBUG] [os.ut.FileUtil/]: Reading file /sys/devices/system/cpu/cpu3/cache/index2/ways_of_associativity
[10:15:49] [main/DEBUG] [os.ut.FileUtil/]: Reading file /sys/devices/system/cpu/cpu3/cache/index2/ways_of_associativity
[10:15:49] [main/DEBUG] [os.ut.FileUtil/]: Reading file /sys/devices/system/cpu/cpu3/cache/index2/coherency_line_size
[10:15:49] [main/DEBUG] [os.ut.FileUtil/]: Reading file /sys/devices/system/cpu/cpu3/cache/index2/coherency_line_size
[10:15:49] [main/DEBUG] [os.ut.FileUtil/]: Reading file /sys/devices/system/cpu/cpu3/cache/index2/size
[10:15:49] [main/DEBUG] [os.ut.FileUtil/]: Reading file /sys/devices/system/cpu/cpu3/cache/index2/size
[10:15:49] [main/DEBUG] [os.ut.FileUtil/]: Reading file /sys/devices/system/cpu/cpu3/cache/index0/level
[10:15:49] [main/DEBUG] [os.ut.FileUtil/]: Reading file /sys/devices/system/cpu/cpu3/cache/index0/level
[10:15:49] [main/DEBUG] [os.ut.FileUtil/]: Reading file /sys/devices/system/cpu/cpu3/cache/index0/type
[10:15:49] [main/DEBUG] [os.ut.FileUtil/]: Reading file /sys/devices/system/cpu/cpu3/cache/index0/type
[10:15:49] [main/DEBUG] [os.ut.FileUtil/]: Reading file /sys/devices/system/cpu/cpu3/cache/index0/ways_of_associativity
[10:15:49] [main/DEBUG] [os.ut.FileUtil/]: Reading file /sys/devices/system/cpu/cpu3/cache/index0/ways_of_associativity
[10:15:49] [main/DEBUG] [os.ut.FileUtil/]: Reading file /sys/devices/system/cpu/cpu3/cache/index0/coherency_line_size
[10:15:49] [main/DEBUG] [os.ut.FileUtil/]: Reading file /sys/devices/system/cpu/cpu3/cache/index0/coherency_line_size
[10:15:49] [main/DEBUG] [os.ut.FileUtil/]: Reading file /sys/devices/system/cpu/cpu3/cache/index0/size
[10:15:49] [main/DEBUG] [os.ut.FileUtil/]: Reading file /sys/devices/system/cpu/cpu3/cache/index0/size
[10:15:49] [main/DEBUG] [os.ut.FileUtil/]: Reading file /sys/devices/system/cpu/cpu3/cache/index3/level
[10:15:49] [main/DEBUG] [os.ut.FileUtil/]: Reading file /sys/devices/system/cpu/cpu3/cache/index3/level
[10:15:49] [main/DEBUG] [os.ut.FileUtil/]: Reading file /sys/devices/system/cpu/cpu3/cache/index3/type
[10:15:49] [main/DEBUG] [os.ut.FileUtil/]: Reading file /sys/devices/system/cpu/cpu3/cache/index3/type
[10:15:49] [main/DEBUG] [os.ut.FileUtil/]: Reading file /sys/devices/system/cpu/cpu3/cache/index3/ways_of_associativity
[10:15:49] [main/DEBUG] [os.ut.FileUtil/]: Reading file /sys/devices/system/cpu/cpu3/cache/index3/ways_of_associativity
[10:15:49] [main/DEBUG] [os.ut.FileUtil/]: Reading file /sys/devices/system/cpu/cpu3/cache/index3/coherency_line_size
[10:15:49] [main/DEBUG] [os.ut.FileUtil/]: Reading file /sys/devices/system/cpu/cpu3/cache/index3/coherency_line_size
[10:15:49] [main/DEBUG] [os.ut.FileUtil/]: Reading file /sys/devices/system/cpu/cpu3/cache/index3/size
[10:15:49] [main/DEBUG] [os.ut.FileUtil/]: Reading file /sys/devices/system/cpu/cpu3/cache/index3/size
[10:15:49] [main/DEBUG] [os.ut.FileUtil/]: Reading file /sys/devices/system/cpu/cpu3/cache/index1/level
[10:15:49] [main/DEBUG] [os.ut.FileUtil/]: Reading file /sys/devices/system/cpu/cpu3/cache/index1/level
[10:15:49] [main/DEBUG] [os.ut.FileUtil/]: Reading file /sys/devices/system/cpu/cpu3/cache/index1/type
[10:15:49] [main/DEBUG] [os.ut.FileUtil/]: Reading file /sys/devices/system/cpu/cpu3/cache/index1/type
[10:15:49] [main/DEBUG] [os.ut.FileUtil/]: Reading file /sys/devices/system/cpu/cpu3/cache/index1/ways_of_associativity
[10:15:49] [main/DEBUG] [os.ut.FileUtil/]: Reading file /sys/devices/system/cpu/cpu3/cache/index1/ways_of_associativity
[10:15:49] [main/DEBUG] [os.ut.FileUtil/]: Reading file /sys/devices/system/cpu/cpu3/cache/index1/coherency_line_size
[10:15:49] [main/DEBUG] [os.ut.FileUtil/]: Reading file /sys/devices/system/cpu/cpu3/cache/index1/coherency_line_size
[10:15:49] [main/DEBUG] [os.ut.FileUtil/]: Reading file /sys/devices/system/cpu/cpu3/cache/index1/size
[10:15:49] [main/DEBUG] [os.ut.FileUtil/]: Reading file /sys/devices/system/cpu/cpu3/cache/index1/size
[10:15:49] [main/DEBUG] [os.ut.FileUtil/]: Reading file /proc/cpuinfo
[10:15:49] [main/DEBUG] [os.ut.FileUtil/]: Reading file /proc/self/auxv
[10:15:49] [main/DEBUG] [os.ut.FileUtil/]: No oshi.architecture.properties file found from ClassLoader cpw.mods.modlauncher.TransformingClassLoader@2bf94401
[10:15:49] [main/DEBUG] [os.ut.FileUtil/]: Reading file /proc/meminfo
[10:15:49] [main/DEBUG] [os.ut.FileUtil/]: Reading file /proc/meminfo
[10:15:49] [main/INFO] [MixinExtras|Service/]: Initializing MixinExtras via com.llamalad7.mixinextras.service.MixinExtrasServiceImpl(version=0.5.3).
[10:15:49] [main/DEBUG] [mixin/]: Registering new injector for @SugarWrapper with com.llamalad7.mixinextras.sugar.impl.SugarWrapperInjectionInfo
[10:15:49] [main/DEBUG] [mixin/]: Registering new injector for @FactoryRedirectWrapper with com.llamalad7.mixinextras.wrapper.factory.FactoryRedirectWrapperInjectionInfo
[10:15:49] [main/DEBUG] [mixin/]: Registering new injector for @ExpressionInjectorWrapper with com.llamalad7.mixinextras.expression.impl.wrapper.ExpressionInjectorWrapperInjectionInfo
[10:15:49] [main/DEBUG] [mixin/]: Mixing MappedRegistryAccessor from neoforge.mixins.json into net.minecraft.core.MappedRegistry
[10:15:49] [main/DEBUG] [mixin/]: Mixing RegistriesMixin from veil.neoforge.mixins.json into net.minecraft.core.registries.Registries
[10:15:49] [main/DEBUG] [mixin/]: veil.neoforge.mixins.json:RegistriesMixin from mod veil->@Inject::veilElementsPath(Lnet/minecraft/resources/ResourceKey;Lorg/spongepowered/asm/mixin/injection/callback/CallbackInfoReturnable;)V does use it's CallbackInfoReturnable
[10:15:49] [main/DEBUG] [mixin/]: veil.neoforge.mixins.json:RegistriesMixin from mod veil->@Inject::veilTagsPath(Lnet/minecraft/resources/ResourceKey;Lorg/spongepowered/asm/mixin/injection/callback/CallbackInfoReturnable;)V does use it's CallbackInfoReturnable
[10:15:49] [main/DEBUG] [mixin/]: Mixing command.ArgumentTypeInfosMixin from sable.mixins.json into net.minecraft.commands.synchronization.ArgumentTypeInfos
[10:15:49] [main/DEBUG] [mixin/]: sable.mixins.json:command.ArgumentTypeInfosMixin from mod sable->@Inject::sable$bootstrap(Lnet/minecraft/core/Registry;Lorg/spongepowered/asm/mixin/injection/callback/CallbackInfoReturnable;)V doesn't use it's CallbackInfoReturnable
[10:15:49] [main/DEBUG] [mixin/]: Mixing entity.entity_kicking.BlockMixin from sable.mixins.json into net.minecraft.world.level.block.Block
[10:15:49] [main/DEBUG] [mixin/]: Renaming synthetic method lambda$sable$popResourceFromFace$0(Lnet/minecraft/world/level/Level;DDDLnet/minecraft/world/item/ItemStack;Ldev/ryanhcode/sable/sublevel/SubLevel;)Lnet/minecraft/world/entity/item/ItemEntity; to md8240a5$sable$lambda$sable$popResourceFromFace$0$0 in sable.mixins.json:entity.entity_kicking.BlockMixin from mod sable
[10:15:49] [main/DEBUG] [mixin/]: Mixing entity.entity_rotations_and_riding.BlockMixin from sable.mixins.json into net.minecraft.world.level.block.Block
[10:15:49] [main/DEBUG] [mixin/]: Mixing BlockReadOnlyProjectedShellMixin from antikytheramechanism.mixins.json into net.minecraft.world.level.block.Block
[10:15:49] [main/DEBUG] [mixin/]: sable.mixins.json:entity.entity_kicking.BlockMixin from mod sable->@Inject::sable$popResourceFromFace(Lnet/minecraft/world/level/Level;Lnet/minecraft/core/BlockPos;Lnet/minecraft/world/item/ItemStack;Lorg/spongepowered/asm/mixin/injection/callback/CallbackInfo;DDDD)V does use it's CallbackInfo
[10:15:49] [main/DEBUG] [mixin/]: antikytheramechanism.mixins.json:BlockReadOnlyProjectedShellMixin from mod antikytheramechanism->@Inject::antikytheramechanism$skipProjectedShellDrop(Lnet/minecraft/world/level/Level;Lnet/minecraft/core/BlockPos;Lnet/minecraft/world/item/ItemStack;Lorg/spongepowered/asm/mixin/injection/callback/CallbackInfo;)V does use it's CallbackInfo
[10:15:49] [main/DEBUG] [mixin/]: Mixing BlockStateManagedVirtualEnvironmentMixin from antikytheramechanism.mixins.json into net.minecraft.world.level.block.state.BlockBehaviour$BlockStateBase
[10:15:49] [main/DEBUG] [mixin/]: Renaming synthetic method lambda$antikytheramechanism$projectSupportForRandomTick$8(Lcom/llamalad7/mixinextras/injector/wrapoperation/Operation;Lnet/minecraft/server/level/ServerLevel;Lnet/minecraft/core/BlockPos;Lnet/minecraft/util/RandomSource;)Ljava/lang/Void; to md8240a5$antikytheramechanism$lambda$antikytheramechanism$projectSupportForRandomTick$8$0 in antikytheramechanism.mixins.json:BlockStateManagedVirtualEnvironmentMixin from mod antikytheramechanism
[10:15:49] [main/DEBUG] [mixin/]: Renaming synthetic method lambda$antikytheramechanism$projectSupportForScheduledTick$7(Lcom/llamalad7/mixinextras/injector/wrapoperation/Operation;Lnet/minecraft/server/level/ServerLevel;Lnet/minecraft/core/BlockPos;Lnet/minecraft/util/RandomSource;)Ljava/lang/Void; to md8240a5$antikytheramechanism$lambda$antikytheramechanism$projectSupportForScheduledTick$7$1 in antikytheramechanism.mixins.json:BlockStateManagedVirtualEnvironmentMixin from mod antikytheramechanism
[10:15:49] [main/DEBUG] [mixin/]: Renaming synthetic method lambda$antikytheramechanism$projectBoundaryForBlockEvent$6(Lcom/llamalad7/mixinextras/injector/wrapoperation/Operation;Lnet/minecraft/world/level/Level;Lnet/minecraft/core/BlockPos;II)Ljava/lang/Boolean; to md8240a5$antikytheramechanism$lambda$antikytheramechanism$projectBoundaryForBlockEvent$6$2 in antikytheramechanism.mixins.json:BlockStateManagedVirtualEnvironmentMixin from mod antikytheramechanism
[10:15:49] [main/DEBUG] [mixin/]: Renaming synthetic method lambda$antikytheramechanism$projectSupportForIndirectShapeUpdates$5(Lcom/llamalad7/mixinextras/injector/wrapoperation/Operation;Lnet/minecraft/world/level/LevelAccessor;Lnet/minecraft/core/BlockPos;II)Ljava/lang/Void; to md8240a5$antikytheramechanism$lambda$antikytheramechanism$projectSupportForIndirectShapeUpdates$5$3 in antikytheramechanism.mixins.json:BlockStateManagedVirtualEnvironmentMixin from mod antikytheramechanism
[10:15:49] [main/DEBUG] [mixin/]: Renaming synthetic method lambda$antikytheramechanism$projectSupportForOnPlace$4(Lcom/llamalad7/mixinextras/injector/wrapoperation/Operation;Lnet/minecraft/world/level/Level;Lnet/minecraft/core/BlockPos;Lnet/minecraft/world/level/block/state/BlockState;Z)Ljava/lang/Void; to md8240a5$antikytheramechanism$lambda$antikytheramechanism$projectSupportForOnPlace$4$4 in antikytheramechanism.mixins.json:BlockStateManagedVirtualEnvironmentMixin from mod antikytheramechanism
[10:15:49] [main/DEBUG] [mixin/]: Renaming synthetic method lambda$antikytheramechanism$projectSupportForNeighborChanged$3(Lcom/llamalad7/mixinextras/injector/wrapoperation/Operation;Lnet/minecraft/world/level/Level;Lnet/minecraft/core/BlockPos;Lnet/minecraft/world/level/block/Block;Lnet/minecraft/core/BlockPos;Z)Ljava/lang/Void; to md8240a5$antikytheramechanism$lambda$antikytheramechanism$projectSupportForNeighborChanged$3$5 in antikytheramechanism.mixins.json:BlockStateManagedVirtualEnvironmentMixin from mod antikytheramechanism
[10:15:49] [main/DEBUG] [mixin/]: Renaming synthetic method lambda$antikytheramechanism$projectSupportForUpdateShape$2(Lcom/llamalad7/mixinextras/injector/wrapoperation/Operation;Lnet/minecraft/core/Direction;Lnet/minecraft/world/level/block/state/BlockState;Lnet/minecraft/world/level/LevelAccessor;Lnet/minecraft/core/BlockPos;Lnet/minecraft/core/BlockPos;)Lnet/minecraft/world/level/block/state/BlockState; to md8240a5$antikytheramechanism$lambda$antikytheramechanism$projectSupportForUpdateShape$2$6 in antikytheramechanism.mixins.json:BlockStateManagedVirtualEnvironmentMixin from mod antikytheramechanism
[10:15:49] [main/DEBUG] [mixin/]: Renaming synthetic method lambda$antikytheramechanism$projectSupportForCanSurvive$1(Lcom/llamalad7/mixinextras/injector/wrapoperation/Operation;Lnet/minecraft/world/level/LevelReader;Lnet/minecraft/core/BlockPos;)Ljava/lang/Boolean; to md8240a5$antikytheramechanism$lambda$antikytheramechanism$projectSupportForCanSurvive$1$7 in antikytheramechanism.mixins.json:BlockStateManagedVirtualEnvironmentMixin from mod antikytheramechanism
[10:15:49] [main/DEBUG] [mixin/]: Renaming synthetic method lambda$antikytheramechanism$withLifecycleEnvironment$0(Ljava/lang/Runnable;)Ljava/lang/Object; to md8240a5$antikytheramechanism$lambda$antikytheramechanism$withLifecycleEnvironment$0$8 in antikytheramechanism.mixins.json:BlockStateManagedVirtualEnvironmentMixin from mod antikytheramechanism
[10:15:50] [main/DEBUG] [mixin/]: Mixing block_properties.BlockStateMixin from sable.mixins.json into net.minecraft.world.level.block.state.BlockState
[10:15:50] [main/DEBUG] [mixin/]: Mixing clip_overwrite.BlockGetterMixin from sable.mixins.json into net.minecraft.world.level.BlockGetter
[10:15:50] [main/DEBUG] [mixin/]: Renaming synthetic method lambda$originalClip$1(Lnet/minecraft/world/level/ClipContext;)Lnet/minecraft/world/phys/BlockHitResult; to md8240a5$sable$lambda$originalClip$1$0 in sable.mixins.json:clip_overwrite.BlockGetterMixin from mod sable
[10:15:50] [main/DEBUG] [mixin/]: Renaming synthetic method lambda$originalClip$0(Lnet/minecraft/world/level/BlockGetter;Lnet/minecraft/world/level/ClipContext;Lnet/minecraft/core/BlockPos;)Lnet/minecraft/world/phys/BlockHitResult; to md8240a5$sable$lambda$originalClip$0$1 in sable.mixins.json:clip_overwrite.BlockGetterMixin from mod sable
[10:15:50] [main/DEBUG] [mixin/]: Mixing BlockGetterClipScaleMixin from sablescale.mixins.json into net.minecraft.world.level.BlockGetter
[10:15:50] [main/DEBUG] [mixin/]: Renaming synthetic method lambda$sablescale$originalClip$1(Lnet/minecraft/world/level/ClipContext;)Lnet/minecraft/world/phys/BlockHitResult; to md8240a5$sablescale$lambda$sablescale$originalClip$1$2 in sablescale.mixins.json:BlockGetterClipScaleMixin from mod sablescale
[10:15:50] [main/DEBUG] [mixin/]: Renaming synthetic method lambda$sablescale$originalClip$0(Lnet/minecraft/world/level/BlockGetter;Lnet/minecraft/world/level/ClipContext;Lnet/minecraft/core/BlockPos;)Lnet/minecraft/world/phys/BlockHitResult; to md8240a5$sablescale$lambda$sablescale$originalClip$0$3 in sablescale.mixins.json:BlockGetterClipScaleMixin from mod sablescale
[10:15:50] [main/DEBUG] [mixin/]: Mixing block_placement.EntityGetterMixin from sable.mixins.json into net.minecraft.world.level.EntityGetter
[10:15:50] [main/DEBUG] [mixin/]: Mixing plot.lighting.BlockAndTintGetterMixin from sable.mixins.json into net.minecraft.world.level.BlockAndTintGetter
[10:15:50] [main/DEBUG] [mixin/]: Mixing SignalGetterRedstoneBoundaryMixin from antikytheramechanism.mixins.json into net.minecraft.world.level.SignalGetter
[10:15:50] [main/DEBUG] [mixin/]: antikytheramechanism.mixins.json:SignalGetterRedstoneBoundaryMixin from mod antikytheramechanism->@Inject::antikytheramechanism$bridgeProjectedWeakSignal(Lnet/minecraft/core/BlockPos;Lnet/minecraft/core/Direction;Lorg/spongepowered/asm/mixin/injection/callback/CallbackInfoReturnable;)V does use it's CallbackInfoReturnable
[10:15:50] [main/DEBUG] [mixin/]: antikytheramechanism.mixins.json:SignalGetterRedstoneBoundaryMixin from mod antikytheramechanism->@Inject::antikytheramechanism$bridgeProjectedDirectSignal(Lnet/minecraft/core/BlockPos;Lnet/minecraft/core/Direction;Lorg/spongepowered/asm/mixin/injection/callback/CallbackInfoReturnable;)V does use it's CallbackInfoReturnable
[10:15:50] [main/DEBUG] [mixin/]: Mixing entity.entity_swimming.EntityMixin from sable-neoforge.mixins.json into net.minecraft.world.entity.Entity
[10:15:50] [main/DEBUG] [mixin/]: Renaming synthetic method lambda$updateFluidHeightAndDoFluidPushing$2(Lnet/neoforged/neoforge/fluids/FluidType;Ldev/ryanhcode/sable/neoforge/mixinhelper/entity/SableInterimCalculation;)V to md8240a5$sable$lambda$updateFluidHeightAndDoFluidPushing$2$0 in sable-neoforge.mixins.json:entity.entity_swimming.EntityMixin from mod sable
[10:15:50] [main/DEBUG] [mixin/]: Renaming synthetic method lambda$updateFluidHeightAndDoFluidPushing$1(Ljava/lang/Object;)Ldev/ryanhcode/sable/neoforge/mixinhelper/entity/SableInterimCalculation; to md8240a5$sable$lambda$updateFluidHeightAndDoFluidPushing$1$1 in sable-neoforge.mixins.json:entity.entity_swimming.EntityMixin from mod sable
[10:15:50] [main/DEBUG] [mixin/]: Renaming synthetic method lambda$updateFluidHeightAndDoFluidPushing$0(Ljava/lang/Object;)Ldev/ryanhcode/sable/neoforge/mixinhelper/entity/SableInterimCalculation; to md8240a5$sable$lambda$updateFluidHeightAndDoFluidPushing$0$2 in sable-neoforge.mixins.json:entity.entity_swimming.EntityMixin from mod sable
[10:15:50] [main/DEBUG] [mixin/]: Mixing clip_overwrite.EntityMixin from sable.mixins.json into net.minecraft.world.entity.Entity
[10:15:50] [main/DEBUG] [mixin/]: Mixing death_message.EntityMixin from sable.mixins.json into net.minecraft.world.entity.Entity
[10:15:50] [main/DEBUG] [mixin/]: Mixing entity.entities_in_blocks.EntityMixin from sable.mixins.json into net.minecraft.world.entity.Entity
[10:15:50] [main/DEBUG] [mixin/]: Mixing entity.entities_stick_sublevels.EntityMixin from sable.mixins.json into net.minecraft.world.entity.Entity
[10:15:50] [main/DEBUG] [mixin/]: Mixing entity.entities_stick_sublevels.effects.EntityMixin from sable.mixins.json into net.minecraft.world.entity.Entity
[10:15:50] [main/DEBUG] [mixin/]: Mixing entity.entity_collision.EntityMixin from sable.mixins.json into net.minecraft.world.entity.Entity
[10:15:50] [main/DEBUG] [mixin/]: Mixing entity.entity_rotations_and_riding.EntityMixin from sable.mixins.json into net.minecraft.world.entity.Entity
[10:15:50] [main/DEBUG] [mixin/]: Mixing extension.EntityMixin from sable.mixins.json into net.minecraft.world.entity.Entity
[10:15:50] [main/DEBUG] [mixin/]: Mixing interaction_distance.EntityMixin from sable.mixins.json into net.minecraft.world.entity.Entity
[10:15:50] [main/DEBUG] [mixin/]: Mixing portal.EntityMixin from sable.mixins.json into net.minecraft.world.entity.Entity
[10:15:50] [main/DEBUG] [mixin/]: Mixing tracking_points.EntityMixin from sable.mixins.json into net.minecraft.world.entity.Entity
[10:15:50] [main/DEBUG] [mixin/]: Mixing water_occlusion.EntityMixin from sable.mixins.json into net.minecraft.world.entity.Entity
[10:15:50] [main/DEBUG] [mixin/]: Mixing entity.entity_sublevel_collision.EntityMixin from sable.mixins.json into net.minecraft.world.entity.Entity
[10:15:50] [main/DEBUG] [mixin/]: sable-neoforge.mixins.json:entity.entity_swimming.EntityMixin from mod sable->@Inject::sable$subLevelFluidOnEyes(Lorg/spongepowered/asm/mixin/injection/callback/CallbackInfo;)V doesn't use it's CallbackInfo
[10:15:50] [main/DEBUG] [mixin/]: sable-neoforge.mixins.json:entity.entity_swimming.EntityMixin from mod sable->@Inject::sable$subLevelFluidOnEyes(Lorg/spongepowered/asm/mixin/injection/callback/CallbackInfo;)V has 0 override(s) in child classes
[10:15:50] [main/DEBUG] [mixin/]: sable-neoforge.mixins.json:entity.entity_swimming.EntityMixin from mod sable->@Inject::sable$subLevelFluidOnEyes(Lorg/spongepowered/asm/mixin/injection/callback/CallbackInfo;)V won't be passed a CallbackInfo as a result
[10:15:50] [main/DEBUG] [mixin/]: sable.mixins.json:death_message.EntityMixin from mod sable->@Inject::sable$updateLastSubLevelId(Lorg/spongepowered/asm/mixin/injection/callback/CallbackInfo;)V doesn't use it's CallbackInfo
[10:15:50] [main/DEBUG] [mixin/]: sable.mixins.json:death_message.EntityMixin from mod sable->@Inject::sable$updateLastSubLevelId(Lorg/spongepowered/asm/mixin/injection/callback/CallbackInfo;)V has 0 override(s) in child classes
[10:15:50] [main/DEBUG] [mixin/]: sable.mixins.json:death_message.EntityMixin from mod sable->@Inject::sable$updateLastSubLevelId(Lorg/spongepowered/asm/mixin/injection/callback/CallbackInfo;)V won't be passed a CallbackInfo as a result
[10:15:50] [main/DEBUG] [mixin/]: sable.mixins.json:entity.entities_in_blocks.EntityMixin from mod sable->@Inject::checkInsideBlocks(Lorg/spongepowered/asm/mixin/injection/callback/CallbackInfo;)V doesn't use it's CallbackInfo
[10:15:50] [main/DEBUG] [mixin/]: sable.mixins.json:entity.entities_in_blocks.EntityMixin from mod sable->@Inject::checkInsideBlocks(Lorg/spongepowered/asm/mixin/injection/callback/CallbackInfo;)V has 0 override(s) in child classes
[10:15:50] [main/DEBUG] [mixin/]: sable.mixins.json:entity.entities_in_blocks.EntityMixin from mod sable->@Inject::checkInsideBlocks(Lorg/spongepowered/asm/mixin/injection/callback/CallbackInfo;)V won't be passed a CallbackInfo as a result
[10:15:50] [main/DEBUG] [mixin/]: sable.mixins.json:entity.entities_stick_sublevels.EntityMixin from mod sable->@Inject::sable$updateSubLevelPosition(Lorg/spongepowered/asm/mixin/injection/callback/CallbackInfo;)V doesn't use it's CallbackInfo
[10:15:50] [main/DEBUG] [mixin/]: sable.mixins.json:entity.entities_stick_sublevels.EntityMixin from mod sable->@Inject::sable$updateSubLevelPosition(Lorg/spongepowered/asm/mixin/injection/callback/CallbackInfo;)V has 0 override(s) in child classes
[10:15:50] [main/DEBUG] [mixin/]: sable.mixins.json:entity.entities_stick_sublevels.EntityMixin from mod sable->@Inject::sable$updateSubLevelPosition(Lorg/spongepowered/asm/mixin/injection/callback/CallbackInfo;)V won't be passed a CallbackInfo as a result
[10:15:50] [main/DEBUG] [mixin/]: sable.mixins.json:entity.entities_stick_sublevels.EntityMixin from mod sable->@Inject::sable$recreateFromPacket(Lnet/minecraft/network/protocol/game/ClientboundAddEntityPacket;Lorg/spongepowered/asm/mixin/injection/callback/CallbackInfo;)V doesn't use it's CallbackInfo
[10:15:50] [main/DEBUG] [mixin/]: sable.mixins.json:entity.entities_stick_sublevels.EntityMixin from mod sable->@Inject::sable$recreateFromPacket(Lnet/minecraft/network/protocol/game/ClientboundAddEntityPacket;Lorg/spongepowered/asm/mixin/injection/callback/CallbackInfo;)V has 0 override(s) in child classes
[10:15:50] [main/DEBUG] [mixin/]: sable.mixins.json:entity.entities_stick_sublevels.EntityMixin from mod sable->@Inject::sable$recreateFromPacket(Lnet/minecraft/network/protocol/game/ClientboundAddEntityPacket;Lorg/spongepowered/asm/mixin/injection/callback/CallbackInfo;)V won't be passed a CallbackInfo as a result
[10:15:50] [main/DEBUG] [mixin/]: sable.mixins.json:entity.entities_stick_sublevels.effects.EntityMixin from mod sable->@Inject::sable$spawnSprintParticle(Lorg/spongepowered/asm/mixin/injection/callback/CallbackInfo;)V doesn't use it's CallbackInfo
[10:15:50] [main/DEBUG] [mixin/]: sable.mixins.json:entity.entities_stick_sublevels.effects.EntityMixin from mod sable->@Inject::sable$spawnSprintParticle(Lorg/spongepowered/asm/mixin/injection/callback/CallbackInfo;)V has 0 override(s) in child classes
[10:15:50] [main/DEBUG] [mixin/]: sable.mixins.json:entity.entities_stick_sublevels.effects.EntityMixin from mod sable->@Inject::sable$spawnSprintParticle(Lorg/spongepowered/asm/mixin/injection/callback/CallbackInfo;)V won't be passed a CallbackInfo as a result
[10:15:50] [main/DEBUG] [mixin/]: sable.mixins.json:entity.entities_stick_sublevels.effects.EntityMixin from mod sable->@Inject::sable$preGetOnPos(FLorg/spongepowered/asm/mixin/injection/callback/CallbackInfoReturnable;)V does use it's CallbackInfoReturnable
[10:15:50] [main/DEBUG] [mixin/]: sable.mixins.json:entity.entity_rotations_and_riding.EntityMixin from mod sable->@Inject::moveRelative(FLnet/minecraft/world/phys/Vec3;Lorg/spongepowered/asm/mixin/injection/callback/CallbackInfo;)V does use it's CallbackInfo
[10:15:50] [main/DEBUG] [mixin/]: sable.mixins.json:entity.entity_rotations_and_riding.EntityMixin from mod sable->@Inject::sable$onRidingTick(Lorg/spongepowered/asm/mixin/injection/callback/CallbackInfo;)V doesn't use it's CallbackInfo
[10:15:50] [main/DEBUG] [mixin/]: sable.mixins.json:entity.entity_rotations_and_riding.EntityMixin from mod sable->@Inject::sable$onRidingTick(Lorg/spongepowered/asm/mixin/injection/callback/CallbackInfo;)V has 0 override(s) in child classes
[10:15:50] [main/DEBUG] [mixin/]: sable.mixins.json:entity.entity_rotations_and_riding.EntityMixin from mod sable->@Inject::sable$onRidingTick(Lorg/spongepowered/asm/mixin/injection/callback/CallbackInfo;)V won't be passed a CallbackInfo as a result
[10:15:50] [main/DEBUG] [mixin/]: sable.mixins.json:entity.entity_rotations_and_riding.EntityMixin from mod sable->@Inject::sable$onPositionRider(Lnet/minecraft/world/entity/Entity;Lorg/spongepowered/asm/mixin/injection/callback/CallbackInfo;)V doesn't use it's CallbackInfo
[10:15:50] [main/DEBUG] [mixin/]: sable.mixins.json:entity.entity_rotations_and_riding.EntityMixin from mod sable->@Inject::sable$onPositionRider(Lnet/minecraft/world/entity/Entity;Lorg/spongepowered/asm/mixin/injection/callback/CallbackInfo;)V has 0 override(s) in child classes
[10:15:50] [main/DEBUG] [mixin/]: sable.mixins.json:entity.entity_rotations_and_riding.EntityMixin from mod sable->@Inject::sable$onPositionRider(Lnet/minecraft/world/entity/Entity;Lorg/spongepowered/asm/mixin/injection/callback/CallbackInfo;)V won't be passed a CallbackInfo as a result
[10:15:50] [main/DEBUG] [mixin/]: sable.mixins.json:tracking_points.EntityMixin from mod sable->@Inject::sable$load(Lnet/minecraft/nbt/CompoundTag;Lorg/spongepowered/asm/mixin/injection/callback/CallbackInfo;)V doesn't use it's CallbackInfo
[10:15:50] [main/DEBUG] [mixin/]: sable.mixins.json:tracking_points.EntityMixin from mod sable->@Inject::sable$load(Lnet/minecraft/nbt/CompoundTag;Lorg/spongepowered/asm/mixin/injection/callback/CallbackInfo;)V has 0 override(s) in child classes
[10:15:50] [main/DEBUG] [mixin/]: sable.mixins.json:tracking_points.EntityMixin from mod sable->@Inject::sable$load(Lnet/minecraft/nbt/CompoundTag;Lorg/spongepowered/asm/mixin/injection/callback/CallbackInfo;)V won't be passed a CallbackInfo as a result
[10:15:50] [main/DEBUG] [mixin/]: sable.mixins.json:water_occlusion.EntityMixin from mod sable->@Inject::sable$updateFluidHeightAndDoFluidPushing(Lnet/minecraft/tags/TagKey;DLorg/spongepowered/asm/mixin/injection/callback/CallbackInfoReturnable;)V does use it's CallbackInfoReturnable
[10:15:50] [main/DEBUG] [mixin/]: sable.mixins.json:entity.entity_sublevel_collision.EntityMixin from mod sable->@Inject::sable$moveInject(Lnet/minecraft/world/entity/MoverType;Lnet/minecraft/world/phys/Vec3;Lorg/spongepowered/asm/mixin/injection/callback/CallbackInfo;)V doesn't use it's CallbackInfo
[10:15:50] [main/DEBUG] [mixin/]: sable.mixins.json:entity.entity_sublevel_collision.EntityMixin from mod sable->@Inject::sable$moveInject(Lnet/minecraft/world/entity/MoverType;Lnet/minecraft/world/phys/Vec3;Lorg/spongepowered/asm/mixin/injection/callback/CallbackInfo;)V has 0 override(s) in child classes
[10:15:50] [main/DEBUG] [mixin/]: sable.mixins.json:entity.entity_sublevel_collision.EntityMixin from mod sable->@Inject::sable$moveInject(Lnet/minecraft/world/entity/MoverType;Lnet/minecraft/world/phys/Vec3;Lorg/spongepowered/asm/mixin/injection/callback/CallbackInfo;)V won't be passed a CallbackInfo as a result
[10:15:50] [main/DEBUG] [mixin/]: sable.mixins.json:entity.entity_sublevel_collision.EntityMixin from mod sable->@Inject::sable$tickInject(Lorg/spongepowered/asm/mixin/injection/callback/CallbackInfo;)V doesn't use it's CallbackInfo
[10:15:50] [main/DEBUG] [mixin/]: sable.mixins.json:entity.entity_sublevel_collision.EntityMixin from mod sable->@Inject::sable$tickInject(Lorg/spongepowered/asm/mixin/injection/callback/CallbackInfo;)V has 0 override(s) in child classes
[10:15:50] [main/DEBUG] [mixin/]: sable.mixins.json:entity.entity_sublevel_collision.EntityMixin from mod sable->@Inject::sable$tickInject(Lorg/spongepowered/asm/mixin/injection/callback/CallbackInfo;)V won't be passed a CallbackInfo as a result
[10:15:50] [main/DEBUG] [mixin/]: Mixing PlayerReachScaleMixin from sablescale.mixins.json into net.minecraft.world.entity.player.Player
[10:15:50] [main/DEBUG] [mixin/]: Mixing entity.entity_rotations_and_riding.PlayerMixin from sable.mixins.json into net.minecraft.world.entity.player.Player
[10:15:50] [main/DEBUG] [mixin/]: Mixing entity.entity_sublevel_collision.PlayerMixin from sable.mixins.json into net.minecraft.world.entity.player.Player
[10:15:50] [main/DEBUG] [mixin/]: Mixing interaction_distance.PlayerMixin from sable.mixins.json into net.minecraft.world.entity.player.Player
[10:15:50] [main/DEBUG] [mixin/]: Mixing player_freezing.PlayerMixin from sable.mixins.json into net.minecraft.world.entity.player.Player
[10:15:50] [main/DEBUG] [mixin/]: sablescale.mixins.json:PlayerReachScaleMixin from mod sablescale->@Inject::sablescale$scaledReach(Lnet/minecraft/core/BlockPos;DLorg/spongepowered/asm/mixin/injection/callback/CallbackInfoReturnable;)V does use it's CallbackInfoReturnable
[10:15:50] [main/DEBUG] [mixin/]: sable.mixins.json:entity.entity_rotations_and_riding.PlayerMixin from mod sable->@Inject::sable$storeUpDeltaMovement(Lnet/minecraft/world/phys/Vec3;Lorg/spongepowered/asm/mixin/injection/callback/CallbackInfo;)V doesn't use it's CallbackInfo
[10:15:50] [main/DEBUG] [mixin/]: sable.mixins.json:entity.entity_rotations_and_riding.PlayerMixin from mod sable->@Inject::sable$storeUpDeltaMovement(Lnet/minecraft/world/phys/Vec3;Lorg/spongepowered/asm/mixin/injection/callback/CallbackInfo;)V has 0 override(s) in child classes
[10:15:50] [main/DEBUG] [mixin/]: sable.mixins.json:entity.entity_rotations_and_riding.PlayerMixin from mod sable->@Inject::sable$storeUpDeltaMovement(Lnet/minecraft/world/phys/Vec3;Lorg/spongepowered/asm/mixin/injection/callback/CallbackInfo;)V won't be passed a CallbackInfo as a result
[10:15:50] [main/DEBUG] [mixin/]: sable.mixins.json:entity.entity_sublevel_collision.PlayerMixin from mod sable->@Inject::sable$maybeBackOffFromEdge(Lnet/minecraft/world/phys/Vec3;Lnet/minecraft/world/entity/MoverType;Lorg/spongepowered/asm/mixin/injection/callback/CallbackInfoReturnable;)V does use it's CallbackInfoReturnable
[10:15:50] [main/DEBUG] [mixin/]: sable.mixins.json:interaction_distance.PlayerMixin from mod sable->@Inject::sable$canInteractWithBlock(Lnet/minecraft/core/BlockPos;DLorg/spongepowered/asm/mixin/injection/callback/CallbackInfoReturnable;)V does use it's CallbackInfoReturnable
[10:15:50] [main/DEBUG] [mixin/]: sable.mixins.json:interaction_distance.PlayerMixin from mod sable->@Inject::sable$canInteractWithEntity(Lnet/minecraft/world/phys/AABB;DLorg/spongepowered/asm/mixin/injection/callback/CallbackInfoReturnable;)V does use it's CallbackInfoReturnable
[10:15:50] [main/DEBUG] [mixin/]: sable.mixins.json:player_freezing.PlayerMixin from mod sable->@Inject::sable$preFrozenTick(Lorg/spongepowered/asm/mixin/injection/callback/CallbackInfo;)V doesn't use it's CallbackInfo
[10:15:50] [main/DEBUG] [mixin/]: sable.mixins.json:player_freezing.PlayerMixin from mod sable->@Inject::sable$preFrozenTick(Lorg/spongepowered/asm/mixin/injection/callback/CallbackInfo;)V has 0 override(s) in child classes
[10:15:50] [main/DEBUG] [mixin/]: sable.mixins.json:player_freezing.PlayerMixin from mod sable->@Inject::sable$preFrozenTick(Lorg/spongepowered/asm/mixin/injection/callback/CallbackInfo;)V won't be passed a CallbackInfo as a result
[10:15:50] [main/DEBUG] [mixin/]: Mixing climbing_sub_levels.LivingEntityMixin from sable.mixins.json into net.minecraft.world.entity.LivingEntity
[10:15:50] [main/DEBUG] [mixin/]: Mixing entity.entities_stick_sublevels.LivingEntityMixin from sable.mixins.json into net.minecraft.world.entity.LivingEntity
[10:15:50] [main/DEBUG] [mixin/]: Mixing entity.entities_stick_sublevels.effects.LivingEntityMixin from sable.mixins.json into net.minecraft.world.entity.LivingEntity
[10:15:50] [main/DEBUG] [mixin/]: Mixing entity.entity_rotations_and_riding.LivingEntityMixin from sable.mixins.json into net.minecraft.world.entity.LivingEntity
[10:15:50] [main/DEBUG] [mixin/]: Mixing entity.entity_sublevel_collision.LivingEntityMixin from sable.mixins.json into net.minecraft.world.entity.LivingEntity
[10:15:50] [main/DEBUG] [mixin/]: Mixing respawn_point.sleeping.LivingEntityMixin from sable.mixins.json into net.minecraft.world.entity.LivingEntity
[10:15:50] [main/DEBUG] [mixin/]: Mixing entities_stick_sublevels.effects.LivingEntityMixin from sable-neoforge.mixins.json into net.minecraft.world.entity.LivingEntity
[10:15:50] [main/DEBUG] [mixin/]: sable.mixins.json:entity.entities_stick_sublevels.LivingEntityMixin from mod sable->@Inject::sable$updateRotLerp(Lorg/spongepowered/asm/mixin/injection/callback/CallbackInfo;)V doesn't use it's CallbackInfo
[10:15:50] [main/DEBUG] [mixin/]: sable.mixins.json:entity.entities_stick_sublevels.LivingEntityMixin from mod sable->@Inject::sable$updateRotLerp(Lorg/spongepowered/asm/mixin/injection/callback/CallbackInfo;)V has 0 override(s) in child classes
[10:15:50] [main/DEBUG] [mixin/]: sable.mixins.json:entity.entities_stick_sublevels.LivingEntityMixin from mod sable->@Inject::sable$updateRotLerp(Lorg/spongepowered/asm/mixin/injection/callback/CallbackInfo;)V won't be passed a CallbackInfo as a result
[10:15:50] [main/DEBUG] [mixin/]: sable.mixins.json:entity.entities_stick_sublevels.LivingEntityMixin from mod sable->@Inject::sable$updatePlotPosition(Lorg/spongepowered/asm/mixin/injection/callback/CallbackInfo;)V doesn't use it's CallbackInfo
[10:15:50] [main/DEBUG] [mixin/]: sable.mixins.json:entity.entities_stick_sublevels.LivingEntityMixin from mod sable->@Inject::sable$updatePlotPosition(Lorg/spongepowered/asm/mixin/injection/callback/CallbackInfo;)V has 0 override(s) in child classes
[10:15:50] [main/DEBUG] [mixin/]: sable.mixins.json:entity.entities_stick_sublevels.LivingEntityMixin from mod sable->@Inject::sable$updatePlotPosition(Lorg/spongepowered/asm/mixin/injection/callback/CallbackInfo;)V won't be passed a CallbackInfo as a result
[10:15:50] [main/DEBUG] [mixin/]: sable.mixins.json:entity.entities_stick_sublevels.LivingEntityMixin from mod sable->@Inject::sable$recreateFromPacket(Lnet/minecraft/network/protocol/game/ClientboundAddEntityPacket;Lorg/spongepowered/asm/mixin/injection/callback/CallbackInfo;)V doesn't use it's CallbackInfo
[10:15:50] [main/DEBUG] [mixin/]: sable.mixins.json:entity.entities_stick_sublevels.LivingEntityMixin from mod sable->@Inject::sable$recreateFromPacket(Lnet/minecraft/network/protocol/game/ClientboundAddEntityPacket;Lorg/spongepowered/asm/mixin/injection/callback/CallbackInfo;)V has 0 override(s) in child classes
[10:15:50] [main/DEBUG] [mixin/]: sable.mixins.json:entity.entities_stick_sublevels.LivingEntityMixin from mod sable->@Inject::sable$recreateFromPacket(Lnet/minecraft/network/protocol/game/ClientboundAddEntityPacket;Lorg/spongepowered/asm/mixin/injection/callback/CallbackInfo;)V won't be passed a CallbackInfo as a result
[10:15:50] [main/DEBUG] [mixin/]: sable.mixins.json:entity.entity_rotations_and_riding.LivingEntityMixin from mod sable->@Inject::sable$jumpFromGround(Lorg/spongepowered/asm/mixin/injection/callback/CallbackInfo;)V does use it's CallbackInfo
[10:15:50] [main/DEBUG] [mixin/]: sable.mixins.json:entity.entity_sublevel_collision.LivingEntityMixin from mod sable->@Inject::sable$beforeAnimation(Lnet/minecraft/world/phys/Vec3;Lorg/spongepowered/asm/mixin/injection/callback/CallbackInfo;)V doesn't use it's CallbackInfo
[10:15:50] [main/DEBUG] [mixin/]: sable.mixins.json:entity.entity_sublevel_collision.LivingEntityMixin from mod sable->@Inject::sable$beforeAnimation(Lnet/minecraft/world/phys/Vec3;Lorg/spongepowered/asm/mixin/injection/callback/CallbackInfo;)V has 0 override(s) in child classes
[10:15:50] [main/DEBUG] [mixin/]: sable.mixins.json:entity.entity_sublevel_collision.LivingEntityMixin from mod sable->@Inject::sable$beforeAnimation(Lnet/minecraft/world/phys/Vec3;Lorg/spongepowered/asm/mixin/injection/callback/CallbackInfo;)V won't be passed a CallbackInfo as a result
[10:15:50] [main/DEBUG] [mixin/]: sable-neoforge.mixins.json:entities_stick_sublevels.effects.LivingEntityMixin from mod sable->@Inject::playBlockFallSound(Lorg/spongepowered/asm/mixin/injection/callback/CallbackInfo;)V doesn't use it's CallbackInfo
[10:15:50] [main/DEBUG] [mixin/]: sable-neoforge.mixins.json:entities_stick_sublevels.effects.LivingEntityMixin from mod sable->@Inject::playBlockFallSound(Lorg/spongepowered/asm/mixin/injection/callback/CallbackInfo;)V has 0 override(s) in child classes
[10:15:50] [main/DEBUG] [mixin/]: sable-neoforge.mixins.json:entities_stick_sublevels.effects.LivingEntityMixin from mod sable->@Inject::playBlockFallSound(Lorg/spongepowered/asm/mixin/injection/callback/CallbackInfo;)V won't be passed a CallbackInfo as a result
[10:15:50] [main/DEBUG] [mixin/]: Mixing entity.entity_sublevel_collision.LevelMixin from sable.mixins.json into net.minecraft.world.level.Level
[10:15:50] [main/DEBUG] [mixin/]: Mixing world_border.LevelMixin from sable.mixins.json into net.minecraft.world.level.Level
[10:15:50] [main/DEBUG] [mixin/]: Mixing LevelFrameRemovalPreflightMixin from antikytheramechanism.mixins.json into net.minecraft.world.level.Level
[10:15:50] [main/DEBUG] [mixin/]: Mixing LevelMiniWorldEnvironmentMixin from antikytheramechanism.mixins.json into net.minecraft.world.level.Level
[10:15:50] [main/DEBUG] [mixin/]: sable.mixins.json:world_border.LevelMixin from mod sable->@Inject::sable$initializeWorldBorder(Lnet/minecraft/world/level/storage/WritableLevelData;Lnet/minecraft/resources/ResourceKey;Lnet/minecraft/core/RegistryAccess;Lnet/minecraft/core/Holder;Ljava/util/function/Supplier;ZZJILorg/spongepowered/asm/mixin/injection/callback/CallbackInfo;)V doesn't use it's CallbackInfo
[10:15:50] [main/DEBUG] [mixin/]: sable.mixins.json:world_border.LevelMixin from mod sable->@Inject::sable$initializeWorldBorder(Lnet/minecraft/world/level/storage/WritableLevelData;Lnet/minecraft/resources/ResourceKey;Lnet/minecraft/core/RegistryAccess;Lnet/minecraft/core/Holder;Ljava/util/function/Supplier;ZZJILorg/spongepowered/asm/mixin/injection/callback/CallbackInfo;)V has 0 override(s) in child classes
[10:15:50] [main/DEBUG] [mixin/]: sable.mixins.json:world_border.LevelMixin from mod sable->@Inject::sable$initializeWorldBorder(Lnet/minecraft/world/level/storage/WritableLevelData;Lnet/minecraft/resources/ResourceKey;Lnet/minecraft/core/RegistryAccess;Lnet/minecraft/core/Holder;Ljava/util/function/Supplier;ZZJILorg/spongepowered/asm/mixin/injection/callback/CallbackInfo;)V won't be passed a CallbackInfo as a result
[10:15:50] [main/DEBUG] [mixin/]: antikytheramechanism.mixins.json:LevelFrameRemovalPreflightMixin from mod antikytheramechanism->@Inject::antikytheramechanism$evacuateFrameBeforeChunkWrite(Lnet/minecraft/core/BlockPos;Lnet/minecraft/world/level/block/state/BlockState;IILorg/spongepowered/asm/mixin/injection/callback/CallbackInfoReturnable;)V does use it's CallbackInfoReturnable
[10:15:50] [main/DEBUG] [mixin/]: antikytheramechanism.mixins.json:LevelMiniWorldEnvironmentMixin from mod antikytheramechanism->@Inject::antikytheramechanism$projectParentEnvironment(Lnet/minecraft/core/BlockPos;Lorg/spongepowered/asm/mixin/injection/callback/CallbackInfoReturnable;)V does use it's CallbackInfoReturnable
[10:15:50] [main/DEBUG] [mixin/]: antikytheramechanism.mixins.json:LevelMiniWorldEnvironmentMixin from mod antikytheramechanism->@Inject::antikytheramechanism$refuseProjectedShellDestroy(Lnet/minecraft/core/BlockPos;ZLnet/minecraft/world/entity/Entity;ILorg/spongepowered/asm/mixin/injection/callback/CallbackInfoReturnable;)V does use it's CallbackInfoReturnable
[10:15:50] [main/DEBUG] [mixin/]: Mixing NetworkServerLevelMixin from veil.network.mixins.json into net.minecraft.server.level.ServerLevel
[10:15:50] [main/DEBUG] [mixin/]: Mixing block_decal_render.ServerLevelMixin from sable.mixins.json into net.minecraft.server.level.ServerLevel
[10:15:50] [main/DEBUG] [mixin/]: Mixing entity.entity_aabb_lookup.LevelsMixin from sable.mixins.json into net.minecraft.server.level.ServerLevel
[10:15:50] [main/ERROR] [ne.ne.fm.co.as.RuntimeDistCleaner/DISTXFORM]: Attempted to load class net/minecraft/client/multiplayer/ClientLevel for invalid dist DEDICATED_SERVER
[10:15:50] [main/WARN] [mixin/]: Error loading class: net/minecraft/client/multiplayer/ClientLevel (java.lang.RuntimeException: Attempted to load class net/minecraft/client/multiplayer/ClientLevel for invalid dist DEDICATED_SERVER)
[10:15:50] [main/DEBUG] [mixin/]: Mixing entity.entity_kicking.ServerLevelMixin from sable.mixins.json into net.minecraft.server.level.ServerLevel
[10:15:50] [main/DEBUG] [mixin/]: Mixing entity.server_entities_tick.ServerLevelMixin from sable.mixins.json into net.minecraft.server.level.ServerLevel
[10:15:50] [main/DEBUG] [mixin/]: Mixing explosion.ServerLevelMixin from sable.mixins.json into net.minecraft.server.level.ServerLevel
[10:15:50] [main/DEBUG] [mixin/]: Mixing particle.ServerLevelMixin from sable.mixins.json into net.minecraft.server.level.ServerLevel
[10:15:50] [main/DEBUG] [mixin/]: Mixing physics.ServerLevelMixin from sable.mixins.json into net.minecraft.server.level.ServerLevel
[10:15:50] [main/DEBUG] [mixin/]: Mixing plot.LevelsMixin from sable.mixins.json into net.minecraft.server.level.ServerLevel
[10:15:50] [main/ERROR] [ne.ne.fm.co.as.RuntimeDistCleaner/DISTXFORM]: Attempted to load class net/minecraft/client/multiplayer/ClientLevel for invalid dist DEDICATED_SERVER
[10:15:50] [main/WARN] [mixin/]: Error loading class: net/minecraft/client/multiplayer/ClientLevel (java.lang.RuntimeException: Attempted to load class net/minecraft/client/multiplayer/ClientLevel for invalid dist DEDICATED_SERVER)
[10:15:50] [main/DEBUG] [mixin/]: Mixing plot.ServerLevelMixin from sable.mixins.json into net.minecraft.server.level.ServerLevel
[10:15:50] [main/DEBUG] [mixin/]: Mixing water_occlusion.LevelsMixin from sable.mixins.json into net.minecraft.server.level.ServerLevel
[10:15:50] [main/ERROR] [ne.ne.fm.co.as.RuntimeDistCleaner/DISTXFORM]: Attempted to load class net/minecraft/client/multiplayer/ClientLevel for invalid dist DEDICATED_SERVER
[10:15:50] [main/WARN] [mixin/]: Error loading class: net/minecraft/client/multiplayer/ClientLevel (java.lang.RuntimeException: Attempted to load class net/minecraft/client/multiplayer/ClientLevel for invalid dist DEDICATED_SERVER)
[10:15:50] [main/DEBUG] [mixin/]: Mixing ServerLevelRedstoneBoundaryUpdateCenterMixin from antikytheramechanism.mixins.json into net.minecraft.server.level.ServerLevel
[10:15:50] [main/DEBUG] [mixin/]: sable.mixins.json:entity.entity_aabb_lookup.LevelsMixin from mod sable->@Inject::sable$postGetEntities(Lorg/spongepowered/asm/mixin/injection/callback/CallbackInfoReturnable;)V does use it's CallbackInfoReturnable
[10:15:50] [main/DEBUG] [mixin/]: sable.mixins.json:entity.entity_kicking.ServerLevelMixin from mod sable->@Inject::sable$kickEntity(Lnet/minecraft/world/entity/Entity;Lorg/spongepowered/asm/mixin/injection/callback/CallbackInfoReturnable;)V doesn't use it's CallbackInfoReturnable
[10:15:50] [main/DEBUG] [mixin/]: sable.mixins.json:entity.entity_kicking.ServerLevelMixin from mod sable->@Inject::sable$kickEntity(Lnet/minecraft/world/entity/Entity;Lorg/spongepowered/asm/mixin/injection/callback/CallbackInfoReturnable;)V has 0 override(s) in child classes
[10:15:50] [main/DEBUG] [mixin/]: sable.mixins.json:entity.entity_kicking.ServerLevelMixin from mod sable->@Inject::sable$kickEntity(Lnet/minecraft/world/entity/Entity;Lorg/spongepowered/asm/mixin/injection/callback/CallbackInfoReturnable;)V won't be passed a CallbackInfoReturnable as a result
[10:15:50] [main/DEBUG] [mixin/]: sable.mixins.json:plot.ServerLevelMixin from mod sable->@Inject::sable$init(Lorg/spongepowered/asm/mixin/injection/callback/CallbackInfo;)V doesn't use it's CallbackInfo
[10:15:50] [main/DEBUG] [mixin/]: sable.mixins.json:plot.ServerLevelMixin from mod sable->@Inject::sable$init(Lorg/spongepowered/asm/mixin/injection/callback/CallbackInfo;)V has 0 override(s) in child classes
[10:15:50] [main/DEBUG] [mixin/]: sable.mixins.json:plot.ServerLevelMixin from mod sable->@Inject::sable$init(Lorg/spongepowered/asm/mixin/injection/callback/CallbackInfo;)V won't be passed a CallbackInfo as a result
[10:15:50] [main/DEBUG] [mixin/]: sable.mixins.json:plot.ServerLevelMixin from mod sable->@Inject::sable$saveSubLevels(Lnet/minecraft/util/ProgressListener;ZZLorg/spongepowered/asm/mixin/injection/callback/CallbackInfo;)V doesn't use it's CallbackInfo
[10:15:50] [main/DEBUG] [mixin/]: sable.mixins.json:plot.ServerLevelMixin from mod sable->@Inject::sable$saveSubLevels(Lnet/minecraft/util/ProgressListener;ZZLorg/spongepowered/asm/mixin/injection/callback/CallbackInfo;)V has 0 override(s) in child classes
[10:15:50] [main/DEBUG] [mixin/]: sable.mixins.json:plot.ServerLevelMixin from mod sable->@Inject::sable$saveSubLevels(Lnet/minecraft/util/ProgressListener;ZZLorg/spongepowered/asm/mixin/injection/callback/CallbackInfo;)V won't be passed a CallbackInfo as a result
[10:15:50] [main/DEBUG] [mixin/]: sable.mixins.json:plot.ServerLevelMixin from mod sable->@Inject::sable$tickPlotContainer(Ljava/util/function/BooleanSupplier;Lorg/spongepowered/asm/mixin/injection/callback/CallbackInfo;)V doesn't use it's CallbackInfo
[10:15:50] [main/DEBUG] [mixin/]: sable.mixins.json:plot.ServerLevelMixin from mod sable->@Inject::sable$tickPlotContainer(Ljava/util/function/BooleanSupplier;Lorg/spongepowered/asm/mixin/injection/callback/CallbackInfo;)V has 0 override(s) in child classes
[10:15:50] [main/DEBUG] [mixin/]: sable.mixins.json:plot.ServerLevelMixin from mod sable->@Inject::sable$tickPlotContainer(Ljava/util/function/BooleanSupplier;Lorg/spongepowered/asm/mixin/injection/callback/CallbackInfo;)V won't be passed a CallbackInfo as a result
[10:15:50] [main/DEBUG] [mixin/]: sable.mixins.json:plot.ServerLevelMixin from mod sable->@Inject::sable$shouldTickBlocksAt(JLorg/spongepowered/asm/mixin/injection/callback/CallbackInfoReturnable;)V does use it's CallbackInfoReturnable
[10:15:50] [main/DEBUG] [mixin/]: sable.mixins.json:plot.ServerLevelMixin from mod sable->@Inject::sable$isNaturalSpawningAllowed(Lnet/minecraft/world/level/ChunkPos;Lorg/spongepowered/asm/mixin/injection/callback/CallbackInfoReturnable;)V does use it's CallbackInfoReturnable
[10:15:50] [main/DEBUG] [mixin/]: sable.mixins.json:plot.ServerLevelMixin from mod sable->@Inject::sable$close(Lorg/spongepowered/asm/mixin/injection/callback/CallbackInfo;)V doesn't use it's CallbackInfo
[10:15:50] [main/DEBUG] [mixin/]: sable.mixins.json:plot.ServerLevelMixin from mod sable->@Inject::sable$close(Lorg/spongepowered/asm/mixin/injection/callback/CallbackInfo;)V has 0 override(s) in child classes
[10:15:50] [main/DEBUG] [mixin/]: sable.mixins.json:plot.ServerLevelMixin from mod sable->@Inject::sable$close(Lorg/spongepowered/asm/mixin/injection/callback/CallbackInfo;)V won't be passed a CallbackInfo as a result
[10:15:50] [main/DEBUG] [mixin/]: antikytheramechanism.mixins.json:ServerLevelRedstoneBoundaryUpdateCenterMixin from mod antikytheramechanism->@Inject::antikytheramechanism$mirrorRedstoneBoundaryUpdateCenter(Lnet/minecraft/core/BlockPos;Lnet/minecraft/world/level/block/Block;Lorg/spongepowered/asm/mixin/injection/callback/CallbackInfo;)V doesn't use it's CallbackInfo
[10:15:50] [main/DEBUG] [mixin/]: antikytheramechanism.mixins.json:ServerLevelRedstoneBoundaryUpdateCenterMixin from mod antikytheramechanism->@Inject::antikytheramechanism$mirrorRedstoneBoundaryUpdateCenter(Lnet/minecraft/core/BlockPos;Lnet/minecraft/world/level/block/Block;Lorg/spongepowered/asm/mixin/injection/callback/CallbackInfo;)V has 0 override(s) in child classes
[10:15:50] [main/DEBUG] [mixin/]: antikytheramechanism.mixins.json:ServerLevelRedstoneBoundaryUpdateCenterMixin from mod antikytheramechanism->@Inject::antikytheramechanism$mirrorRedstoneBoundaryUpdateCenter(Lnet/minecraft/core/BlockPos;Lnet/minecraft/world/level/block/Block;Lorg/spongepowered/asm/mixin/injection/callback/CallbackInfo;)V won't be passed a CallbackInfo as a result
[10:15:50] [main/DEBUG] [mixin/]: Mixing entity.entity_sublevel_collision.ItemEntityMixin from sable.mixins.json into net.minecraft.world.entity.item.ItemEntity
[10:15:50] [main/DEBUG] [mixin/]: Mixing voxel_shape_iteration.DiscreteVoxelShapeAccessor from sable.mixins.json into net.minecraft.world.phys.shapes.DiscreteVoxelShape
[10:15:50] [main/DEBUG] [mixin/]: Mixing voxel_shape_iteration.BitSetDiscreteVoxelShapeAccessor from sable.mixins.json into net.minecraft.world.phys.shapes.BitSetDiscreteVoxelShape
[10:15:50] [main/DEBUG] [mixin/]: Mixing voxel_shape_iteration.VoxelShapeMixin from sable.mixins.json into net.minecraft.world.phys.shapes.VoxelShape
[10:15:50] [main/DEBUG] [mixin/]: Mixing DispenserBlockContextMixin from antikytheramechanism.mixins.json into net.minecraft.world.level.block.DispenserBlock
[10:15:50] [main/DEBUG] [mixin/]: Mixing impact.TntBlockMixin from sable.mixins.json into net.minecraft.world.level.block.TntBlock
[10:15:50] [main/DEBUG] [mixin/]: Mixing RedStoneWireBlockAccessor from antikytheramechanism.mixins.json into net.minecraft.world.level.block.RedStoneWireBlock
[10:15:50] [main/DEBUG] [mixin/]: Mixing portal.NetherPortalBlockMixin from sable.mixins.json into net.minecraft.world.level.block.NetherPortalBlock
[10:15:50] [main/DEBUG] [mixin/]: Mixing prevent_overgrowth.VineBlockMixin from sable.mixins.json into net.minecraft.world.level.block.VineBlock
[10:15:51] [main/DEBUG] [mixin/]: Mixing impact.BellBlockMixin from sable.mixins.json into net.minecraft.world.level.block.BellBlock
[10:15:51] [main/DEBUG] [mixin/]: Mixing impact.BeehiveBlockMixin from sable.mixins.json into net.minecraft.world.level.block.BeehiveBlock
[10:15:51] [main/DEBUG] [mixin/]: Mixing PistonBaseBlockMechanismFrameMixin from antikytheramechanism.mixins.json into net.minecraft.world.level.block.piston.PistonBaseBlock
[10:15:51] [main/DEBUG] [mixin/]: Mixing entity.entity_rotations_and_riding.EntityTypeMixin from sable.mixins.json into net.minecraft.world.entity.EntityType
[10:15:51] [main/DEBUG] [mixin/]: sable.mixins.json:entity.entity_rotations_and_riding.EntityTypeMixin from mod sable->@Inject::sable$startRidingEntity(Lnet/minecraft/nbt/CompoundTag;Lnet/minecraft/world/level/Level;Ljava/util/function/Function;Lnet/minecraft/world/entity/Entity;Lorg/spongepowered/asm/mixin/injection/callback/CallbackInfoReturnable;)V doesn't use it's CallbackInfoReturnable
[10:15:51] [main/DEBUG] [mixin/]: Mixing water_occlusion.WaterFluidMixin from sable.mixins.json into net.minecraft.world.level.material.WaterFluid
[10:15:51] [main/DEBUG] [mixin/]: Mixing fluids_on_sub_levels.FlowingFluidMixin from sable.mixins.json into net.minecraft.world.level.material.FlowingFluid
[10:15:51] [main/DEBUG] [mixin/]: sable.mixins.json:fluids_on_sub_levels.FlowingFluidMixin from mod sable->@Inject::sable$canSpreadTo(Lnet/minecraft/world/level/BlockGetter;Lnet/minecraft/core/BlockPos;Lnet/minecraft/world/level/block/state/BlockState;Lnet/minecraft/core/Direction;Lnet/minecraft/core/BlockPos;Lnet/minecraft/world/level/block/state/BlockState;Lnet/minecraft/world/level/material/FluidState;Lnet/minecraft/world/level/material/Fluid;Lorg/spongepowered/asm/mixin/injection/callback/CallbackInfoReturnable;)V does use it's CallbackInfoReturnable
[10:15:51] [main/DEBUG] [mixin/]: Mixing entity.falling_block.FallingBlockEntityMixin from sable.mixins.json into net.minecraft.world.entity.item.FallingBlockEntity
[10:15:51] [main/DEBUG] [mixin/]: sable.mixins.json:entity.falling_block.FallingBlockEntityMixin from mod sable->@Inject::sable$beforeOnGroundCheck(Lorg/spongepowered/asm/mixin/injection/callback/CallbackInfo;)V doesn't use it's CallbackInfo
[10:15:51] [main/DEBUG] [mixin/]: sable.mixins.json:entity.falling_block.FallingBlockEntityMixin from mod sable->@Inject::sable$beforeOnGroundCheck(Lorg/spongepowered/asm/mixin/injection/callback/CallbackInfo;)V has 0 override(s) in child classes
[10:15:51] [main/DEBUG] [mixin/]: sable.mixins.json:entity.falling_block.FallingBlockEntityMixin from mod sable->@Inject::sable$beforeOnGroundCheck(Lorg/spongepowered/asm/mixin/injection/callback/CallbackInfo;)V won't be passed a CallbackInfo as a result
[10:15:51] [main/DEBUG] [mixin/]: Mixing PistonMovingBlockEntityAssemblyMixin from antikytheramechanism.mixins.json into net.minecraft.world.level.block.piston.PistonMovingBlockEntity
[10:15:51] [main/DEBUG] [mixin/]: antikytheramechanism.mixins.json:PistonMovingBlockEntityAssemblyMixin from mod antikytheramechanism->@Inject::antikytheramechanism$followAssemblyPose(Lnet/minecraft/world/level/Level;Lnet/minecraft/core/BlockPos;Lnet/minecraft/world/level/block/state/BlockState;Lnet/minecraft/world/level/block/piston/PistonMovingBlockEntity;Lorg/spongepowered/asm/mixin/injection/callback/CallbackInfo;)V doesn't use it's CallbackInfo
[10:15:51] [main/DEBUG] [mixin/]: antikytheramechanism.mixins.json:PistonMovingBlockEntityAssemblyMixin from mod antikytheramechanism->@Inject::antikytheramechanism$finishInterruptedCarrier(Lorg/spongepowered/asm/mixin/injection/callback/CallbackInfo;)V doesn't use it's CallbackInfo
[10:15:51] [main/DEBUG] [mixin/]: antikytheramechanism.mixins.json:PistonMovingBlockEntityAssemblyMixin from mod antikytheramechanism->@Inject::antikytheramechanism$finishInterruptedCarrier(Lorg/spongepowered/asm/mixin/injection/callback/CallbackInfo;)V has 0 override(s) in child classes
[10:15:51] [main/DEBUG] [mixin/]: antikytheramechanism.mixins.json:PistonMovingBlockEntityAssemblyMixin from mod antikytheramechanism->@Inject::antikytheramechanism$finishInterruptedCarrier(Lorg/spongepowered/asm/mixin/injection/callback/CallbackInfo;)V won't be passed a CallbackInfo as a result
[10:15:51] [main/DEBUG] [mixin/]: Mixing entity.sublevels_block_sky.SubLevelsBlockSkyMixin from sable.mixins.json into net.minecraft.world.entity.Mob
[10:15:51] [main/DEBUG] [mixin/]: Mixing entity.entity_leashing.LeashableMixin from sable.mixins.json into net.minecraft.world.entity.Leashable
[10:15:51] [main/DEBUG] [mixin/]: Mixing entity.tnt_jumps.PrimedTntMixin from sable.mixins.json into net.minecraft.world.entity.item.PrimedTnt
[10:15:51] [main/DEBUG] [mixin/]: sable.mixins.json:entity.tnt_jumps.PrimedTntMixin from mod sable->@Inject::sable$setTntJump(Lnet/minecraft/world/level/Level;DDDLnet/minecraft/world/entity/LivingEntity;Lorg/spongepowered/asm/mixin/injection/callback/CallbackInfo;)V doesn't use it's CallbackInfo
[10:15:51] [main/DEBUG] [mixin/]: sable.mixins.json:entity.tnt_jumps.PrimedTntMixin from mod sable->@Inject::sable$setTntJump(Lnet/minecraft/world/level/Level;DDDLnet/minecraft/world/entity/LivingEntity;Lorg/spongepowered/asm/mixin/injection/callback/CallbackInfo;)V has 0 override(s) in child classes
[10:15:51] [main/DEBUG] [mixin/]: sable.mixins.json:entity.tnt_jumps.PrimedTntMixin from mod sable->@Inject::sable$setTntJump(Lnet/minecraft/world/level/Level;DDDLnet/minecraft/world/entity/LivingEntity;Lorg/spongepowered/asm/mixin/injection/callback/CallbackInfo;)V won't be passed a CallbackInfo as a result
[10:15:51] [main/DEBUG] [mixin/]: Mixing BlockEntityTypeAccessor from neoforge.mixins.json into net.minecraft.world.level.block.entity.BlockEntityType
[10:15:51] [main/DEBUG] [mixin/]: Mixing assembly.AbstractFurnaceBlockEntityMixin from sable.mixins.json into net.minecraft.world.level.block.entity.AbstractFurnaceBlockEntity
[10:15:51] [main/DEBUG] [mixin/]: Mixing sign_interaction.SignBlockEntityMixin from sable.mixins.json into net.minecraft.world.level.block.entity.SignBlockEntity
[10:15:51] [main/DEBUG] [mixin/]: Mixing entity.arrows_hit_blocks.AbstractArrowMixin from sable.mixins.json into net.minecraft.world.entity.projectile.AbstractArrow
[10:15:51] [main/DEBUG] [mixin/]: sable.mixins.json:entity.arrows_hit_blocks.AbstractArrowMixin from mod sable->@Inject::sable$startFalling(Lorg/spongepowered/asm/mixin/injection/callback/CallbackInfo;)V doesn't use it's CallbackInfo
[10:15:51] [main/DEBUG] [mixin/]: sable.mixins.json:entity.arrows_hit_blocks.AbstractArrowMixin from mod sable->@Inject::sable$startFalling(Lorg/spongepowered/asm/mixin/injection/callback/CallbackInfo;)V has 0 override(s) in child classes
[10:15:51] [main/DEBUG] [mixin/]: sable.mixins.json:entity.arrows_hit_blocks.AbstractArrowMixin from mod sable->@Inject::sable$startFalling(Lorg/spongepowered/asm/mixin/injection/callback/CallbackInfo;)V won't be passed a CallbackInfo as a result
[10:15:51] [main/DEBUG] [mixin/]: Mixing entity.projectile.ProjectileMixin from sable.mixins.json into net.minecraft.world.entity.projectile.Projectile
[10:15:51] [main/DEBUG] [mixin/]: sable.mixins.json:entity.projectile.ProjectileMixin from mod sable->@Inject::sable$shootFromRotation(Lnet/minecraft/world/entity/Entity;FFFFFLorg/spongepowered/asm/mixin/injection/callback/CallbackInfo;)V doesn't use it's CallbackInfo
[10:15:51] [main/DEBUG] [mixin/]: sable.mixins.json:entity.projectile.ProjectileMixin from mod sable->@Inject::sable$shootFromRotation(Lnet/minecraft/world/entity/Entity;FFFFFLorg/spongepowered/asm/mixin/injection/callback/CallbackInfo;)V has 0 override(s) in child classes
[10:15:51] [main/DEBUG] [mixin/]: sable.mixins.json:entity.projectile.ProjectileMixin from mod sable->@Inject::sable$shootFromRotation(Lnet/minecraft/world/entity/Entity;FFFFFLorg/spongepowered/asm/mixin/injection/callback/CallbackInfo;)V won't be passed a CallbackInfo as a result
[10:15:51] [main/DEBUG] [mixin/]: Mixing enchanting_table.EnchantingTableBlockEntityMixin from sable.mixins.json into net.minecraft.world.level.block.entity.EnchantingTableBlockEntity
[10:15:51] [main/DEBUG] [mixin/]: Mixing ItemStackMiniPlacementMixin from antikytheramechanism.mixins.json into net.minecraft.world.item.ItemStack
[10:15:51] [main/DEBUG] [mixin/]: Renaming synthetic method lambda$runTrackedBlockUse$4(Lnet/minecraft/world/item/BlockItem;Lnet/minecraft/world/item/context/UseOnContext;Lnet/minecraft/world/item/context/BlockPlaceContext;)Lnet/minecraft/world/InteractionResult; to md8240a5$antikytheramechanism$lambda$runTrackedBlockUse$4$0 in antikytheramechanism.mixins.json:ItemStackMiniPlacementMixin from mod antikytheramechanism
[10:15:51] [main/DEBUG] [mixin/]: Renaming synthetic method lambda$runTrackedBlockUse$3(Lnet/minecraft/world/item/BlockItem;Lnet/minecraft/world/item/context/UseOnContext;Lnet/minecraft/world/item/context/BlockPlaceContext;)Lnet/minecraft/world/InteractionResult; to md8240a5$antikytheramechanism$lambda$runTrackedBlockUse$3$1 in antikytheramechanism.mixins.json:ItemStackMiniPlacementMixin from mod antikytheramechanism
[10:15:51] [main/DEBUG] [mixin/]: Renaming synthetic method lambda$antikytheramechanism$trackPlacementHelpers$2(Lcom/llamalad7/mixinextras/injector/wrapoperation/Operation;Lnet/minecraft/world/item/context/UseOnContext;)Lnet/minecraft/world/InteractionResult; to md8240a5$antikytheramechanism$lambda$antikytheramechanism$trackPlacementHelpers$2$2 in antikytheramechanism.mixins.json:ItemStackMiniPlacementMixin from mod antikytheramechanism
[10:15:51] [main/DEBUG] [mixin/]: Renaming synthetic method lambda$antikytheramechanism$routeAndTrackMiniPlacement$1(Lnet/minecraft/world/item/context/UseOnContext;Lcom/llamalad7/mixinextras/injector/wrapoperation/Operation;Lnet/minecraft/world/item/BlockItem;)Lnet/minecraft/world/InteractionResult; to md8240a5$antikytheramechanism$lambda$antikytheramechanism$routeAndTrackMiniPlacement$1$3 in antikytheramechanism.mixins.json:ItemStackMiniPlacementMixin from mod antikytheramechanism
[10:15:51] [main/DEBUG] [mixin/]: Renaming synthetic method lambda$antikytheramechanism$routeAndTrackMiniPlacement$0(Lnet/minecraft/world/item/BlockItem;Lnet/minecraft/world/item/context/UseOnContext;)Lnet/minecraft/world/InteractionResult; to md8240a5$antikytheramechanism$lambda$antikytheramechanism$routeAndTrackMiniPlacement$0$4 in antikytheramechanism.mixins.json:ItemStackMiniPlacementMixin from mod antikytheramechanism
[10:15:51] [main/DEBUG] [mixin/]: Mixing prevent_freezing.BiomeMixin from sable.mixins.json into net.minecraft.world.level.biome.Biome
[10:15:51] [main/DEBUG] [mixin/]: Renaming synthetic method lambda$sable$preventFreezing$0(Lnet/minecraft/world/level/Level;Lnet/minecraft/core/BlockPos;)Z to md8240a5$sable$lambda$sable$preventFreezing$0$0 in sable.mixins.json:prevent_freezing.BiomeMixin from mod sable
[10:15:52] [main/DEBUG] [mixin/]: Mixing entity.entity_collision.CollisionContextMixin from sable.mixins.json into net.minecraft.world.phys.shapes.CollisionContext
[10:15:52] [main/DEBUG] [mixin/]: Mixing NetworkServerPlayerMixin from veil.network.mixins.json into net.minecraft.server.level.ServerPlayer
[10:15:52] [main/DEBUG] [mixin/]: Mixing entity.entities_stick_sublevels.player.ServerPlayerMixin from sable.mixins.json into net.minecraft.server.level.ServerPlayer
[10:15:52] [main/DEBUG] [mixin/]: Mixing entity.entity_rotations_and_riding.ServerPlayerMixin from sable.mixins.json into net.minecraft.server.level.ServerPlayer
[10:15:52] [main/DEBUG] [mixin/]: Mixing entity.teleport_players.ServerPlayerMixin from sable.mixins.json into net.minecraft.server.level.ServerPlayer
[10:15:52] [main/DEBUG] [mixin/]: Mixing player_freezing.ServerPlayerMixin from sable.mixins.json into net.minecraft.server.level.ServerPlayer
[10:15:52] [main/DEBUG] [mixin/]: Mixing respawn_point.ServerPlayerMixin from sable.mixins.json into net.minecraft.server.level.ServerPlayer
[10:15:52] [main/DEBUG] [mixin/]: Mixing respawn_point.sleeping.ServerPlayerMixin from sable.mixins.json into net.minecraft.server.level.ServerPlayer
[10:15:52] [main/DEBUG] [mixin/]: Mixing tracking_points.ServerPlayerMixin from sable.mixins.json into net.minecraft.server.level.ServerPlayer
[10:15:52] [main/DEBUG] [mixin/]: sable.mixins.json:entity.entities_stick_sublevels.player.ServerPlayerMixin from mod sable->@Inject::tick(Lorg/spongepowered/asm/mixin/injection/callback/CallbackInfo;)V doesn't use it's CallbackInfo
[10:15:52] [main/DEBUG] [mixin/]: sable.mixins.json:entity.entities_stick_sublevels.player.ServerPlayerMixin from mod sable->@Inject::tick(Lorg/spongepowered/asm/mixin/injection/callback/CallbackInfo;)V has 0 override(s) in child classes
[10:15:52] [main/DEBUG] [mixin/]: sable.mixins.json:entity.entities_stick_sublevels.player.ServerPlayerMixin from mod sable->@Inject::tick(Lorg/spongepowered/asm/mixin/injection/callback/CallbackInfo;)V won't be passed a CallbackInfo as a result
[10:15:52] [main/DEBUG] [mixin/]: sable.mixins.json:player_freezing.ServerPlayerMixin from mod sable->@Inject::setSable$frozenToSubLevel(Lorg/spongepowered/asm/mixin/injection/callback/CallbackInfo;)V doesn't use it's CallbackInfo
[10:15:52] [main/DEBUG] [mixin/]: sable.mixins.json:player_freezing.ServerPlayerMixin from mod sable->@Inject::setSable$frozenToSubLevel(Lorg/spongepowered/asm/mixin/injection/callback/CallbackInfo;)V has 0 override(s) in child classes
[10:15:52] [main/DEBUG] [mixin/]: sable.mixins.json:player_freezing.ServerPlayerMixin from mod sable->@Inject::setSable$frozenToSubLevel(Lorg/spongepowered/asm/mixin/injection/callback/CallbackInfo;)V won't be passed a CallbackInfo as a result
[10:15:52] [main/DEBUG] [mixin/]: sable.mixins.json:respawn_point.ServerPlayerMixin from mod sable->@Inject::sable$setRespawnPosition(Lnet/minecraft/resources/ResourceKey;Lnet/minecraft/core/BlockPos;FZZLorg/spongepowered/asm/mixin/injection/callback/CallbackInfo;)V does use it's CallbackInfo
[10:15:52] [main/DEBUG] [mixin/]: sable.mixins.json:respawn_point.ServerPlayerMixin from mod sable->@Inject::sable$addRespawnPoint(Lnet/minecraft/nbt/CompoundTag;Lorg/spongepowered/asm/mixin/injection/callback/CallbackInfo;)V doesn't use it's CallbackInfo
[10:15:52] [main/DEBUG] [mixin/]: sable.mixins.json:respawn_point.ServerPlayerMixin from mod sable->@Inject::sable$addRespawnPoint(Lnet/minecraft/nbt/CompoundTag;Lorg/spongepowered/asm/mixin/injection/callback/CallbackInfo;)V has 0 override(s) in child classes
[10:15:52] [main/DEBUG] [mixin/]: sable.mixins.json:respawn_point.ServerPlayerMixin from mod sable->@Inject::sable$addRespawnPoint(Lnet/minecraft/nbt/CompoundTag;Lorg/spongepowered/asm/mixin/injection/callback/CallbackInfo;)V won't be passed a CallbackInfo as a result
[10:15:52] [main/DEBUG] [mixin/]: sable.mixins.json:respawn_point.ServerPlayerMixin from mod sable->@Inject::sable$readRespawnPoint(Lnet/minecraft/nbt/CompoundTag;Lorg/spongepowered/asm/mixin/injection/callback/CallbackInfo;)V doesn't use it's CallbackInfo
[10:15:52] [main/DEBUG] [mixin/]: sable.mixins.json:respawn_point.ServerPlayerMixin from mod sable->@Inject::sable$readRespawnPoint(Lnet/minecraft/nbt/CompoundTag;Lorg/spongepowered/asm/mixin/injection/callback/CallbackInfo;)V has 0 override(s) in child classes
[10:15:52] [main/DEBUG] [mixin/]: sable.mixins.json:respawn_point.ServerPlayerMixin from mod sable->@Inject::sable$readRespawnPoint(Lnet/minecraft/nbt/CompoundTag;Lorg/spongepowered/asm/mixin/injection/callback/CallbackInfo;)V won't be passed a CallbackInfo as a result
[10:15:52] [main/DEBUG] [mixin/]: sable.mixins.json:tracking_points.ServerPlayerMixin from mod sable->@Inject::addAdditionalSaveData(Lnet/minecraft/nbt/CompoundTag;Lorg/spongepowered/asm/mixin/injection/callback/CallbackInfo;)V doesn't use it's CallbackInfo
[10:15:52] [main/DEBUG] [mixin/]: sable.mixins.json:tracking_points.ServerPlayerMixin from mod sable->@Inject::addAdditionalSaveData(Lnet/minecraft/nbt/CompoundTag;Lorg/spongepowered/asm/mixin/injection/callback/CallbackInfo;)V has 0 override(s) in child classes
[10:15:52] [main/DEBUG] [mixin/]: sable.mixins.json:tracking_points.ServerPlayerMixin from mod sable->@Inject::addAdditionalSaveData(Lnet/minecraft/nbt/CompoundTag;Lorg/spongepowered/asm/mixin/injection/callback/CallbackInfo;)V won't be passed a CallbackInfo as a result
[10:15:52] [main/DEBUG] [mixin/]: Mixing punching.ItemInvoker from sable.mixins.json into net.minecraft.world.item.Item
[10:15:52] [main/DEBUG] [mixin/]: Renaming @Invoker method sable$getPlayerPOVHitResult(Lnet/minecraft/world/level/Level;Lnet/minecraft/world/entity/player/Player;Lnet/minecraft/world/level/ClipContext$Fluid;)Lnet/minecraft/world/phys/BlockHitResult; to getPlayerPOVHitResult$sable_$md$8240a5$0 in sable.mixins.json:punching.ItemInvoker from mod sable
[10:15:52] [main/DEBUG] [mixin/]: Mixing BlockItemMiniEnvironmentMixin from antikytheramechanism.mixins.json into net.minecraft.world.item.BlockItem
[10:15:52] [main/DEBUG] [mixin/]: Renaming synthetic method lambda$antikytheramechanism$readVirtualSupportForSurvival$2(Lcom/llamalad7/mixinextras/injector/wrapoperation/Operation;Lnet/minecraft/world/item/context/BlockPlaceContext;Lnet/minecraft/world/level/block/state/BlockState;)Ljava/lang/Boolean; to md8240a5$antikytheramechanism$lambda$antikytheramechanism$readVirtualSupportForSurvival$2$0 in antikytheramechanism.mixins.json:BlockItemMiniEnvironmentMixin from mod antikytheramechanism
[10:15:52] [main/DEBUG] [mixin/]: Renaming synthetic method lambda$antikytheramechanism$readVirtualSupportForPlacementState$1(Lcom/llamalad7/mixinextras/injector/wrapoperation/Operation;Lnet/minecraft/world/item/context/BlockPlaceContext;)Lnet/minecraft/world/level/block/state/BlockState; to md8240a5$antikytheramechanism$lambda$antikytheramechanism$readVirtualSupportForPlacementState$1$1 in antikytheramechanism.mixins.json:BlockItemMiniEnvironmentMixin from mod antikytheramechanism
[10:15:52] [main/DEBUG] [mixin/]: Renaming synthetic method lambda$antikytheramechanism$readVirtualBoundaryDuringSetPlacedBy$0(Lcom/llamalad7/mixinextras/injector/wrapoperation/Operation;Lnet/minecraft/world/level/block/Block;Lnet/minecraft/world/level/Level;Lnet/minecraft/core/BlockPos;Lnet/minecraft/world/level/block/state/BlockState;Lnet/minecraft/world/entity/LivingEntity;Lnet/minecraft/world/item/ItemStack;)Ljava/lang/Void; to md8240a5$antikytheramechanism$lambda$antikytheramechanism$readVirtualBoundaryDuringSetPlacedBy$0$2 in antikytheramechanism.mixins.json:BlockItemMiniEnvironmentMixin from mod antikytheramechanism
[10:15:52] [main/DEBUG] [mixin/]: Mixing BucketItemMiniFluidPolicyMixin from antikytheramechanism.mixins.json into net.minecraft.world.item.BucketItem
[10:15:52] [main/DEBUG] [mixin/]: antikytheramechanism.mixins.json:BucketItemMiniFluidPolicyMixin from mod antikytheramechanism->@Inject::antikytheramechanism$rejectDeniedMiniFluid(Lnet/minecraft/world/entity/player/Player;Lnet/minecraft/world/level/Level;Lnet/minecraft/core/BlockPos;Lnet/minecraft/world/phys/BlockHitResult;Lnet/minecraft/world/item/ItemStack;Lorg/spongepowered/asm/mixin/injection/callback/CallbackInfoReturnable;)V does use it's CallbackInfoReturnable
[10:15:52] [main/DEBUG] [io.ne.ut.in.PlatformDependent0/]: -Dio.netty.noUnsafe: false
[10:15:52] [main/DEBUG] [io.ne.ut.in.PlatformDependent0/]: Java version: 21
[10:15:52] [main/DEBUG] [io.ne.ut.in.PlatformDependent0/]: sun.misc.Unsafe.theUnsafe: available
[10:15:52] [main/DEBUG] [io.ne.ut.in.PlatformDependent0/]: sun.misc.Unsafe.copyMemory: available
[10:15:52] [main/DEBUG] [io.ne.ut.in.PlatformDependent0/]: sun.misc.Unsafe.storeFence: available
[10:15:52] [main/DEBUG] [io.ne.ut.in.PlatformDependent0/]: java.nio.Buffer.address: available
[10:15:52] [main/DEBUG] [io.ne.ut.in.PlatformDependent0/]: direct buffer constructor: unavailable: Reflective setAccessible(true) disabled
[10:15:52] [main/DEBUG] [io.ne.ut.in.PlatformDependent0/]: java.nio.Bits.unaligned: available, true
[10:15:52] [main/DEBUG] [io.ne.ut.in.PlatformDependent0/]: jdk.internal.misc.Unsafe.allocateUninitializedArray(int): unavailable: class io.netty.util.internal.PlatformDependent0$7 (in module io.netty.common) cannot access class jdk.internal.misc.Unsafe (in module java.base) because module java.base does not export jdk.internal.misc to module io.netty.common
[10:15:52] [main/DEBUG] [io.ne.ut.in.PlatformDependent0/]: java.nio.DirectByteBuffer.<init>(long, {int,long}): unavailable
[10:15:52] [main/DEBUG] [io.ne.ut.in.PlatformDependent/]: sun.misc.Unsafe: available
[10:15:52] [main/DEBUG] [io.ne.ut.in.PlatformDependent/]: maxDirectMemory: 4192206848 bytes (maybe)
[10:15:52] [main/DEBUG] [io.ne.ut.in.PlatformDependent/]: -Dio.netty.tmpdir: /tmp (java.io.tmpdir)
[10:15:52] [main/DEBUG] [io.ne.ut.in.PlatformDependent/]: -Dio.netty.bitMode: 64 (sun.arch.data.model)
[10:15:52] [main/DEBUG] [io.ne.ut.in.PlatformDependent/]: -Dio.netty.maxDirectMemory: -1 bytes
[10:15:52] [main/DEBUG] [io.ne.ut.in.PlatformDependent/]: -Dio.netty.uninitializedArrayAllocationThreshold: -1
[10:15:52] [main/DEBUG] [io.ne.ut.in.CleanerJava9/]: java.nio.ByteBuffer.cleaner(): available
[10:15:52] [main/DEBUG] [io.ne.ut.in.PlatformDependent/]: -Dio.netty.noPreferDirect: false
[10:15:52] [main/DEBUG] [mixin/]: Mixing world_border.WorldBorderMixin from sable.mixins.json into net.minecraft.world.level.border.WorldBorder
[10:15:52] [main/DEBUG] [mixin/]: sable.mixins.json:world_border.WorldBorderMixin from mod sable->@Inject::sable$isWithinBounds(DDDLorg/spongepowered/asm/mixin/injection/callback/CallbackInfoReturnable;)V does use it's CallbackInfoReturnable
[10:15:52] [main/DEBUG] [mixin/]: sable.mixins.json:world_border.WorldBorderMixin from mod sable->@Inject::sable$clampToBounds(DDDLorg/spongepowered/asm/mixin/injection/callback/CallbackInfoReturnable;)V does use it's CallbackInfoReturnable
[10:15:52] [main/DEBUG] [mixin/]: sable.mixins.json:world_border.WorldBorderMixin from mod sable->@Inject::sable$isInsideCloseToBorder(Lnet/minecraft/world/entity/Entity;Lnet/minecraft/world/phys/AABB;Lorg/spongepowered/asm/mixin/injection/callback/CallbackInfoReturnable;)V does use it's CallbackInfoReturnable
[10:15:52] [main/DEBUG] [mixin/]: Mixing NeighborUpdaterReadOnlyShellMixin from antikytheramechanism.mixins.json into net.minecraft.world.level.redstone.NeighborUpdater
[10:15:52] [main/DEBUG] [mixin/]: antikytheramechanism.mixins.json:NeighborUpdaterReadOnlyShellMixin from mod antikytheramechanism->@Inject::antikytheramechanism$skipProjectedShellNeighborLifecycle(Lnet/minecraft/world/level/Level;Lnet/minecraft/world/level/block/state/BlockState;Lnet/minecraft/core/BlockPos;Lnet/minecraft/world/level/block/Block;Lnet/minecraft/core/BlockPos;ZLorg/spongepowered/asm/mixin/injection/callback/CallbackInfo;)V does use it's CallbackInfo
[10:15:52] [main/DEBUG] [mixin/]: antikytheramechanism.mixins.json:NeighborUpdaterReadOnlyShellMixin from mod antikytheramechanism->@Inject::antikytheramechanism$skipProjectedShellShapeLifecycle(Lnet/minecraft/world/level/LevelAccessor;Lnet/minecraft/core/Direction;Lnet/minecraft/world/level/block/state/BlockState;Lnet/minecraft/core/BlockPos;Lnet/minecraft/core/BlockPos;IILorg/spongepowered/asm/mixin/injection/callback/CallbackInfo;)V does use it's CallbackInfo
[10:15:52] [main/DEBUG] [mixin/]: Mixing plot.LevelChunkMixin from sable.mixins.json into net.minecraft.world.level.chunk.LevelChunk
[10:15:52] [main/DEBUG] [mixin/]: Mixing plot.lighting.LevelChunkMixin from sable.mixins.json into net.minecraft.world.level.chunk.LevelChunk
[10:15:52] [main/DEBUG] [mixin/]: Mixing LevelChunkFrameMaskMixin from antikytheramechanism.mixins.json into net.minecraft.world.level.chunk.LevelChunk
[10:15:52] [main/DEBUG] [mixin/]: sable.mixins.json:plot.LevelChunkMixin from mod sable->@Inject::sable$preSetBlockState(Lnet/minecraft/core/BlockPos;Lnet/minecraft/world/level/block/state/BlockState;ZLorg/spongepowered/asm/mixin/injection/callback/CallbackInfoReturnable;)V doesn't use it's CallbackInfoReturnable
[10:15:52] [main/DEBUG] [mixin/]: sable.mixins.json:plot.LevelChunkMixin from mod sable->@Inject::sable$preSetBlockState(Lnet/minecraft/core/BlockPos;Lnet/minecraft/world/level/block/state/BlockState;ZLorg/spongepowered/asm/mixin/injection/callback/CallbackInfoReturnable;)V has 0 override(s) in child classes
[10:15:52] [main/DEBUG] [mixin/]: sable.mixins.json:plot.LevelChunkMixin from mod sable->@Inject::sable$preSetBlockState(Lnet/minecraft/core/BlockPos;Lnet/minecraft/world/level/block/state/BlockState;ZLorg/spongepowered/asm/mixin/injection/callback/CallbackInfoReturnable;)V won't be passed a CallbackInfoReturnable as a result
[10:15:52] [main/DEBUG] [mixin/]: sable.mixins.json:plot.LevelChunkMixin from mod sable->@Inject::sable$postSetBlockState(Lnet/minecraft/core/BlockPos;Lnet/minecraft/world/level/block/state/BlockState;ZLorg/spongepowered/asm/mixin/injection/callback/CallbackInfoReturnable;)V doesn't use it's CallbackInfoReturnable
[10:15:52] [main/DEBUG] [mixin/]: sable.mixins.json:plot.LevelChunkMixin from mod sable->@Inject::sable$postSetBlockState(Lnet/minecraft/core/BlockPos;Lnet/minecraft/world/level/block/state/BlockState;ZLorg/spongepowered/asm/mixin/injection/callback/CallbackInfoReturnable;)V has 0 override(s) in child classes
[10:15:52] [main/DEBUG] [mixin/]: sable.mixins.json:plot.LevelChunkMixin from mod sable->@Inject::sable$postSetBlockState(Lnet/minecraft/core/BlockPos;Lnet/minecraft/world/level/block/state/BlockState;ZLorg/spongepowered/asm/mixin/injection/callback/CallbackInfoReturnable;)V won't be passed a CallbackInfoReturnable as a result
[10:15:52] [main/DEBUG] [mixin/]: sable.mixins.json:plot.LevelChunkMixin from mod sable->@Inject::sable$postSetBlockState(Lnet/minecraft/core/BlockPos;Lnet/minecraft/world/level/block/state/BlockState;ZLorg/spongepowered/asm/mixin/injection/callback/CallbackInfoReturnable;)V doesn't use it's CallbackInfoReturnable
[10:15:52] [main/DEBUG] [mixin/]: sable.mixins.json:plot.LevelChunkMixin from mod sable->@Inject::sable$postSetBlockState(Lnet/minecraft/core/BlockPos;Lnet/minecraft/world/level/block/state/BlockState;ZLorg/spongepowered/asm/mixin/injection/callback/CallbackInfoReturnable;)V has 0 override(s) in child classes
[10:15:52] [main/DEBUG] [mixin/]: sable.mixins.json:plot.LevelChunkMixin from mod sable->@Inject::sable$postSetBlockState(Lnet/minecraft/core/BlockPos;Lnet/minecraft/world/level/block/state/BlockState;ZLorg/spongepowered/asm/mixin/injection/callback/CallbackInfoReturnable;)V won't be passed a CallbackInfoReturnable as a result
[10:15:52] [main/DEBUG] [mixin/]: sable.mixins.json:plot.LevelChunkMixin from mod sable->@Inject::sable$postSetBlockState(Lnet/minecraft/core/BlockPos;Lnet/minecraft/world/level/block/state/BlockState;ZLorg/spongepowered/asm/mixin/injection/callback/CallbackInfoReturnable;)V doesn't use it's CallbackInfoReturnable
[10:15:52] [main/DEBUG] [mixin/]: sable.mixins.json:plot.LevelChunkMixin from mod sable->@Inject::sable$postSetBlockState(Lnet/minecraft/core/BlockPos;Lnet/minecraft/world/level/block/state/BlockState;ZLorg/spongepowered/asm/mixin/injection/callback/CallbackInfoReturnable;)V has 0 override(s) in child classes
[10:15:52] [main/DEBUG] [mixin/]: sable.mixins.json:plot.LevelChunkMixin from mod sable->@Inject::sable$postSetBlockState(Lnet/minecraft/core/BlockPos;Lnet/minecraft/world/level/block/state/BlockState;ZLorg/spongepowered/asm/mixin/injection/callback/CallbackInfoReturnable;)V won't be passed a CallbackInfoReturnable as a result
[10:15:52] [main/DEBUG] [mixin/]: sable.mixins.json:plot.LevelChunkMixin from mod sable->@Inject::sable$postSetBlockState(Lnet/minecraft/core/BlockPos;Lnet/minecraft/world/level/block/state/BlockState;ZLorg/spongepowered/asm/mixin/injection/callback/CallbackInfoReturnable;)V doesn't use it's CallbackInfoReturnable
[10:15:52] [main/DEBUG] [mixin/]: sable.mixins.json:plot.LevelChunkMixin from mod sable->@Inject::sable$postSetBlockState(Lnet/minecraft/core/BlockPos;Lnet/minecraft/world/level/block/state/BlockState;ZLorg/spongepowered/asm/mixin/injection/callback/CallbackInfoReturnable;)V has 0 override(s) in child classes
[10:15:52] [main/DEBUG] [mixin/]: sable.mixins.json:plot.LevelChunkMixin from mod sable->@Inject::sable$postSetBlockState(Lnet/minecraft/core/BlockPos;Lnet/minecraft/world/level/block/state/BlockState;ZLorg/spongepowered/asm/mixin/injection/callback/CallbackInfoReturnable;)V won't be passed a CallbackInfoReturnable as a result
[10:15:52] [main/DEBUG] [mixin/]: antikytheramechanism.mixins.json:LevelChunkFrameMaskMixin from mod antikytheramechanism->@Inject::antikytheramechanism$enforceFrameMask(Lnet/minecraft/core/BlockPos;Lnet/minecraft/world/level/block/state/BlockState;ZLorg/spongepowered/asm/mixin/injection/callback/CallbackInfoReturnable;)V does use it's CallbackInfoReturnable
[10:15:52] [main/DEBUG] [mixin/]: antikytheramechanism.mixins.json:LevelChunkFrameMaskMixin from mod antikytheramechanism->@Inject::antikytheramechanism$refreshManagedWorldState(Lnet/minecraft/core/BlockPos;Lnet/minecraft/world/level/block/state/BlockState;ZLorg/spongepowered/asm/mixin/injection/callback/CallbackInfoReturnable;)V does use it's CallbackInfoReturnable
[10:15:52] [main/DEBUG] [mixin/]: antikytheramechanism.mixins.json:LevelChunkFrameMaskMixin from mod antikytheramechanism->@Inject::antikytheramechanism$refreshManagedWorldState(Lnet/minecraft/core/BlockPos;Lnet/minecraft/world/level/block/state/BlockState;ZLorg/spongepowered/asm/mixin/injection/callback/CallbackInfoReturnable;)V does use it's CallbackInfoReturnable
[10:15:52] [main/DEBUG] [mixin/]: antikytheramechanism.mixins.json:LevelChunkFrameMaskMixin from mod antikytheramechanism->@Inject::antikytheramechanism$refreshManagedWorldState(Lnet/minecraft/core/BlockPos;Lnet/minecraft/world/level/block/state/BlockState;ZLorg/spongepowered/asm/mixin/injection/callback/CallbackInfoReturnable;)V does use it's CallbackInfoReturnable
[10:15:52] [main/DEBUG] [mixin/]: antikytheramechanism.mixins.json:LevelChunkFrameMaskMixin from mod antikytheramechanism->@Inject::antikytheramechanism$refreshManagedWorldState(Lnet/minecraft/core/BlockPos;Lnet/minecraft/world/level/block/state/BlockState;ZLorg/spongepowered/asm/mixin/injection/callback/CallbackInfoReturnable;)V does use it's CallbackInfoReturnable
[10:15:53] [main/DEBUG] [mixin/]: Mixing block_placement.BlockPlaceContextMixin from sable.mixins.json into net.minecraft.world.item.context.BlockPlaceContext
[10:15:53] [main/DEBUG] [mixin/]: sable.mixins.json:block_placement.BlockPlaceContextMixin from mod sable->@Inject::sable$canPlace(Lorg/spongepowered/asm/mixin/injection/callback/CallbackInfoReturnable;)V does use it's CallbackInfoReturnable
[10:15:53] [main/DEBUG] [mixin/]: Mixing block_placement.UseOnContextMixin from sable.mixins.json into net.minecraft.world.item.context.UseOnContext
[10:15:53] [main/DEBUG] [mixin/]: sable.mixins.json:block_placement.UseOnContextMixin from mod sable->@Inject::sable$getHorizontalDirection(Lorg/spongepowered/asm/mixin/injection/callback/CallbackInfoReturnable;)V does use it's CallbackInfoReturnable
[10:15:53] [main/DEBUG] [mixin/]: sable.mixins.json:block_placement.UseOnContextMixin from mod sable->@Inject::sable$getRotation(Lorg/spongepowered/asm/mixin/injection/callback/CallbackInfoReturnable;)V does use it's CallbackInfoReturnable
[10:15:53] [main/DEBUG] [mixin/]: Mixing explosion.ExplosionMixin from sable.mixins.json into net.minecraft.world.level.Explosion
[10:15:53] [main/DEBUG] [mixin/]: sable.mixins.json:explosion.ExplosionMixin from mod sable->@Inject::sable$preExplode(Lorg/spongepowered/asm/mixin/injection/callback/CallbackInfo;)V doesn't use it's CallbackInfo
[10:15:53] [main/DEBUG] [mixin/]: sable.mixins.json:explosion.ExplosionMixin from mod sable->@Inject::sable$preExplode(Lorg/spongepowered/asm/mixin/injection/callback/CallbackInfo;)V has 0 override(s) in child classes
[10:15:53] [main/DEBUG] [mixin/]: sable.mixins.json:explosion.ExplosionMixin from mod sable->@Inject::sable$preExplode(Lorg/spongepowered/asm/mixin/injection/callback/CallbackInfo;)V won't be passed a CallbackInfo as a result
[10:15:53] [main/DEBUG] [mixin/]: sable.mixins.json:explosion.ExplosionMixin from mod sable->@Inject::sable$redirectBlockExplosionResistance(Lorg/spongepowered/asm/mixin/injection/callback/CallbackInfo;Ljava/util/Set;IIIIDDDDFDDDFLnet/minecraft/core/BlockPos;Lnet/minecraft/world/level/block/state/BlockState;Lnet/minecraft/world/level/material/FluidState;)V doesn't use it's CallbackInfo
[10:15:53] [main/DEBUG] [mixin/]: sable.mixins.json:explosion.ExplosionMixin from mod sable->@Inject::sable$redirectBlockExplosionResistance(Lorg/spongepowered/asm/mixin/injection/callback/CallbackInfo;Ljava/util/Set;IIIIDDDDFDDDFLnet/minecraft/core/BlockPos;Lnet/minecraft/world/level/block/state/BlockState;Lnet/minecraft/world/level/material/FluidState;)V has 0 override(s) in child classes
[10:15:53] [main/DEBUG] [mixin/]: sable.mixins.json:explosion.ExplosionMixin from mod sable->@Inject::sable$redirectBlockExplosionResistance(Lorg/spongepowered/asm/mixin/injection/callback/CallbackInfo;Ljava/util/Set;IIIIDDDDFDDDFLnet/minecraft/core/BlockPos;Lnet/minecraft/world/level/block/state/BlockState;Lnet/minecraft/world/level/material/FluidState;)V won't be passed a CallbackInfo as a result
[10:15:53] [main/DEBUG] [mixin/]: Mixing clip_overwrite.HitResultMixin from sable.mixins.json into net.minecraft.world.phys.HitResult
[10:15:53] [main/DEBUG] [mixin/]: Mixing entity.entity_sublevel_collision.AbstractMinecartMixin from sable.mixins.json into net.minecraft.world.entity.vehicle.AbstractMinecart
[10:15:53] [main/DEBUG] [mixin/]: sable.mixins.json:entity.entity_sublevel_collision.AbstractMinecartMixin from mod sable->@Inject::sable$postTick(Lorg/spongepowered/asm/mixin/injection/callback/CallbackInfo;)V doesn't use it's CallbackInfo
[10:15:53] [main/DEBUG] [mixin/]: sable.mixins.json:entity.entity_sublevel_collision.AbstractMinecartMixin from mod sable->@Inject::sable$postTick(Lorg/spongepowered/asm/mixin/injection/callback/CallbackInfo;)V has 0 override(s) in child classes
[10:15:53] [main/DEBUG] [mixin/]: sable.mixins.json:entity.entity_sublevel_collision.AbstractMinecartMixin from mod sable->@Inject::sable$postTick(Lorg/spongepowered/asm/mixin/injection/callback/CallbackInfo;)V won't be passed a CallbackInfo as a result
[10:15:53] [main/DEBUG] [mixin/]: Mixing entity.entity_pathfinding.PathNavigationMixin from sable.mixins.json into net.minecraft.world.entity.ai.navigation.PathNavigation
[10:15:53] [main/DEBUG] [mixin/]: sable.mixins.json:entity.entity_pathfinding.PathNavigationMixin from mod sable->@Inject::sable$createPath(Ljava/util/Set;IZIFLorg/spongepowered/asm/mixin/injection/callback/CallbackInfoReturnable;)V does use it's CallbackInfoReturnable
[10:15:53] [main/DEBUG] [mixin/]: Mixing entity.entity_pathfinding.GroundPathNavigationMixin from sable.mixins.json into net.minecraft.world.entity.ai.navigation.GroundPathNavigation
[10:15:53] [main/DEBUG] [mixin/]: Mixing entity.sublevels_block_sky.SubLevelsBlockSkyMixin from sable.mixins.json into net.minecraft.world.entity.ai.navigation.GroundPathNavigation
[10:15:53] [main/DEBUG] [mixin/]: sable.mixins.json:entity.entity_pathfinding.GroundPathNavigationMixin from mod sable->@Inject::sable$createPath(Lnet/minecraft/world/entity/Entity;ILorg/spongepowered/asm/mixin/injection/callback/CallbackInfoReturnable;)V does use it's CallbackInfoReturnable
[10:15:53] [main/DEBUG] [mixin/]: Mixing entity.sublevels_block_sky.SubLevelsBlockSkyMixin from sable.mixins.json into net.minecraft.world.entity.ai.goal.FleeSunGoal
[10:15:53] [main/DEBUG] [mixin/]: Mixing entity.tamed_teleport.TamableAnimalMixin from sable.mixins.json into net.minecraft.world.entity.TamableAnimal
[10:15:53] [main/DEBUG] [mixin/]: Mixing entity.trident.ThrownTridentMixin from sable.mixins.json into net.minecraft.world.entity.projectile.ThrownTrident
[10:15:53] [main/DEBUG] [mixin/]: sable.mixins.json:entity.trident.ThrownTridentMixin from mod sable->@Inject::sable$startReturning(Lorg/spongepowered/asm/mixin/injection/callback/CallbackInfo;)V doesn't use it's CallbackInfo
[10:15:53] [main/DEBUG] [mixin/]: sable.mixins.json:entity.trident.ThrownTridentMixin from mod sable->@Inject::sable$startReturning(Lorg/spongepowered/asm/mixin/injection/callback/CallbackInfo;)V has 0 override(s) in child classes
[10:15:53] [main/DEBUG] [mixin/]: sable.mixins.json:entity.trident.ThrownTridentMixin from mod sable->@Inject::sable$startReturning(Lorg/spongepowered/asm/mixin/injection/callback/CallbackInfo;)V won't be passed a CallbackInfo as a result
[10:15:53] [main/DEBUG] [mixin/]: Mixing entity.entity_ai.EatBlockGoalMixin from sable.mixins.json into net.minecraft.world.entity.ai.goal.EatBlockGoal
[10:15:54] [main/DEBUG] [mixin/]: Mixing recoil.ProjectileDispenseBehaviorMixin from sable.mixins.json into net.minecraft.core.dispenser.ProjectileDispenseBehavior
[10:15:54] [main/DEBUG] [mixin/]: sable.mixins.json:recoil.ProjectileDispenseBehaviorMixin from mod sable->@Inject::sable$applyRecoil(Lnet/minecraft/core/dispenser/BlockSource;Lnet/minecraft/world/item/ItemStack;Lorg/spongepowered/asm/mixin/injection/callback/CallbackInfoReturnable;)V doesn't use it's CallbackInfoReturnable
[10:15:54] [main/DEBUG] [mixin/]: sable.mixins.json:recoil.ProjectileDispenseBehaviorMixin from mod sable->@Inject::sable$applyRecoil(Lnet/minecraft/core/dispenser/BlockSource;Lnet/minecraft/world/item/ItemStack;Lorg/spongepowered/asm/mixin/injection/callback/CallbackInfoReturnable;)V has 0 override(s) in child classes
[10:15:54] [main/DEBUG] [mixin/]: sable.mixins.json:recoil.ProjectileDispenseBehaviorMixin from mod sable->@Inject::sable$applyRecoil(Lnet/minecraft/core/dispenser/BlockSource;Lnet/minecraft/world/item/ItemStack;Lorg/spongepowered/asm/mixin/injection/callback/CallbackInfoReturnable;)V won't be passed a CallbackInfoReturnable as a result
[10:15:55] [main/DEBUG] [mixin/]: Mixing NetworkMinecraftServerMixin from veil.network.mixins.json into net.minecraft.server.MinecraftServer
[10:15:55] [main/DEBUG] [mixin/]: Mixing MinecraftServerMixin from veil.scheduler.mixins.json into net.minecraft.server.MinecraftServer
[10:15:55] [main/DEBUG] [mixin/]: Mixing udp.MinecraftServerMixin from sable.mixins.json into net.minecraft.server.MinecraftServer
[10:15:55] [main/DEBUG] [mixin/]: veil.scheduler.mixins.json:MinecraftServerMixin from mod veil->@Inject::stopServer(Lorg/spongepowered/asm/mixin/injection/callback/CallbackInfo;)V doesn't use it's CallbackInfo
[10:15:55] [main/DEBUG] [mixin/]: veil.scheduler.mixins.json:MinecraftServerMixin from mod veil->@Inject::stopServer(Lorg/spongepowered/asm/mixin/injection/callback/CallbackInfo;)V has 0 override(s) in child classes
[10:15:55] [main/DEBUG] [mixin/]: veil.scheduler.mixins.json:MinecraftServerMixin from mod veil->@Inject::stopServer(Lorg/spongepowered/asm/mixin/injection/callback/CallbackInfo;)V won't be passed a CallbackInfo as a result
[10:15:55] [main/DEBUG] [mixin/]: sable.mixins.json:udp.MinecraftServerMixin from mod sable->@Inject::sable$keepUdpSocketsAlive(Ljava/util/function/BooleanSupplier;Lorg/spongepowered/asm/mixin/injection/callback/CallbackInfo;)V doesn't use it's CallbackInfo
[10:15:55] [main/DEBUG] [mixin/]: sable.mixins.json:udp.MinecraftServerMixin from mod sable->@Inject::sable$keepUdpSocketsAlive(Ljava/util/function/BooleanSupplier;Lorg/spongepowered/asm/mixin/injection/callback/CallbackInfo;)V has 0 override(s) in child classes
[10:15:55] [main/DEBUG] [mixin/]: sable.mixins.json:udp.MinecraftServerMixin from mod sable->@Inject::sable$keepUdpSocketsAlive(Ljava/util/function/BooleanSupplier;Lorg/spongepowered/asm/mixin/injection/callback/CallbackInfo;)V won't be passed a CallbackInfo as a result
[10:15:55] [main/DEBUG] [mixin/]: Mixing level_accelerator.ServerChunkCacheAccessor from sable.mixins.json into net.minecraft.server.level.ServerChunkCache
[10:15:55] [main/DEBUG] [mixin/]: Mixing plot.ServerChunkCacheMixin from sable.mixins.json into net.minecraft.server.level.ServerChunkCache
[10:15:55] [main/DEBUG] [mixin/]: Mixing ServerChunkCacheAccessor from antikytheramechanism.mixins.json into net.minecraft.server.level.ServerChunkCache
[10:15:55] [main/DEBUG] [mixin/]: sable.mixins.json:plot.ServerChunkCacheMixin from mod sable->@Inject::init(Lnet/minecraft/server/level/ServerLevel;Lnet/minecraft/world/level/storage/LevelStorageSource$LevelStorageAccess;Lcom/mojang/datafixers/DataFixer;Lnet/minecraft/world/level/levelgen/structure/templatesystem/StructureTemplateManager;Ljava/util/concurrent/Executor;Lnet/minecraft/world/level/chunk/ChunkGenerator;IIZLnet/minecraft/server/level/progress/ChunkProgressListener;Lnet/minecraft/world/level/entity/ChunkStatusUpdateListener;Ljava/util/function/Supplier;Lorg/spongepowered/asm/mixin/injection/callback/CallbackInfo;)V doesn't use it's CallbackInfo
[10:15:55] [main/DEBUG] [mixin/]: sable.mixins.json:plot.ServerChunkCacheMixin from mod sable->@Inject::init(Lnet/minecraft/server/level/ServerLevel;Lnet/minecraft/world/level/storage/LevelStorageSource$LevelStorageAccess;Lcom/mojang/datafixers/DataFixer;Lnet/minecraft/world/level/levelgen/structure/templatesystem/StructureTemplateManager;Ljava/util/concurrent/Executor;Lnet/minecraft/world/level/chunk/ChunkGenerator;IIZLnet/minecraft/server/level/progress/ChunkProgressListener;Lnet/minecraft/world/level/entity/ChunkStatusUpdateListener;Ljava/util/function/Supplier;Lorg/spongepowered/asm/mixin/injection/callback/CallbackInfo;)V has 0 override(s) in child classes
[10:15:55] [main/DEBUG] [mixin/]: sable.mixins.json:plot.ServerChunkCacheMixin from mod sable->@Inject::init(Lnet/minecraft/server/level/ServerLevel;Lnet/minecraft/world/level/storage/LevelStorageSource$LevelStorageAccess;Lcom/mojang/datafixers/DataFixer;Lnet/minecraft/world/level/levelgen/structure/templatesystem/StructureTemplateManager;Ljava/util/concurrent/Executor;Lnet/minecraft/world/level/chunk/ChunkGenerator;IIZLnet/minecraft/server/level/progress/ChunkProgressListener;Lnet/minecraft/world/level/entity/ChunkStatusUpdateListener;Ljava/util/function/Supplier;Lorg/spongepowered/asm/mixin/injection/callback/CallbackInfo;)V won't be passed a CallbackInfo as a result
[10:15:55] [main/DEBUG] [mixin/]: sable.mixins.json:plot.ServerChunkCacheMixin from mod sable->@Inject::getChunkNow(IILorg/spongepowered/asm/mixin/injection/callback/CallbackInfoReturnable;)V does use it's CallbackInfoReturnable
[10:15:55] [main/DEBUG] [mixin/]: sable.mixins.json:plot.ServerChunkCacheMixin from mod sable->@Inject::getChunkFutureMainThread(IILnet/minecraft/world/level/chunk/status/ChunkStatus;ZLorg/spongepowered/asm/mixin/injection/callback/CallbackInfoReturnable;)V does use it's CallbackInfoReturnable
[10:15:55] [main/DEBUG] [mixin/]: sable.mixins.json:plot.ServerChunkCacheMixin from mod sable->@Inject::hasChunk(IILorg/spongepowered/asm/mixin/injection/callback/CallbackInfoReturnable;)V does use it's CallbackInfoReturnable
[10:15:55] [main/DEBUG] [mixin/]: sable.mixins.json:plot.ServerChunkCacheMixin from mod sable->@Inject::getChunkForLighting(IILorg/spongepowered/asm/mixin/injection/callback/CallbackInfoReturnable;)V does use it's CallbackInfoReturnable
[10:15:55] [main/DEBUG] [mixin/]: sable.mixins.json:plot.ServerChunkCacheMixin from mod sable->@Inject::isPositionTicking(JLorg/spongepowered/asm/mixin/injection/callback/CallbackInfoReturnable;)V does use it's CallbackInfoReturnable
[10:15:55] [main/DEBUG] [mixin/]: sable.mixins.json:plot.ServerChunkCacheMixin from mod sable->@Inject::getFullChunk(JLjava/util/function/Consumer;Lorg/spongepowered/asm/mixin/injection/callback/CallbackInfo;)V does use it's CallbackInfo
[10:15:55] [main/DEBUG] [mixin/]: sable.mixins.json:plot.ServerChunkCacheMixin from mod sable->@Inject::blockChanged(Lnet/minecraft/core/BlockPos;Lorg/spongepowered/asm/mixin/injection/callback/CallbackInfo;)V does use it's CallbackInfo
[10:15:55] [main/DEBUG] [mixin/]: sable.mixins.json:plot.ServerChunkCacheMixin from mod sable->@Inject::getVisibleChunkIfPresent(JLorg/spongepowered/asm/mixin/injection/callback/CallbackInfoReturnable;)V does use it's CallbackInfoReturnable
[10:15:55] [main/DEBUG] [mixin/]: sable.mixins.json:plot.ServerChunkCacheMixin from mod sable->@Inject::addRegionTicket(Lnet/minecraft/server/level/TicketType;Lnet/minecraft/world/level/ChunkPos;ILjava/lang/Object;Lorg/spongepowered/asm/mixin/injection/callback/CallbackInfo;)V does use it's CallbackInfo
[10:15:55] [main/DEBUG] [mixin/]: Mixing command.ExecuteCommandMixin from sable.mixins.json into net.minecraft.server.commands.ExecuteCommand
[10:15:55] [main/DEBUG] [mixin/]: Renaming synthetic method lambda$sable$then$2(Lcom/mojang/brigadier/context/CommandContext;)Ljava/util/Collection; to md8240a5$sable$lambda$sable$then$2$0 in sable.mixins.json:command.ExecuteCommandMixin from mod sable
[10:15:55] [main/DEBUG] [mixin/]: Renaming synthetic method lambda$sable$then$1(Lcom/mojang/brigadier/context/CommandContext;)Ljava/util/Collection; to md8240a5$sable$lambda$sable$then$1$1 in sable.mixins.json:command.ExecuteCommandMixin from mod sable
[10:15:55] [main/DEBUG] [mixin/]: Renaming synthetic method lambda$sable$then$0(Lcom/mojang/brigadier/context/CommandContext;)Ljava/util/Collection; to md8240a5$sable$lambda$sable$then$0$2 in sable.mixins.json:command.ExecuteCommandMixin from mod sable
[10:15:55] [main/DEBUG] [mixin/]: Mixing command.DataCommandsMixin from sable.mixins.json into net.minecraft.server.commands.data.DataCommands
[10:15:56] [main/DEBUG] [mixin/]: Mixing game_test.TestCommandMixin from sable.mixins.json into net.minecraft.gametest.framework.TestCommand
[10:15:56] [main/DEBUG] [mixin/]: sable.mixins.json:game_test.TestCommandMixin from mod sable->@Inject::resetGameTestInfo(Lnet/minecraft/gametest/framework/GameTestInfo;Lorg/spongepowered/asm/mixin/injection/callback/CallbackInfoReturnable;)V doesn't use it's CallbackInfoReturnable
[10:15:56] [main/WARN] [minecraft/Commands]: Ambiguity between arguments [teleport, location] and [teleport, destination] with inputs: [0.1 -0.5 .9, 0 0 0]
[10:15:56] [main/WARN] [minecraft/Commands]: Ambiguity between arguments [teleport, location] and [teleport, targets] with inputs: [0.1 -0.5 .9, 0 0 0]
[10:15:56] [main/WARN] [minecraft/Commands]: Ambiguity between arguments [teleport, destination] and [teleport, targets] with inputs: [Player, 0123, @e, dd12be42-52a9-4a91-a8a1-11c01849e498]
[10:15:56] [main/WARN] [minecraft/Commands]: Ambiguity between arguments [teleport, targets] and [teleport, destination] with inputs: [Player, 0123, dd12be42-52a9-4a91-a8a1-11c01849e498]
[10:15:56] [main/WARN] [minecraft/Commands]: Ambiguity between arguments [teleport, targets, location] and [teleport, targets, destination] with inputs: [0.1 -0.5 .9, 0 0 0]
[10:15:56] [main/DEBUG] [ne.ne.fm.ModWorkManager/LOADING]: Using 4 threads for parallel mod-loading
[10:15:56] [main/DEBUG] [ne.ne.fm.ja.FMLModContainer/LOADING]: Creating FMLModContainer instance for [foundry.veil.forge.VeilForge]
[10:15:56] [main/DEBUG] [ne.ne.fm.ja.FMLModContainer/LOADING]: Creating FMLModContainer instance for []
[10:15:56] [main/DEBUG] [ne.ne.fm.ja.FMLModContainer/LOADING]: Creating FMLModContainer instance for [net.neoforged.neoforge.common.NeoForgeMod]
[10:15:56] [main/DEBUG] [ne.ne.fm.ja.FMLModContainer/LOADING]: Creating FMLModContainer instance for [dev.ryanhcode.sable.neoforge.SableNeoForge]
[10:15:56] [main/DEBUG] [ne.ne.fm.ja.FMLModContainer/LOADING]: Creating FMLModContainer instance for [dev.sablescale.SableScale]
[10:15:56] [main/DEBUG] [ne.ne.fm.ja.FMLModContainer/LOADING]: Creating FMLModContainer instance for [dev.antikytheramechanism.AntikytheraMechanism]
[10:15:56] [modloading-worker-0/INFO] [Veil/]: Veil is initializing.
[10:15:56] [modloading-worker-0/DEBUG] [ne.ne.fm.ja.AutomaticEventSubscriber/LOADING]: Attempting to inject @EventBusSubscriber classes into the eventbus for sablecompanion
[10:15:56] [modloading-worker-0/DEBUG] [mixin/]: Mixing DeferredRegisterMixin from veil.neoforge.mixins.json into net.neoforged.neoforge.registries.DeferredRegister
[10:15:56] [modloading-worker-0/DEBUG] [mixin/]: Renaming synthetic method lambda$register$0(Ljava/util/function/Function;Lnet/minecraft/resources/ResourceLocation;)Ljava/lang/Object; to md8240a5$veil$lambda$register$0$0 in veil.neoforge.mixins.json:DeferredRegisterMixin from mod veil
[10:15:56] [modloading-worker-0/DEBUG] [ne.ne.ne.in.ve.ne.NeoForgeVersion/CORE]: Found NeoForge version 21.1.228
[10:15:56] [modloading-worker-0/DEBUG] [ne.ne.ne.in.ve.ne.NeoForgeVersion/CORE]: Found FML version 4.0.42
[10:15:56] [modloading-worker-0/INFO] [ne.ne.ne.co.NeoForgeMod/NEOFORGE-MOD]: NeoForge mod loading, version 21.1.228, for MC 1.21.1
[10:15:56] [modloading-worker-0/DEBUG] [ne.ne.fm.ja.AutomaticEventSubscriber/LOADING]: Attempting to inject @EventBusSubscriber classes into the eventbus for veil
[10:15:56] [modloading-worker-0/DEBUG] [ne.ne.fm.ja.AutomaticEventSubscriber/LOADING]: Scanning class foundry.veil.forge.VeilForgeEvents for @SubscribeEvent-annotated methods
[10:15:56] [modloading-worker-0/DEBUG] [ne.ne.fm.ja.AutomaticEventSubscriber/]: Subscribing @EventBusSubscriber class Lfoundry/veil/forge/VeilForgeEvents; to the game event bus
[10:15:56] [modloading-worker-0/DEBUG] [mixin/]: Mixing SableBufferUtilsMixin from sablescale.mixins.json into dev.ryanhcode.sable.util.SableBufferUtils
[10:15:56] [modloading-worker-0/DEBUG] [mixin/]: sablescale.mixins.json:SableBufferUtilsMixin from mod sablescale->@Inject::sablescale$writeScale(Lio/netty/buffer/ByteBuf;Ldev/ryanhcode/sable/companion/math/Pose3dc;Lorg/spongepowered/asm/mixin/injection/callback/CallbackInfo;)V doesn't use it's CallbackInfo
[10:15:56] [modloading-worker-0/DEBUG] [mixin/]: sablescale.mixins.json:SableBufferUtilsMixin from mod sablescale->@Inject::sablescale$readScale(Lio/netty/buffer/ByteBuf;Ldev/ryanhcode/sable/companion/math/Pose3d;Lorg/spongepowered/asm/mixin/injection/callback/CallbackInfoReturnable;)V doesn't use it's CallbackInfoReturnable
[10:15:56] [modloading-worker-0/DEBUG] [mixin/]: Mixing PunchStrengthMassScaleMixin from sablescale.mixins.json into dev.ryanhcode.sable.network.packets.tcp.ServerboundPunchSubLevelPacket
[10:15:56] [modloading-worker-0/DEBUG] [ne.ne.fm.co.ConfigTracker/CONFIG]: Config file neoforge-client.toml for neoforge tracking
[10:15:56] [modloading-worker-0/DEBUG] [ne.ne.fm.co.ConfigTracker/CONFIG]: Config file neoforge-server.toml for neoforge tracking
[10:15:56] [modloading-worker-0/DEBUG] [mixin/]: Mixing ServerboundPunchSubLevelPacketHostedMiniMixin from antikytheramechanism.mixins.json into dev.ryanhcode.sable.network.packets.tcp.ServerboundPunchSubLevelPacket
[10:15:56] [modloading-worker-0/DEBUG] [ne.ne.fm.co.ConfigTracker/CONFIG]: Config file neoforge-common.toml for neoforge tracking
[10:15:56] [modloading-worker-0/DEBUG] [mixin/]: sablescale.mixins.json:PunchStrengthMassScaleMixin from mod sablescale->@Inject::sablescale$scaledPunchStrength(Ldev/ryanhcode/sable/sublevel/ServerSubLevel;Lorg/joml/Vector3dc;Lorg/joml/Vector3dc;Lorg/spongepowered/asm/mixin/injection/callback/CallbackInfoReturnable;)V does use it's CallbackInfoReturnable
[10:15:56] [modloading-worker-0/INFO] [de.ry.sa.Sable/]: Sable loaded!
[10:15:56] [modloading-worker-0/DEBUG] [mixin/]: Mixing SelectorMassScaleMixin from sablescale.mixins.json into dev.ryanhcode.sable.command.argument.SubLevelSelectorModifiers
[10:15:56] [modloading-worker-0/DEBUG] [mixin/]: Mixing ServerSubLevelFrameGraphMixin from antikytheramechanism.mixins.json into dev.ryanhcode.sable.sublevel.ServerSubLevel
[10:15:56] [modloading-worker-0/DEBUG] [mixin/]: Mixing ServerSubLevelMiniPhysicsMixin from antikytheramechanism.mixins.json into dev.ryanhcode.sable.sublevel.ServerSubLevel
[10:15:56] [modloading-worker-0/DEBUG] [mixin/]: Mixing ServerSubLevelManagedEmptyBoundsMixin from antikytheramechanism.mixins.json into dev.ryanhcode.sable.sublevel.ServerSubLevel
[10:15:56] [modloading-worker-0/DEBUG] [mixin/]: Mixing ServerSubLevelStructuralMassMixin from antikytheramechanism.mixins.json into dev.ryanhcode.sable.sublevel.ServerSubLevel
[10:15:56] [modloading-worker-0/DEBUG] [mixin/]: antikytheramechanism.mixins.json:ServerSubLevelManagedEmptyBoundsMixin from mod antikytheramechanism->@Inject::antikytheramechanism$preserveManagedEmptyAssembly(Lorg/spongepowered/asm/mixin/injection/callback/CallbackInfo;)V does use it's CallbackInfo
[10:15:56] [modloading-worker-0/DEBUG] [mixin/]: antikytheramechanism.mixins.json:ServerSubLevelStructuralMassMixin from mod antikytheramechanism->@Inject::antikytheramechanism$addStructuralMass(Lorg/spongepowered/asm/mixin/injection/callback/CallbackInfo;)V doesn't use it's CallbackInfo
[10:15:56] [modloading-worker-0/DEBUG] [mixin/]: antikytheramechanism.mixins.json:ServerSubLevelStructuralMassMixin from mod antikytheramechanism->@Inject::antikytheramechanism$addStructuralMass(Lorg/spongepowered/asm/mixin/injection/callback/CallbackInfo;)V has 0 override(s) in child classes
[10:15:56] [modloading-worker-0/DEBUG] [mixin/]: antikytheramechanism.mixins.json:ServerSubLevelStructuralMassMixin from mod antikytheramechanism->@Inject::antikytheramechanism$addStructuralMass(Lorg/spongepowered/asm/mixin/injection/callback/CallbackInfo;)V won't be passed a CallbackInfo as a result
[10:15:56] [modloading-worker-0/DEBUG] [mixin/]: Mixing SubLevelManagedEmptyGlobalBoundsMixin from antikytheramechanism.mixins.json into dev.ryanhcode.sable.sublevel.SubLevel
[10:15:56] [modloading-worker-0/DEBUG] [mixin/]: antikytheramechanism.mixins.json:SubLevelManagedEmptyGlobalBoundsMixin from mod antikytheramechanism->@Inject::antikytheramechanism$keepManagedEmptyBoundsFinite(Lorg/spongepowered/asm/mixin/injection/callback/CallbackInfo;)V does use it's CallbackInfo
[10:15:56] [modloading-worker-0/DEBUG] [ne.ne.fm.co.ConfigTracker/CONFIG]: Config file sable-common.toml for sable tracking
[10:15:56] [modloading-worker-0/DEBUG] [ne.ne.fm.ja.AutomaticEventSubscriber/LOADING]: Attempting to inject @EventBusSubscriber classes into the eventbus for sable
[10:15:56] [modloading-worker-0/INFO] [de.sa.SableScale/]: [Sable Scale] loaded - sub-level scaling ACTIVE.
[10:15:56] [modloading-worker-0/DEBUG] [ne.ne.fm.ja.AutomaticEventSubscriber/LOADING]: Attempting to inject @EventBusSubscriber classes into the eventbus for sablescale
[10:15:56] [modloading-worker-0/DEBUG] [mixin/]: Mixing MechanismFrameDeferredRemovalMixin from antikytheramechanism.mixins.json into dev.antikytheramechanism.frame.MechanismFrameBlock
[10:15:56] [modloading-worker-0/DEBUG] [ne.ne.fm.ja.AutomaticEventSubscriber/LOADING]: Attempting to inject @EventBusSubscriber classes into the eventbus for neoforge
[10:15:56] [modloading-worker-0/DEBUG] [ne.ne.fm.ja.AutomaticEventSubscriber/LOADING]: Scanning class net.neoforged.neoforge.network.filters.GenericPacketSplitter for @SubscribeEvent-annotated methods
[10:15:56] [modloading-worker-0/DEBUG] [de.an.AntikytheraMechanism/]: Create is absent; Create compatibility remains unloaded
[10:15:56] [modloading-worker-0/DEBUG] [ne.ne.fm.co.ConfigTracker/CONFIG]: Config file antikytheramechanism-common.toml for antikytheramechanism tracking
[10:15:56] [modloading-worker-0/INFO] [de.an.AntikytheraMechanism/]: Antikythera Mechanism initialized
[10:15:56] [modloading-worker-0/DEBUG] [ne.ne.fm.ja.AutomaticEventSubscriber/LOADING]: Attempting to inject @EventBusSubscriber classes into the eventbus for antikytheramechanism
[10:15:56] [modloading-worker-0/DEBUG] [io.ne.bu.AbstractByteBuf/]: -Dio.netty.buffer.checkAccessible: true
[10:15:56] [modloading-worker-0/DEBUG] [io.ne.bu.AbstractByteBuf/]: -Dio.netty.buffer.checkBounds: true
[10:15:56] [modloading-worker-0/DEBUG] [io.ne.ut.ResourceLeakDetectorFactory/]: Loaded default ResourceLeakDetector: io.netty.util.ResourceLeakDetector@2f823e19
[10:15:56] [modloading-worker-0/DEBUG] [io.ne.ut.in.InternalThreadLocalMap/]: -Dio.netty.threadLocalMap.stringBuilder.initialSize: 1024
[10:15:56] [modloading-worker-0/DEBUG] [io.ne.ut.in.InternalThreadLocalMap/]: -Dio.netty.threadLocalMap.stringBuilder.maxSize: 4096
[10:15:56] [modloading-worker-0/DEBUG] [io.ne.bu.PooledByteBufAllocator/]: -Dio.netty.allocator.numHeapArenas: 8
[10:15:56] [modloading-worker-0/DEBUG] [io.ne.bu.PooledByteBufAllocator/]: -Dio.netty.allocator.numDirectArenas: 8
[10:15:56] [modloading-worker-0/DEBUG] [io.ne.bu.PooledByteBufAllocator/]: -Dio.netty.allocator.pageSize: 8192
[10:15:56] [modloading-worker-0/DEBUG] [io.ne.bu.PooledByteBufAllocator/]: -Dio.netty.allocator.maxOrder: 9
[10:15:56] [modloading-worker-0/DEBUG] [io.ne.bu.PooledByteBufAllocator/]: -Dio.netty.allocator.chunkSize: 4194304
[10:15:56] [modloading-worker-0/DEBUG] [io.ne.bu.PooledByteBufAllocator/]: -Dio.netty.allocator.smallCacheSize: 256
[10:15:56] [modloading-worker-0/DEBUG] [io.ne.bu.PooledByteBufAllocator/]: -Dio.netty.allocator.normalCacheSize: 64
[10:15:56] [modloading-worker-0/DEBUG] [io.ne.bu.PooledByteBufAllocator/]: -Dio.netty.allocator.maxCachedBufferCapacity: 32768
[10:15:56] [modloading-worker-0/DEBUG] [io.ne.bu.PooledByteBufAllocator/]: -Dio.netty.allocator.cacheTrimInterval: 8192
[10:15:56] [modloading-worker-0/DEBUG] [io.ne.bu.PooledByteBufAllocator/]: -Dio.netty.allocator.cacheTrimIntervalMillis: 0
[10:15:56] [modloading-worker-0/DEBUG] [io.ne.bu.PooledByteBufAllocator/]: -Dio.netty.allocator.useCacheForAllThreads: false
[10:15:56] [modloading-worker-0/DEBUG] [io.ne.bu.PooledByteBufAllocator/]: -Dio.netty.allocator.maxCachedByteBuffersPerChunk: 1023
[10:15:56] [modloading-worker-0/DEBUG] [io.ne.bu.ByteBufUtil/]: -Dio.netty.allocator.type: pooled
[10:15:56] [modloading-worker-0/DEBUG] [io.ne.bu.ByteBufUtil/]: -Dio.netty.threadLocalDirectBufferSize: 0
[10:15:56] [modloading-worker-0/DEBUG] [io.ne.bu.ByteBufUtil/]: -Dio.netty.maxThreadLocalCharBufferSize: 16384
[10:15:56] [modloading-worker-0/DEBUG] [mixin/]: Mixing udp.ConnectionMixin from sable.mixins.json into net.minecraft.network.Connection
[10:15:56] [modloading-worker-0/DEBUG] [mixin/]: Renaming synthetic method lambda$sable$onDisconnect$0(Lio/netty/util/concurrent/Future;)V to md8240a5$sable$lambda$sable$onDisconnect$0$0 in sable.mixins.json:udp.ConnectionMixin from mod sable
[10:15:56] [modloading-worker-0/DEBUG] [mixin/]: sable.mixins.json:udp.ConnectionMixin from mod sable->@Inject::sable$onDisconnect(Lnet/minecraft/network/DisconnectionDetails;Lorg/spongepowered/asm/mixin/injection/callback/CallbackInfo;)V doesn't use it's CallbackInfo
[10:15:56] [modloading-worker-0/DEBUG] [mixin/]: sable.mixins.json:udp.ConnectionMixin from mod sable->@Inject::sable$onDisconnect(Lnet/minecraft/network/DisconnectionDetails;Lorg/spongepowered/asm/mixin/injection/callback/CallbackInfo;)V has 0 override(s) in child classes
[10:15:56] [modloading-worker-0/DEBUG] [mixin/]: sable.mixins.json:udp.ConnectionMixin from mod sable->@Inject::sable$onDisconnect(Lnet/minecraft/network/DisconnectionDetails;Lorg/spongepowered/asm/mixin/injection/callback/CallbackInfo;)V won't be passed a CallbackInfo as a result
[10:15:56] [modloading-worker-0/DEBUG] [mixin/]: sable.mixins.json:udp.ConnectionMixin from mod sable->@Inject::sable$connect(Ljava/net/InetSocketAddress;ZLnet/minecraft/network/Connection;Lorg/spongepowered/asm/mixin/injection/callback/CallbackInfoReturnable;)V doesn't use it's CallbackInfoReturnable
[10:15:56] [modloading-worker-0/DEBUG] [mixin/]: sable.mixins.json:udp.ConnectionMixin from mod sable->@Inject::sable$connectToLocalServer(Ljava/net/SocketAddress;Lorg/spongepowered/asm/mixin/injection/callback/CallbackInfoReturnable;)V doesn't use it's CallbackInfoReturnable
[10:15:56] [modloading-worker-0/DEBUG] [ne.ne.fm.ja.AutomaticEventSubscriber/]: Subscribing @EventBusSubscriber class Lnet/neoforged/neoforge/network/filters/GenericPacketSplitter; to the mod event bus of mod neoforge
[10:15:56] [modloading-worker-0/DEBUG] [ne.ne.fm.ja.AutomaticEventSubscriber/LOADING]: Scanning class net.neoforged.neoforge.network.NetworkInitialization for @SubscribeEvent-annotated methods
[10:15:56] [modloading-worker-0/DEBUG] [ne.ne.fm.ja.AutomaticEventSubscriber/]: Subscribing @EventBusSubscriber class Lnet/neoforged/neoforge/network/NetworkInitialization; to the mod event bus of mod neoforge
[10:15:56] [modloading-worker-0/DEBUG] [ne.ne.fm.ja.AutomaticEventSubscriber/LOADING]: Scanning class net.neoforged.neoforge.network.ConfigurationInitialization for @SubscribeEvent-annotated methods
[10:15:56] [modloading-worker-0/DEBUG] [ne.ne.fm.ja.AutomaticEventSubscriber/]: Subscribing @EventBusSubscriber class Lnet/neoforged/neoforge/network/ConfigurationInitialization; to the mod event bus of mod neoforge
[10:15:56] [modloading-worker-0/DEBUG] [ne.ne.fm.ja.AutomaticEventSubscriber/LOADING]: Scanning class net.neoforged.neoforge.common.MonsterRoomHooks for @SubscribeEvent-annotated methods
[10:15:56] [modloading-worker-0/DEBUG] [ne.ne.fm.ja.AutomaticEventSubscriber/]: Subscribing @EventBusSubscriber class Lnet/neoforged/neoforge/common/MonsterRoomHooks; to the game event bus
[10:15:56] [modloading-worker-0/DEBUG] [ne.ne.fm.ja.AutomaticEventSubscriber/LOADING]: Scanning class net.neoforged.neoforge.common.DeferredSpawnEggItem$CommonHandler for @SubscribeEvent-annotated methods
[10:15:56] [modloading-worker-0/DEBUG] [ne.ne.fm.ja.AutomaticEventSubscriber/]: Subscribing @EventBusSubscriber class Lnet/neoforged/neoforge/common/DeferredSpawnEggItem$CommonHandler; to the mod event bus of mod neoforge
[10:15:56] [modloading-worker-0/DEBUG] [ne.ne.fm.ja.AutomaticEventSubscriber/LOADING]: Scanning class net.neoforged.neoforge.attachment.AttachmentSync for @SubscribeEvent-annotated methods
[10:15:56] [modloading-worker-0/DEBUG] [ne.ne.fm.ja.AutomaticEventSubscriber/]: Subscribing @EventBusSubscriber class Lnet/neoforged/neoforge/attachment/AttachmentSync; to the game event bus
[10:15:56] [modloading-worker-0/DEBUG] [ne.ne.fm.ja.AutomaticEventSubscriber/LOADING]: Scanning class net.neoforged.neoforge.attachment.AttachmentInternals for @SubscribeEvent-annotated methods
[10:15:56] [modloading-worker-0/DEBUG] [ne.ne.fm.ja.AutomaticEventSubscriber/]: Subscribing @EventBusSubscriber class Lnet/neoforged/neoforge/attachment/AttachmentInternals; to the game event bus
[10:15:56] [modloading-sync-worker/DEBUG] [mixin/]: Mixing accessor.RegistryDataAccessor from veil.registry.mixins.json into net.minecraft.resources.RegistryDataLoader$RegistryData
[10:15:56] [modloading-sync-worker/DEBUG] [ne.ne.fm.co.ConfigTracker/CONFIG]: Loading configs type COMMON
[10:15:56] [modloading-sync-worker/DEBUG] [ne.ne.ne.co.NeoForgeConfig/FORGEMOD]: Loaded NeoForge config file neoforge-common.toml
[10:15:56] [modloading-sync-worker/DEBUG] [ne.ne.fm.co.ConfigTracker/CONFIG]: Loaded TOML config file /home/runner/work/AntikytheraMechanism/AntikytheraMechanism/run/config/neoforge-common.toml
[10:15:56] [modloading-sync-worker/DEBUG] [ne.ne.fm.co.ConfigTracker/CONFIG]: Watching TOML config file /home/runner/work/AntikytheraMechanism/AntikytheraMechanism/run/config/neoforge-common.toml for changes
[10:15:56] [modloading-sync-worker/DEBUG] [ne.ne.fm.co.ConfigTracker/CONFIG]: Loaded TOML config file /home/runner/work/AntikytheraMechanism/AntikytheraMechanism/run/config/sable-common.toml
[10:15:56] [modloading-sync-worker/DEBUG] [ne.ne.fm.co.ConfigTracker/CONFIG]: Watching TOML config file /home/runner/work/AntikytheraMechanism/AntikytheraMechanism/run/config/sable-common.toml for changes
[10:15:56] [modloading-sync-worker/DEBUG] [ne.ne.ne.co.ModConfigSpec/CORE]: List on key deny is deemed to need correction, as it is null, not a list, or the wrong size.
[10:15:56] [modloading-sync-worker/DEBUG] [ne.ne.ne.co.ModConfigSpec/CORE]: List on key allow is deemed to need correction, as it is null, not a list, or the wrong size.
[10:15:56] [modloading-sync-worker/DEBUG] [ne.ne.fm.co.ConfigTracker/CONFIG]: Loaded TOML config file /home/runner/work/AntikytheraMechanism/AntikytheraMechanism/run/config/antikytheramechanism-common.toml
[10:15:56] [modloading-sync-worker/DEBUG] [ne.ne.fm.co.ConfigTracker/CONFIG]: Watching TOML config file /home/runner/work/AntikytheraMechanism/AntikytheraMechanism/run/config/antikytheramechanism-common.toml for changes
[10:15:56] [modloading-sync-worker/DEBUG] [ne.ne.fm.DeferredWorkQueue/LOADING]: Dispatching synchronous work for work queue Common setup: 1 jobs
[10:15:56] [modloading-sync-worker/DEBUG] [ne.ne.fm.DeferredWorkQueue/LOADING]: Synchronous work queue completed in 991.7 μs
[10:15:56] [main/ERROR] [minecraft/Settings]: Failed to load properties from file: server.properties
java.nio.file.NoSuchFileException: server.properties
	at java.base/sun.nio.fs.UnixException.translateToIOException(UnixException.java:92) ~[?:?] {}
	at java.base/sun.nio.fs.UnixException.rethrowAsIOException(UnixException.java:106) ~[?:?] {}
	at java.base/sun.nio.fs.UnixException.rethrowAsIOException(UnixException.java:111) ~[?:?] {}
	at java.base/sun.nio.fs.UnixFileSystemProvider.newByteChannel(UnixFileSystemProvider.java:261) ~[?:?] {}
	at java.base/java.nio.file.Files.newByteChannel(Files.java:380) ~[?:?] {}
	at java.base/java.nio.file.Files.newByteChannel(Files.java:432) ~[?:?] {}
	at java.base/java.nio.file.spi.FileSystemProvider.newInputStream(FileSystemProvider.java:420) ~[?:?] {}
	at java.base/java.nio.file.Files.newInputStream(Files.java:160) ~[?:?] {}
	at TRANSFORMER/minecraft@1.21.1/net.minecraft.server.dedicated.Settings.loadFromFile(Settings.java:38) ~[neoforge-21.1.228.jar%23125!/:?] {re:classloading}
	at TRANSFORMER/minecraft@1.21.1/net.minecraft.server.dedicated.DedicatedServerProperties.fromFile(DedicatedServerProperties.java:132) ~[neoforge-21.1.228.jar%23125!/:?] {re:classloading}
	at TRANSFORMER/minecraft@1.21.1/net.minecraft.server.dedicated.DedicatedServerSettings.<init>(DedicatedServerSettings.java:12) ~[neoforge-21.1.228.jar%23125!/:?] {re:classloading}
	at TRANSFORMER/minecraft@1.21.1/net.minecraft.server.Main.main(Main.java:125) ~[neoforge-21.1.228.jar%23125!/:?] {re:classloading}
	at java.base/jdk.internal.reflect.DirectMethodHandleAccessor.invoke(DirectMethodHandleAccessor.java:103) ~[?:?] {}
	at java.base/java.lang.reflect.Method.invoke(Method.java:580) ~[?:?] {}
	at MC-BOOTSTRAP/fml_loader@4.0.42/net.neoforged.fml.loading.targets.CommonLaunchHandler.runTarget(CommonLaunchHandler.java:136) ~[loader-4.0.42.jar%23102!/:4.0] {}
	at MC-BOOTSTRAP/fml_loader@4.0.42/net.neoforged.fml.loading.targets.CommonLaunchHandler.serverService(CommonLaunchHandler.java:128) ~[loader-4.0.42.jar%23102!/:4.0] {}
	at MC-BOOTSTRAP/fml_loader@4.0.42/net.neoforged.fml.loading.targets.NeoForgeServerDevLaunchHandler.runService(NeoForgeServerDevLaunchHandler.java:23) ~[loader-4.0.42.jar%23102!/:4.0] {}
	at MC-BOOTSTRAP/fml_loader@4.0.42/net.neoforged.fml.loading.targets.CommonLaunchHandler.lambda$launchService$4(CommonLaunchHandler.java:118) ~[loader-4.0.42.jar%23102!/:4.0] {}
	at MC-BOOTSTRAP/cpw.mods.modlauncher@11.0.5/cpw.mods.modlauncher.LaunchServiceHandlerDecorator.launch(LaunchServiceHandlerDecorator.java:30) [modlauncher-11.0.5.jar%2382!/:?] {}
	at MC-BOOTSTRAP/cpw.mods.modlauncher@11.0.5/cpw.mods.modlauncher.LaunchServiceHandler.launch(LaunchServiceHandler.java:53) [modlauncher-11.0.5.jar%2382!/:?] {}
	at MC-BOOTSTRAP/cpw.mods.modlauncher@11.0.5/cpw.mods.modlauncher.LaunchServiceHandler.launch(LaunchServiceHandler.java:71) [modlauncher-11.0.5.jar%2382!/:?] {}
	at MC-BOOTSTRAP/cpw.mods.modlauncher@11.0.5/cpw.mods.modlauncher.Launcher.run(Launcher.java:103) [modlauncher-11.0.5.jar%2382!/:?] {}
	at MC-BOOTSTRAP/cpw.mods.modlauncher@11.0.5/cpw.mods.modlauncher.Launcher.main(Launcher.java:74) [modlauncher-11.0.5.jar%2382!/:?] {}
	at MC-BOOTSTRAP/cpw.mods.modlauncher@11.0.5/cpw.mods.modlauncher.BootstrapLaunchConsumer.accept(BootstrapLaunchConsumer.java:26) [modlauncher-11.0.5.jar%2382!/:?] {}
	at MC-BOOTSTRAP/cpw.mods.modlauncher@11.0.5/cpw.mods.modlauncher.BootstrapLaunchConsumer.accept(BootstrapLaunchConsumer.java:23) [modlauncher-11.0.5.jar%2382!/:?] {}
	at cpw.mods.bootstraplauncher@2.0.2/cpw.mods.bootstraplauncher.BootstrapLauncher.run(BootstrapLauncher.java:210) [bootstraplauncher-2.0.2.jar:?] {}
	at cpw.mods.bootstraplauncher@2.0.2/cpw.mods.bootstraplauncher.BootstrapLauncher.main(BootstrapLauncher.java:69) [bootstraplauncher-2.0.2.jar:?] {}
	at java.base/jdk.internal.reflect.DirectMethodHandleAccessor.invoke(DirectMethodHandleAccessor.java:103) ~[?:?] {}
	at java.base/java.lang.reflect.Method.invoke(Method.java:580) ~[?:?] {}
	at net.neoforged.devlaunch.Main.main(Main.java:57) [DevLaunch-1.0.2.jar:?] {}
[10:15:56] [main/INFO] [mojang/YggdrasilAuthenticationService]: Environment: Environment[sessionHost=https://sessionserver.mojang.com, servicesHost=https://api.minecraftservices.com, name=PROD]
[10:15:56] [main/DEBUG] [mixin/]: Mixing ResourceVanillaPackResourcesMixin from veil.resource.mixins.json into net.minecraft.server.packs.VanillaPackResources
[10:15:56] [main/WARN] [minecraft/VanillaPackResourcesBuilder]: Assets URL 'union:/home/runner/work/AntikytheraMechanism/AntikytheraMechanism/build/moddev/artifacts/neoforge-21.1.228.jar%23125!/assets/.mcassetsroot' uses unexpected schema
[10:15:56] [main/WARN] [minecraft/VanillaPackResourcesBuilder]: Assets URL 'union:/home/runner/work/AntikytheraMechanism/AntikytheraMechanism/build/moddev/artifacts/neoforge-21.1.228.jar%23125!/data/.mcassetsroot' uses unexpected schema
[10:15:56] [main/INFO] [ne.ne.ne.ga.GameTestHooks/]: Enabled Gametest Namespaces: [antikytheramechanism]
[10:15:56] [main/DEBUG] [mixin/]: Mixing MechanismAssemblyManagerAccessor from antikytheramechanism.mixins.json into dev.antikytheramechanism.assembly.MechanismAssemblyManager
[10:15:56] [main/DEBUG] [mixin/]: Mixing MechanismAssemblyOriginInvariantMixin from antikytheramechanism.mixins.json into dev.antikytheramechanism.assembly.MechanismAssemblyManager
[10:15:56] [main/DEBUG] [mixin/]: Mixing MechanismAssemblyManagerDeferredRemovalMixin from antikytheramechanism.mixins.json into dev.antikytheramechanism.assembly.MechanismAssemblyManager
[10:15:56] [main/DEBUG] [mixin/]: antikytheramechanism.mixins.json:MechanismAssemblyOriginInvariantMixin from mod antikytheramechanism->@Inject::antikytheramechanism$repairRetainedOrigin(Lnet/minecraft/server/level/ServerLevel;Ldev/antikytheramechanism/assembly/MechanismAssembly;Lorg/spongepowered/asm/mixin/injection/callback/CallbackInfo;)V doesn't use it's CallbackInfo
[10:15:56] [main/DEBUG] [mixin/]: antikytheramechanism.mixins.json:MechanismAssemblyOriginInvariantMixin from mod antikytheramechanism->@Inject::antikytheramechanism$repairRetainedOrigin(Lnet/minecraft/server/level/ServerLevel;Ldev/antikytheramechanism/assembly/MechanismAssembly;Lorg/spongepowered/asm/mixin/injection/callback/CallbackInfo;)V doesn't use it's CallbackInfo
[10:15:56] [main/DEBUG] [mixin/]: antikytheramechanism.mixins.json:MechanismAssemblyOriginInvariantMixin from mod antikytheramechanism->@Inject::antikytheramechanism$repairRetainedOrigin(Lnet/minecraft/server/level/ServerLevel;Ldev/antikytheramechanism/assembly/MechanismAssembly;Lorg/spongepowered/asm/mixin/injection/callback/CallbackInfo;)V doesn't use it's CallbackInfo
[10:15:56] [main/DEBUG] [mixin/]: antikytheramechanism.mixins.json:MechanismAssemblyOriginInvariantMixin from mod antikytheramechanism->@Inject::antikytheramechanism$repairRetainedOrigin(Lnet/minecraft/server/level/ServerLevel;Ldev/antikytheramechanism/assembly/MechanismAssembly;Lorg/spongepowered/asm/mixin/injection/callback/CallbackInfo;)V doesn't use it's CallbackInfo
[10:15:56] [main/DEBUG] [mixin/]: antikytheramechanism.mixins.json:MechanismAssemblyManagerDeferredRemovalMixin from mod antikytheramechanism->@Inject::antikytheramechanism$processDeferredFrameRemovals(Lnet/minecraft/server/level/ServerLevel;Lorg/spongepowered/asm/mixin/injection/callback/CallbackInfo;)V doesn't use it's CallbackInfo
[10:15:56] [main/DEBUG] [mixin/]: Mixing game_test.StructureUtilsMixin from sable.mixins.json into net.minecraft.gametest.framework.StructureUtils
[10:15:56] [main/DEBUG] [mixin/]: sable.mixins.json:game_test.StructureUtilsMixin from mod sable->@Inject::clearSpaceForStructure(Lnet/minecraft/world/level/levelgen/structure/BoundingBox;Lnet/minecraft/server/level/ServerLevel;Lorg/spongepowered/asm/mixin/injection/callback/CallbackInfo;)V doesn't use it's CallbackInfo
[10:15:57] [main/DEBUG] [mixin/]: Mixing player_freezing.PlayerListMixin from sable.mixins.json into net.minecraft.server.players.PlayerList
[10:15:57] [main/DEBUG] [mixin/]: Mixing plot.PlayerListMixin from sable.mixins.json into net.minecraft.server.players.PlayerList
[10:15:57] [main/DEBUG] [mixin/]: Mixing udp.PlayerListMixin from sable.mixins.json into net.minecraft.server.players.PlayerList
[10:15:57] [main/DEBUG] [mixin/]: sable.mixins.json:player_freezing.PlayerListMixin from mod sable->@Inject::sable$player(Lnet/minecraft/network/Connection;Lnet/minecraft/server/level/ServerPlayer;Lnet/minecraft/server/network/CommonListenerCookie;Lorg/spongepowered/asm/mixin/injection/callback/CallbackInfo;)V doesn't use it's CallbackInfo
[10:15:57] [main/DEBUG] [mixin/]: sable.mixins.json:player_freezing.PlayerListMixin from mod sable->@Inject::sable$player(Lnet/minecraft/network/Connection;Lnet/minecraft/server/level/ServerPlayer;Lnet/minecraft/server/network/CommonListenerCookie;Lorg/spongepowered/asm/mixin/injection/callback/CallbackInfo;)V has 0 override(s) in child classes
[10:15:57] [main/DEBUG] [mixin/]: sable.mixins.json:player_freezing.PlayerListMixin from mod sable->@Inject::sable$player(Lnet/minecraft/network/Connection;Lnet/minecraft/server/level/ServerPlayer;Lnet/minecraft/server/network/CommonListenerCookie;Lorg/spongepowered/asm/mixin/injection/callback/CallbackInfo;)V won't be passed a CallbackInfo as a result
[10:15:57] [main/DEBUG] [mixin/]: sable.mixins.json:player_freezing.PlayerListMixin from mod sable->@Inject::sable$respawn(Lnet/minecraft/server/level/ServerPlayer;ZLnet/minecraft/world/entity/Entity$RemovalReason;Lorg/spongepowered/asm/mixin/injection/callback/CallbackInfoReturnable;)V does use it's CallbackInfoReturnable
[10:15:57] [main/DEBUG] [mixin/]: sable.mixins.json:udp.PlayerListMixin from mod sable->@Inject::onPlayerJoin(Lnet/minecraft/network/Connection;Lnet/minecraft/server/level/ServerPlayer;Lnet/minecraft/server/network/CommonListenerCookie;Lorg/spongepowered/asm/mixin/injection/callback/CallbackInfo;)V doesn't use it's CallbackInfo
[10:15:57] [main/DEBUG] [mixin/]: sable.mixins.json:udp.PlayerListMixin from mod sable->@Inject::onPlayerJoin(Lnet/minecraft/network/Connection;Lnet/minecraft/server/level/ServerPlayer;Lnet/minecraft/server/network/CommonListenerCookie;Lorg/spongepowered/asm/mixin/injection/callback/CallbackInfo;)V has 0 override(s) in child classes
[10:15:57] [main/DEBUG] [mixin/]: sable.mixins.json:udp.PlayerListMixin from mod sable->@Inject::onPlayerJoin(Lnet/minecraft/network/Connection;Lnet/minecraft/server/level/ServerPlayer;Lnet/minecraft/server/network/CommonListenerCookie;Lorg/spongepowered/asm/mixin/injection/callback/CallbackInfo;)V won't be passed a CallbackInfo as a result
[10:15:57] [main/DEBUG] [mixin/]: Mixing resources.PathPackResourcesMixin from veil.neoforge.mixins.json into net.minecraft.server.packs.PathPackResources
[10:15:57] [Worker-Main-1/DEBUG] [mixin/]: Mixing SableInfoMassScaleMixin from sablescale.mixins.json into dev.ryanhcode.sable.command.SableCommand
[10:15:58] [Worker-Main-1/DEBUG] [mixin/]: Mixing SimpleReloadInstanceMixin from veil.debug.mixins.json into net.minecraft.server.packs.resources.SimpleReloadInstance
[10:15:58] [main/INFO] [minecraft/RecipeManager]: Loaded 1292 recipes
[10:15:58] [main/INFO] [minecraft/AdvancementTree]: Loaded 1400 advancements
[10:15:59] [main/DEBUG] [mixin/]: Mixing udp.ServerConnectionListenerMixin from sable.mixins.json into net.minecraft.server.network.ServerConnectionListener
[10:15:59] [main/DEBUG] [mixin/]: sable.mixins.json:udp.ServerConnectionListenerMixin from mod sable->@Inject::sable$startTcpServerListener(Ljava/net/InetAddress;ILorg/spongepowered/asm/mixin/injection/callback/CallbackInfo;)V doesn't use it's CallbackInfo
[10:15:59] [main/DEBUG] [mixin/]: sable.mixins.json:udp.ServerConnectionListenerMixin from mod sable->@Inject::sable$startTcpServerListener(Ljava/net/InetAddress;ILorg/spongepowered/asm/mixin/injection/callback/CallbackInfo;)V has 0 override(s) in child classes
[10:15:59] [main/DEBUG] [mixin/]: sable.mixins.json:udp.ServerConnectionListenerMixin from mod sable->@Inject::sable$startTcpServerListener(Ljava/net/InetAddress;ILorg/spongepowered/asm/mixin/injection/callback/CallbackInfo;)V won't be passed a CallbackInfo as a result
[10:15:59] [main/DEBUG] [mixin/]: sable.mixins.json:udp.ServerConnectionListenerMixin from mod sable->@Inject::sable$startMemoryChannel(Lorg/spongepowered/asm/mixin/injection/callback/CallbackInfoReturnable;)V doesn't use it's CallbackInfoReturnable
[10:15:59] [main/DEBUG] [mixin/]: sable.mixins.json:udp.ServerConnectionListenerMixin from mod sable->@Inject::sable$startMemoryChannel(Lorg/spongepowered/asm/mixin/injection/callback/CallbackInfoReturnable;)V has 0 override(s) in child classes
[10:15:59] [main/DEBUG] [mixin/]: sable.mixins.json:udp.ServerConnectionListenerMixin from mod sable->@Inject::sable$startMemoryChannel(Lorg/spongepowered/asm/mixin/injection/callback/CallbackInfoReturnable;)V won't be passed a CallbackInfoReturnable as a result
[10:15:59] [main/DEBUG] [mixin/]: sable.mixins.json:udp.ServerConnectionListenerMixin from mod sable->@Inject::sable$stop(Lorg/spongepowered/asm/mixin/injection/callback/CallbackInfo;)V doesn't use it's CallbackInfo
[10:15:59] [main/DEBUG] [mixin/]: sable.mixins.json:udp.ServerConnectionListenerMixin from mod sable->@Inject::sable$stop(Lorg/spongepowered/asm/mixin/injection/callback/CallbackInfo;)V has 0 override(s) in child classes
[10:15:59] [main/DEBUG] [mixin/]: sable.mixins.json:udp.ServerConnectionListenerMixin from mod sable->@Inject::sable$stop(Lorg/spongepowered/asm/mixin/injection/callback/CallbackInfo;)V won't be passed a CallbackInfo as a result
[10:15:59] [Server thread/DEBUG] [ne.ne.fm.co.ConfigTracker/CONFIG]: Loading configs type SERVER
[10:15:59] [Server thread/DEBUG] [ne.ne.ne.co.NeoForgeConfig/FORGEMOD]: Loaded NeoForge config file neoforge-server.toml
[10:15:59] [Server thread/DEBUG] [ne.ne.fm.co.ConfigTracker/CONFIG]: Loaded TOML config file /home/runner/work/AntikytheraMechanism/AntikytheraMechanism/run/config/neoforge-server.toml
[10:15:59] [Server thread/DEBUG] [ne.ne.fm.co.ConfigTracker/CONFIG]: Watching TOML config file /home/runner/work/AntikytheraMechanism/AntikytheraMechanism/run/config/neoforge-server.toml for changes
[10:15:59] [Server thread/WARN] [de.an.AntikytheraMechanism/]: [FREEZE-WATCHDOG] Armed 3min bootstrap window after server/world bootstrap on thread Server thread (stall threshold=20000ms, generation=1)
[10:15:59] [Server thread/INFO] [de.ry.sa.Sable/]: Creating physics pipeline for ResourceKey[minecraft:dimension / minecraft:overworld] using RapierPhysicsPipelineProvider
[10:15:59] [Server thread/DEBUG] [mixin/]: Mixing RapierPhysicsPipelineMixin from sablescale.mixins.json into dev.ryanhcode.sable.physics.impl.rapier.RapierPhysicsPipeline
[10:15:59] [Server thread/DEBUG] [mixin/]: Mixing RapierActuatorForceScaleMixin from sablescale.mixins.json into dev.ryanhcode.sable.physics.impl.rapier.RapierPhysicsPipeline
[10:15:59] [Server thread/DEBUG] [mixin/]: Mixing RapierConstraintScaleMixin from sablescale.mixins.json into dev.ryanhcode.sable.physics.impl.rapier.RapierPhysicsPipeline
[10:15:59] [Server thread/DEBUG] [mixin/]: sablescale.mixins.json:RapierPhysicsPipelineMixin from mod sablescale->@Inject::sablescale$register(Lnet/minecraft/server/level/ServerLevel;Lorg/spongepowered/asm/mixin/injection/callback/CallbackInfo;)V doesn't use it's CallbackInfo
[10:15:59] [Server thread/DEBUG] [mixin/]: sablescale.mixins.json:RapierPhysicsPipelineMixin from mod sablescale->@Inject::sablescale$register(Lnet/minecraft/server/level/ServerLevel;Lorg/spongepowered/asm/mixin/injection/callback/CallbackInfo;)V has 0 override(s) in child classes
[10:15:59] [Server thread/DEBUG] [mixin/]: sablescale.mixins.json:RapierPhysicsPipelineMixin from mod sablescale->@Inject::sablescale$register(Lnet/minecraft/server/level/ServerLevel;Lorg/spongepowered/asm/mixin/injection/callback/CallbackInfo;)V won't be passed a CallbackInfo as a result
[10:15:59] [Server thread/DEBUG] [mixin/]: sablescale.mixins.json:RapierPhysicsPipelineMixin from mod sablescale->@Inject::sablescale$correctWaterDrag(Lorg/spongepowered/asm/mixin/injection/callback/CallbackInfo;)V doesn't use it's CallbackInfo
[10:15:59] [Server thread/DEBUG] [mixin/]: sablescale.mixins.json:RapierPhysicsPipelineMixin from mod sablescale->@Inject::sablescale$correctWaterDrag(Lorg/spongepowered/asm/mixin/injection/callback/CallbackInfo;)V has 0 override(s) in child classes
[10:15:59] [Server thread/DEBUG] [mixin/]: sablescale.mixins.json:RapierPhysicsPipelineMixin from mod sablescale->@Inject::sablescale$correctWaterDrag(Lorg/spongepowered/asm/mixin/injection/callback/CallbackInfo;)V won't be passed a CallbackInfo as a result
[10:15:59] [Server thread/DEBUG] [mixin/]: sablescale.mixins.json:RapierPhysicsPipelineMixin from mod sablescale->@Inject::sablescale$speedCeiling(DLorg/spongepowered/asm/mixin/injection/callback/CallbackInfo;)V doesn't use it's CallbackInfo
[10:15:59] [Server thread/DEBUG] [mixin/]: sablescale.mixins.json:RapierPhysicsPipelineMixin from mod sablescale->@Inject::sablescale$speedCeiling(DLorg/spongepowered/asm/mixin/injection/callback/CallbackInfo;)V has 0 override(s) in child classes
[10:15:59] [Server thread/DEBUG] [mixin/]: sablescale.mixins.json:RapierPhysicsPipelineMixin from mod sablescale->@Inject::sablescale$speedCeiling(DLorg/spongepowered/asm/mixin/injection/callback/CallbackInfo;)V won't be passed a CallbackInfo as a result
[10:15:59] [Server thread/DEBUG] [mixin/]: sablescale.mixins.json:RapierPhysicsPipelineMixin from mod sablescale->@Inject::sablescale$interceptSectionAdd(Lnet/minecraft/world/level/chunk/LevelChunkSection;IIIZLorg/spongepowered/asm/mixin/injection/callback/CallbackInfo;)V does use it's CallbackInfo
[10:15:59] [Server thread/DEBUG] [mixin/]: sablescale.mixins.json:RapierPhysicsPipelineMixin from mod sablescale->@Inject::sablescale$interceptSectionRemove(IIILorg/spongepowered/asm/mixin/injection/callback/CallbackInfo;)V does use it's CallbackInfo
[10:15:59] [Server thread/DEBUG] [mixin/]: sablescale.mixins.json:RapierPhysicsPipelineMixin from mod sablescale->@Inject::sablescale$interceptBlockChange(Lnet/minecraft/core/SectionPos;Lnet/minecraft/world/level/chunk/LevelChunkSection;IIILnet/minecraft/world/level/block/state/BlockState;Lnet/minecraft/world/level/block/state/BlockState;Lorg/spongepowered/asm/mixin/injection/callback/CallbackInfo;)V does use it's CallbackInfo
[10:15:59] [Server thread/DEBUG] [mixin/]: sablescale.mixins.json:RapierPhysicsPipelineMixin from mod sablescale->@Inject::sablescale$onBodyAdded(Ldev/ryanhcode/sable/sublevel/ServerSubLevel;Ldev/ryanhcode/sable/companion/math/Pose3dc;Lorg/spongepowered/asm/mixin/injection/callback/CallbackInfo;)V doesn't use it's CallbackInfo
[10:15:59] [Server thread/DEBUG] [mixin/]: sablescale.mixins.json:RapierPhysicsPipelineMixin from mod sablescale->@Inject::sablescale$onBodyAdded(Ldev/ryanhcode/sable/sublevel/ServerSubLevel;Ldev/ryanhcode/sable/companion/math/Pose3dc;Lorg/spongepowered/asm/mixin/injection/callback/CallbackInfo;)V has 0 override(s) in child classes
[10:15:59] [Server thread/DEBUG] [mixin/]: sablescale.mixins.json:RapierPhysicsPipelineMixin from mod sablescale->@Inject::sablescale$onBodyAdded(Ldev/ryanhcode/sable/sublevel/ServerSubLevel;Ldev/ryanhcode/sable/companion/math/Pose3dc;Lorg/spongepowered/asm/mixin/injection/callback/CallbackInfo;)V won't be passed a CallbackInfo as a result
[10:15:59] [Server thread/DEBUG] [mixin/]: sablescale.mixins.json:RapierPhysicsPipelineMixin from mod sablescale->@Inject::sablescale$onBodyRemoved(Ldev/ryanhcode/sable/sublevel/ServerSubLevel;Lorg/spongepowered/asm/mixin/injection/callback/CallbackInfo;)V doesn't use it's CallbackInfo
[10:15:59] [Server thread/DEBUG] [mixin/]: sablescale.mixins.json:RapierPhysicsPipelineMixin from mod sablescale->@Inject::sablescale$onBodyRemoved(Ldev/ryanhcode/sable/sublevel/ServerSubLevel;Lorg/spongepowered/asm/mixin/injection/callback/CallbackInfo;)V has 0 override(s) in child classes
[10:15:59] [Server thread/DEBUG] [mixin/]: sablescale.mixins.json:RapierPhysicsPipelineMixin from mod sablescale->@Inject::sablescale$onBodyRemoved(Ldev/ryanhcode/sable/sublevel/ServerSubLevel;Lorg/spongepowered/asm/mixin/injection/callback/CallbackInfo;)V won't be passed a CallbackInfo as a result
[10:15:59] [Server thread/DEBUG] [mixin/]: Mixing ScaledCollidersManagedEmptyBoundsMixin from antikytheramechanism.mixins.json into dev.sablescale.scale.ScaledColliders
[10:15:59] [Server thread/DEBUG] [mixin/]: antikytheramechanism.mixins.json:ScaledCollidersManagedEmptyBoundsMixin from mod antikytheramechanism->@Inject::antikytheramechanism$finiteManagedEmptyBounds(Ldev/ryanhcode/sable/sublevel/ServerSubLevel;Lorg/spongepowered/asm/mixin/injection/callback/CallbackInfoReturnable;)V does use it's CallbackInfoReturnable
[10:15:59] [Server thread/DEBUG] [mixin/]: Mixing Rapier3DAccessor from sablescale.mixins.json into dev.ryanhcode.sable.physics.impl.rapier.Rapier3D
[10:15:59] [Server thread/DEBUG] [mixin/]: Renaming @Invoker method sablescale$addChunk(JIII[IZI)V to addChunk$sablescale_$md$8240a5$0 in sablescale.mixins.json:Rapier3DAccessor from mod sablescale
[10:15:59] [Server thread/DEBUG] [mixin/]: Renaming @Invoker method sablescale$removeChunk(JIIIZ)V to removeChunk$sablescale_$md$8240a5$1 in sablescale.mixins.json:Rapier3DAccessor from mod sablescale
[10:15:59] [Server thread/DEBUG] [mixin/]: Renaming @Invoker method sablescale$setLocalBounds(JIIIIIII)V to setLocalBounds$sablescale_$md$8240a5$2 in sablescale.mixins.json:Rapier3DAccessor from mod sablescale
[10:15:59] [Server thread/DEBUG] [mixin/]: Renaming @Invoker method sablescale$setMassProperties(JID[D[D)V to setMassProperties$sablescale_$md$8240a5$3 in sablescale.mixins.json:Rapier3DAccessor from mod sablescale
[10:15:59] [Server thread/DEBUG] [mixin/]: Renaming @Invoker method sablescale$setMassPropertiesFrom(JILdev/ryanhcode/sable/api/physics/mass/MassData;)V to setMassPropertiesFrom$sablescale_$md$8240a5$4 in sablescale.mixins.json:Rapier3DAccessor from mod sablescale
[10:15:59] [Server thread/DEBUG] [mixin/]: Renaming @Invoker method sablescale$applyForceAndTorque(JIDDDDDDZ)V to applyForceAndTorque$sablescale_$md$8240a5$5 in sablescale.mixins.json:Rapier3DAccessor from mod sablescale
[10:15:59] [Server thread/DEBUG] [mixin/]: Renaming @Invoker method sablescale$applyForce(JIDDDDDDZ)V to applyForce$sablescale_$md$8240a5$6 in sablescale.mixins.json:Rapier3DAccessor from mod sablescale
[10:15:59] [Server thread/DEBUG] [mixin/]: Renaming @Invoker method sablescale$setConstraintFrame(JJIDDDDDDD)V to setConstraintFrame$sablescale_$md$8240a5$7 in sablescale.mixins.json:Rapier3DAccessor from mod sablescale
[10:15:59] [Server thread/DEBUG] [mixin/]: Renaming @Invoker method sablescale$isConstraintValid(JJ)Z to isConstraintValid$sablescale_$md$8240a5$8 in sablescale.mixins.json:Rapier3DAccessor from mod sablescale
[10:15:59] [Server thread/DEBUG] [mixin/]: Renaming @Invoker method sablescale$addLinearAngularVelocities(JIDDDDDDZ)V to addLinearAngularVelocities$sablescale_$md$8240a5$9 in sablescale.mixins.json:Rapier3DAccessor from mod sablescale
[10:15:59] [Server thread/DEBUG] [mixin/]: Mixing Rapier3DInvoker from antikytheramechanism.mixins.json into dev.ryanhcode.sable.physics.impl.rapier.Rapier3D
[10:15:59] [Server thread/DEBUG] [mixin/]: Renaming @Invoker method antikytheramechanism$getSceneHandle(Lnet/minecraft/server/level/ServerLevel;)J to getSceneHandle$antikytheramechanism_$md$8240a5$a in antikytheramechanism.mixins.json:Rapier3DInvoker from mod antikytheramechanism
[10:15:59] [Server thread/DEBUG] [mixin/]: Renaming @Invoker method antikytheramechanism$newVoxelCollider(DDDZLdev/ryanhcode/sable/api/physics/callback/BlockSubLevelCollisionCallback;)I to newVoxelCollider$antikytheramechanism_$md$8240a5$b in antikytheramechanism.mixins.json:Rapier3DInvoker from mod antikytheramechanism
[10:15:59] [Server thread/DEBUG] [mixin/]: Renaming @Invoker method antikytheramechanism$addVoxelColliderBox(I[D)V to addVoxelColliderBox$antikytheramechanism_$md$8240a5$c in antikytheramechanism.mixins.json:Rapier3DInvoker from mod antikytheramechanism
[10:15:59] [Server thread/DEBUG] [mixin/]: Renaming @Invoker method antikytheramechanism$createKinematicContraption(JII[D)V to createKinematicContraption$antikytheramechanism_$md$8240a5$d in antikytheramechanism.mixins.json:Rapier3DInvoker from mod antikytheramechanism
[10:15:59] [Server thread/DEBUG] [mixin/]: Renaming @Invoker method antikytheramechanism$removeKinematicContraption(JI)V to removeKinematicContraption$antikytheramechanism_$md$8240a5$e in antikytheramechanism.mixins.json:Rapier3DInvoker from mod antikytheramechanism
[10:15:59] [Server thread/DEBUG] [mixin/]: Renaming @Invoker method antikytheramechanism$setKinematicContraptionTransform(JI[D[D[D)V to setKinematicContraptionTransform$antikytheramechanism_$md$8240a5$f in antikytheramechanism.mixins.json:Rapier3DInvoker from mod antikytheramechanism
[10:15:59] [Server thread/DEBUG] [mixin/]: Renaming @Invoker method antikytheramechanism$addKinematicContraptionChunkSection(JIIII[I)V to addKinematicContraptionChunkSection$antikytheramechanism_$md$8240a5$10 in antikytheramechanism.mixins.json:Rapier3DInvoker from mod antikytheramechanism
[10:15:59] [Server thread/DEBUG] [mixin/]: Renaming @Invoker method antikytheramechanism$setLocalBounds(JIIIIIII)V to setLocalBounds$antikytheramechanism_$md$8240a5$11 in antikytheramechanism.mixins.json:Rapier3DInvoker from mod antikytheramechanism
[2026-08-18T10:15:59.323399697Z] [[32mINFO[0m] (sable_rapier) Rapier scene initialized
[10:15:59] [Server thread/ERROR] [de.ry.sa.Sable/]: Failed to apply tag physics properties. Unknown block: create:flywheel
[10:15:59] [Server thread/DEBUG] [mixin/]: Mixing LevelTicksAccessor from antikytheramechanism.mixins.json into net.minecraft.world.ticks.LevelTicks
[10:15:59] [Server thread/DEBUG] [mixin/]: Mixing plot.serialization.LevelChunkTicksMixin from sable.mixins.json into net.minecraft.world.ticks.LevelChunkTicks
[10:15:59] [Server thread/DEBUG] [mixin/]: Mixing entity.entity_unloading.PersistentEntitySectionManagerMixin from sable.mixins.json into net.minecraft.world.level.entity.PersistentEntitySectionManager
[10:15:59] [Server thread/DEBUG] [mixin/]: sable.mixins.json:entity.entity_unloading.PersistentEntitySectionManagerMixin from mod sable->@Inject::processChunkUnload(JLorg/spongepowered/asm/mixin/injection/callback/CallbackInfoReturnable;)V doesn't use it's CallbackInfoReturnable
[10:15:59] [Server thread/DEBUG] [mixin/]: sable.mixins.json:entity.entity_unloading.PersistentEntitySectionManagerMixin from mod sable->@Inject::processChunkUnload(JLorg/spongepowered/asm/mixin/injection/callback/CallbackInfoReturnable;)V has 0 override(s) in child classes
[10:15:59] [Server thread/DEBUG] [mixin/]: sable.mixins.json:entity.entity_unloading.PersistentEntitySectionManagerMixin from mod sable->@Inject::processChunkUnload(JLorg/spongepowered/asm/mixin/injection/callback/CallbackInfoReturnable;)V won't be passed a CallbackInfoReturnable as a result
[10:15:59] [Server thread/DEBUG] [mixin/]: Mixing entity.server_entities_tick.ChunkMapMixin from sable.mixins.json into net.minecraft.server.level.ChunkMap
[10:15:59] [Server thread/DEBUG] [mixin/]: Mixing plot.ChunkMapMixin from sable.mixins.json into net.minecraft.server.level.ChunkMap
[10:15:59] [Server thread/DEBUG] [mixin/]: Renaming synthetic method lambda$sable$hasWork$0(Lnet/minecraft/server/level/ChunkHolder;)Z to md8240a5$sable$lambda$sable$hasWork$0$0 in sable.mixins.json:plot.ChunkMapMixin from mod sable
[10:15:59] [Server thread/DEBUG] [mixin/]: Mixing plot.serialization.ChunkMapMixin from sable.mixins.json into net.minecraft.server.level.ChunkMap
[10:15:59] [Server thread/DEBUG] [mixin/]: sable.mixins.json:plot.ChunkMapMixin from mod sable->@Inject::sable$getPlayers(Lnet/minecraft/world/level/ChunkPos;ZLorg/spongepowered/asm/mixin/injection/callback/CallbackInfoReturnable;)V does use it's CallbackInfoReturnable
[10:15:59] [Server thread/DEBUG] [mixin/]: sable.mixins.json:plot.ChunkMapMixin from mod sable->@Inject::sable$saveChunkIfNeeded(Lnet/minecraft/server/level/ChunkHolder;Lorg/spongepowered/asm/mixin/injection/callback/CallbackInfoReturnable;)V does use it's CallbackInfoReturnable
[10:15:59] [Server thread/DEBUG] [mixin/]: sable.mixins.json:plot.ChunkMapMixin from mod sable->@Inject::sable$isChunkTracked(Lnet/minecraft/server/level/ServerPlayer;IILorg/spongepowered/asm/mixin/injection/callback/CallbackInfoReturnable;)V does use it's CallbackInfoReturnable
[10:15:59] [Server thread/DEBUG] [mixin/]: sable.mixins.json:plot.ChunkMapMixin from mod sable->@Inject::sable$anyPlayerCloseEnoughForSpawning(Lnet/minecraft/world/level/ChunkPos;Lorg/spongepowered/asm/mixin/injection/callback/CallbackInfoReturnable;)V does use it's CallbackInfoReturnable
[10:15:59] [Server thread/DEBUG] [mixin/]: sable.mixins.json:plot.serialization.ChunkMapMixin from mod sable->@Inject::sable$init(Lnet/minecraft/server/level/ServerLevel;Lnet/minecraft/world/level/storage/LevelStorageSource$LevelStorageAccess;Lcom/mojang/datafixers/DataFixer;Lnet/minecraft/world/level/levelgen/structure/templatesystem/StructureTemplateManager;Ljava/util/concurrent/Executor;Lnet/minecraft/util/thread/BlockableEventLoop;Lnet/minecraft/world/level/chunk/LightChunkGetter;Lnet/minecraft/world/level/chunk/ChunkGenerator;Lnet/minecraft/server/level/progress/ChunkProgressListener;Lnet/minecraft/world/level/entity/ChunkStatusUpdateListener;Ljava/util/function/Supplier;IZLorg/spongepowered/asm/mixin/injection/callback/CallbackInfo;)V doesn't use it's CallbackInfo
[10:15:59] [Server thread/DEBUG] [mixin/]: sable.mixins.json:plot.serialization.ChunkMapMixin from mod sable->@Inject::sable$init(Lnet/minecraft/server/level/ServerLevel;Lnet/minecraft/world/level/storage/LevelStorageSource$LevelStorageAccess;Lcom/mojang/datafixers/DataFixer;Lnet/minecraft/world/level/levelgen/structure/templatesystem/StructureTemplateManager;Ljava/util/concurrent/Executor;Lnet/minecraft/util/thread/BlockableEventLoop;Lnet/minecraft/world/level/chunk/LightChunkGetter;Lnet/minecraft/world/level/chunk/ChunkGenerator;Lnet/minecraft/server/level/progress/ChunkProgressListener;Lnet/minecraft/world/level/entity/ChunkStatusUpdateListener;Ljava/util/function/Supplier;IZLorg/spongepowered/asm/mixin/injection/callback/CallbackInfo;)V has 0 override(s) in child classes
[10:15:59] [Server thread/DEBUG] [mixin/]: sable.mixins.json:plot.serialization.ChunkMapMixin from mod sable->@Inject::sable$init(Lnet/minecraft/server/level/ServerLevel;Lnet/minecraft/world/level/storage/LevelStorageSource$LevelStorageAccess;Lcom/mojang/datafixers/DataFixer;Lnet/minecraft/world/level/levelgen/structure/templatesystem/StructureTemplateManager;Ljava/util/concurrent/Executor;Lnet/minecraft/util/thread/BlockableEventLoop;Lnet/minecraft/world/level/chunk/LightChunkGetter;Lnet/minecraft/world/level/chunk/ChunkGenerator;Lnet/minecraft/server/level/progress/ChunkProgressListener;Lnet/minecraft/world/level/entity/ChunkStatusUpdateListener;Ljava/util/function/Supplier;IZLorg/spongepowered/asm/mixin/injection/callback/CallbackInfo;)V won't be passed a CallbackInfo as a result
[10:15:59] [Server thread/DEBUG] [mixin/]: sable.mixins.json:plot.serialization.ChunkMapMixin from mod sable->@Inject::sable$onStatusChange(Lnet/minecraft/world/level/ChunkPos;Lnet/minecraft/server/level/FullChunkStatus;Lorg/spongepowered/asm/mixin/injection/callback/CallbackInfo;)V doesn't use it's CallbackInfo
[10:15:59] [Server thread/DEBUG] [mixin/]: sable.mixins.json:plot.serialization.ChunkMapMixin from mod sable->@Inject::sable$onStatusChange(Lnet/minecraft/world/level/ChunkPos;Lnet/minecraft/server/level/FullChunkStatus;Lorg/spongepowered/asm/mixin/injection/callback/CallbackInfo;)V has 0 override(s) in child classes
[10:15:59] [Server thread/DEBUG] [mixin/]: sable.mixins.json:plot.serialization.ChunkMapMixin from mod sable->@Inject::sable$onStatusChange(Lnet/minecraft/world/level/ChunkPos;Lnet/minecraft/server/level/FullChunkStatus;Lorg/spongepowered/asm/mixin/injection/callback/CallbackInfo;)V won't be passed a CallbackInfo as a result
[10:15:59] [Server thread/DEBUG] [mixin/]: Mixing chunk_container_replacement.LevelChunkSectionMixin from sable.mixins.json into net.minecraft.world.level.chunk.LevelChunkSection
[10:15:59] [Server thread/DEBUG] [mixin/]: Mixing sculk_vibrations.GameEventDispatcherMixin from sable.mixins.json into net.minecraft.world.level.gameevent.GameEventDispatcher
[10:15:59] [Server thread/DEBUG] [mixin/]: Renaming synthetic method lambda$sable$visitShipListeners$0(Ldev/ryanhcode/sable/companion/math/BoundingBox3dc;Lcom/llamalad7/mixinextras/sugar/ref/LocalRef;Ldev/ryanhcode/sable/companion/math/BoundingBox3i;Lcom/llamalad7/mixinextras/injector/wrapoperation/Operation;Lnet/minecraft/core/Holder;Lnet/minecraft/world/phys/Vec3;Lnet/minecraft/world/level/gameevent/GameEvent$Context;Ldev/ryanhcode/sable/sublevel/SubLevel;)V to md8240a5$sable$lambda$sable$visitShipListeners$0$0 in sable.mixins.json:sculk_vibrations.GameEventDispatcherMixin from mod sable
[10:15:59] [Server thread/DEBUG] [mixin/]: sable.mixins.json:sculk_vibrations.GameEventDispatcherMixin from mod sable->@Inject::sable$useBBIntersection(Lnet/minecraft/core/Holder;Lnet/minecraft/world/phys/Vec3;Lnet/minecraft/world/level/gameevent/GameEvent$Context;Lorg/spongepowered/asm/mixin/injection/callback/CallbackInfo;)V doesn't use it's CallbackInfo
[10:15:59] [Server thread/DEBUG] [mixin/]: sable.mixins.json:sculk_vibrations.GameEventDispatcherMixin from mod sable->@Inject::sable$useBBIntersection(Lnet/minecraft/core/Holder;Lnet/minecraft/world/phys/Vec3;Lnet/minecraft/world/level/gameevent/GameEvent$Context;Lorg/spongepowered/asm/mixin/injection/callback/CallbackInfo;)V has 0 override(s) in child classes
[10:15:59] [Server thread/DEBUG] [mixin/]: sable.mixins.json:sculk_vibrations.GameEventDispatcherMixin from mod sable->@Inject::sable$useBBIntersection(Lnet/minecraft/core/Holder;Lnet/minecraft/world/phys/Vec3;Lnet/minecraft/world/level/gameevent/GameEvent$Context;Lorg/spongepowered/asm/mixin/injection/callback/CallbackInfo;)V won't be passed a CallbackInfo as a result
[10:16:00] [Server thread/INFO] [de.ry.sa.Sable/]: Creating physics pipeline for ResourceKey[minecraft:dimension / minecraft:the_end] using RapierPhysicsPipelineProvider
[2026-08-18T10:16:00.066967196Z] [[32mINFO[0m] (sable_rapier) Rapier scene initialized
[10:16:00] [Server thread/ERROR] [de.ry.sa.Sable/]: Failed to apply tag physics properties. Unknown block: create:flywheel
[10:16:00] [Server thread/INFO] [de.ry.sa.Sable/]: Creating physics pipeline for ResourceKey[minecraft:dimension / minecraft:the_nether] using RapierPhysicsPipelineProvider
[2026-08-18T10:16:00.099230177Z] [[32mINFO[0m] (sable_rapier) Rapier scene initialized
[10:16:00] [Server thread/ERROR] [de.ry.sa.Sable/]: Failed to apply tag physics properties. Unknown block: create:flywheel
[10:16:00] [Server thread/INFO] [minecraft/MinecraftServer]: Preparing start region for dimension minecraft:overworld
[10:16:00] [worldgen/INFO] [minecraft/LoggerChunkProgressListener]: Preparing spawn area: 2%
[10:16:00] [Server thread/INFO] [minecraft/LoggerChunkProgressListener]: Time elapsed: 405 ms
[10:16:00] [Server thread/DEBUG] [mixin/]: Mixing game_test.GameTestInfoMixin from sable.mixins.json into net.minecraft.gametest.framework.GameTestInfo
[10:16:00] [Server thread/DEBUG] [mixin/]: sable.mixins.json:game_test.GameTestInfoMixin from mod sable->@Inject::removeSublevels(Lorg/spongepowered/asm/mixin/injection/callback/CallbackInfo;)V doesn't use it's CallbackInfo
[10:16:00] [Server thread/DEBUG] [mixin/]: sable.mixins.json:game_test.GameTestInfoMixin from mod sable->@Inject::removeSublevels(Lorg/spongepowered/asm/mixin/injection/callback/CallbackInfo;)V has 0 override(s) in child classes
[10:16:00] [Server thread/DEBUG] [mixin/]: sable.mixins.json:game_test.GameTestInfoMixin from mod sable->@Inject::removeSublevels(Lorg/spongepowered/asm/mixin/injection/callback/CallbackInfo;)V won't be passed a CallbackInfo as a result
[10:16:00] [Server thread/INFO] [minecraft/GameTestServer]: Started game test server
[10:16:00] [Server thread/DEBUG] [ne.ne.ne.se.LanguageHook/]: Loaded 8 language files for en_us
[10:16:00] [Server thread/INFO] [ne.ne.ne.se.pe.PermissionAPI/]: Successfully initialized permission handler neoforge:default_handler
[10:16:00] [Server thread/INFO] [minecraft/GameTestServer]: 87 tests are now running at position -9064260, -59, -3566432!
[10:16:00] [Server thread/DEBUG] [mixin/]: Mixing PhysicsBlockPropertyHelperFrameMassMixin from antikytheramechanism.mixins.json into dev.ryanhcode.sable.physics.config.block_properties.PhysicsBlockPropertyHelper
[10:16:00] [Server thread/DEBUG] [mixin/]: antikytheramechanism.mixins.json:PhysicsBlockPropertyHelperFrameMassMixin from mod antikytheramechanism->@Inject::antikytheramechanism$useManagedFrameMass(Lnet/minecraft/world/level/BlockGetter;Lnet/minecraft/core/BlockPos;Lnet/minecraft/world/level/block/state/BlockState;Lorg/spongepowered/asm/mixin/injection/callback/CallbackInfoReturnable;)V does use it's CallbackInfoReturnable
[10:16:03] [Server thread/INFO] [minecraft/GameTestRunner]: Running test batch 'defaultBatch:0' (50 tests)...
[10:16:03] [Server thread/WARN] [minecraft/MinecraftServer]: Can't keep up! Is the server overloaded? Running 2759ms or 55 ticks behind
[10:16:03] [Server thread/INFO] [minecraft/GameTestServer]: [                                                                                       ]
[10:16:03] [Server thread/ERROR] [de.an.AntikytheraMechanism/]: [HOST-WRITE-DIAG] HEAD pos=BlockPos{x=-9064258, y=-57, z=-3566430} before=Block{minecraft:air} requested=Block{antikytheramechanism:mechanism_frame}[connected_down=false,connected_east=false,connected_north=false,connected_south=false,connected_up=false,connected_west=false,empty=true,facing=north] moving=false destinationTransition=false allowed=true receiver=16442593 resolved=16442593 sameChunk=true containing=ROOT
[10:16:03] [Server thread/WARN] [de.an.AntikytheraMechanism/]: [FREEZE-WATCHDOG] Armed 30s after Mechanism Frame placement at BlockPos{x=-9064258, y=-57, z=-3566430} in minecraft:overworld on thread Server thread (stall threshold=2000ms, generation=2)
[10:16:03] [Server thread/ERROR] [de.an.AntikytheraMechanism/]: [HOST-WRITE-DIAG] RETURN pos=BlockPos{x=-9064258, y=-57, z=-3566430} previousReturn=Block{minecraft:air} actual=Block{antikytheramechanism:mechanism_frame}[connected_down=false,connected_east=false,connected_north=false,connected_south=false,connected_up=false,connected_west=false,empty=true,facing=north] destinationTransition=false receiver=16442593 resolved=16442593 sameChunk=true
[10:16:03] [Server thread/DEBUG] [mixin/]: Mixing FloatingBlockControllerAccessor from antikytheramechanism.mixins.json into dev.ryanhcode.sable.physics.floating_block.FloatingBlockController
[10:16:03] [Server thread/DEBUG] [mixin/]: Mixing FloatingBlockControllerHostedMiniMixin from antikytheramechanism.mixins.json into dev.ryanhcode.sable.physics.floating_block.FloatingBlockController
[10:16:03] [Server thread/DEBUG] [mixin/]: antikytheramechanism.mixins.json:FloatingBlockControllerHostedMiniMixin from mod antikytheramechanism->@Inject::antikytheramechanism$wakeForHostedMiniMaterials(Lorg/spongepowered/asm/mixin/injection/callback/CallbackInfoReturnable;)V does use it's CallbackInfoReturnable
[10:16:03] [Server thread/DEBUG] [mixin/]: antikytheramechanism.mixins.json:FloatingBlockControllerHostedMiniMixin from mod antikytheramechanism->@Inject::antikytheramechanism$wakeForHostedMiniMaterials(Lorg/spongepowered/asm/mixin/injection/callback/CallbackInfoReturnable;)V does use it's CallbackInfoReturnable
[10:16:03] [Server thread/DEBUG] [mixin/]: antikytheramechanism.mixins.json:FloatingBlockControllerHostedMiniMixin from mod antikytheramechanism->@Inject::antikytheramechanism$wakeForHostedMiniMaterials(Lorg/spongepowered/asm/mixin/injection/callback/CallbackInfoReturnable;)V does use it's CallbackInfoReturnable
[10:16:03] [Server thread/DEBUG] [mixin/]: antikytheramechanism.mixins.json:FloatingBlockControllerHostedMiniMixin from mod antikytheramechanism->@Inject::antikytheramechanism$appendHostedMiniMaterials(DDLorg/joml/Vector3dc;Lorg/joml/Vector3dc;Lorg/joml/Vector3d;Lorg/joml/Vector3d;Lorg/spongepowered/asm/mixin/injection/callback/CallbackInfo;)V doesn't use it's CallbackInfo
[10:16:03] [Server thread/DEBUG] [mixin/]: antikytheramechanism.mixins.json:FloatingBlockControllerHostedMiniMixin from mod antikytheramechanism->@Inject::antikytheramechanism$appendHostedMiniMaterials(DDLorg/joml/Vector3dc;Lorg/joml/Vector3dc;Lorg/joml/Vector3d;Lorg/joml/Vector3d;Lorg/spongepowered/asm/mixin/injection/callback/CallbackInfo;)V has 0 override(s) in child classes
[10:16:03] [Server thread/DEBUG] [mixin/]: antikytheramechanism.mixins.json:FloatingBlockControllerHostedMiniMixin from mod antikytheramechanism->@Inject::antikytheramechanism$appendHostedMiniMaterials(DDLorg/joml/Vector3dc;Lorg/joml/Vector3dc;Lorg/joml/Vector3d;Lorg/joml/Vector3d;Lorg/spongepowered/asm/mixin/injection/callback/CallbackInfo;)V won't be passed a CallbackInfo as a result
[10:16:03] [Server thread/DEBUG] [mixin/]: antikytheramechanism.mixins.json:FloatingBlockControllerHostedMiniMixin from mod antikytheramechanism->@Inject::antikytheramechanism$clearHostedMiniMaterialCache(DDLorg/joml/Vector3dc;Lorg/joml/Vector3dc;Lorg/joml/Vector3d;Lorg/joml/Vector3d;Lorg/spongepowered/asm/mixin/injection/callback/CallbackInfo;)V doesn't use it's CallbackInfo
[10:16:03] [Server thread/DEBUG] [mixin/]: antikytheramechanism.mixins.json:FloatingBlockControllerHostedMiniMixin from mod antikytheramechanism->@Inject::antikytheramechanism$clearHostedMiniMaterialCache(DDLorg/joml/Vector3dc;Lorg/joml/Vector3dc;Lorg/joml/Vector3d;Lorg/joml/Vector3d;Lorg/spongepowered/asm/mixin/injection/callback/CallbackInfo;)V has 0 override(s) in child classes
[10:16:03] [Server thread/DEBUG] [mixin/]: antikytheramechanism.mixins.json:FloatingBlockControllerHostedMiniMixin from mod antikytheramechanism->@Inject::antikytheramechanism$clearHostedMiniMaterialCache(DDLorg/joml/Vector3dc;Lorg/joml/Vector3dc;Lorg/joml/Vector3d;Lorg/joml/Vector3d;Lorg/spongepowered/asm/mixin/injection/callback/CallbackInfo;)V won't be passed a CallbackInfo as a result
[10:16:03] [Server thread/DEBUG] [mixin/]: antikytheramechanism.mixins.json:FloatingBlockControllerHostedMiniMixin from mod antikytheramechanism->@Inject::antikytheramechanism$clearHostedMiniMaterialCache(DDLorg/joml/Vector3dc;Lorg/joml/Vector3dc;Lorg/joml/Vector3d;Lorg/joml/Vector3d;Lorg/spongepowered/asm/mixin/injection/callback/CallbackInfo;)V doesn't use it's CallbackInfo
[10:16:03] [Server thread/DEBUG] [mixin/]: antikytheramechanism.mixins.json:FloatingBlockControllerHostedMiniMixin from mod antikytheramechanism->@Inject::antikytheramechanism$clearHostedMiniMaterialCache(DDLorg/joml/Vector3dc;Lorg/joml/Vector3dc;Lorg/joml/Vector3d;Lorg/joml/Vector3d;Lorg/spongepowered/asm/mixin/injection/callback/CallbackInfo;)V has 0 override(s) in child classes
[10:16:03] [Server thread/DEBUG] [mixin/]: antikytheramechanism.mixins.json:FloatingBlockControllerHostedMiniMixin from mod antikytheramechanism->@Inject::antikytheramechanism$clearHostedMiniMaterialCache(DDLorg/joml/Vector3dc;Lorg/joml/Vector3dc;Lorg/joml/Vector3d;Lorg/joml/Vector3d;Lorg/spongepowered/asm/mixin/injection/callback/CallbackInfo;)V won't be passed a CallbackInfo as a result
[10:16:03] [Server thread/DEBUG] [mixin/]: Mixing MergedMassTrackerMixin from sablescale.mixins.json into dev.ryanhcode.sable.api.physics.mass.MergedMassTracker
[10:16:03] [Server thread/DEBUG] [mixin/]: Mixing MergedMassTrackerHostedMiniMixin from antikytheramechanism.mixins.json into dev.ryanhcode.sable.api.physics.mass.MergedMassTracker
[10:16:03] [Server thread/DEBUG] [mixin/]: antikytheramechanism.mixins.json:MergedMassTrackerHostedMiniMixin from mod antikytheramechanism->@Inject::antikytheramechanism$mergeHostedMiniMass(FLorg/spongepowered/asm/mixin/injection/callback/CallbackInfo;)V doesn't use it's CallbackInfo
[10:16:03] [Server thread/DEBUG] [mixin/]: antikytheramechanism.mixins.json:MergedMassTrackerHostedMiniMixin from mod antikytheramechanism->@Inject::antikytheramechanism$mergeHostedMiniMass(FLorg/spongepowered/asm/mixin/injection/callback/CallbackInfo;)V has 0 override(s) in child classes
[10:16:03] [Server thread/DEBUG] [mixin/]: antikytheramechanism.mixins.json:MergedMassTrackerHostedMiniMixin from mod antikytheramechanism->@Inject::antikytheramechanism$mergeHostedMiniMass(FLorg/spongepowered/asm/mixin/injection/callback/CallbackInfo;)V won't be passed a CallbackInfo as a result
[10:16:03] [Server thread/DEBUG] [de.an.AntikytheraMechanism/]: Staged Sable SubLevel 0b12251c-6259-4eda-bdbc-02d577fd0aa8 for content in assembly 5bb39fc1-db31-401d-9b98-d266a57647eb
[10:16:03] [Server thread/DEBUG] [de.an.AntikytheraMechanism/]: Staged Sable SubLevel 9fc3d01e-99dd-46e1-85e7-35168b64ddfd for content in assembly 6b20300f-d7b1-4821-96d2-f4bf7ab8cbd9
[10:16:03] [Server thread/WARN] [de.an.AntikytheraMechanism/]: Managed Sable SubLevel 9fc3d01e-99dd-46e1-85e7-35168b64ddfd for assembly 6b20300f-d7b1-4821-96d2-f4bf7ab8cbd9 was removed (REMOVED)
[10:16:03] [Server thread/WARN] [de.an.AntikytheraMechanism/]: Managed Sable SubLevel 0b12251c-6259-4eda-bdbc-02d577fd0aa8 for assembly 5bb39fc1-db31-401d-9b98-d266a57647eb was removed (REMOVED)
[10:16:03] [Server thread/ERROR] [de.an.AntikytheraMechanism/]: [HOST-WRITE-DIAG] HEAD pos=BlockPos{x=-9064220, y=-57, z=-3566427} before=Block{minecraft:air} requested=Block{antikytheramechanism:mechanism_frame}[connected_down=false,connected_east=false,connected_north=false,connected_south=false,connected_up=false,connected_west=false,empty=true,facing=north] moving=false destinationTransition=false allowed=true receiver=1021463768 resolved=1021463768 sameChunk=true containing=ROOT
[10:16:03] [Server thread/WARN] [de.an.AntikytheraMechanism/]: [FREEZE-WATCHDOG] Armed 30s after Mechanism Frame placement at BlockPos{x=-9064220, y=-57, z=-3566427} in minecraft:overworld on thread Server thread (stall threshold=2000ms, generation=3)
[10:16:03] [Server thread/ERROR] [de.an.AntikytheraMechanism/]: [HOST-WRITE-DIAG] RETURN pos=BlockPos{x=-9064220, y=-57, z=-3566427} previousReturn=Block{minecraft:air} actual=Block{antikytheramechanism:mechanism_frame}[connected_down=false,connected_east=false,connected_north=false,connected_south=false,connected_up=false,connected_west=false,empty=true,facing=north] destinationTransition=false receiver=1021463768 resolved=1021463768 sameChunk=true
[10:16:03] [Server thread/ERROR] [de.an.AntikytheraMechanism/]: [HOST-WRITE-DIAG] HEAD pos=BlockPos{x=-9064219, y=-57, z=-3566427} before=Block{minecraft:air} requested=Block{antikytheramechanism:mechanism_frame}[connected_down=false,connected_east=false,connected_north=false,connected_south=false,connected_up=false,connected_west=false,empty=true,facing=north] moving=false destinationTransition=false allowed=true receiver=1021463768 resolved=1021463768 sameChunk=true containing=ROOT
[10:16:03] [Server thread/WARN] [de.an.AntikytheraMechanism/]: [FREEZE-WATCHDOG] Armed 30s after Mechanism Frame placement at BlockPos{x=-9064219, y=-57, z=-3566427} in minecraft:overworld on thread Server thread (stall threshold=2000ms, generation=4)
[10:16:03] [Server thread/ERROR] [de.an.AntikytheraMechanism/]: [HOST-WRITE-DIAG] RETURN pos=BlockPos{x=-9064219, y=-57, z=-3566427} previousReturn=Block{minecraft:air} actual=Block{antikytheramechanism:mechanism_frame}[connected_down=false,connected_east=false,connected_north=false,connected_south=false,connected_up=false,connected_west=false,empty=true,facing=north] destinationTransition=false receiver=1021463768 resolved=1021463768 sameChunk=true
[10:16:03] [Server thread/ERROR] [de.an.AntikytheraMechanism/]: [HOST-WRITE-DIAG] HEAD pos=BlockPos{x=-9064220, y=-57, z=-3566427} before=Block{antikytheramechanism:mechanism_frame}[connected_down=false,connected_east=false,connected_north=false,connected_south=false,connected_up=false,connected_west=false,empty=true,facing=north] requested=Block{antikytheramechanism:mechanism_frame}[connected_down=false,connected_east=true,connected_north=false,connected_south=false,connected_up=false,connected_west=false,empty=true,facing=north] moving=false destinationTransition=false allowed=true receiver=1021463768 resolved=1021463768 sameChunk=true containing=ROOT
[10:16:03] [Server thread/ERROR] [de.an.AntikytheraMechanism/]: [HOST-WRITE-DIAG] RETURN pos=BlockPos{x=-9064220, y=-57, z=-3566427} previousReturn=Block{antikytheramechanism:mechanism_frame}[connected_down=false,connected_east=false,connected_north=false,connected_south=false,connected_up=false,connected_west=false,empty=true,facing=north] actual=Block{antikytheramechanism:mechanism_frame}[connected_down=false,connected_east=true,connected_north=false,connected_south=false,connected_up=false,connected_west=false,empty=true,facing=north] destinationTransition=false receiver=1021463768 resolved=1021463768 sameChunk=true
[10:16:03] [Server thread/ERROR] [de.an.AntikytheraMechanism/]: [HOST-WRITE-DIAG] HEAD pos=BlockPos{x=-9064219, y=-57, z=-3566427} before=Block{antikytheramechanism:mechanism_frame}[connected_down=false,connected_east=false,connected_north=false,connected_south=false,connected_up=false,connected_west=false,empty=true,facing=north] requested=Block{antikytheramechanism:mechanism_frame}[connected_down=false,connected_east=false,connected_north=false,connected_south=false,connected_up=false,connected_west=true,empty=true,facing=north] moving=false destinationTransition=false allowed=true receiver=1021463768 resolved=1021463768 sameChunk=true containing=ROOT
[10:16:03] [Server thread/ERROR] [de.an.AntikytheraMechanism/]: [HOST-WRITE-DIAG] RETURN pos=BlockPos{x=-9064219, y=-57, z=-3566427} previousReturn=Block{antikytheramechanism:mechanism_frame}[connected_down=false,connected_east=false,connected_north=false,connected_south=false,connected_up=false,connected_west=false,empty=true,facing=north] actual=Block{antikytheramechanism:mechanism_frame}[connected_down=false,connected_east=false,connected_north=false,connected_south=false,connected_up=false,connected_west=true,empty=true,facing=north] destinationTransition=false receiver=1021463768 resolved=1021463768 sameChunk=true
[10:16:03] [Server thread/ERROR] [de.an.AntikytheraMechanism/]: [HOST-WRITE-DIAG] HEAD pos=BlockPos{x=-9064218, y=-57, z=-3566427} before=Block{minecraft:air} requested=Block{antikytheramechanism:mechanism_frame}[connected_down=false,connected_east=false,connected_north=false,connected_south=false,connected_up=false,connected_west=false,empty=true,facing=north] moving=false destinationTransition=false allowed=true receiver=1021463768 resolved=1021463768 sameChunk=true containing=ROOT
[10:16:03] [Server thread/WARN] [de.an.AntikytheraMechanism/]: [FREEZE-WATCHDOG] Armed 30s after Mechanism Frame placement at BlockPos{x=-9064218, y=-57, z=-3566427} in minecraft:overworld on thread Server thread (stall threshold=2000ms, generation=5)
[10:16:03] [Server thread/ERROR] [de.an.AntikytheraMechanism/]: [HOST-WRITE-DIAG] RETURN pos=BlockPos{x=-9064218, y=-57, z=-3566427} previousReturn=Block{minecraft:air} actual=Block{antikytheramechanism:mechanism_frame}[connected_down=false,connected_east=false,connected_north=false,connected_south=false,connected_up=false,connected_west=false,empty=true,facing=north] destinationTransition=false receiver=1021463768 resolved=1021463768 sameChunk=true
[10:16:03] [Server thread/ERROR] [de.an.AntikytheraMechanism/]: [HOST-WRITE-DIAG] HEAD pos=BlockPos{x=-9064219, y=-57, z=-3566427} before=Block{antikytheramechanism:mechanism_frame}[connected_down=false,connected_east=false,connected_north=false,connected_south=false,connected_up=false,connected_west=true,empty=true,facing=north] requested=Block{antikytheramechanism:mechanism_frame}[connected_down=false,connected_east=true,connected_north=false,connected_south=false,connected_up=false,connected_west=true,empty=true,facing=north] moving=false destinationTransition=false allowed=true receiver=1021463768 resolved=1021463768 sameChunk=true containing=ROOT
[10:16:03] [Server thread/ERROR] [de.an.AntikytheraMechanism/]: [HOST-WRITE-DIAG] RETURN pos=BlockPos{x=-9064219, y=-57, z=-3566427} previousReturn=Block{antikytheramechanism:mechanism_frame}[connected_down=false,connected_east=false,connected_north=false,connected_south=false,connected_up=false,connected_west=true,empty=true,facing=north] actual=Block{antikytheramechanism:mechanism_frame}[connected_down=false,connected_east=true,connected_north=false,connected_south=false,connected_up=false,connected_west=true,empty=true,facing=north] destinationTransition=false receiver=1021463768 resolved=1021463768 sameChunk=true
[10:16:03] [Server thread/ERROR] [de.an.AntikytheraMechanism/]: [HOST-WRITE-DIAG] HEAD pos=BlockPos{x=-9064218, y=-57, z=-3566427} before=Block{antikytheramechanism:mechanism_frame}[connected_down=false,connected_east=false,connected_north=false,connected_south=false,connected_up=false,connected_west=false,empty=true,facing=north] requested=Block{antikytheramechanism:mechanism_frame}[connected_down=false,connected_east=false,connected_north=false,connected_south=false,connected_up=false,connected_west=true,empty=true,facing=north] moving=false destinationTransition=false allowed=true receiver=1021463768 resolved=1021463768 sameChunk=true containing=ROOT
[10:16:03] [Server thread/ERROR] [de.an.AntikytheraMechanism/]: [HOST-WRITE-DIAG] RETURN pos=BlockPos{x=-9064218, y=-57, z=-3566427} previousReturn=Block{antikytheramechanism:mechanism_frame}[connected_down=false,connected_east=false,connected_north=false,connected_south=false,connected_up=false,connected_west=false,empty=true,facing=north] actual=Block{antikytheramechanism:mechanism_frame}[connected_down=false,connected_east=false,connected_north=false,connected_south=false,connected_up=false,connected_west=true,empty=true,facing=north] destinationTransition=false receiver=1021463768 resolved=1021463768 sameChunk=true
[10:16:03] [Server thread/DEBUG] [de.an.AntikytheraMechanism/]: Staged Sable SubLevel 82d27bb1-173d-41a9-9690-677ec7253aff for content in assembly acf3d2f2-7b23-4683-930c-f9f99afd7693
[10:16:03] [Server thread/DEBUG] [de.an.AntikytheraMechanism/]: Frame onRemove at BlockPos{x=-9064220, y=-57, z=-3566427} movedByPiston=false relocationJournal=false
[10:16:03] [Server thread/ERROR] [de.an.AntikytheraMechanism/]: Assembly lifecycle listener antikytheramechanism:gametest_origin_rebase_outbound_before rejected beforeAssemblyTransfer
[10:16:03] [Server thread/ERROR] [de.an.AntikytheraMechanism/]: Locked assembly acf3d2f2-7b23-4683-930c-f9f99afd7693 after stale-origin repair failed: staging the retained payload for origin rebase rolled back. Its existing assembly and physical payload were retained.
[10:16:03] [Server thread/ERROR] [de.an.AntikytheraMechanism/]: [HOST-WRITE-DIAG] HEAD pos=BlockPos{x=-9064219, y=-57, z=-3566427} before=Block{antikytheramechanism:mechanism_frame}[connected_down=false,connected_east=true,connected_north=false,connected_south=false,connected_up=false,connected_west=true,empty=true,facing=north] requested=Block{antikytheramechanism:mechanism_frame}[connected_down=false,connected_east=true,connected_north=false,connected_south=false,connected_up=false,connected_west=false,empty=true,facing=north] moving=false destinationTransition=false allowed=true receiver=1021463768 resolved=1021463768 sameChunk=true containing=ROOT
[10:16:03] [Server thread/ERROR] [de.an.AntikytheraMechanism/]: [HOST-WRITE-DIAG] RETURN pos=BlockPos{x=-9064219, y=-57, z=-3566427} previousReturn=Block{antikytheramechanism:mechanism_frame}[connected_down=false,connected_east=true,connected_north=false,connected_south=false,connected_up=false,connected_west=true,empty=true,facing=north] actual=Block{antikytheramechanism:mechanism_frame}[connected_down=false,connected_east=true,connected_north=false,connected_south=false,connected_up=false,connected_west=false,empty=true,facing=north] destinationTransition=false receiver=1021463768 resolved=1021463768 sameChunk=true
[10:16:03] [Server thread/DEBUG] [mixin/]: Mixing sculk_vibrations.EuclideanGameEventListenerRegistryMixin from sable.mixins.json into net.minecraft.world.level.gameevent.EuclideanGameEventListenerRegistry
[10:16:03] [Server thread/WARN] [de.an.AntikytheraMechanism/]: Managed Sable SubLevel 82d27bb1-173d-41a9-9690-677ec7253aff for assembly acf3d2f2-7b23-4683-930c-f9f99afd7693 was removed (REMOVED)
[10:16:03] [Server thread/ERROR] [de.an.AntikytheraMechanism/]: [HOST-WRITE-DIAG] HEAD pos=BlockPos{x=-9064145, y=-57, z=-3566428} before=Block{minecraft:air} requested=Block{antikytheramechanism:mechanism_frame}[connected_down=false,connected_east=false,connected_north=false,connected_south=false,connected_up=false,connected_west=false,empty=true,facing=north] moving=false destinationTransition=false allowed=true receiver=1604785539 resolved=1604785539 sameChunk=true containing=ROOT
[10:16:03] [Server thread/WARN] [de.an.AntikytheraMechanism/]: [FREEZE-WATCHDOG] Armed 30s after Mechanism Frame placement at BlockPos{x=-9064145, y=-57, z=-3566428} in minecraft:overworld on thread Server thread (stall threshold=2000ms, generation=6)
[10:16:03] [Server thread/ERROR] [de.an.AntikytheraMechanism/]: [HOST-WRITE-DIAG] RETURN pos=BlockPos{x=-9064145, y=-57, z=-3566428} previousReturn=Block{minecraft:air} actual=Block{antikytheramechanism:mechanism_frame}[connected_down=false,connected_east=false,connected_north=false,connected_south=false,connected_up=false,connected_west=false,empty=true,facing=north] destinationTransition=false receiver=1604785539 resolved=1604785539 sameChunk=true
[10:16:03] [Server thread/DEBUG] [de.an.AntikytheraMechanism/]: Staged Sable SubLevel 3b295cb7-73d9-41c3-bc1e-1b1fb3d27cc5 for content in assembly d52a5cfb-38f8-460c-b9aa-636f9ab13d25
[10:16:03] [Server thread/WARN] [de.an.AntikytheraMechanism/]: Managed Sable SubLevel 3b295cb7-73d9-41c3-bc1e-1b1fb3d27cc5 for assembly d52a5cfb-38f8-460c-b9aa-636f9ab13d25 was removed (REMOVED)
[10:16:03] [Server thread/ERROR] [de.an.AntikytheraMechanism/]: [HOST-WRITE-DIAG] HEAD pos=BlockPos{x=-9064072, y=-57, z=-3566427} before=Block{minecraft:air} requested=Block{antikytheramechanism:mechanism_frame}[connected_down=false,connected_east=false,connected_north=false,connected_south=false,connected_up=false,connected_west=false,empty=true,facing=north] moving=false destinationTransition=false allowed=true receiver=465386682 resolved=465386682 sameChunk=true containing=ROOT
[10:16:03] [Server thread/WARN] [de.an.AntikytheraMechanism/]: [FREEZE-WATCHDOG] Armed 30s after Mechanism Frame placement at BlockPos{x=-9064072, y=-57, z=-3566427} in minecraft:overworld on thread Server thread (stall threshold=2000ms, generation=7)
[10:16:03] [Server thread/ERROR] [de.an.AntikytheraMechanism/]: [HOST-WRITE-DIAG] RETURN pos=BlockPos{x=-9064072, y=-57, z=-3566427} previousReturn=Block{minecraft:air} actual=Block{antikytheramechanism:mechanism_frame}[connected_down=false,connected_east=false,connected_north=false,connected_south=false,connected_up=false,connected_west=false,empty=true,facing=north] destinationTransition=false receiver=465386682 resolved=465386682 sameChunk=true
[10:16:03] [Server thread/ERROR] [de.an.AntikytheraMechanism/]: [HOST-WRITE-DIAG] HEAD pos=BlockPos{x=-9064071, y=-57, z=-3566427} before=Block{minecraft:air} requested=Block{antikytheramechanism:mechanism_frame}[connected_down=false,connected_east=false,connected_north=false,connected_south=false,connected_up=false,connected_west=false,empty=true,facing=north] moving=false destinationTransition=false allowed=true receiver=465386682 resolved=465386682 sameChunk=true containing=ROOT
[10:16:03] [Server thread/WARN] [de.an.AntikytheraMechanism/]: [FREEZE-WATCHDOG] Armed 30s after Mechanism Frame placement at BlockPos{x=-9064071, y=-57, z=-3566427} in minecraft:overworld on thread Server thread (stall threshold=2000ms, generation=8)
[10:16:03] [Server thread/ERROR] [de.an.AntikytheraMechanism/]: [HOST-WRITE-DIAG] RETURN pos=BlockPos{x=-9064071, y=-57, z=-3566427} previousReturn=Block{minecraft:air} actual=Block{antikytheramechanism:mechanism_frame}[connected_down=false,connected_east=false,connected_north=false,connected_south=false,connected_up=false,connected_west=false,empty=true,facing=north] destinationTransition=false receiver=465386682 resolved=465386682 sameChunk=true
[10:16:03] [Server thread/ERROR] [de.an.AntikytheraMechanism/]: [HOST-WRITE-DIAG] HEAD pos=BlockPos{x=-9064072, y=-57, z=-3566427} before=Block{antikytheramechanism:mechanism_frame}[connected_down=false,connected_east=false,connected_north=false,connected_south=false,connected_up=false,connected_west=false,empty=true,facing=north] requested=Block{antikytheramechanism:mechanism_frame}[connected_down=false,connected_east=true,connected_north=false,connected_south=false,connected_up=false,connected_west=false,empty=true,facing=north] moving=false destinationTransition=false allowed=true receiver=465386682 resolved=465386682 sameChunk=true containing=ROOT
[10:16:03] [Server thread/ERROR] [de.an.AntikytheraMechanism/]: [HOST-WRITE-DIAG] RETURN pos=BlockPos{x=-9064072, y=-57, z=-3566427} previousReturn=Block{antikytheramechanism:mechanism_frame}[connected_down=false,connected_east=false,connected_north=false,connected_south=false,connected_up=false,connected_west=false,empty=true,facing=north] actual=Block{antikytheramechanism:mechanism_frame}[connected_down=false,connected_east=true,connected_north=false,connected_south=false,connected_up=false,connected_west=false,empty=true,facing=north] destinationTransition=false receiver=465386682 resolved=465386682 sameChunk=true
[10:16:03] [Server thread/ERROR] [de.an.AntikytheraMechanism/]: [HOST-WRITE-DIAG] HEAD pos=BlockPos{x=-9064071, y=-57, z=-3566427} before=Block{antikytheramechanism:mechanism_frame}[connected_down=false,connected_east=false,connected_north=false,connected_south=false,connected_up=false,connected_west=false,empty=true,facing=north] requested=Block{antikytheramechanism:mechanism_frame}[connected_down=false,connected_east=false,connected_north=false,connected_south=false,connected_up=false,connected_west=true,empty=true,facing=north] moving=false destinationTransition=false allowed=true receiver=465386682 resolved=465386682 sameChunk=true containing=ROOT
[10:16:03] [Server thread/ERROR] [de.an.AntikytheraMechanism/]: [HOST-WRITE-DIAG] RETURN pos=BlockPos{x=-9064071, y=-57, z=-3566427} previousReturn=Block{antikytheramechanism:mechanism_frame}[connected_down=false,connected_east=false,connected_north=false,connected_south=false,connected_up=false,connected_west=false,empty=true,facing=north] actual=Block{antikytheramechanism:mechanism_frame}[connected_down=false,connected_east=false,connected_north=false,connected_south=false,connected_up=false,connected_west=true,empty=true,facing=north] destinationTransition=false receiver=465386682 resolved=465386682 sameChunk=true
[10:16:03] [Server thread/ERROR] [de.an.AntikytheraMechanism/]: [HOST-WRITE-DIAG] HEAD pos=BlockPos{x=-9064070, y=-57, z=-3566427} before=Block{minecraft:air} requested=Block{antikytheramechanism:mechanism_frame}[connected_down=false,connected_east=false,connected_north=false,connected_south=false,connected_up=false,connected_west=false,empty=true,facing=north] moving=false destinationTransition=false allowed=true receiver=465386682 resolved=465386682 sameChunk=true containing=ROOT
[10:16:03] [Server thread/WARN] [de.an.AntikytheraMechanism/]: [FREEZE-WATCHDOG] Armed 30s after Mechanism Frame placement at BlockPos{x=-9064070, y=-57, z=-3566427} in minecraft:overworld on thread Server thread (stall threshold=2000ms, generation=9)
[10:16:03] [Server thread/ERROR] [de.an.AntikytheraMechanism/]: [HOST-WRITE-DIAG] RETURN pos=BlockPos{x=-9064070, y=-57, z=-3566427} previousReturn=Block{minecraft:air} actual=Block{antikytheramechanism:mechanism_frame}[connected_down=false,connected_east=false,connected_north=false,connected_south=false,connected_up=false,connected_west=false,empty=true,facing=north] destinationTransition=false receiver=465386682 resolved=465386682 sameChunk=true
[10:16:03] [Server thread/ERROR] [de.an.AntikytheraMechanism/]: [HOST-WRITE-DIAG] HEAD pos=BlockPos{x=-9064071, y=-57, z=-3566427} before=Block{antikytheramechanism:mechanism_frame}[connected_down=false,connected_east=false,connected_north=false,connected_south=false,connected_up=false,connected_west=true,empty=true,facing=north] requested=Block{antikytheramechanism:mechanism_frame}[connected_down=false,connected_east=true,connected_north=false,connected_south=false,connected_up=false,connected_west=true,empty=true,facing=north] moving=false destinationTransition=false allowed=true receiver=465386682 resolved=465386682 sameChunk=true containing=ROOT
[10:16:03] [Server thread/ERROR] [de.an.AntikytheraMechanism/]: [HOST-WRITE-DIAG] RETURN pos=BlockPos{x=-9064071, y=-57, z=-3566427} previousReturn=Block{antikytheramechanism:mechanism_frame}[connected_down=false,connected_east=false,connected_north=false,connected_south=false,connected_up=false,connected_west=true,empty=true,facing=north] actual=Block{antikytheramechanism:mechanism_frame}[connected_down=false,connected_east=true,connected_north=false,connected_south=false,connected_up=false,connected_west=true,empty=true,facing=north] destinationTransition=false receiver=465386682 resolved=465386682 sameChunk=true
[10:16:03] [Server thread/ERROR] [de.an.AntikytheraMechanism/]: [HOST-WRITE-DIAG] HEAD pos=BlockPos{x=-9064070, y=-57, z=-3566427} before=Block{antikytheramechanism:mechanism_frame}[connected_down=false,connected_east=false,connected_north=false,connected_south=false,connected_up=false,connected_west=false,empty=true,facing=north] requested=Block{antikytheramechanism:mechanism_frame}[connected_down=false,connected_east=false,connected_north=false,connected_south=false,connected_up=false,connected_west=true,empty=true,facing=north] moving=false destinationTransition=false allowed=true receiver=465386682 resolved=465386682 sameChunk=true containing=ROOT
[10:16:03] [Server thread/ERROR] [de.an.AntikytheraMechanism/]: [HOST-WRITE-DIAG] RETURN pos=BlockPos{x=-9064070, y=-57, z=-3566427} previousReturn=Block{antikytheramechanism:mechanism_frame}[connected_down=false,connected_east=false,connected_north=false,connected_south=false,connected_up=false,connected_west=false,empty=true,facing=north] actual=Block{antikytheramechanism:mechanism_frame}[connected_down=false,connected_east=false,connected_north=false,connected_south=false,connected_up=false,connected_west=true,empty=true,facing=north] destinationTransition=false receiver=465386682 resolved=465386682 sameChunk=true
[10:16:03] [Server thread/DEBUG] [de.an.AntikytheraMechanism/]: Staged Sable SubLevel 113c9fe7-4892-415c-b959-6c40c800cbce for content in assembly 4bf043f1-d4c2-441a-8158-6dc6ec05a8a6
[10:16:03] [Server thread/DEBUG] [de.an.AntikytheraMechanism/]: Frame onRemove at BlockPos{x=-9064072, y=-57, z=-3566427} movedByPiston=false relocationJournal=false
[10:16:03] [Server thread/DEBUG] [de.an.AntikytheraMechanism/]: Staged Sable SubLevel f2164125-ca94-4b62-bc55-8cc5fdb27d50 for content in assembly 9d394bde-7bb4-4603-8d12-4401664a4a21
[10:16:03] [Server thread/DEBUG] [mixin/]: Mixing SubLevelAssemblyHelperScaleMixin from sablescale.mixins.json into dev.ryanhcode.sable.api.SubLevelAssemblyHelper
[10:16:03] [Server thread/DEBUG] [mixin/]: Mixing SubLevelAssemblyMoveContextMixin from antikytheramechanism.mixins.json into dev.ryanhcode.sable.api.SubLevelAssemblyHelper
[10:16:03] [Server thread/ERROR] [de.an.AntikytheraMechanism/]: Assembly lifecycle listener antikytheramechanism:gametest_origin_rebase_outbound_rolled_back rejected afterAssemblyTransfer
[10:16:03] [Server thread/WARN] [de.an.AntikytheraMechanism/]: Managed Sable SubLevel f2164125-ca94-4b62-bc55-8cc5fdb27d50 for assembly 9d394bde-7bb4-4603-8d12-4401664a4a21 was removed (REMOVED)
[10:16:03] [Server thread/ERROR] [de.an.AntikytheraMechanism/]: Locked assembly 4bf043f1-d4c2-441a-8158-6dc6ec05a8a6 after stale-origin repair failed: staging the retained payload for origin rebase rolled back. Its existing assembly and physical payload were retained.
[10:16:03] [Server thread/ERROR] [de.an.AntikytheraMechanism/]: [HOST-WRITE-DIAG] HEAD pos=BlockPos{x=-9064071, y=-57, z=-3566427} before=Block{antikytheramechanism:mechanism_frame}[connected_down=false,connected_east=true,connected_north=false,connected_south=false,connected_up=false,connected_west=true,empty=true,facing=north] requested=Block{antikytheramechanism:mechanism_frame}[connected_down=false,connected_east=true,connected_north=false,connected_south=false,connected_up=false,connected_west=false,empty=true,facing=north] moving=false destinationTransition=false allowed=true receiver=465386682 resolved=465386682 sameChunk=true containing=ROOT
[10:16:03] [Server thread/ERROR] [de.an.AntikytheraMechanism/]: [HOST-WRITE-DIAG] RETURN pos=BlockPos{x=-9064071, y=-57, z=-3566427} previousReturn=Block{antikytheramechanism:mechanism_frame}[connected_down=false,connected_east=true,connected_north=false,connected_south=false,connected_up=false,connected_west=true,empty=true,facing=north] actual=Block{antikytheramechanism:mechanism_frame}[connected_down=false,connected_east=true,connected_north=false,connected_south=false,connected_up=false,connected_west=false,empty=true,facing=north] destinationTransition=false receiver=465386682 resolved=465386682 sameChunk=true
[10:16:03] [Server thread/WARN] [de.an.AntikytheraMechanism/]: Managed Sable SubLevel 113c9fe7-4892-415c-b959-6c40c800cbce for assembly 4bf043f1-d4c2-441a-8158-6dc6ec05a8a6 was removed (REMOVED)
[10:16:03] [Server thread/ERROR] [de.an.AntikytheraMechanism/]: [HOST-WRITE-DIAG] HEAD pos=BlockPos{x=-9064035, y=-57, z=-3566429} before=Block{minecraft:air} requested=Block{antikytheramechanism:mechanism_frame}[connected_down=false,connected_east=false,connected_north=false,connected_south=false,connected_up=false,connected_west=false,empty=true,facing=north] moving=false destinationTransition=false allowed=true receiver=920541889 resolved=920541889 sameChunk=true containing=ROOT
[10:16:03] [Server thread/WARN] [de.an.AntikytheraMechanism/]: [FREEZE-WATCHDOG] Armed 30s after Mechanism Frame placement at BlockPos{x=-9064035, y=-57, z=-3566429} in minecraft:overworld on thread Server thread (stall threshold=2000ms, generation=10)
[10:16:03] [Server thread/ERROR] [de.an.AntikytheraMechanism/]: [HOST-WRITE-DIAG] RETURN pos=BlockPos{x=-9064035, y=-57, z=-3566429} previousReturn=Block{minecraft:air} actual=Block{antikytheramechanism:mechanism_frame}[connected_down=false,connected_east=false,connected_north=false,connected_south=false,connected_up=false,connected_west=false,empty=true,facing=north] destinationTransition=false receiver=920541889 resolved=920541889 sameChunk=true
[10:16:03] [Server thread/DEBUG] [de.an.AntikytheraMechanism/]: Staged Sable SubLevel 002a2b81-f534-4251-9757-da15ae218853 for content in assembly 7e804271-6fac-44ef-80b2-751ddba952d5
[10:16:03] [Server thread/ERROR] [de.an.AntikytheraMechanism/]: [HOST-WRITE-DIAG] HEAD pos=BlockPos{x=-9064035, y=-57, z=-3566429} before=Block{antikytheramechanism:mechanism_frame}[connected_down=false,connected_east=false,connected_north=false,connected_south=false,connected_up=false,connected_west=false,empty=true,facing=north] requested=Block{antikytheramechanism:mechanism_frame}[connected_down=false,connected_east=false,connected_north=false,connected_south=false,connected_up=false,connected_west=false,empty=false,facing=north] moving=false destinationTransition=false allowed=true receiver=920541889 resolved=920541889 sameChunk=true containing=ROOT
[10:16:03] [Server thread/ERROR] [de.an.AntikytheraMechanism/]: [HOST-WRITE-DIAG] RETURN pos=BlockPos{x=-9064035, y=-57, z=-3566429} previousReturn=Block{antikytheramechanism:mechanism_frame}[connected_down=false,connected_east=false,connected_north=false,connected_south=false,connected_up=false,connected_west=false,empty=true,facing=north] actual=Block{antikytheramechanism:mechanism_frame}[connected_down=false,connected_east=false,connected_north=false,connected_south=false,connected_up=false,connected_west=false,empty=false,facing=north] destinationTransition=false receiver=920541889 resolved=920541889 sameChunk=true
[10:16:03] [Server thread/ERROR] [de.an.AntikytheraMechanism/]: [HOST-WRITE-DIAG] HEAD pos=BlockPos{x=20481032, y=128, z=20483080} before=Block{minecraft:air} requested=Block{antikytheramechanism:mechanism_frame}[connected_down=false,connected_east=false,connected_north=false,connected_south=false,connected_up=false,connected_west=false,empty=false,facing=north] moving=true destinationTransition=true allowed=true receiver=704011157 resolved=704011157 sameChunk=true containing=535a80cf-1e9d-4bf4-b158-2ee47a66fb72
[10:16:03] [Server thread/ERROR] [de.an.AntikytheraMechanism/]: [HOST-WRITE-DIAG] RETURN pos=BlockPos{x=20481032, y=128, z=20483080} previousReturn=Block{minecraft:air} actual=Block{antikytheramechanism:mechanism_frame}[connected_down=false,connected_east=false,connected_north=false,connected_south=false,connected_up=false,connected_west=false,empty=false,facing=north] destinationTransition=true receiver=704011157 resolved=704011157 sameChunk=true
[10:16:03] [Server thread/DEBUG] [de.an.AntikytheraMechanism/]: Frame onRemove at BlockPos{x=-9064035, y=-57, z=-3566429} movedByPiston=true relocationJournal=true
[10:16:03] [Server thread/DEBUG] [de.an.AntikytheraMechanism/]: Adopted complete Sable relocation for assembly 7e804271-6fac-44ef-80b2-751ddba952d5 by BlockPos{x=29545067, y=185, z=24049509} into host FOREIGN
[10:16:03] [Server thread/ERROR] [de.an.AntikytheraMechanism/]: [HOST-WRITE-DIAG] HEAD pos=BlockPos{x=-9064035, y=-57, z=-3566429} before=Block{minecraft:air} requested=Block{antikytheramechanism:mechanism_frame}[connected_down=false,connected_east=false,connected_north=false,connected_south=false,connected_up=false,connected_west=false,empty=false,facing=north] moving=true destinationTransition=true allowed=true receiver=920541889 resolved=920541889 sameChunk=true containing=ROOT
[10:16:03] [Server thread/ERROR] [de.an.AntikytheraMechanism/]: [HOST-WRITE-DIAG] RETURN pos=BlockPos{x=-9064035, y=-57, z=-3566429} previousReturn=Block{minecraft:air} actual=Block{antikytheramechanism:mechanism_frame}[connected_down=false,connected_east=false,connected_north=false,connected_south=false,connected_up=false,connected_west=false,empty=false,facing=north] destinationTransition=true receiver=920541889 resolved=920541889 sameChunk=true
[10:16:03] [Server thread/DEBUG] [mixin/]: Mixing entity.entity_tracking.TrackedEntityMixin from sable.mixins.json into net.minecraft.server.level.ChunkMap$TrackedEntity
[10:16:03] [Server thread/DEBUG] [mixin/]: Mixing entity.entities_stick_sublevels.ServerEntityMixin from sable.mixins.json into net.minecraft.server.level.ServerEntity
[10:16:03] [Server thread/DEBUG] [mixin/]: Mixing entity.entity_rotations_and_riding.ServerEntityMixin from sable.mixins.json into net.minecraft.server.level.ServerEntity
[10:16:03] [Server thread/DEBUG] [mixin/]: sable.mixins.json:entity.entities_stick_sublevels.ServerEntityMixin from mod sable->@Inject::sable$pre(Lorg/spongepowered/asm/mixin/injection/callback/CallbackInfo;)V doesn't use it's CallbackInfo
[10:16:03] [Server thread/DEBUG] [mixin/]: sable.mixins.json:entity.entities_stick_sublevels.ServerEntityMixin from mod sable->@Inject::sable$pre(Lorg/spongepowered/asm/mixin/injection/callback/CallbackInfo;)V has 0 override(s) in child classes
[10:16:03] [Server thread/DEBUG] [mixin/]: sable.mixins.json:entity.entities_stick_sublevels.ServerEntityMixin from mod sable->@Inject::sable$pre(Lorg/spongepowered/asm/mixin/injection/callback/CallbackInfo;)V won't be passed a CallbackInfo as a result
[10:16:03] [Server thread/DEBUG] [mixin/]: sable.mixins.json:entity.entities_stick_sublevels.ServerEntityMixin from mod sable->@Inject::sable$pre(Lorg/spongepowered/asm/mixin/injection/callback/CallbackInfo;)V doesn't use it's CallbackInfo
[10:16:03] [Server thread/DEBUG] [mixin/]: sable.mixins.json:entity.entities_stick_sublevels.ServerEntityMixin from mod sable->@Inject::sable$pre(Lorg/spongepowered/asm/mixin/injection/callback/CallbackInfo;)V has 0 override(s) in child classes
[10:16:03] [Server thread/DEBUG] [mixin/]: sable.mixins.json:entity.entities_stick_sublevels.ServerEntityMixin from mod sable->@Inject::sable$pre(Lorg/spongepowered/asm/mixin/injection/callback/CallbackInfo;)V won't be passed a CallbackInfo as a result
[10:16:03] [Server thread/DEBUG] [mixin/]: sable.mixins.json:entity.entities_stick_sublevels.ServerEntityMixin from mod sable->@Inject::sable$postTransform(Lorg/spongepowered/asm/mixin/injection/callback/CallbackInfo;)V doesn't use it's CallbackInfo
[10:16:03] [Server thread/DEBUG] [mixin/]: sable.mixins.json:entity.entities_stick_sublevels.ServerEntityMixin from mod sable->@Inject::sable$postTransform(Lorg/spongepowered/asm/mixin/injection/callback/CallbackInfo;)V has 0 override(s) in child classes
[10:16:03] [Server thread/DEBUG] [mixin/]: sable.mixins.json:entity.entities_stick_sublevels.ServerEntityMixin from mod sable->@Inject::sable$postTransform(Lorg/spongepowered/asm/mixin/injection/callback/CallbackInfo;)V won't be passed a CallbackInfo as a result
[10:16:03] [Server thread/DEBUG] [mixin/]: sable.mixins.json:entity.entity_rotations_and_riding.ServerEntityMixin from mod sable->@Inject::sable$beforeSendChanges(Lorg/spongepowered/asm/mixin/injection/callback/CallbackInfo;)V doesn't use it's CallbackInfo
[10:16:03] [Server thread/DEBUG] [mixin/]: sable.mixins.json:entity.entity_rotations_and_riding.ServerEntityMixin from mod sable->@Inject::sable$beforeSendChanges(Lorg/spongepowered/asm/mixin/injection/callback/CallbackInfo;)V has 0 override(s) in child classes
[10:16:03] [Server thread/DEBUG] [mixin/]: sable.mixins.json:entity.entity_rotations_and_riding.ServerEntityMixin from mod sable->@Inject::sable$beforeSendChanges(Lorg/spongepowered/asm/mixin/injection/callback/CallbackInfo;)V won't be passed a CallbackInfo as a result
[10:16:03] [Server thread/DEBUG] [mixin/]: sable.mixins.json:entity.entity_rotations_and_riding.ServerEntityMixin from mod sable->@Inject::sable$beforeSendChanges(Lorg/spongepowered/asm/mixin/injection/callback/CallbackInfo;)V doesn't use it's CallbackInfo
[10:16:03] [Server thread/DEBUG] [mixin/]: sable.mixins.json:entity.entity_rotations_and_riding.ServerEntityMixin from mod sable->@Inject::sable$beforeSendChanges(Lorg/spongepowered/asm/mixin/injection/callback/CallbackInfo;)V has 0 override(s) in child classes
[10:16:03] [Server thread/DEBUG] [mixin/]: sable.mixins.json:entity.entity_rotations_and_riding.ServerEntityMixin from mod sable->@Inject::sable$beforeSendChanges(Lorg/spongepowered/asm/mixin/injection/callback/CallbackInfo;)V won't be passed a CallbackInfo as a result
[10:16:03] [Server thread/DEBUG] [mixin/]: sable.mixins.json:entity.entity_rotations_and_riding.ServerEntityMixin from mod sable->@Inject::sable$beforeSendChanges(Lorg/spongepowered/asm/mixin/injection/callback/CallbackInfo;)V doesn't use it's CallbackInfo
[10:16:03] [Server thread/DEBUG] [mixin/]: sable.mixins.json:entity.entity_rotations_and_riding.ServerEntityMixin from mod sable->@Inject::sable$beforeSendChanges(Lorg/spongepowered/asm/mixin/injection/callback/CallbackInfo;)V has 0 override(s) in child classes
[10:16:03] [Server thread/DEBUG] [mixin/]: sable.mixins.json:entity.entity_rotations_and_riding.ServerEntityMixin from mod sable->@Inject::sable$beforeSendChanges(Lorg/spongepowered/asm/mixin/injection/callback/CallbackInfo;)V won't be passed a CallbackInfo as a result
[10:16:03] [Server thread/DEBUG] [mixin/]: sable.mixins.json:entity.entity_rotations_and_riding.ServerEntityMixin from mod sable->@Inject::sable$beforeSendChanges(Lorg/spongepowered/asm/mixin/injection/callback/CallbackInfo;)V doesn't use it's CallbackInfo
[10:16:03] [Server thread/DEBUG] [mixin/]: sable.mixins.json:entity.entity_rotations_and_riding.ServerEntityMixin from mod sable->@Inject::sable$beforeSendChanges(Lorg/spongepowered/asm/mixin/injection/callback/CallbackInfo;)V has 0 override(s) in child classes
[10:16:03] [Server thread/DEBUG] [mixin/]: sable.mixins.json:entity.entity_rotations_and_riding.ServerEntityMixin from mod sable->@Inject::sable$beforeSendChanges(Lorg/spongepowered/asm/mixin/injection/callback/CallbackInfo;)V won't be passed a CallbackInfo as a result
[10:16:03] [Server thread/DEBUG] [mixin/]: sable.mixins.json:entity.entity_rotations_and_riding.ServerEntityMixin from mod sable->@Inject::sable$beforeSendChanges(Lorg/spongepowered/asm/mixin/injection/callback/CallbackInfo;)V doesn't use it's CallbackInfo
[10:16:03] [Server thread/DEBUG] [mixin/]: sable.mixins.json:entity.entity_rotations_and_riding.ServerEntityMixin from mod sable->@Inject::sable$beforeSendChanges(Lorg/spongepowered/asm/mixin/injection/callback/CallbackInfo;)V has 0 override(s) in child classes
[10:16:03] [Server thread/DEBUG] [mixin/]: sable.mixins.json:entity.entity_rotations_and_riding.ServerEntityMixin from mod sable->@Inject::sable$beforeSendChanges(Lorg/spongepowered/asm/mixin/injection/callback/CallbackInfo;)V won't be passed a CallbackInfo as a result
[10:16:03] [Server thread/DEBUG] [mixin/]: sable.mixins.json:entity.entity_rotations_and_riding.ServerEntityMixin from mod sable->@Inject::sable$beforeSendChanges(Lorg/spongepowered/asm/mixin/injection/callback/CallbackInfo;)V doesn't use it's CallbackInfo
[10:16:03] [Server thread/DEBUG] [mixin/]: sable.mixins.json:entity.entity_rotations_and_riding.ServerEntityMixin from mod sable->@Inject::sable$beforeSendChanges(Lorg/spongepowered/asm/mixin/injection/callback/CallbackInfo;)V has 0 override(s) in child classes
[10:16:03] [Server thread/DEBUG] [mixin/]: sable.mixins.json:entity.entity_rotations_and_riding.ServerEntityMixin from mod sable->@Inject::sable$beforeSendChanges(Lorg/spongepowered/asm/mixin/injection/callback/CallbackInfo;)V won't be passed a CallbackInfo as a result
[10:16:03] [Server thread/DEBUG] [de.an.AntikytheraMechanism/]: Frame onRemove at BlockPos{x=20481032, y=128, z=20483080} movedByPiston=true relocationJournal=true
[10:16:03] [Server thread/DEBUG] [de.an.AntikytheraMechanism/]: Adopted complete Sable relocation for assembly 7e804271-6fac-44ef-80b2-751ddba952d5 by BlockPos{x=-29545067, y=-185, z=-24049509} into host ROOT
[10:16:03] [Server thread/WARN] [de.an.AntikytheraMechanism/]: Managed Sable SubLevel 002a2b81-f534-4251-9757-da15ae218853 for assembly 7e804271-6fac-44ef-80b2-751ddba952d5 was removed (REMOVED)
[10:16:03] [Server thread/DEBUG] [de.an.AntikytheraMechanism/]: Marked Sable SubLevel 3071aafe-300f-40a5-9df7-70d2413c9e09 as detached Antikythera half-scale physics body
[10:16:03] [Server thread/WARN] [de.an.AntikytheraMechanism/]: Rejected Sable mixed-scale assembly before move: detached Antikythera 0.5 content was selected with incompatible block BlockPos{x=-9064217, y=-57, z=-3566404} in root world
[10:16:03] [Server thread/ERROR] [de.an.AntikytheraMechanism/]: [HOST-WRITE-DIAG] HEAD pos=BlockPos{x=-9064184, y=-58, z=-3566408} before=Block{minecraft:air} requested=Block{antikytheramechanism:mechanism_frame}[connected_down=false,connected_east=false,connected_north=false,connected_south=false,connected_up=false,connected_west=false,empty=true,facing=west] moving=false destinationTransition=false allowed=true receiver=1736568702 resolved=1736568702 sameChunk=true containing=ROOT
[10:16:03] [Server thread/WARN] [de.an.AntikytheraMechanism/]: [FREEZE-WATCHDOG] Armed 30s after Mechanism Frame placement at BlockPos{x=-9064184, y=-58, z=-3566408} in minecraft:overworld on thread Server thread (stall threshold=2000ms, generation=11)
[10:16:03] [Server thread/ERROR] [de.an.AntikytheraMechanism/]: [HOST-WRITE-DIAG] RETURN pos=BlockPos{x=-9064184, y=-58, z=-3566408} previousReturn=Block{minecraft:air} actual=Block{antikytheramechanism:mechanism_frame}[connected_down=false,connected_east=false,connected_north=false,connected_south=false,connected_up=false,connected_west=false,empty=true,facing=west] destinationTransition=false receiver=1736568702 resolved=1736568702 sameChunk=true
[10:16:03] [Server thread/ERROR] [de.an.AntikytheraMechanism/]: [HOST-WRITE-DIAG] HEAD pos=BlockPos{x=-9064184, y=-58, z=-3566407} before=Block{minecraft:air} requested=Block{antikytheramechanism:mechanism_frame}[connected_down=false,connected_east=false,connected_north=false,connected_south=false,connected_up=false,connected_west=false,empty=true,facing=west] moving=false destinationTransition=false allowed=true receiver=1736568702 resolved=1736568702 sameChunk=true containing=ROOT
[10:16:03] [Server thread/WARN] [de.an.AntikytheraMechanism/]: [FREEZE-WATCHDOG] Armed 30s after Mechanism Frame placement at BlockPos{x=-9064184, y=-58, z=-3566407} in minecraft:overworld on thread Server thread (stall threshold=2000ms, generation=12)
[10:16:03] [Server thread/ERROR] [de.an.AntikytheraMechanism/]: [HOST-WRITE-DIAG] RETURN pos=BlockPos{x=-9064184, y=-58, z=-3566407} previousReturn=Block{minecraft:air} actual=Block{antikytheramechanism:mechanism_frame}[connected_down=false,connected_east=false,connected_north=false,connected_south=false,connected_up=false,connected_west=false,empty=true,facing=west] destinationTransition=false receiver=1736568702 resolved=1736568702 sameChunk=true
[10:16:03] [Server thread/ERROR] [de.an.AntikytheraMechanism/]: [HOST-WRITE-DIAG] HEAD pos=BlockPos{x=-9064184, y=-58, z=-3566408} before=Block{antikytheramechanism:mechanism_frame}[connected_down=false,connected_east=false,connected_north=false,connected_south=false,connected_up=false,connected_west=false,empty=true,facing=west] requested=Block{antikytheramechanism:mechanism_frame}[connected_down=false,connected_east=false,connected_north=false,connected_south=true,connected_up=false,connected_west=false,empty=true,facing=west] moving=false destinationTransition=false allowed=true receiver=1736568702 resolved=1736568702 sameChunk=true containing=ROOT
[10:16:03] [Server thread/ERROR] [de.an.AntikytheraMechanism/]: [HOST-WRITE-DIAG] RETURN pos=BlockPos{x=-9064184, y=-58, z=-3566408} previousReturn=Block{antikytheramechanism:mechanism_frame}[connected_down=false,connected_east=false,connected_north=false,connected_south=false,connected_up=false,connected_west=false,empty=true,facing=west] actual=Block{antikytheramechanism:mechanism_frame}[connected_down=false,connected_east=false,connected_north=false,connected_south=true,connected_up=false,connected_west=false,empty=true,facing=west] destinationTransition=false receiver=1736568702 resolved=1736568702 sameChunk=true
[10:16:03] [Server thread/ERROR] [de.an.AntikytheraMechanism/]: [HOST-WRITE-DIAG] HEAD pos=BlockPos{x=-9064184, y=-58, z=-3566407} before=Block{antikytheramechanism:mechanism_frame}[connected_down=false,connected_east=false,connected_north=false,connected_south=false,connected_up=false,connected_west=false,empty=true,facing=west] requested=Block{antikytheramechanism:mechanism_frame}[connected_down=false,connected_east=false,connected_north=true,connected_south=false,connected_up=false,connected_west=false,empty=true,facing=west] moving=false destinationTransition=false allowed=true receiver=1736568702 resolved=1736568702 sameChunk=true containing=ROOT
[10:16:03] [Server thread/ERROR] [de.an.AntikytheraMechanism/]: [HOST-WRITE-DIAG] RETURN pos=BlockPos{x=-9064184, y=-58, z=-3566407} previousReturn=Block{antikytheramechanism:mechanism_frame}[connected_down=false,connected_east=false,connected_north=false,connected_south=false,connected_up=false,connected_west=false,empty=true,facing=west] actual=Block{antikytheramechanism:mechanism_frame}[connected_down=false,connected_east=false,connected_north=true,connected_south=false,connected_up=false,connected_west=false,empty=true,facing=west] destinationTransition=false receiver=1736568702 resolved=1736568702 sameChunk=true
[10:16:03] [Server thread/ERROR] [de.an.AntikytheraMechanism/]: [HOST-WRITE-DIAG] HEAD pos=BlockPos{x=-9064147, y=-58, z=-3566408} before=Block{minecraft:air} requested=Block{antikytheramechanism:mechanism_frame}[connected_down=false,connected_east=false,connected_north=false,connected_south=false,connected_up=false,connected_west=false,empty=true,facing=north] moving=false destinationTransition=false allowed=true receiver=2084695077 resolved=2084695077 sameChunk=true containing=ROOT
[10:16:03] [Server thread/WARN] [de.an.AntikytheraMechanism/]: [FREEZE-WATCHDOG] Armed 30s after Mechanism Frame placement at BlockPos{x=-9064147, y=-58, z=-3566408} in minecraft:overworld on thread Server thread (stall threshold=2000ms, generation=13)
[10:16:03] [Server thread/ERROR] [de.an.AntikytheraMechanism/]: [HOST-WRITE-DIAG] RETURN pos=BlockPos{x=-9064147, y=-58, z=-3566408} previousReturn=Block{minecraft:air} actual=Block{antikytheramechanism:mechanism_frame}[connected_down=false,connected_east=false,connected_north=false,connected_south=false,connected_up=false,connected_west=false,empty=true,facing=north] destinationTransition=false receiver=2084695077 resolved=2084695077 sameChunk=true
[10:16:03] [Server thread/ERROR] [de.an.AntikytheraMechanism/]: [HOST-WRITE-DIAG] HEAD pos=BlockPos{x=-9064147, y=-57, z=-3566407} before=Block{minecraft:air} requested=Block{antikytheramechanism:mechanism_frame}[connected_down=false,connected_east=false,connected_north=false,connected_south=false,connected_up=false,connected_west=false,empty=true,facing=north] moving=false destinationTransition=false allowed=true receiver=2084695077 resolved=2084695077 sameChunk=true containing=ROOT
[10:16:03] [Server thread/WARN] [de.an.AntikytheraMechanism/]: [FREEZE-WATCHDOG] Armed 30s after Mechanism Frame placement at BlockPos{x=-9064147, y=-57, z=-3566407} in minecraft:overworld on thread Server thread (stall threshold=2000ms, generation=14)
[10:16:03] [Server thread/ERROR] [de.an.AntikytheraMechanism/]: [HOST-WRITE-DIAG] RETURN pos=BlockPos{x=-9064147, y=-57, z=-3566407} previousReturn=Block{minecraft:air} actual=Block{antikytheramechanism:mechanism_frame}[connected_down=false,connected_east=false,connected_north=false,connected_south=false,connected_up=false,connected_west=false,empty=true,facing=north] destinationTransition=false receiver=2084695077 resolved=2084695077 sameChunk=true
[10:16:03] [Server thread/DEBUG] [de.an.AntikytheraMechanism/]: Staged Sable SubLevel 359a55f5-bdbb-489e-93df-8cd63b176756 for content in assembly f78e3050-6ade-4b0e-8fcd-9ed9a3a368af
[10:16:03] [Server thread/DEBUG] [de.an.AntikytheraMechanism/]: Staged Sable SubLevel f86190df-9b37-4008-aeb6-fe08a5c74007 for content in assembly d1194704-7787-4c6e-b991-77963405a2bb
[10:16:03] [Server thread/WARN] [de.an.AntikytheraMechanism/]: Managed Sable SubLevel 359a55f5-bdbb-489e-93df-8cd63b176756 for assembly f78e3050-6ade-4b0e-8fcd-9ed9a3a368af was removed (REMOVED)
[10:16:03] [Server thread/ERROR] [de.an.AntikytheraMechanism/]: [HOST-WRITE-DIAG] HEAD pos=BlockPos{x=-9064108, y=-57, z=-3566406} before=Block{minecraft:air} requested=Block{antikytheramechanism:mechanism_frame}[connected_down=false,connected_east=false,connected_north=false,connected_south=false,connected_up=false,connected_west=false,empty=true,facing=west] moving=false destinationTransition=false allowed=true receiver=1340780423 resolved=1340780423 sameChunk=true containing=ROOT
[10:16:03] [Server thread/WARN] [de.an.AntikytheraMechanism/]: [FREEZE-WATCHDOG] Armed 30s after Mechanism Frame placement at BlockPos{x=-9064108, y=-57, z=-3566406} in minecraft:overworld on thread Server thread (stall threshold=2000ms, generation=15)
[10:16:03] [Server thread/ERROR] [de.an.AntikytheraMechanism/]: [HOST-WRITE-DIAG] RETURN pos=BlockPos{x=-9064108, y=-57, z=-3566406} previousReturn=Block{minecraft:air} actual=Block{antikytheramechanism:mechanism_frame}[connected_down=false,connected_east=false,connected_north=false,connected_south=false,connected_up=false,connected_west=false,empty=true,facing=west] destinationTransition=false receiver=1340780423 resolved=1340780423 sameChunk=true
[10:16:03] [Server thread/DEBUG] [de.an.AntikytheraMechanism/]: Staged Sable SubLevel 9470ac57-0c5b-45c2-8942-b642c60f06bb for content in assembly f86a2dc1-5343-47a9-8610-f0a235c2692c
[10:16:03] [Server thread/ERROR] [de.an.AntikytheraMechanism/]: [HOST-WRITE-DIAG] HEAD pos=BlockPos{x=-9064108, y=-57, z=-3566406} before=Block{antikytheramechanism:mechanism_frame}[connected_down=false,connected_east=false,connected_north=false,connected_south=false,connected_up=false,connected_west=false,empty=true,facing=west] requested=Block{antikytheramechanism:mechanism_frame}[connected_down=false,connected_east=false,connected_north=false,connected_south=false,connected_up=false,connected_west=false,empty=false,facing=west] moving=false destinationTransition=false allowed=true receiver=1340780423 resolved=1340780423 sameChunk=true containing=ROOT
[10:16:03] [Server thread/ERROR] [de.an.AntikytheraMechanism/]: [HOST-WRITE-DIAG] RETURN pos=BlockPos{x=-9064108, y=-57, z=-3566406} previousReturn=Block{antikytheramechanism:mechanism_frame}[connected_down=false,connected_east=false,connected_north=false,connected_south=false,connected_up=false,connected_west=false,empty=true,facing=west] actual=Block{antikytheramechanism:mechanism_frame}[connected_down=false,connected_east=false,connected_north=false,connected_south=false,connected_up=false,connected_west=false,empty=false,facing=west] destinationTransition=false receiver=1340780423 resolved=1340780423 sameChunk=true
[10:16:03] [Server thread/ERROR] [de.an.AntikytheraMechanism/]: [HOST-WRITE-DIAG] HEAD pos=BlockPos{x=-9064067, y=-57, z=-3566403} before=Block{minecraft:air} requested=Block{antikytheramechanism:mechanism_frame}[connected_down=false,connected_east=false,connected_north=false,connected_south=false,connected_up=false,connected_west=false,empty=true,facing=north] moving=false destinationTransition=false allowed=true receiver=1435151407 resolved=1435151407 sameChunk=true containing=ROOT
[10:16:03] [Server thread/WARN] [de.an.AntikytheraMechanism/]: [FREEZE-WATCHDOG] Armed 30s after Mechanism Frame placement at BlockPos{x=-9064067, y=-57, z=-3566403} in minecraft:overworld on thread Server thread (stall threshold=2000ms, generation=16)
[10:16:03] [Server thread/ERROR] [de.an.AntikytheraMechanism/]: [HOST-WRITE-DIAG] RETURN pos=BlockPos{x=-9064067, y=-57, z=-3566403} previousReturn=Block{minecraft:air} actual=Block{antikytheramechanism:mechanism_frame}[connected_down=false,connected_east=false,connected_north=false,connected_south=false,connected_up=false,connected_west=false,empty=true,facing=north] destinationTransition=false receiver=1435151407 resolved=1435151407 sameChunk=true
[10:16:03] [Server thread/ERROR] [de.an.AntikytheraMechanism/]: [HOST-WRITE-DIAG] HEAD pos=BlockPos{x=-9064066, y=-57, z=-3566403} before=Block{minecraft:air} requested=Block{antikytheramechanism:mechanism_frame}[connected_down=false,connected_east=false,connected_north=false,connected_south=false,connected_up=false,connected_west=false,empty=true,facing=north] moving=false destinationTransition=false allowed=true receiver=1435151407 resolved=1435151407 sameChunk=true containing=ROOT
[10:16:03] [Server thread/WARN] [de.an.AntikytheraMechanism/]: [FREEZE-WATCHDOG] Armed 30s after Mechanism Frame placement at BlockPos{x=-9064066, y=-57, z=-3566403} in minecraft:overworld on thread Server thread (stall threshold=2000ms, generation=17)
[10:16:03] [Server thread/ERROR] [de.an.AntikytheraMechanism/]: [HOST-WRITE-DIAG] RETURN pos=BlockPos{x=-9064066, y=-57, z=-3566403} previousReturn=Block{minecraft:air} actual=Block{antikytheramechanism:mechanism_frame}[connected_down=false,connected_east=false,connected_north=false,connected_south=false,connected_up=false,connected_west=false,empty=true,facing=north] destinationTransition=false receiver=1435151407 resolved=1435151407 sameChunk=true
[10:16:03] [Server thread/ERROR] [de.an.AntikytheraMechanism/]: [HOST-WRITE-DIAG] HEAD pos=BlockPos{x=-9064067, y=-57, z=-3566403} before=Block{antikytheramechanism:mechanism_frame}[connected_down=false,connected_east=false,connected_north=false,connected_south=false,connected_up=false,connected_west=false,empty=true,facing=north] requested=Block{antikytheramechanism:mechanism_frame}[connected_down=false,connected_east=true,connected_north=false,connected_south=false,connected_up=false,connected_west=false,empty=true,facing=north] moving=false destinationTransition=false allowed=true receiver=1435151407 resolved=1435151407 sameChunk=true containing=ROOT
[10:16:03] [Server thread/ERROR] [de.an.AntikytheraMechanism/]: [HOST-WRITE-DIAG] RETURN pos=BlockPos{x=-9064067, y=-57, z=-3566403} previousReturn=Block{antikytheramechanism:mechanism_frame}[connected_down=false,connected_east=false,connected_north=false,connected_south=false,connected_up=false,connected_west=false,empty=true,facing=north] actual=Block{antikytheramechanism:mechanism_frame}[connected_down=false,connected_east=true,connected_north=false,connected_south=false,connected_up=false,connected_west=false,empty=true,facing=north] destinationTransition=false receiver=1435151407 resolved=1435151407 sameChunk=true
[10:16:03] [Server thread/ERROR] [de.an.AntikytheraMechanism/]: [HOST-WRITE-DIAG] HEAD pos=BlockPos{x=-9064066, y=-57, z=-3566403} before=Block{antikytheramechanism:mechanism_frame}[connected_down=false,connected_east=false,connected_north=false,connected_south=false,connected_up=false,connected_west=false,empty=true,facing=north] requested=Block{antikytheramechanism:mechanism_frame}[connected_down=false,connected_east=false,connected_north=false,connected_south=false,connected_up=false,connected_west=true,empty=true,facing=north] moving=false destinationTransition=false allowed=true receiver=1435151407 resolved=1435151407 sameChunk=true containing=ROOT
[10:16:03] [Server thread/ERROR] [de.an.AntikytheraMechanism/]: [HOST-WRITE-DIAG] RETURN pos=BlockPos{x=-9064066, y=-57, z=-3566403} previousReturn=Block{antikytheramechanism:mechanism_frame}[connected_down=false,connected_east=false,connected_north=false,connected_south=false,connected_up=false,connected_west=false,empty=true,facing=north] actual=Block{antikytheramechanism:mechanism_frame}[connected_down=false,connected_east=false,connected_north=false,connected_south=false,connected_up=false,connected_west=true,empty=true,facing=north] destinationTransition=false receiver=1435151407 resolved=1435151407 sameChunk=true
[10:16:03] [Server thread/DEBUG] [de.an.AntikytheraMechanism/]: Staged Sable SubLevel c074b1d7-e86d-494e-a437-2169b701848d for content in assembly 56c8b174-ccfd-465a-bf0c-60c3701eca3c
[10:16:03] [Server thread/DEBUG] [de.an.AntikytheraMechanism/]: Frame onRemove at BlockPos{x=-9064067, y=-57, z=-3566403} movedByPiston=false relocationJournal=false
[10:16:03] [Server thread/DEBUG] [de.an.AntikytheraMechanism/]: Staged Sable SubLevel 67cca8bc-8ef9-4223-99a5-c02e4cda4ea9 for content in assembly 21f3108a-e9a6-4019-9749-89cf43721f43
[10:16:03] [Server thread/WARN] [de.an.AntikytheraMechanism/]: Managed Sable SubLevel 67cca8bc-8ef9-4223-99a5-c02e4cda4ea9 for assembly 21f3108a-e9a6-4019-9749-89cf43721f43 was removed (REMOVED)
[10:16:03] [Server thread/DEBUG] [de.an.AntikytheraMechanism/]: Rebased assembly 56c8b174-ccfd-465a-bf0c-60c3701eca3c after topology change: stale origin BlockPos{x=-9064067, y=-57, z=-3566403} -> BlockPos{x=-9064066, y=-57, z=-3566403} over 1 retained Frames
[10:16:03] [Server thread/ERROR] [de.an.AntikytheraMechanism/]: [HOST-WRITE-DIAG] HEAD pos=BlockPos{x=-9064066, y=-57, z=-3566403} before=Block{antikytheramechanism:mechanism_frame}[connected_down=false,connected_east=false,connected_north=false,connected_south=false,connected_up=false,connected_west=true,empty=true,facing=north] requested=Block{antikytheramechanism:mechanism_frame}[connected_down=false,connected_east=false,connected_north=false,connected_south=false,connected_up=false,connected_west=false,empty=true,facing=north] moving=false destinationTransition=false allowed=true receiver=1435151407 resolved=1435151407 sameChunk=true containing=ROOT
[10:16:03] [Server thread/ERROR] [de.an.AntikytheraMechanism/]: [HOST-WRITE-DIAG] RETURN pos=BlockPos{x=-9064066, y=-57, z=-3566403} previousReturn=Block{antikytheramechanism:mechanism_frame}[connected_down=false,connected_east=false,connected_north=false,connected_south=false,connected_up=false,connected_west=true,empty=true,facing=north] actual=Block{antikytheramechanism:mechanism_frame}[connected_down=false,connected_east=false,connected_north=false,connected_south=false,connected_up=false,connected_west=false,empty=true,facing=north] destinationTransition=false receiver=1435151407 resolved=1435151407 sameChunk=true
[10:16:03] [Server thread/WARN] [de.an.AntikytheraMechanism/]: Managed Sable SubLevel c074b1d7-e86d-494e-a437-2169b701848d for assembly 56c8b174-ccfd-465a-bf0c-60c3701eca3c was removed (REMOVED)
[10:16:03] [Server thread/ERROR] [de.an.AntikytheraMechanism/]: [HOST-WRITE-DIAG] HEAD pos=BlockPos{x=-9064035, y=-57, z=-3566407} before=Block{minecraft:air} requested=Block{antikytheramechanism:mechanism_frame}[connected_down=false,connected_east=false,connected_north=false,connected_south=false,connected_up=false,connected_west=false,empty=true,facing=north] moving=false destinationTransition=false allowed=true receiver=412168988 resolved=412168988 sameChunk=true containing=ROOT
[10:16:03] [Server thread/WARN] [de.an.AntikytheraMechanism/]: [FREEZE-WATCHDOG] Armed 30s after Mechanism Frame placement at BlockPos{x=-9064035, y=-57, z=-3566407} in minecraft:overworld on thread Server thread (stall threshold=2000ms, generation=18)
[10:16:03] [Server thread/ERROR] [de.an.AntikytheraMechanism/]: [HOST-WRITE-DIAG] RETURN pos=BlockPos{x=-9064035, y=-57, z=-3566407} previousReturn=Block{minecraft:air} actual=Block{antikytheramechanism:mechanism_frame}[connected_down=false,connected_east=false,connected_north=false,connected_south=false,connected_up=false,connected_west=false,empty=true,facing=north] destinationTransition=false receiver=412168988 resolved=412168988 sameChunk=true
[10:16:03] [Server thread/ERROR] [de.an.AntikytheraMechanism/]: [HOST-WRITE-DIAG] HEAD pos=BlockPos{x=-9064035, y=-56, z=-3566406} before=Block{minecraft:air} requested=Block{antikytheramechanism:mechanism_frame}[connected_down=false,connected_east=false,connected_north=false,connected_south=false,connected_up=false,connected_west=false,empty=true,facing=north] moving=false destinationTransition=false allowed=true receiver=412168988 resolved=412168988 sameChunk=true containing=ROOT
[10:16:03] [Server thread/WARN] [de.an.AntikytheraMechanism/]: [FREEZE-WATCHDOG] Armed 30s after Mechanism Frame placement at BlockPos{x=-9064035, y=-56, z=-3566406} in minecraft:overworld on thread Server thread (stall threshold=2000ms, generation=19)
[10:16:03] [Server thread/ERROR] [de.an.AntikytheraMechanism/]: [HOST-WRITE-DIAG] RETURN pos=BlockPos{x=-9064035, y=-56, z=-3566406} previousReturn=Block{minecraft:air} actual=Block{antikytheramechanism:mechanism_frame}[connected_down=false,connected_east=false,connected_north=false,connected_south=false,connected_up=false,connected_west=false,empty=true,facing=north] destinationTransition=false receiver=412168988 resolved=412168988 sameChunk=true
[10:16:03] [Server thread/ERROR] [de.an.AntikytheraMechanism/]: [HOST-WRITE-DIAG] HEAD pos=BlockPos{x=20481032, y=128, z=20487176} before=Block{minecraft:air} requested=Block{antikytheramechanism:mechanism_frame}[connected_down=false,connected_east=false,connected_north=false,connected_south=false,connected_up=false,connected_west=false,empty=true,facing=north] moving=true destinationTransition=true allowed=true receiver=407114982 resolved=1312499879 sameChunk=false containing=bb64c48d-c8f7-48db-83ce-88a92bd70322
[10:16:03] [Server thread/ERROR] [de.an.AntikytheraMechanism/]: [HOST-WRITE-DIAG] RETURN pos=BlockPos{x=20481032, y=128, z=20487176} previousReturn=Block{minecraft:air} actual=Block{minecraft:air} destinationTransition=true receiver=407114982 resolved=1312499879 sameChunk=false
[10:16:03] [Server thread/ERROR] [de.an.AntikytheraMechanism/]: [HOST-WRITE-DIAG] HEAD pos=BlockPos{x=20481032, y=129, z=20487177} before=Block{minecraft:air} requested=Block{antikytheramechanism:mechanism_frame}[connected_down=false,connected_east=false,connected_north=false,connected_south=false,connected_up=false,connected_west=false,empty=true,facing=north] moving=true destinationTransition=true allowed=true receiver=407114982 resolved=1312499879 sameChunk=false containing=bb64c48d-c8f7-48db-83ce-88a92bd70322
[10:16:03] [Server thread/ERROR] [de.an.AntikytheraMechanism/]: [HOST-WRITE-DIAG] RETURN pos=BlockPos{x=20481032, y=129, z=20487177} previousReturn=Block{minecraft:air} actual=Block{minecraft:air} destinationTransition=true receiver=407114982 resolved=1312499879 sameChunk=false
[10:16:03] [Server thread/DEBUG] [de.an.AntikytheraMechanism/]: Frame onRemove at BlockPos{x=-9064035, y=-57, z=-3566407} movedByPiston=true relocationJournal=true
[10:16:03] [Server thread/DEBUG] [de.an.AntikytheraMechanism/]: Frame onRemove at BlockPos{x=-9064035, y=-56, z=-3566406} movedByPiston=true relocationJournal=true
[10:16:03] [Server thread/ERROR] [de.an.AntikytheraMechanism/]: Could not finalize Sable relocation for assembly e96307f4-54c0-4809-b112-3d71815082ba; persisted journal remains authoritative
[10:16:03] [Server thread/ERROR] [de.an.AntikytheraMechanism/]: Could not finalize Sable relocation for assembly 9ff33538-4368-42c4-bfa7-cff27559c0f7; persisted journal remains authoritative
[10:16:03] [Server thread/ERROR] [minecraft/LogTestReporter]: independentframessettleintosameforeignhostsynchronously failed at -9064038, -60, -3566410! source outer Frame state did not reach foreign host
[10:16:03] [Server thread/ERROR] [de.an.AntikytheraMechanism/]: [HOST-WRITE-DIAG] HEAD pos=BlockPos{x=-9064221, y=-58, z=-3566386} before=Block{minecraft:air} requested=Block{antikytheramechanism:mechanism_frame}[connected_down=false,connected_east=false,connected_north=false,connected_south=false,connected_up=false,connected_west=false,empty=true,facing=north] moving=false destinationTransition=false allowed=true receiver=141205173 resolved=141205173 sameChunk=true containing=ROOT
[10:16:03] [Server thread/WARN] [de.an.AntikytheraMechanism/]: [FREEZE-WATCHDOG] Armed 30s after Mechanism Frame placement at BlockPos{x=-9064221, y=-58, z=-3566386} in minecraft:overworld on thread Server thread (stall threshold=2000ms, generation=20)
[10:16:03] [Server thread/ERROR] [de.an.AntikytheraMechanism/]: [HOST-WRITE-DIAG] RETURN pos=BlockPos{x=-9064221, y=-58, z=-3566386} previousReturn=Block{minecraft:air} actual=Block{antikytheramechanism:mechanism_frame}[connected_down=false,connected_east=false,connected_north=false,connected_south=false,connected_up=false,connected_west=false,empty=true,facing=north] destinationTransition=false receiver=141205173 resolved=141205173 sameChunk=true
[10:16:03] [Server thread/ERROR] [de.an.AntikytheraMechanism/]: [HOST-WRITE-DIAG] HEAD pos=BlockPos{x=-9064219, y=-58, z=-3566386} before=Block{minecraft:air} requested=Block{antikytheramechanism:mechanism_frame}[connected_down=false,connected_east=false,connected_north=false,connected_south=false,connected_up=false,connected_west=false,empty=true,facing=east] moving=false destinationTransition=false allowed=true receiver=141205173 resolved=141205173 sameChunk=true containing=ROOT
[10:16:03] [Server thread/WARN] [de.an.AntikytheraMechanism/]: [FREEZE-WATCHDOG] Armed 30s after Mechanism Frame placement at BlockPos{x=-9064219, y=-58, z=-3566386} in minecraft:overworld on thread Server thread (stall threshold=2000ms, generation=21)
[10:16:03] [Server thread/ERROR] [de.an.AntikytheraMechanism/]: [HOST-WRITE-DIAG] RETURN pos=BlockPos{x=-9064219, y=-58, z=-3566386} previousReturn=Block{minecraft:air} actual=Block{antikytheramechanism:mechanism_frame}[connected_down=false,connected_east=false,connected_north=false,connected_south=false,connected_up=false,connected_west=false,empty=true,facing=east] destinationTransition=false receiver=141205173 resolved=141205173 sameChunk=true
[10:16:03] [Server thread/ERROR] [de.an.AntikytheraMechanism/]: [HOST-WRITE-DIAG] HEAD pos=BlockPos{x=-9064220, y=-58, z=-3566386} before=Block{minecraft:air} requested=Block{antikytheramechanism:mechanism_frame}[connected_down=false,connected_east=false,connected_north=false,connected_south=false,connected_up=false,connected_west=false,empty=true,facing=north] moving=false destinationTransition=false allowed=true receiver=141205173 resolved=141205173 sameChunk=true containing=ROOT
[10:16:03] [Server thread/WARN] [de.an.AntikytheraMechanism/]: [FREEZE-WATCHDOG] Armed 30s after Mechanism Frame placement at BlockPos{x=-9064220, y=-58, z=-3566386} in minecraft:overworld on thread Server thread (stall threshold=2000ms, generation=22)
[10:16:03] [Server thread/ERROR] [de.an.AntikytheraMechanism/]: [HOST-WRITE-DIAG] RETURN pos=BlockPos{x=-9064220, y=-58, z=-3566386} previousReturn=Block{minecraft:air} actual=Block{antikytheramechanism:mechanism_frame}[connected_down=false,connected_east=false,connected_north=false,connected_south=false,connected_up=false,connected_west=false,empty=true,facing=north] destinationTransition=false receiver=141205173 resolved=141205173 sameChunk=true
[10:16:03] [Server thread/ERROR] [de.an.AntikytheraMechanism/]: [HOST-WRITE-DIAG] HEAD pos=BlockPos{x=-9064221, y=-58, z=-3566386} before=Block{antikytheramechanism:mechanism_frame}[connected_down=false,connected_east=false,connected_north=false,connected_south=false,connected_up=false,connected_west=false,empty=true,facing=north] requested=Block{antikytheramechanism:mechanism_frame}[connected_down=false,connected_east=true,connected_north=false,connected_south=false,connected_up=false,connected_west=false,empty=true,facing=north] moving=false destinationTransition=false allowed=true receiver=141205173 resolved=141205173 sameChunk=true containing=ROOT
[10:16:03] [Server thread/ERROR] [de.an.AntikytheraMechanism/]: [HOST-WRITE-DIAG] RETURN pos=BlockPos{x=-9064221, y=-58, z=-3566386} previousReturn=Block{antikytheramechanism:mechanism_frame}[connected_down=false,connected_east=false,connected_north=false,connected_south=false,connected_up=false,connected_west=false,empty=true,facing=north] actual=Block{antikytheramechanism:mechanism_frame}[connected_down=false,connected_east=true,connected_north=false,connected_south=false,connected_up=false,connected_west=false,empty=true,facing=north] destinationTransition=false receiver=141205173 resolved=141205173 sameChunk=true
[10:16:03] [Server thread/ERROR] [de.an.AntikytheraMechanism/]: [HOST-WRITE-DIAG] HEAD pos=BlockPos{x=-9064220, y=-58, z=-3566386} before=Block{antikytheramechanism:mechanism_frame}[connected_down=false,connected_east=false,connected_north=false,connected_south=false,connected_up=false,connected_west=false,empty=true,facing=north] requested=Block{antikytheramechanism:mechanism_frame}[connected_down=false,connected_east=false,connected_north=false,connected_south=false,connected_up=false,connected_west=true,empty=true,facing=north] moving=false destinationTransition=false allowed=true receiver=141205173 resolved=141205173 sameChunk=true containing=ROOT
[10:16:03] [Server thread/ERROR] [de.an.AntikytheraMechanism/]: [HOST-WRITE-DIAG] RETURN pos=BlockPos{x=-9064220, y=-58, z=-3566386} previousReturn=Block{antikytheramechanism:mechanism_frame}[connected_down=false,connected_east=false,connected_north=false,connected_south=false,connected_up=false,connected_west=false,empty=true,facing=north] actual=Block{antikytheramechanism:mechanism_frame}[connected_down=false,connected_east=false,connected_north=false,connected_south=false,connected_up=false,connected_west=true,empty=true,facing=north] destinationTransition=false receiver=141205173 resolved=141205173 sameChunk=true
[10:16:03] [Server thread/ERROR] [de.an.AntikytheraMechanism/]: [HOST-WRITE-DIAG] HEAD pos=BlockPos{x=-9064146, y=-57, z=-3566385} before=Block{minecraft:air} requested=Block{antikytheramechanism:mechanism_frame}[connected_down=false,connected_east=false,connected_north=false,connected_south=false,connected_up=false,connected_west=false,empty=true,facing=north] moving=false destinationTransition=false allowed=true receiver=1773801344 resolved=1773801344 sameChunk=true containing=ROOT
[10:16:03] [Server thread/WARN] [de.an.AntikytheraMechanism/]: [FREEZE-WATCHDOG] Armed 30s after Mechanism Frame placement at BlockPos{x=-9064146, y=-57, z=-3566385} in minecraft:overworld on thread Server thread (stall threshold=2000ms, generation=23)
[10:16:03] [Server thread/ERROR] [de.an.AntikytheraMechanism/]: [HOST-WRITE-DIAG] RETURN pos=BlockPos{x=-9064146, y=-57, z=-3566385} previousReturn=Block{minecraft:air} actual=Block{antikytheramechanism:mechanism_frame}[connected_down=false,connected_east=false,connected_north=false,connected_south=false,connected_up=false,connected_west=false,empty=true,facing=north] destinationTransition=false receiver=1773801344 resolved=1773801344 sameChunk=true
[10:16:03] [Server thread/DEBUG] [de.an.AntikytheraMechanism/]: Staged Sable SubLevel e40c9525-b62b-4b36-b009-b7dd409edce9 for content in assembly 7573f122-a512-4504-bce2-e3259cd229b8
[10:16:03] [Server thread/ERROR] [de.an.AntikytheraMechanism/]: [HOST-WRITE-DIAG] HEAD pos=BlockPos{x=20481032, y=128, z=20491272} before=Block{minecraft:air} requested=Block{antikytheramechanism:mechanism_frame}[connected_down=false,connected_east=false,connected_north=false,connected_south=false,connected_up=false,connected_west=false,empty=true,facing=north] moving=true destinationTransition=true allowed=true receiver=1772774304 resolved=1772774304 sameChunk=true containing=f34a2107-fbe1-461e-9510-97e7e2ad8293
[10:16:03] [Server thread/ERROR] [de.an.AntikytheraMechanism/]: [HOST-WRITE-DIAG] RETURN pos=BlockPos{x=20481032, y=128, z=20491272} previousReturn=Block{minecraft:air} actual=Block{antikytheramechanism:mechanism_frame}[connected_down=false,connected_east=false,connected_north=false,connected_south=false,connected_up=false,connected_west=false,empty=true,facing=north] destinationTransition=true receiver=1772774304 resolved=1772774304 sameChunk=true
[10:16:03] [Server thread/DEBUG] [de.an.AntikytheraMechanism/]: Frame onRemove at BlockPos{x=-9064146, y=-57, z=-3566385} movedByPiston=true relocationJournal=true
[10:16:03] [Server thread/DEBUG] [de.an.AntikytheraMechanism/]: Adopted complete Sable relocation for assembly 7573f122-a512-4504-bce2-e3259cd229b8 by BlockPos{x=29545178, y=185, z=24057657} into host FOREIGN
[10:16:03] [Server thread/WARN] [de.an.AntikytheraMechanism/]: Managed Sable SubLevel e40c9525-b62b-4b36-b009-b7dd409edce9 for assembly 7573f122-a512-4504-bce2-e3259cd229b8 was removed (REMOVED)
[10:16:03] [Server thread/ERROR] [de.an.AntikytheraMechanism/]: [HOST-WRITE-DIAG] HEAD pos=BlockPos{x=-9064108, y=-56, z=-3566384} before=Block{minecraft:air} requested=Block{antikytheramechanism:mechanism_frame}[connected_down=false,connected_east=false,connected_north=false,connected_south=false,connected_up=false,connected_west=false,empty=true,facing=north] moving=false destinationTransition=false allowed=true receiver=1631972402 resolved=1631972402 sameChunk=true containing=ROOT
[10:16:03] [Server thread/WARN] [de.an.AntikytheraMechanism/]: [FREEZE-WATCHDOG] Armed 30s after Mechanism Frame placement at BlockPos{x=-9064108, y=-56, z=-3566384} in minecraft:overworld on thread Server thread (stall threshold=2000ms, generation=24)
[10:16:03] [Server thread/ERROR] [de.an.AntikytheraMechanism/]: [HOST-WRITE-DIAG] RETURN pos=BlockPos{x=-9064108, y=-56, z=-3566384} previousReturn=Block{minecraft:air} actual=Block{antikytheramechanism:mechanism_frame}[connected_down=false,connected_east=false,connected_north=false,connected_south=false,connected_up=false,connected_west=false,empty=true,facing=north] destinationTransition=false receiver=1631972402 resolved=1631972402 sameChunk=true
[10:16:03] [Server thread/DEBUG] [de.an.AntikytheraMechanism/]: Staged Sable SubLevel 5bcbc888-138d-41f9-991c-cbf91202b75f for content in assembly f2868d35-d92f-4fcc-83d5-aad11195de76
[10:16:03] [Server thread/ERROR] [de.an.AntikytheraMechanism/]: [HOST-WRITE-DIAG] HEAD pos=BlockPos{x=-9064108, y=-56, z=-3566384} before=Block{antikytheramechanism:mechanism_frame}[connected_down=false,connected_east=false,connected_north=false,connected_south=false,connected_up=false,connected_west=false,empty=true,facing=north] requested=Block{antikytheramechanism:mechanism_frame}[connected_down=false,connected_east=false,connected_north=false,connected_south=false,connected_up=false,connected_west=false,empty=false,facing=north] moving=false destinationTransition=false allowed=true receiver=1631972402 resolved=1631972402 sameChunk=true containing=ROOT
[10:16:03] [Server thread/ERROR] [de.an.AntikytheraMechanism/]: [HOST-WRITE-DIAG] RETURN pos=BlockPos{x=-9064108, y=-56, z=-3566384} previousReturn=Block{antikytheramechanism:mechanism_frame}[connected_down=false,connected_east=false,connected_north=false,connected_south=false,connected_up=false,connected_west=false,empty=true,facing=north] actual=Block{antikytheramechanism:mechanism_frame}[connected_down=false,connected_east=false,connected_north=false,connected_south=false,connected_up=false,connected_west=false,empty=false,facing=north] destinationTransition=false receiver=1631972402 resolved=1631972402 sameChunk=true
[10:16:03] [Server thread/ERROR] [de.an.AntikytheraMechanism/]: [HOST-WRITE-DIAG] HEAD pos=BlockPos{x=-9064072, y=-57, z=-3566385} before=Block{minecraft:air} requested=Block{antikytheramechanism:mechanism_frame}[connected_down=false,connected_east=false,connected_north=false,connected_south=false,connected_up=false,connected_west=false,empty=true,facing=north] moving=false destinationTransition=false allowed=true receiver=226541973 resolved=226541973 sameChunk=true containing=ROOT
[10:16:03] [Server thread/WARN] [de.an.AntikytheraMechanism/]: [FREEZE-WATCHDOG] Armed 30s after Mechanism Frame placement at BlockPos{x=-9064072, y=-57, z=-3566385} in minecraft:overworld on thread Server thread (stall threshold=2000ms, generation=25)
[10:16:03] [Server thread/ERROR] [de.an.AntikytheraMechanism/]: [HOST-WRITE-DIAG] RETURN pos=BlockPos{x=-9064072, y=-57, z=-3566385} previousReturn=Block{minecraft:air} actual=Block{antikytheramechanism:mechanism_frame}[connected_down=false,connected_east=false,connected_north=false,connected_south=false,connected_up=false,connected_west=false,empty=true,facing=north] destinationTransition=false receiver=226541973 resolved=226541973 sameChunk=true
[10:16:03] [Server thread/ERROR] [de.an.AntikytheraMechanism/]: [HOST-WRITE-DIAG] HEAD pos=BlockPos{x=-9064035, y=-57, z=-3566385} before=Block{minecraft:air} requested=Block{antikytheramechanism:mechanism_frame}[connected_down=false,connected_east=false,connected_north=false,connected_south=false,connected_up=false,connected_west=false,empty=true,facing=north] moving=false destinationTransition=false allowed=true receiver=1081059984 resolved=1081059984 sameChunk=true containing=ROOT
[10:16:03] [Server thread/WARN] [de.an.AntikytheraMechanism/]: [FREEZE-WATCHDOG] Armed 30s after Mechanism Frame placement at BlockPos{x=-9064035, y=-57, z=-3566385} in minecraft:overworld on thread Server thread (stall threshold=2000ms, generation=26)
[10:16:03] [Server thread/ERROR] [de.an.AntikytheraMechanism/]: [HOST-WRITE-DIAG] RETURN pos=BlockPos{x=-9064035, y=-57, z=-3566385} previousReturn=Block{minecraft:air} actual=Block{antikytheramechanism:mechanism_frame}[connected_down=false,connected_east=false,connected_north=false,connected_south=false,connected_up=false,connected_west=false,empty=true,facing=north] destinationTransition=false receiver=1081059984 resolved=1081059984 sameChunk=true
[10:16:03] [Server thread/DEBUG] [de.an.AntikytheraMechanism/]: Staged Sable SubLevel 69095d7c-60a1-470b-bf41-d16772616dc4 for content in assembly cfee0cca-a2dd-40f6-88eb-8633083cbbd8
[10:16:03] [Server thread/DEBUG] [de.an.AntikytheraMechanism/]: Marked Sable SubLevel 62dc0bd7-c807-4227-ab24-123f68e1f959 as detached Antikythera half-scale physics body
[10:16:03] [Server thread/WARN] [de.an.AntikytheraMechanism/]: Managed Sable SubLevel 69095d7c-60a1-470b-bf41-d16772616dc4 for assembly cfee0cca-a2dd-40f6-88eb-8633083cbbd8 was removed (REMOVED)
[10:16:03] [Server thread/DEBUG] [de.an.AntikytheraMechanism/]: Marked Sable SubLevel 9f14c793-cbce-4dd7-9277-e2bf7c7d9fa1 as detached Antikythera half-scale physics body
[10:16:03] [Server thread/ERROR] [de.an.AntikytheraMechanism/]: [HOST-WRITE-DIAG] HEAD pos=BlockPos{x=-9064184, y=-58, z=-3566364} before=Block{minecraft:air} requested=Block{antikytheramechanism:mechanism_frame}[connected_down=false,connected_east=false,connected_north=false,connected_south=false,connected_up=false,connected_west=false,empty=true,facing=north] moving=false destinationTransition=false allowed=true receiver=310324812 resolved=310324812 sameChunk=true containing=ROOT
[10:16:03] [Server thread/WARN] [de.an.AntikytheraMechanism/]: [FREEZE-WATCHDOG] Armed 30s after Mechanism Frame placement at BlockPos{x=-9064184, y=-58, z=-3566364} in minecraft:overworld on thread Server thread (stall threshold=2000ms, generation=27)
[10:16:03] [Server thread/ERROR] [de.an.AntikytheraMechanism/]: [HOST-WRITE-DIAG] RETURN pos=BlockPos{x=-9064184, y=-58, z=-3566364} previousReturn=Block{minecraft:air} actual=Block{antikytheramechanism:mechanism_frame}[connected_down=false,connected_east=false,connected_north=false,connected_south=false,connected_up=false,connected_west=false,empty=true,facing=north] destinationTransition=false receiver=310324812 resolved=310324812 sameChunk=true
[10:16:03] [Server thread/ERROR] [de.an.AntikytheraMechanism/]: [HOST-WRITE-DIAG] HEAD pos=BlockPos{x=-9064183, y=-58, z=-3566364} before=Block{minecraft:air} requested=Block{antikytheramechanism:mechanism_frame}[connected_down=false,connected_east=false,connected_north=false,connected_south=false,connected_up=false,connected_west=false,empty=true,facing=east] moving=false destinationTransition=false allowed=true receiver=310324812 resolved=310324812 sameChunk=true containing=ROOT
[10:16:03] [Server thread/WARN] [de.an.AntikytheraMechanism/]: [FREEZE-WATCHDOG] Armed 30s after Mechanism Frame placement at BlockPos{x=-9064183, y=-58, z=-3566364} in minecraft:overworld on thread Server thread (stall threshold=2000ms, generation=28)
[10:16:03] [Server thread/ERROR] [de.an.AntikytheraMechanism/]: [HOST-WRITE-DIAG] RETURN pos=BlockPos{x=-9064183, y=-58, z=-3566364} previousReturn=Block{minecraft:air} actual=Block{antikytheramechanism:mechanism_frame}[connected_down=false,connected_east=false,connected_north=false,connected_south=false,connected_up=false,connected_west=false,empty=true,facing=east] destinationTransition=false receiver=310324812 resolved=310324812 sameChunk=true
[10:16:03] [Server thread/ERROR] [de.an.AntikytheraMechanism/]: [HOST-WRITE-DIAG] HEAD pos=BlockPos{x=-9064144, y=-57, z=-3566364} before=Block{minecraft:air} requested=Block{antikytheramechanism:mechanism_frame}[connected_down=false,connected_east=false,connected_north=false,connected_south=false,connected_up=false,connected_west=false,empty=true,facing=north] moving=false destinationTransition=false allowed=true receiver=1677679682 resolved=1677679682 sameChunk=true containing=ROOT
[10:16:03] [Server thread/WARN] [de.an.AntikytheraMechanism/]: [FREEZE-WATCHDOG] Armed 30s after Mechanism Frame placement at BlockPos{x=-9064144, y=-57, z=-3566364} in minecraft:overworld on thread Server thread (stall threshold=2000ms, generation=29)
[10:16:03] [Server thread/ERROR] [de.an.AntikytheraMechanism/]: [HOST-WRITE-DIAG] RETURN pos=BlockPos{x=-9064144, y=-57, z=-3566364} previousReturn=Block{minecraft:air} actual=Block{antikytheramechanism:mechanism_frame}[connected_down=false,connected_east=false,connected_north=false,connected_south=false,connected_up=false,connected_west=false,empty=true,facing=north] destinationTransition=false receiver=1677679682 resolved=1677679682 sameChunk=true
[10:16:03] [Server thread/DEBUG] [de.an.AntikytheraMechanism/]: Staged Sable SubLevel 73821e83-2227-4425-8184-b73c1417eba2 for content in assembly 8b2731e4-4697-49b2-84a8-30954556bed4
[10:16:03] [Server thread/DEBUG] [de.an.AntikytheraMechanism/]: Staged Sable SubLevel 617b661a-7bd0-47b6-a99a-c4ee2d55abc2 for content in assembly 89aa5bbb-c56c-4bf9-8192-8cb0311bf084
[10:16:03] [Server thread/WARN] [de.an.AntikytheraMechanism/]: Managed Sable SubLevel 617b661a-7bd0-47b6-a99a-c4ee2d55abc2 for assembly 89aa5bbb-c56c-4bf9-8192-8cb0311bf084 was removed (REMOVED)
[10:16:03] [Server thread/WARN] [de.an.AntikytheraMechanism/]: Managed Sable SubLevel 73821e83-2227-4425-8184-b73c1417eba2 for assembly 8b2731e4-4697-49b2-84a8-30954556bed4 was removed (REMOVED)
[10:16:03] [Server thread/ERROR] [de.an.AntikytheraMechanism/]: [HOST-WRITE-DIAG] HEAD pos=BlockPos{x=-9064108, y=-57, z=-3566362} before=Block{minecraft:air} requested=Block{antikytheramechanism:mechanism_frame}[connected_down=false,connected_east=false,connected_north=false,connected_south=false,connected_up=false,connected_west=false,empty=true,facing=east] moving=false destinationTransition=false allowed=true receiver=1504740955 resolved=1504740955 sameChunk=true containing=ROOT
[10:16:03] [Server thread/WARN] [de.an.AntikytheraMechanism/]: [FREEZE-WATCHDOG] Armed 30s after Mechanism Frame placement at BlockPos{x=-9064108, y=-57, z=-3566362} in minecraft:overworld on thread Server thread (stall threshold=2000ms, generation=30)
[10:16:03] [Server thread/ERROR] [de.an.AntikytheraMechanism/]: [HOST-WRITE-DIAG] RETURN pos=BlockPos{x=-9064108, y=-57, z=-3566362} previousReturn=Block{minecraft:air} actual=Block{antikytheramechanism:mechanism_frame}[connected_down=false,connected_east=false,connected_north=false,connected_south=false,connected_up=false,connected_west=false,empty=true,facing=east] destinationTransition=false receiver=1504740955 resolved=1504740955 sameChunk=true
[10:16:03] [Server thread/DEBUG] [de.an.AntikytheraMechanism/]: Staged Sable SubLevel 113ca384-a4f7-4ce6-b793-d0301d391f3b for content in assembly c130e594-5f63-4338-aa21-0724fd681a43
[10:16:03] [Server thread/ERROR] [de.an.AntikytheraMechanism/]: [HOST-WRITE-DIAG] HEAD pos=BlockPos{x=-9064108, y=-57, z=-3566362} before=Block{antikytheramechanism:mechanism_frame}[connected_down=false,connected_east=false,connected_north=false,connected_south=false,connected_up=false,connected_west=false,empty=true,facing=east] requested=Block{antikytheramechanism:mechanism_frame}[connected_down=false,connected_east=false,connected_north=false,connected_south=false,connected_up=false,connected_west=false,empty=false,facing=east] moving=false destinationTransition=false allowed=true receiver=1504740955 resolved=1504740955 sameChunk=true containing=ROOT
[10:16:03] [Server thread/ERROR] [de.an.AntikytheraMechanism/]: [HOST-WRITE-DIAG] RETURN pos=BlockPos{x=-9064108, y=-57, z=-3566362} previousReturn=Block{antikytheramechanism:mechanism_frame}[connected_down=false,connected_east=false,connected_north=false,connected_south=false,connected_up=false,connected_west=false,empty=true,facing=east] actual=Block{antikytheramechanism:mechanism_frame}[connected_down=false,connected_east=false,connected_north=false,connected_south=false,connected_up=false,connected_west=false,empty=false,facing=east] destinationTransition=false receiver=1504740955 resolved=1504740955 sameChunk=true
[10:16:03] [Server thread/ERROR] [de.an.AntikytheraMechanism/]: [HOST-WRITE-DIAG] HEAD pos=BlockPos{x=-9064071, y=-57, z=-3566362} before=Block{minecraft:air} requested=Block{antikytheramechanism:mechanism_frame}[connected_down=false,connected_east=false,connected_north=false,connected_south=false,connected_up=false,connected_west=false,empty=true,facing=north] moving=false destinationTransition=false allowed=true receiver=1790133954 resolved=1790133954 sameChunk=true containing=ROOT
[10:16:03] [Server thread/WARN] [de.an.AntikytheraMechanism/]: [FREEZE-WATCHDOG] Armed 30s after Mechanism Frame placement at BlockPos{x=-9064071, y=-57, z=-3566362} in minecraft:overworld on thread Server thread (stall threshold=2000ms, generation=31)
[10:16:03] [Server thread/ERROR] [de.an.AntikytheraMechanism/]: [HOST-WRITE-DIAG] RETURN pos=BlockPos{x=-9064071, y=-57, z=-3566362} previousReturn=Block{minecraft:air} actual=Block{antikytheramechanism:mechanism_frame}[connected_down=false,connected_east=false,connected_north=false,connected_south=false,connected_up=false,connected_west=false,empty=true,facing=north] destinationTransition=false receiver=1790133954 resolved=1790133954 sameChunk=true
[10:16:03] [Server thread/DEBUG] [de.an.AntikytheraMechanism/]: Staged Sable SubLevel 0d3a9120-9ba9-46e8-9b5a-32b69493fd69 for content in assembly 4ac5cc64-53db-4829-9394-e84c170347db
[10:16:03] [Server thread/WARN] [de.an.AntikytheraMechanism/]: Managed Sable SubLevel 0d3a9120-9ba9-46e8-9b5a-32b69493fd69 for assembly 4ac5cc64-53db-4829-9394-e84c170347db was removed (REMOVED)
[10:16:03] [Server thread/ERROR] [de.an.AntikytheraMechanism/]: [HOST-WRITE-DIAG] HEAD pos=BlockPos{x=-9064036, y=-57, z=-3566364} before=Block{minecraft:air} requested=Block{antikytheramechanism:mechanism_frame}[connected_down=false,connected_east=false,connected_north=false,connected_south=false,connected_up=false,connected_west=false,empty=true,facing=north] moving=false destinationTransition=false allowed=true receiver=1007797261 resolved=1007797261 sameChunk=true containing=ROOT
[10:16:03] [Server thread/WARN] [de.an.AntikytheraMechanism/]: [FREEZE-WATCHDOG] Armed 30s after Mechanism Frame placement at BlockPos{x=-9064036, y=-57, z=-3566364} in minecraft:overworld on thread Server thread (stall threshold=2000ms, generation=32)
[10:16:03] [Server thread/ERROR] [de.an.AntikytheraMechanism/]: [HOST-WRITE-DIAG] RETURN pos=BlockPos{x=-9064036, y=-57, z=-3566364} previousReturn=Block{minecraft:air} actual=Block{antikytheramechanism:mechanism_frame}[connected_down=false,connected_east=false,connected_north=false,connected_south=false,connected_up=false,connected_west=false,empty=true,facing=north] destinationTransition=false receiver=1007797261 resolved=1007797261 sameChunk=true
[10:16:03] [Server thread/DEBUG] [de.an.AntikytheraMechanism/]: Staged Sable SubLevel 21690ff9-7018-45a4-8daa-68b31aaf02df for content in assembly a9d1f1be-1682-4822-862b-a9e11475703f
[10:16:03] [Server thread/ERROR] [de.an.AntikytheraMechanism/]: [HOST-WRITE-DIAG] HEAD pos=BlockPos{x=-9064036, y=-57, z=-3566364} before=Block{antikytheramechanism:mechanism_frame}[connected_down=false,connected_east=false,connected_north=false,connected_south=false,connected_up=false,connected_west=false,empty=true,facing=north] requested=Block{antikytheramechanism:mechanism_frame}[connected_down=false,connected_east=false,connected_north=false,connected_south=false,connected_up=false,connected_west=false,empty=false,facing=north] moving=false destinationTransition=false allowed=true receiver=1007797261 resolved=1007797261 sameChunk=true containing=ROOT
[10:16:03] [Server thread/ERROR] [de.an.AntikytheraMechanism/]: [HOST-WRITE-DIAG] RETURN pos=BlockPos{x=-9064036, y=-57, z=-3566364} previousReturn=Block{antikytheramechanism:mechanism_frame}[connected_down=false,connected_east=false,connected_north=false,connected_south=false,connected_up=false,connected_west=false,empty=true,facing=north] actual=Block{antikytheramechanism:mechanism_frame}[connected_down=false,connected_east=false,connected_north=false,connected_south=false,connected_up=false,connected_west=false,empty=false,facing=north] destinationTransition=false receiver=1007797261 resolved=1007797261 sameChunk=true
[10:16:03] [Server thread/DEBUG] [de.an.AntikytheraMechanism/]: Frame onRemove at BlockPos{x=-9064036, y=-57, z=-3566364} movedByPiston=false relocationJournal=true
[10:16:03] [Server thread/ERROR] [de.an.AntikytheraMechanism/]: [HOST-WRITE-DIAG] HEAD pos=BlockPos{x=-9064030, y=-57, z=-3566364} before=Block{minecraft:air} requested=Block{antikytheramechanism:mechanism_frame}[connected_down=false,connected_east=false,connected_north=false,connected_south=false,connected_up=false,connected_west=false,empty=true,facing=south] moving=false destinationTransition=false allowed=true receiver=1639524696 resolved=1639524696 sameChunk=true containing=ROOT
[10:16:03] [Server thread/ERROR] [de.an.AntikytheraMechanism/]: [HOST-WRITE-DIAG] RETURN pos=BlockPos{x=-9064030, y=-57, z=-3566364} previousReturn=Block{minecraft:air} actual=Block{antikytheramechanism:mechanism_frame}[connected_down=false,connected_east=false,connected_north=false,connected_south=false,connected_up=false,connected_west=false,empty=true,facing=south] destinationTransition=false receiver=1639524696 resolved=1639524696 sameChunk=true
[10:16:03] [Server thread/ERROR] [de.an.AntikytheraMechanism/]: [HOST-WRITE-DIAG] HEAD pos=BlockPos{x=-9064030, y=-57, z=-3566364} before=Block{antikytheramechanism:mechanism_frame}[connected_down=false,connected_east=false,connected_north=false,connected_south=false,connected_up=false,connected_west=false,empty=true,facing=south] requested=Block{antikytheramechanism:mechanism_frame}[connected_down=false,connected_east=false,connected_north=false,connected_south=false,connected_up=false,connected_west=false,empty=false,facing=south] moving=false destinationTransition=false allowed=true receiver=1639524696 resolved=1639524696 sameChunk=true containing=ROOT
[10:16:03] [Server thread/ERROR] [de.an.AntikytheraMechanism/]: [HOST-WRITE-DIAG] RETURN pos=BlockPos{x=-9064030, y=-57, z=-3566364} previousReturn=Block{antikytheramechanism:mechanism_frame}[connected_down=false,connected_east=false,connected_north=false,connected_south=false,connected_up=false,connected_west=false,empty=true,facing=south] actual=Block{antikytheramechanism:mechanism_frame}[connected_down=false,connected_east=false,connected_north=false,connected_south=false,connected_up=false,connected_west=false,empty=false,facing=south] destinationTransition=false receiver=1639524696 resolved=1639524696 sameChunk=true
[10:16:03] [Server thread/WARN] [de.an.AntikytheraMechanism/]: Managed Sable SubLevel 21690ff9-7018-45a4-8daa-68b31aaf02df for assembly a9d1f1be-1682-4822-862b-a9e11475703f was removed (REMOVED)
[10:16:03] [Server thread/ERROR] [de.an.AntikytheraMechanism/]: [HOST-WRITE-DIAG] HEAD pos=BlockPos{x=-9064219, y=-57, z=-3566340} before=Block{minecraft:air} requested=Block{antikytheramechanism:mechanism_frame}[connected_down=false,connected_east=false,connected_north=false,connected_south=false,connected_up=false,connected_west=false,empty=true,facing=north] moving=false destinationTransition=false allowed=true receiver=859394133 resolved=859394133 sameChunk=true containing=ROOT
[10:16:03] [Server thread/WARN] [de.an.AntikytheraMechanism/]: [FREEZE-WATCHDOG] Armed 30s after Mechanism Frame placement at BlockPos{x=-9064219, y=-57, z=-3566340} in minecraft:overworld on thread Server thread (stall threshold=2000ms, generation=33)
[10:16:03] [Server thread/ERROR] [de.an.AntikytheraMechanism/]: [HOST-WRITE-DIAG] RETURN pos=BlockPos{x=-9064219, y=-57, z=-3566340} previousReturn=Block{minecraft:air} actual=Block{antikytheramechanism:mechanism_frame}[connected_down=false,connected_east=false,connected_north=false,connected_south=false,connected_up=false,connected_west=false,empty=true,facing=north] destinationTransition=false receiver=859394133 resolved=859394133 sameChunk=true
[10:16:03] [Server thread/DEBUG] [de.an.AntikytheraMechanism/]: Staged Sable SubLevel 34c1b512-5f9e-44dc-80bf-465023c748c8 for content in assembly a4eb5699-1fa4-49bc-a9a8-d5c85f822864
[10:16:03] [Server thread/WARN] [de.an.AntikytheraMechanism/]: Managed Sable SubLevel 34c1b512-5f9e-44dc-80bf-465023c748c8 for assembly a4eb5699-1fa4-49bc-a9a8-d5c85f822864 was removed (REMOVED)
[10:16:03] [Server thread/ERROR] [de.an.AntikytheraMechanism/]: [HOST-WRITE-DIAG] HEAD pos=BlockPos{x=-9064183, y=-57, z=-3566339} before=Block{minecraft:air} requested=Block{antikytheramechanism:mechanism_frame}[connected_down=false,connected_east=false,connected_north=false,connected_south=false,connected_up=false,connected_west=false,empty=true,facing=north] moving=false destinationTransition=false allowed=true receiver=28834503 resolved=28834503 sameChunk=true containing=ROOT
[10:16:03] [Server thread/WARN] [de.an.AntikytheraMechanism/]: [FREEZE-WATCHDOG] Armed 30s after Mechanism Frame placement at BlockPos{x=-9064183, y=-57, z=-3566339} in minecraft:overworld on thread Server thread (stall threshold=2000ms, generation=34)
[10:16:03] [Server thread/ERROR] [de.an.AntikytheraMechanism/]: [HOST-WRITE-DIAG] RETURN pos=BlockPos{x=-9064183, y=-57, z=-3566339} previousReturn=Block{minecraft:air} actual=Block{antikytheramechanism:mechanism_frame}[connected_down=false,connected_east=false,connected_north=false,connected_south=false,connected_up=false,connected_west=false,empty=true,facing=north] destinationTransition=false receiver=28834503 resolved=28834503 sameChunk=true
[10:16:03] [Server thread/ERROR] [de.an.AntikytheraMechanism/]: [HOST-WRITE-DIAG] HEAD pos=BlockPos{x=-9064182, y=-57, z=-3566339} before=Block{minecraft:air} requested=Block{antikytheramechanism:mechanism_frame}[connected_down=false,connected_east=false,connected_north=false,connected_south=false,connected_up=false,connected_west=false,empty=true,facing=north] moving=false destinationTransition=false allowed=true receiver=28834503 resolved=28834503 sameChunk=true containing=ROOT
[10:16:03] [Server thread/WARN] [de.an.AntikytheraMechanism/]: [FREEZE-WATCHDOG] Armed 30s after Mechanism Frame placement at BlockPos{x=-9064182, y=-57, z=-3566339} in minecraft:overworld on thread Server thread (stall threshold=2000ms, generation=35)
[10:16:03] [Server thread/ERROR] [de.an.AntikytheraMechanism/]: [HOST-WRITE-DIAG] RETURN pos=BlockPos{x=-9064182, y=-57, z=-3566339} previousReturn=Block{minecraft:air} actual=Block{antikytheramechanism:mechanism_frame}[connected_down=false,connected_east=false,connected_north=false,connected_south=false,connected_up=false,connected_west=false,empty=true,facing=north] destinationTransition=false receiver=28834503 resolved=28834503 sameChunk=true
[10:16:03] [Server thread/ERROR] [de.an.AntikytheraMechanism/]: [HOST-WRITE-DIAG] HEAD pos=BlockPos{x=-9064183, y=-57, z=-3566339} before=Block{antikytheramechanism:mechanism_frame}[connected_down=false,connected_east=false,connected_north=false,connected_south=false,connected_up=false,connected_west=false,empty=true,facing=north] requested=Block{antikytheramechanism:mechanism_frame}[connected_down=false,connected_east=true,connected_north=false,connected_south=false,connected_up=false,connected_west=false,empty=true,facing=north] moving=false destinationTransition=false allowed=true receiver=28834503 resolved=28834503 sameChunk=true containing=ROOT
[10:16:03] [Server thread/ERROR] [de.an.AntikytheraMechanism/]: [HOST-WRITE-DIAG] RETURN pos=BlockPos{x=-9064183, y=-57, z=-3566339} previousReturn=Block{antikytheramechanism:mechanism_frame}[connected_down=false,connected_east=false,connected_north=false,connected_south=false,connected_up=false,connected_west=false,empty=true,facing=north] actual=Block{antikytheramechanism:mechanism_frame}[connected_down=false,connected_east=true,connected_north=false,connected_south=false,connected_up=false,connected_west=false,empty=true,facing=north] destinationTransition=false receiver=28834503 resolved=28834503 sameChunk=true
[10:16:03] [Server thread/ERROR] [de.an.AntikytheraMechanism/]: [HOST-WRITE-DIAG] HEAD pos=BlockPos{x=-9064182, y=-57, z=-3566339} before=Block{antikytheramechanism:mechanism_frame}[connected_down=false,connected_east=false,connected_north=false,connected_south=false,connected_up=false,connected_west=false,empty=true,facing=north] requested=Block{antikytheramechanism:mechanism_frame}[connected_down=false,connected_east=false,connected_north=false,connected_south=false,connected_up=false,connected_west=true,empty=true,facing=north] moving=false destinationTransition=false allowed=true receiver=28834503 resolved=28834503 sameChunk=true containing=ROOT
[10:16:03] [Server thread/ERROR] [de.an.AntikytheraMechanism/]: [HOST-WRITE-DIAG] RETURN pos=BlockPos{x=-9064182, y=-57, z=-3566339} previousReturn=Block{antikytheramechanism:mechanism_frame}[connected_down=false,connected_east=false,connected_north=false,connected_south=false,connected_up=false,connected_west=false,empty=true,facing=north] actual=Block{antikytheramechanism:mechanism_frame}[connected_down=false,connected_east=false,connected_north=false,connected_south=false,connected_up=false,connected_west=true,empty=true,facing=north] destinationTransition=false receiver=28834503 resolved=28834503 sameChunk=true
[10:16:03] [Server thread/ERROR] [de.an.AntikytheraMechanism/]: [HOST-WRITE-DIAG] HEAD pos=BlockPos{x=-9064181, y=-57, z=-3566339} before=Block{minecraft:air} requested=Block{antikytheramechanism:mechanism_frame}[connected_down=false,connected_east=false,connected_north=false,connected_south=false,connected_up=false,connected_west=false,empty=true,facing=north] moving=false destinationTransition=false allowed=true receiver=28834503 resolved=28834503 sameChunk=true containing=ROOT
[10:16:03] [Server thread/WARN] [de.an.AntikytheraMechanism/]: [FREEZE-WATCHDOG] Armed 30s after Mechanism Frame placement at BlockPos{x=-9064181, y=-57, z=-3566339} in minecraft:overworld on thread Server thread (stall threshold=2000ms, generation=36)
[10:16:03] [Server thread/ERROR] [de.an.AntikytheraMechanism/]: [HOST-WRITE-DIAG] RETURN pos=BlockPos{x=-9064181, y=-57, z=-3566339} previousReturn=Block{minecraft:air} actual=Block{antikytheramechanism:mechanism_frame}[connected_down=false,connected_east=false,connected_north=false,connected_south=false,connected_up=false,connected_west=false,empty=true,facing=north] destinationTransition=false receiver=28834503 resolved=28834503 sameChunk=true
[10:16:03] [Server thread/ERROR] [de.an.AntikytheraMechanism/]: [HOST-WRITE-DIAG] HEAD pos=BlockPos{x=-9064182, y=-57, z=-3566339} before=Block{antikytheramechanism:mechanism_frame}[connected_down=false,connected_east=false,connected_north=false,connected_south=false,connected_up=false,connected_west=true,empty=true,facing=north] requested=Block{antikytheramechanism:mechanism_frame}[connected_down=false,connected_east=true,connected_north=false,connected_south=false,connected_up=false,connected_west=true,empty=true,facing=north] moving=false destinationTransition=false allowed=true receiver=28834503 resolved=28834503 sameChunk=true containing=ROOT
[10:16:03] [Server thread/ERROR] [de.an.AntikytheraMechanism/]: [HOST-WRITE-DIAG] RETURN pos=BlockPos{x=-9064182, y=-57, z=-3566339} previousReturn=Block{antikytheramechanism:mechanism_frame}[connected_down=false,connected_east=false,connected_north=false,connected_south=false,connected_up=false,connected_west=true,empty=true,facing=north] actual=Block{antikytheramechanism:mechanism_frame}[connected_down=false,connected_east=true,connected_north=false,connected_south=false,connected_up=false,connected_west=true,empty=true,facing=north] destinationTransition=false receiver=28834503 resolved=28834503 sameChunk=true
[10:16:03] [Server thread/ERROR] [de.an.AntikytheraMechanism/]: [HOST-WRITE-DIAG] HEAD pos=BlockPos{x=-9064181, y=-57, z=-3566339} before=Block{antikytheramechanism:mechanism_frame}[connected_down=false,connected_east=false,connected_north=false,connected_south=false,connected_up=false,connected_west=false,empty=true,facing=north] requested=Block{antikytheramechanism:mechanism_frame}[connected_down=false,connected_east=false,connected_north=false,connected_south=false,connected_up=false,connected_west=true,empty=true,facing=north] moving=false destinationTransition=false allowed=true receiver=28834503 resolved=28834503 sameChunk=true containing=ROOT
[10:16:03] [Server thread/ERROR] [de.an.AntikytheraMechanism/]: [HOST-WRITE-DIAG] RETURN pos=BlockPos{x=-9064181, y=-57, z=-3566339} previousReturn=Block{antikytheramechanism:mechanism_frame}[connected_down=false,connected_east=false,connected_north=false,connected_south=false,connected_up=false,connected_west=false,empty=true,facing=north] actual=Block{antikytheramechanism:mechanism_frame}[connected_down=false,connected_east=false,connected_north=false,connected_south=false,connected_up=false,connected_west=true,empty=true,facing=north] destinationTransition=false receiver=28834503 resolved=28834503 sameChunk=true
[10:16:03] [Server thread/DEBUG] [de.an.AntikytheraMechanism/]: Staged Sable SubLevel b7c4c8d6-6462-4c17-bf16-8338fa04b613 for content in assembly 02284fa4-f1fa-4ac2-8474-2008c1921a12
[10:16:03] [Server thread/DEBUG] [de.an.AntikytheraMechanism/]: Frame onRemove at BlockPos{x=-9064183, y=-57, z=-3566339} movedByPiston=false relocationJournal=false
[10:16:03] [Server thread/DEBUG] [de.an.AntikytheraMechanism/]: Staged Sable SubLevel 787b0114-6b4f-4293-bbe5-18c0ba3c2ca3 for content in assembly 83ff92d0-d530-4ce8-b879-896c1fe821d1
[10:16:03] [Server thread/ERROR] [de.an.AntikytheraMechanism/]: Assembly lifecycle listener antikytheramechanism:gametest_origin_rebase_outbound_recovery rejected afterAssemblyTransfer
[10:16:03] [Server thread/ERROR] [de.an.AntikytheraMechanism/]: Assembly lifecycle listener antikytheramechanism:gametest_origin_rebase_outbound_recovery rejected onAssemblyTransferRollback
[10:16:03] [Server thread/ERROR] [de.an.AntikytheraMechanism/]: Locked assemblies 02284fa4-f1fa-4ac2-8474-2008c1921a12 and 83ff92d0-d530-4ce8-b879-896c1fe821d1 after stale-origin repair failed: staging the retained payload for origin rebase requires recovery. Both managed payload references were retained for recovery.
[10:16:03] [Server thread/ERROR] [de.an.AntikytheraMechanism/]: [HOST-WRITE-DIAG] HEAD pos=BlockPos{x=-9064182, y=-57, z=-3566339} before=Block{antikytheramechanism:mechanism_frame}[connected_down=false,connected_east=true,connected_north=false,connected_south=false,connected_up=false,connected_west=true,empty=true,facing=north] requested=Block{antikytheramechanism:mechanism_frame}[connected_down=false,connected_east=true,connected_north=false,connected_south=false,connected_up=false,connected_west=false,empty=true,facing=north] moving=false destinationTransition=false allowed=true receiver=28834503 resolved=28834503 sameChunk=true containing=ROOT
[10:16:03] [Server thread/ERROR] [de.an.AntikytheraMechanism/]: [HOST-WRITE-DIAG] RETURN pos=BlockPos{x=-9064182, y=-57, z=-3566339} previousReturn=Block{antikytheramechanism:mechanism_frame}[connected_down=false,connected_east=true,connected_north=false,connected_south=false,connected_up=false,connected_west=true,empty=true,facing=north] actual=Block{antikytheramechanism:mechanism_frame}[connected_down=false,connected_east=true,connected_north=false,connected_south=false,connected_up=false,connected_west=false,empty=true,facing=north] destinationTransition=false receiver=28834503 resolved=28834503 sameChunk=true
[10:16:03] [Server thread/WARN] [de.an.AntikytheraMechanism/]: Managed Sable SubLevel b7c4c8d6-6462-4c17-bf16-8338fa04b613 for assembly 02284fa4-f1fa-4ac2-8474-2008c1921a12 was removed (REMOVED)
[10:16:03] [Server thread/ERROR] [de.an.AntikytheraMechanism/]: [HOST-WRITE-DIAG] HEAD pos=BlockPos{x=-9064146, y=-56, z=-3566341} before=Block{minecraft:air} requested=Block{antikytheramechanism:mechanism_frame}[connected_down=false,connected_east=false,connected_north=false,connected_south=false,connected_up=false,connected_west=false,empty=true,facing=north] moving=false destinationTransition=false allowed=true receiver=1498191405 resolved=1498191405 sameChunk=true containing=ROOT
[10:16:03] [Server thread/WARN] [de.an.AntikytheraMechanism/]: [FREEZE-WATCHDOG] Armed 30s after Mechanism Frame placement at BlockPos{x=-9064146, y=-56, z=-3566341} in minecraft:overworld on thread Server thread (stall threshold=2000ms, generation=37)
[10:16:03] [Server thread/ERROR] [de.an.AntikytheraMechanism/]: [HOST-WRITE-DIAG] RETURN pos=BlockPos{x=-9064146, y=-56, z=-3566341} previousReturn=Block{minecraft:air} actual=Block{antikytheramechanism:mechanism_frame}[connected_down=false,connected_east=false,connected_north=false,connected_south=false,connected_up=false,connected_west=false,empty=true,facing=north] destinationTransition=false receiver=1498191405 resolved=1498191405 sameChunk=true
[10:16:03] [Server thread/DEBUG] [de.an.AntikytheraMechanism/]: Staged Sable SubLevel 37d6fb54-e8e8-4925-90f8-d6fa545a68f1 for content in assembly 227ffe09-2c89-41b9-8c42-29e3b8cff1ce
[10:16:03] [Server thread/ERROR] [de.an.AntikytheraMechanism/]: [HOST-WRITE-DIAG] HEAD pos=BlockPos{x=-9064146, y=-56, z=-3566341} before=Block{antikytheramechanism:mechanism_frame}[connected_down=false,connected_east=false,connected_north=false,connected_south=false,connected_up=false,connected_west=false,empty=true,facing=north] requested=Block{antikytheramechanism:mechanism_frame}[connected_down=false,connected_east=false,connected_north=false,connected_south=false,connected_up=false,connected_west=false,empty=false,facing=north] moving=false destinationTransition=false allowed=true receiver=1498191405 resolved=1498191405 sameChunk=true containing=ROOT
[10:16:03] [Server thread/ERROR] [de.an.AntikytheraMechanism/]: [HOST-WRITE-DIAG] RETURN pos=BlockPos{x=-9064146, y=-56, z=-3566341} previousReturn=Block{antikytheramechanism:mechanism_frame}[connected_down=false,connected_east=false,connected_north=false,connected_south=false,connected_up=false,connected_west=false,empty=true,facing=north] actual=Block{antikytheramechanism:mechanism_frame}[connected_down=false,connected_east=false,connected_north=false,connected_south=false,connected_up=false,connected_west=false,empty=false,facing=north] destinationTransition=false receiver=1498191405 resolved=1498191405 sameChunk=true
[10:16:03] [Server thread/ERROR] [de.an.AntikytheraMechanism/]: [HOST-WRITE-DIAG] HEAD pos=BlockPos{x=20481032, y=128, z=20501512} before=Block{minecraft:air} requested=Block{antikytheramechanism:mechanism_frame}[connected_down=false,connected_east=false,connected_north=false,connected_south=false,connected_up=false,connected_west=false,empty=false,facing=north] moving=true destinationTransition=true allowed=true receiver=1728069820 resolved=1728069820 sameChunk=true containing=ac099c3e-1499-43ce-9c29-a68a84ef4dae
[10:16:03] [Server thread/ERROR] [de.an.AntikytheraMechanism/]: [HOST-WRITE-DIAG] RETURN pos=BlockPos{x=20481032, y=128, z=20501512} previousReturn=Block{minecraft:air} actual=Block{antikytheramechanism:mechanism_frame}[connected_down=false,connected_east=false,connected_north=false,connected_south=false,connected_up=false,connected_west=false,empty=false,facing=north] destinationTransition=true receiver=1728069820 resolved=1728069820 sameChunk=true
[10:16:03] [Server thread/DEBUG] [de.an.AntikytheraMechanism/]: Frame onRemove at BlockPos{x=-9064146, y=-56, z=-3566341} movedByPiston=true relocationJournal=true
[10:16:03] [Server thread/DEBUG] [de.an.AntikytheraMechanism/]: Adopted complete Sable relocation for assembly 227ffe09-2c89-41b9-8c42-29e3b8cff1ce by BlockPos{x=29545178, y=184, z=24067853} into host FOREIGN
[10:16:03] [Server thread/WARN] [de.an.AntikytheraMechanism/]: Managed Sable SubLevel 37d6fb54-e8e8-4925-90f8-d6fa545a68f1 for assembly 227ffe09-2c89-41b9-8c42-29e3b8cff1ce was removed (REMOVED)
[10:16:03] [Server thread/ERROR] [de.an.AntikytheraMechanism/]: [HOST-WRITE-DIAG] HEAD pos=BlockPos{x=-9064109, y=-57, z=-3566341} before=Block{minecraft:air} requested=Block{antikytheramechanism:mechanism_frame}[connected_down=false,connected_east=false,connected_north=false,connected_south=false,connected_up=false,connected_west=false,empty=true,facing=north] moving=false destinationTransition=false allowed=true receiver=505477572 resolved=505477572 sameChunk=true containing=ROOT
[10:16:03] [Server thread/WARN] [de.an.AntikytheraMechanism/]: [FREEZE-WATCHDOG] Armed 30s after Mechanism Frame placement at BlockPos{x=-9064109, y=-57, z=-3566341} in minecraft:overworld on thread Server thread (stall threshold=2000ms, generation=38)
[10:16:03] [Server thread/ERROR] [de.an.AntikytheraMechanism/]: [HOST-WRITE-DIAG] RETURN pos=BlockPos{x=-9064109, y=-57, z=-3566341} previousReturn=Block{minecraft:air} actual=Block{antikytheramechanism:mechanism_frame}[connected_down=false,connected_east=false,connected_north=false,connected_south=false,connected_up=false,connected_west=false,empty=true,facing=north] destinationTransition=false receiver=505477572 resolved=505477572 sameChunk=true
[10:16:03] [Server thread/DEBUG] [de.an.AntikytheraMechanism/]: Staged Sable SubLevel 372f7088-dd0a-4c43-8e1a-0bd1811fa352 for content in assembly 67eb24ba-4e64-48fa-8e33-d438a1b98504
[10:16:03] [Server thread/ERROR] [de.an.AntikytheraMechanism/]: [HOST-WRITE-DIAG] HEAD pos=BlockPos{x=20481032, y=128, z=20503560} before=Block{minecraft:air} requested=Block{antikytheramechanism:mechanism_frame}[connected_down=false,connected_east=false,connected_north=false,connected_south=false,connected_up=false,connected_west=false,empty=true,facing=north] moving=true destinationTransition=true allowed=true receiver=597239300 resolved=597239300 sameChunk=true containing=a421b42b-e2c6-40b1-9b83-0e17b8bbf3d3
[10:16:03] [Server thread/ERROR] [de.an.AntikytheraMechanism/]: [HOST-WRITE-DIAG] RETURN pos=BlockPos{x=20481032, y=128, z=20503560} previousReturn=Block{minecraft:air} actual=Block{antikytheramechanism:mechanism_frame}[connected_down=false,connected_east=false,connected_north=false,connected_south=false,connected_up=false,connected_west=false,empty=true,facing=north] destinationTransition=true receiver=597239300 resolved=597239300 sameChunk=true
[10:16:03] [Server thread/DEBUG] [de.an.AntikytheraMechanism/]: Frame onRemove at BlockPos{x=-9064109, y=-57, z=-3566341} movedByPiston=true relocationJournal=true
[10:16:03] [Server thread/DEBUG] [de.an.AntikytheraMechanism/]: Adopted complete Sable relocation for assembly 67eb24ba-4e64-48fa-8e33-d438a1b98504 by BlockPos{x=29545141, y=185, z=24069901} into host FOREIGN
[10:16:03] [Server thread/WARN] [de.an.AntikytheraMechanism/]: Managed Sable SubLevel 372f7088-dd0a-4c43-8e1a-0bd1811fa352 for assembly 67eb24ba-4e64-48fa-8e33-d438a1b98504 was removed (REMOVED)
[10:16:04] [Server thread/DEBUG] [mixin/]: Mixing RapierConstraintHandleScaleMixin from sablescale.mixins.json into dev.ryanhcode.sable.physics.impl.rapier.constraint.RapierConstraintHandle
[10:16:04] [Server thread/WARN] [de.an.AntikytheraMechanism/]: Managed Sable SubLevel f86190df-9b37-4008-aeb6-fe08a5c74007 for assembly d1194704-7787-4c6e-b991-77963405a2bb was removed (REMOVED)
[10:16:04] [Server thread/DEBUG] [de.an.AntikytheraMechanism/]: Retired empty Sable SubLevel f86190df-9b37-4008-aeb6-fe08a5c74007 while keeping assembly d1194704-7787-4c6e-b991-77963405a2bb
[10:16:04] [Server thread/DEBUG] [de.an.AntikytheraMechanism/]: Frame onRemove at BlockPos{x=-9064108, y=-57, z=-3566406} movedByPiston=false relocationJournal=true
[10:16:04] [Server thread/WARN] [de.an.AntikytheraMechanism/]: Managed Sable SubLevel 9470ac57-0c5b-45c2-8942-b642c60f06bb for assembly f86a2dc1-5343-47a9-8610-f0a235c2692c was removed (REMOVED)
[10:16:04] [Server thread/DEBUG] [de.an.AntikytheraMechanism/]: Frame onRemove at BlockPos{x=-9064108, y=-57, z=-3566362} movedByPiston=false relocationJournal=true
[10:16:04] [Server thread/WARN] [de.an.AntikytheraMechanism/]: Managed Sable SubLevel 113ca384-a4f7-4ce6-b793-d0301d391f3b for assembly c130e594-5f63-4338-aa21-0724fd681a43 was removed (REMOVED)
[10:16:04] [Server thread/WARN] [de.an.AntikytheraMechanism/]: Managed Sable SubLevel 5bcbc888-138d-41f9-991c-cbf91202b75f for assembly f2868d35-d92f-4fcc-83d5-aad11195de76 was removed (REMOVED)
[10:16:04] [Server thread/INFO] [minecraft/GameTestServer]: [++++++++ +++++X  ++++++  ++++++  ++++++                                                ]
[10:16:04] [Server thread/ERROR] [de.an.AntikytheraMechanism/]: [HOST-WRITE-DIAG] HEAD pos=BlockPos{x=-9064030, y=-57, z=-3566364} before=Block{antikytheramechanism:mechanism_frame}[connected_down=false,connected_east=false,connected_north=false,connected_south=false,connected_up=false,connected_west=false,empty=false,facing=south] requested=Block{antikytheramechanism:mechanism_frame}[connected_down=false,connected_east=false,connected_north=false,connected_south=false,connected_up=false,connected_west=false,empty=true,facing=south] moving=false destinationTransition=false allowed=true receiver=1639524696 resolved=1639524696 sameChunk=true containing=ROOT
[10:16:04] [Server thread/ERROR] [de.an.AntikytheraMechanism/]: [HOST-WRITE-DIAG] RETURN pos=BlockPos{x=-9064030, y=-57, z=-3566364} previousReturn=Block{antikytheramechanism:mechanism_frame}[connected_down=false,connected_east=false,connected_north=false,connected_south=false,connected_up=false,connected_west=false,empty=false,facing=south] actual=Block{antikytheramechanism:mechanism_frame}[connected_down=false,connected_east=false,connected_north=false,connected_south=false,connected_up=false,connected_west=false,empty=true,facing=south] destinationTransition=false receiver=1639524696 resolved=1639524696 sameChunk=true
[10:16:04] [Server thread/ERROR] [de.an.AntikytheraMechanism/]: [HOST-WRITE-DIAG] HEAD pos=BlockPos{x=-9064035, y=-57, z=-3566429} before=Block{antikytheramechanism:mechanism_frame}[connected_down=false,connected_east=false,connected_north=false,connected_south=false,connected_up=false,connected_west=false,empty=false,facing=north] requested=Block{antikytheramechanism:mechanism_frame}[connected_down=false,connected_east=false,connected_north=false,connected_south=false,connected_up=false,connected_west=false,empty=true,facing=north] moving=false destinationTransition=false allowed=true receiver=920541889 resolved=920541889 sameChunk=true containing=ROOT
[10:16:04] [Server thread/ERROR] [de.an.AntikytheraMechanism/]: [HOST-WRITE-DIAG] RETURN pos=BlockPos{x=-9064035, y=-57, z=-3566429} previousReturn=Block{antikytheramechanism:mechanism_frame}[connected_down=false,connected_east=false,connected_north=false,connected_south=false,connected_up=false,connected_west=false,empty=false,facing=north] actual=Block{antikytheramechanism:mechanism_frame}[connected_down=false,connected_east=false,connected_north=false,connected_south=false,connected_up=false,connected_west=false,empty=true,facing=north] destinationTransition=false receiver=920541889 resolved=920541889 sameChunk=true
[10:16:04] [Server thread/ERROR] [de.an.AntikytheraMechanism/]: [HOST-WRITE-DIAG] HEAD pos=BlockPos{x=20481032, y=128, z=20501512} before=Block{antikytheramechanism:mechanism_frame}[connected_down=false,connected_east=false,connected_north=false,connected_south=false,connected_up=false,connected_west=false,empty=false,facing=north] requested=Block{antikytheramechanism:mechanism_frame}[connected_down=false,connected_east=false,connected_north=false,connected_south=false,connected_up=false,connected_west=false,empty=true,facing=north] moving=false destinationTransition=false allowed=true receiver=1728069820 resolved=1728069820 sameChunk=true containing=ac099c3e-1499-43ce-9c29-a68a84ef4dae
[10:16:04] [Server thread/ERROR] [de.an.AntikytheraMechanism/]: [HOST-WRITE-DIAG] RETURN pos=BlockPos{x=20481032, y=128, z=20501512} previousReturn=Block{antikytheramechanism:mechanism_frame}[connected_down=false,connected_east=false,connected_north=false,connected_south=false,connected_up=false,connected_west=false,empty=false,facing=north] actual=Block{antikytheramechanism:mechanism_frame}[connected_down=false,connected_east=false,connected_north=false,connected_south=false,connected_up=false,connected_west=false,empty=true,facing=north] destinationTransition=false receiver=1728069820 resolved=1728069820 sameChunk=true
[10:16:04] [Server thread/ERROR] [de.an.AntikytheraMechanism/]: [HOST-WRITE-DIAG] HEAD pos=BlockPos{x=-9064108, y=-56, z=-3566384} before=Block{antikytheramechanism:mechanism_frame}[connected_down=false,connected_east=false,connected_north=false,connected_south=false,connected_up=false,connected_west=false,empty=false,facing=north] requested=Block{antikytheramechanism:mechanism_frame}[connected_down=false,connected_east=false,connected_north=false,connected_south=false,connected_up=false,connected_west=false,empty=true,facing=north] moving=false destinationTransition=false allowed=true receiver=1631972402 resolved=1631972402 sameChunk=true containing=ROOT
[10:16:04] [Server thread/ERROR] [de.an.AntikytheraMechanism/]: [HOST-WRITE-DIAG] RETURN pos=BlockPos{x=-9064108, y=-56, z=-3566384} previousReturn=Block{antikytheramechanism:mechanism_frame}[connected_down=false,connected_east=false,connected_north=false,connected_south=false,connected_up=false,connected_west=false,empty=false,facing=north] actual=Block{antikytheramechanism:mechanism_frame}[connected_down=false,connected_east=false,connected_north=false,connected_south=false,connected_up=false,connected_west=false,empty=true,facing=north] destinationTransition=false receiver=1631972402 resolved=1631972402 sameChunk=true
[10:16:04] [Server thread/DEBUG] [mixin/]: Mixing entity.entities_stick_sublevels.packet_mixin.ClientboundMoveEntityPacketPosMixin from sable.mixins.json into net.minecraft.network.protocol.game.ClientboundMoveEntityPacket$Pos
[10:16:04] [Server thread/DEBUG] [mixin/]: sable.mixins.json:entity.entities_stick_sublevels.packet_mixin.ClientboundMoveEntityPacketPosMixin from mod sable->@Inject::sable$writeActuallyInSubLevel(Lnet/minecraft/network/FriendlyByteBuf;Lorg/spongepowered/asm/mixin/injection/callback/CallbackInfo;)V doesn't use it's CallbackInfo
[10:16:04] [Server thread/DEBUG] [mixin/]: sable.mixins.json:entity.entities_stick_sublevels.packet_mixin.ClientboundMoveEntityPacketPosMixin from mod sable->@Inject::sable$writeActuallyInSubLevel(Lnet/minecraft/network/FriendlyByteBuf;Lorg/spongepowered/asm/mixin/injection/callback/CallbackInfo;)V has 0 override(s) in child classes
[10:16:04] [Server thread/DEBUG] [mixin/]: sable.mixins.json:entity.entities_stick_sublevels.packet_mixin.ClientboundMoveEntityPacketPosMixin from mod sable->@Inject::sable$writeActuallyInSubLevel(Lnet/minecraft/network/FriendlyByteBuf;Lorg/spongepowered/asm/mixin/injection/callback/CallbackInfo;)V won't be passed a CallbackInfo as a result
[10:16:04] [Server thread/DEBUG] [mixin/]: sable.mixins.json:entity.entities_stick_sublevels.packet_mixin.ClientboundMoveEntityPacketPosMixin from mod sable->@Inject::sable$readActuallyInSubLevel(Lnet/minecraft/network/FriendlyByteBuf;Lorg/spongepowered/asm/mixin/injection/callback/CallbackInfoReturnable;)V does use it's CallbackInfoReturnable
[10:16:04] [Server thread/DEBUG] [mixin/]: Mixing SubLevelEntityCollisionMixin from sablescale.mixins.json into dev.ryanhcode.sable.sublevel.entity_collision.SubLevelEntityCollision
[10:16:04] [Server thread/DEBUG] [mixin/]: Renaming synthetic method lambda$static$0()Lorg/joml/Vector3d; to md8240a5$sablescale$lambda$static$0$0 in sablescale.mixins.json:SubLevelEntityCollisionMixin from mod sablescale
[10:16:04] [Server thread/ERROR] [de.an.AntikytheraMechanism/]: [HOST-WRITE-DIAG] HEAD pos=BlockPos{x=-9064256, y=-57, z=-3566406} before=Block{minecraft:air} requested=Block{antikytheramechanism:mechanism_frame}[connected_down=false,connected_east=false,connected_north=false,connected_south=false,connected_up=false,connected_west=false,empty=true,facing=north] moving=false destinationTransition=false allowed=true receiver=739589942 resolved=739589942 sameChunk=true containing=ROOT
[10:16:04] [Server thread/WARN] [de.an.AntikytheraMechanism/]: [FREEZE-WATCHDOG] Armed 30s after Mechanism Frame placement at BlockPos{x=-9064256, y=-57, z=-3566406} in minecraft:overworld on thread Server thread (stall threshold=2000ms, generation=39)
[10:16:04] [Server thread/ERROR] [de.an.AntikytheraMechanism/]: [HOST-WRITE-DIAG] RETURN pos=BlockPos{x=-9064256, y=-57, z=-3566406} previousReturn=Block{minecraft:air} actual=Block{antikytheramechanism:mechanism_frame}[connected_down=false,connected_east=false,connected_north=false,connected_south=false,connected_up=false,connected_west=false,empty=true,facing=north] destinationTransition=false receiver=739589942 resolved=739589942 sameChunk=true
[10:16:04] [Server thread/DEBUG] [de.an.AntikytheraMechanism/]: Staged Sable SubLevel c15f3ea8-fe9c-4d90-b378-c927fa29466b for content in assembly 0812acd7-9bdb-45db-bb5d-1f7fca6d4428
[10:16:04] [Server thread/DEBUG] [de.an.AntikytheraMechanism/]: Frame onRemove at BlockPos{x=-9064256, y=-57, z=-3566406} movedByPiston=false relocationJournal=true
[10:16:04] [Server thread/ERROR] [de.an.AntikytheraMechanism/]: [HOST-WRITE-DIAG] HEAD pos=BlockPos{x=-9064256, y=-57, z=-3566406} before=Block{minecraft:air} requested=Block{antikytheramechanism:mechanism_frame}[connected_down=false,connected_east=false,connected_north=false,connected_south=false,connected_up=false,connected_west=false,empty=true,facing=east] moving=false destinationTransition=false allowed=true receiver=739589942 resolved=739589942 sameChunk=true containing=ROOT
[10:16:04] [Server thread/ERROR] [de.an.AntikytheraMechanism/]: [HOST-WRITE-DIAG] RETURN pos=BlockPos{x=-9064256, y=-57, z=-3566406} previousReturn=Block{minecraft:air} actual=Block{antikytheramechanism:mechanism_frame}[connected_down=false,connected_east=false,connected_north=false,connected_south=false,connected_up=false,connected_west=false,empty=true,facing=east] destinationTransition=false receiver=739589942 resolved=739589942 sameChunk=true
[10:16:04] [Server thread/WARN] [de.an.AntikytheraMechanism/]: Managed Sable SubLevel c15f3ea8-fe9c-4d90-b378-c927fa29466b for assembly 0812acd7-9bdb-45db-bb5d-1f7fca6d4428 was removed (REMOVED)
[10:16:04] [Server thread/ERROR] [de.an.AntikytheraMechanism/]: [HOST-WRITE-DIAG] HEAD pos=BlockPos{x=-9063999, y=-57, z=-3566408} before=Block{minecraft:air} requested=Block{antikytheramechanism:mechanism_frame}[connected_down=false,connected_east=false,connected_north=false,connected_south=false,connected_up=false,connected_west=false,empty=true,facing=north] moving=false destinationTransition=false allowed=true receiver=1392270654 resolved=1392270654 sameChunk=true containing=ROOT
[10:16:04] [Server thread/WARN] [de.an.AntikytheraMechanism/]: [FREEZE-WATCHDOG] Armed 30s after Mechanism Frame placement at BlockPos{x=-9063999, y=-57, z=-3566408} in minecraft:overworld on thread Server thread (stall threshold=2000ms, generation=40)
[10:16:04] [Server thread/ERROR] [de.an.AntikytheraMechanism/]: [HOST-WRITE-DIAG] RETURN pos=BlockPos{x=-9063999, y=-57, z=-3566408} previousReturn=Block{minecraft:air} actual=Block{antikytheramechanism:mechanism_frame}[connected_down=false,connected_east=false,connected_north=false,connected_south=false,connected_up=false,connected_west=false,empty=true,facing=north] destinationTransition=false receiver=1392270654 resolved=1392270654 sameChunk=true
[10:16:04] [Server thread/DEBUG] [de.an.AntikytheraMechanism/]: Staged Sable SubLevel cce01f21-e284-420b-8f95-feb51900239b for content in assembly 6537e2dc-c915-4af5-a6f5-b117de4f5938
[10:16:04] [Server thread/ERROR] [de.an.AntikytheraMechanism/]: [HOST-WRITE-DIAG] HEAD pos=BlockPos{x=-9063999, y=-57, z=-3566408} before=Block{antikytheramechanism:mechanism_frame}[connected_down=false,connected_east=false,connected_north=false,connected_south=false,connected_up=false,connected_west=false,empty=true,facing=north] requested=Block{antikytheramechanism:mechanism_frame}[connected_down=false,connected_east=false,connected_north=false,connected_south=false,connected_up=false,connected_west=false,empty=false,facing=north] moving=false destinationTransition=false allowed=true receiver=1392270654 resolved=1392270654 sameChunk=true containing=ROOT
[10:16:04] [Server thread/ERROR] [de.an.AntikytheraMechanism/]: [HOST-WRITE-DIAG] RETURN pos=BlockPos{x=-9063999, y=-57, z=-3566408} previousReturn=Block{antikytheramechanism:mechanism_frame}[connected_down=false,connected_east=false,connected_north=false,connected_south=false,connected_up=false,connected_west=false,empty=true,facing=north] actual=Block{antikytheramechanism:mechanism_frame}[connected_down=false,connected_east=false,connected_north=false,connected_south=false,connected_up=false,connected_west=false,empty=false,facing=north] destinationTransition=false receiver=1392270654 resolved=1392270654 sameChunk=true
[10:16:04] [Server thread/DEBUG] [de.an.AntikytheraMechanism/]: Frame onRemove at BlockPos{x=-9063999, y=-57, z=-3566408} movedByPiston=false relocationJournal=true
[10:16:04] [Server thread/ERROR] [de.an.AntikytheraMechanism/]: [HOST-WRITE-DIAG] HEAD pos=BlockPos{x=-9063993, y=-57, z=-3566407} before=Block{minecraft:air} requested=Block{antikytheramechanism:mechanism_frame}[connected_down=false,connected_east=false,connected_north=false,connected_south=false,connected_up=false,connected_west=false,empty=true,facing=east] moving=false destinationTransition=false allowed=true receiver=1392270654 resolved=1392270654 sameChunk=true containing=ROOT
[10:16:04] [Server thread/ERROR] [de.an.AntikytheraMechanism/]: [HOST-WRITE-DIAG] RETURN pos=BlockPos{x=-9063993, y=-57, z=-3566407} previousReturn=Block{minecraft:air} actual=Block{antikytheramechanism:mechanism_frame}[connected_down=false,connected_east=false,connected_north=false,connected_south=false,connected_up=false,connected_west=false,empty=true,facing=east] destinationTransition=false receiver=1392270654 resolved=1392270654 sameChunk=true
[10:16:04] [Server thread/ERROR] [de.an.AntikytheraMechanism/]: [HOST-WRITE-DIAG] HEAD pos=BlockPos{x=-9063993, y=-57, z=-3566407} before=Block{antikytheramechanism:mechanism_frame}[connected_down=false,connected_east=false,connected_north=false,connected_south=false,connected_up=false,connected_west=false,empty=true,facing=east] requested=Block{antikytheramechanism:mechanism_frame}[connected_down=false,connected_east=false,connected_north=false,connected_south=false,connected_up=false,connected_west=false,empty=false,facing=east] moving=false destinationTransition=false allowed=true receiver=1392270654 resolved=1392270654 sameChunk=true containing=ROOT
[10:16:04] [Server thread/ERROR] [de.an.AntikytheraMechanism/]: [HOST-WRITE-DIAG] RETURN pos=BlockPos{x=-9063993, y=-57, z=-3566407} previousReturn=Block{antikytheramechanism:mechanism_frame}[connected_down=false,connected_east=false,connected_north=false,connected_south=false,connected_up=false,connected_west=false,empty=true,facing=east] actual=Block{antikytheramechanism:mechanism_frame}[connected_down=false,connected_east=false,connected_north=false,connected_south=false,connected_up=false,connected_west=false,empty=false,facing=east] destinationTransition=false receiver=1392270654 resolved=1392270654 sameChunk=true
[10:16:04] [Server thread/WARN] [de.an.AntikytheraMechanism/]: Managed Sable SubLevel cce01f21-e284-420b-8f95-feb51900239b for assembly 6537e2dc-c915-4af5-a6f5-b117de4f5938 was removed (REMOVED)
[10:16:04] [Server thread/ERROR] [de.an.AntikytheraMechanism/]: [HOST-WRITE-DIAG] HEAD pos=BlockPos{x=-9064257, y=-57, z=-3566385} before=Block{minecraft:air} requested=Block{antikytheramechanism:mechanism_frame}[connected_down=false,connected_east=false,connected_north=false,connected_south=false,connected_up=false,connected_west=false,empty=true,facing=north] moving=false destinationTransition=false allowed=true receiver=1043995663 resolved=1043995663 sameChunk=true containing=ROOT
[10:16:04] [Server thread/WARN] [de.an.AntikytheraMechanism/]: [FREEZE-WATCHDOG] Armed 30s after Mechanism Frame placement at BlockPos{x=-9064257, y=-57, z=-3566385} in minecraft:overworld on thread Server thread (stall threshold=2000ms, generation=41)
[10:16:04] [Server thread/ERROR] [de.an.AntikytheraMechanism/]: [HOST-WRITE-DIAG] RETURN pos=BlockPos{x=-9064257, y=-57, z=-3566385} previousReturn=Block{minecraft:air} actual=Block{antikytheramechanism:mechanism_frame}[connected_down=false,connected_east=false,connected_north=false,connected_south=false,connected_up=false,connected_west=false,empty=true,facing=north] destinationTransition=false receiver=1043995663 resolved=1043995663 sameChunk=true
[10:16:04] [Server thread/DEBUG] [de.an.AntikytheraMechanism/]: Staged Sable SubLevel 4eb2140c-9e7e-424c-89d3-2a59ecfabe7d for content in assembly be004153-0667-4710-970f-59ad079fab1f
[10:16:04] [Server thread/ERROR] [de.an.AntikytheraMechanism/]: [HOST-WRITE-DIAG] HEAD pos=BlockPos{x=-9064257, y=-57, z=-3566385} before=Block{antikytheramechanism:mechanism_frame}[connected_down=false,connected_east=false,connected_north=false,connected_south=false,connected_up=false,connected_west=false,empty=true,facing=north] requested=Block{antikytheramechanism:mechanism_frame}[connected_down=false,connected_east=false,connected_north=false,connected_south=false,connected_up=false,connected_west=false,empty=false,facing=north] moving=false destinationTransition=false allowed=true receiver=1043995663 resolved=1043995663 sameChunk=true containing=ROOT
[10:16:04] [Server thread/ERROR] [de.an.AntikytheraMechanism/]: [HOST-WRITE-DIAG] RETURN pos=BlockPos{x=-9064257, y=-57, z=-3566385} previousReturn=Block{antikytheramechanism:mechanism_frame}[connected_down=false,connected_east=false,connected_north=false,connected_south=false,connected_up=false,connected_west=false,empty=true,facing=north] actual=Block{antikytheramechanism:mechanism_frame}[connected_down=false,connected_east=false,connected_north=false,connected_south=false,connected_up=false,connected_west=false,empty=false,facing=north] destinationTransition=false receiver=1043995663 resolved=1043995663 sameChunk=true
[10:16:04] [Server thread/ERROR] [de.an.AntikytheraMechanism/]: [HOST-WRITE-DIAG] HEAD pos=BlockPos{x=20481032, y=128, z=20483080} before=Block{minecraft:air} requested=Block{antikytheramechanism:mechanism_frame}[connected_down=false,connected_east=false,connected_north=false,connected_south=false,connected_up=false,connected_west=false,empty=false,facing=north] moving=true destinationTransition=true allowed=true receiver=388282979 resolved=388282979 sameChunk=true containing=bd438e59-d24b-448b-a42f-ec320ba423d0
[10:16:04] [Server thread/ERROR] [de.an.AntikytheraMechanism/]: [HOST-WRITE-DIAG] RETURN pos=BlockPos{x=20481032, y=128, z=20483080} previousReturn=Block{minecraft:air} actual=Block{antikytheramechanism:mechanism_frame}[connected_down=false,connected_east=false,connected_north=false,connected_south=false,connected_up=false,connected_west=false,empty=false,facing=north] destinationTransition=true receiver=388282979 resolved=388282979 sameChunk=true
[10:16:04] [Server thread/DEBUG] [de.an.AntikytheraMechanism/]: Frame onRemove at BlockPos{x=-9064257, y=-57, z=-3566385} movedByPiston=true relocationJournal=true
[10:16:04] [Server thread/DEBUG] [de.an.AntikytheraMechanism/]: Adopted complete Sable relocation for assembly be004153-0667-4710-970f-59ad079fab1f by BlockPos{x=29545289, y=185, z=24049465} into host FOREIGN
[10:16:04] [Server thread/ERROR] [de.an.AntikytheraMechanism/]: [HOST-WRITE-DIAG] HEAD pos=BlockPos{x=20481032, y=128, z=20483080} before=Block{antikytheramechanism:mechanism_frame}[connected_down=false,connected_east=false,connected_north=false,connected_south=false,connected_up=false,connected_west=false,empty=false,facing=north] requested=Block{antikytheramechanism:mechanism_frame}[connected_down=false,connected_east=false,connected_north=false,connected_south=false,connected_up=false,connected_west=false,empty=true,facing=north] moving=false destinationTransition=false allowed=true receiver=388282979 resolved=388282979 sameChunk=true containing=bd438e59-d24b-448b-a42f-ec320ba423d0
[10:16:04] [Server thread/ERROR] [de.an.AntikytheraMechanism/]: [HOST-WRITE-DIAG] RETURN pos=BlockPos{x=20481032, y=128, z=20483080} previousReturn=Block{antikytheramechanism:mechanism_frame}[connected_down=false,connected_east=false,connected_north=false,connected_south=false,connected_up=false,connected_west=false,empty=false,facing=north] actual=Block{antikytheramechanism:mechanism_frame}[connected_down=false,connected_east=false,connected_north=false,connected_south=false,connected_up=false,connected_west=false,empty=true,facing=north] destinationTransition=false receiver=388282979 resolved=388282979 sameChunk=true
[10:16:04] [Server thread/WARN] [de.an.AntikytheraMechanism/]: Managed Sable SubLevel 4eb2140c-9e7e-424c-89d3-2a59ecfabe7d for assembly be004153-0667-4710-970f-59ad079fab1f was removed (REMOVED)
[10:16:04] [Server thread/ERROR] [de.an.AntikytheraMechanism/]: [HOST-WRITE-DIAG] HEAD pos=BlockPos{x=-9063997, y=-57, z=-3566384} before=Block{minecraft:air} requested=Block{antikytheramechanism:mechanism_frame}[connected_down=false,connected_east=false,connected_north=false,connected_south=false,connected_up=false,connected_west=false,empty=true,facing=north] moving=false destinationTransition=false allowed=true receiver=1417921900 resolved=1417921900 sameChunk=true containing=ROOT
[10:16:04] [Server thread/WARN] [de.an.AntikytheraMechanism/]: [FREEZE-WATCHDOG] Armed 30s after Mechanism Frame placement at BlockPos{x=-9063997, y=-57, z=-3566384} in minecraft:overworld on thread Server thread (stall threshold=2000ms, generation=42)
[10:16:04] [Server thread/ERROR] [de.an.AntikytheraMechanism/]: [HOST-WRITE-DIAG] RETURN pos=BlockPos{x=-9063997, y=-57, z=-3566384} previousReturn=Block{minecraft:air} actual=Block{antikytheramechanism:mechanism_frame}[connected_down=false,connected_east=false,connected_north=false,connected_south=false,connected_up=false,connected_west=false,empty=true,facing=north] destinationTransition=false receiver=1417921900 resolved=1417921900 sameChunk=true
[10:16:04] [Server thread/ERROR] [de.an.AntikytheraMechanism/]: [HOST-WRITE-DIAG] HEAD pos=BlockPos{x=-9064257, y=-57, z=-3566363} before=Block{minecraft:air} requested=Block{antikytheramechanism:mechanism_frame}[connected_down=false,connected_east=false,connected_north=false,connected_south=false,connected_up=false,connected_west=false,empty=true,facing=north] moving=false destinationTransition=false allowed=true receiver=2011083152 resolved=2011083152 sameChunk=true containing=ROOT
[10:16:04] [Server thread/WARN] [de.an.AntikytheraMechanism/]: [FREEZE-WATCHDOG] Armed 30s after Mechanism Frame placement at BlockPos{x=-9064257, y=-57, z=-3566363} in minecraft:overworld on thread Server thread (stall threshold=2000ms, generation=43)
[10:16:04] [Server thread/ERROR] [de.an.AntikytheraMechanism/]: [HOST-WRITE-DIAG] RETURN pos=BlockPos{x=-9064257, y=-57, z=-3566363} previousReturn=Block{minecraft:air} actual=Block{antikytheramechanism:mechanism_frame}[connected_down=false,connected_east=false,connected_north=false,connected_south=false,connected_up=false,connected_west=false,empty=true,facing=north] destinationTransition=false receiver=2011083152 resolved=2011083152 sameChunk=true
[10:16:04] [Server thread/DEBUG] [de.an.AntikytheraMechanism/]: Staged Sable SubLevel 95bbd26c-e87f-479d-9848-b876f818ab0a for content in assembly 943cd4e9-cd35-46f1-bebd-4fc2876476c8
[10:16:04] [Server thread/ERROR] [de.an.AntikytheraMechanism/]: [HOST-WRITE-DIAG] HEAD pos=BlockPos{x=-9064257, y=-57, z=-3566363} before=Block{antikytheramechanism:mechanism_frame}[connected_down=false,connected_east=false,connected_north=false,connected_south=false,connected_up=false,connected_west=false,empty=true,facing=north] requested=Block{antikytheramechanism:mechanism_frame}[connected_down=false,connected_east=false,connected_north=false,connected_south=false,connected_up=false,connected_west=false,empty=false,facing=north] moving=false destinationTransition=false allowed=true receiver=2011083152 resolved=2011083152 sameChunk=true containing=ROOT
[10:16:04] [Server thread/ERROR] [de.an.AntikytheraMechanism/]: [HOST-WRITE-DIAG] RETURN pos=BlockPos{x=-9064257, y=-57, z=-3566363} previousReturn=Block{antikytheramechanism:mechanism_frame}[connected_down=false,connected_east=false,connected_north=false,connected_south=false,connected_up=false,connected_west=false,empty=true,facing=north] actual=Block{antikytheramechanism:mechanism_frame}[connected_down=false,connected_east=false,connected_north=false,connected_south=false,connected_up=false,connected_west=false,empty=false,facing=north] destinationTransition=false receiver=2011083152 resolved=2011083152 sameChunk=true
[10:16:04] [Server thread/ERROR] [de.an.AntikytheraMechanism/]: [HOST-WRITE-DIAG] HEAD pos=BlockPos{x=20481032, y=128, z=20485128} before=Block{minecraft:air} requested=Block{antikytheramechanism:mechanism_frame}[connected_down=false,connected_east=false,connected_north=false,connected_south=false,connected_up=false,connected_west=false,empty=false,facing=north] moving=true destinationTransition=true allowed=true receiver=2140989164 resolved=2140989164 sameChunk=true containing=d2d0a5b2-5c7b-45b1-9b43-9c6c9f55035d
[10:16:04] [Server thread/ERROR] [de.an.AntikytheraMechanism/]: [HOST-WRITE-DIAG] RETURN pos=BlockPos{x=20481032, y=128, z=20485128} previousReturn=Block{minecraft:air} actual=Block{antikytheramechanism:mechanism_frame}[connected_down=false,connected_east=false,connected_north=false,connected_south=false,connected_up=false,connected_west=false,empty=false,facing=north] destinationTransition=true receiver=2140989164 resolved=2140989164 sameChunk=true
[10:16:04] [Server thread/DEBUG] [de.an.AntikytheraMechanism/]: Frame onRemove at BlockPos{x=-9064257, y=-57, z=-3566363} movedByPiston=true relocationJournal=true
[10:16:04] [Server thread/DEBUG] [de.an.AntikytheraMechanism/]: Adopted complete Sable relocation for assembly 943cd4e9-cd35-46f1-bebd-4fc2876476c8 by BlockPos{x=29545289, y=185, z=24051491} into host FOREIGN
[10:16:04] [Server thread/ERROR] [de.an.AntikytheraMechanism/]: [HOST-WRITE-DIAG] HEAD pos=BlockPos{x=-9064257, y=-57, z=-3566363} before=Block{minecraft:air} requested=Block{antikytheramechanism:mechanism_frame}[connected_down=false,connected_east=false,connected_north=false,connected_south=false,connected_up=false,connected_west=false,empty=false,facing=north] moving=true destinationTransition=true allowed=true receiver=2011083152 resolved=2011083152 sameChunk=true containing=ROOT
[10:16:04] [Server thread/ERROR] [de.an.AntikytheraMechanism/]: [HOST-WRITE-DIAG] RETURN pos=BlockPos{x=-9064257, y=-57, z=-3566363} previousReturn=Block{minecraft:air} actual=Block{antikytheramechanism:mechanism_frame}[connected_down=false,connected_east=false,connected_north=false,connected_south=false,connected_up=false,connected_west=false,empty=false,facing=north] destinationTransition=true receiver=2011083152 resolved=2011083152 sameChunk=true
[10:16:04] [Server thread/DEBUG] [de.an.AntikytheraMechanism/]: Frame onRemove at BlockPos{x=20481032, y=128, z=20485128} movedByPiston=true relocationJournal=true
[10:16:04] [Server thread/DEBUG] [de.an.AntikytheraMechanism/]: Adopted complete Sable relocation for assembly 943cd4e9-cd35-46f1-bebd-4fc2876476c8 by BlockPos{x=-29545289, y=-185, z=-24051491} into host ROOT
[10:16:04] [Server thread/WARN] [de.an.AntikytheraMechanism/]: Managed Sable SubLevel 95bbd26c-e87f-479d-9848-b876f818ab0a for assembly 943cd4e9-cd35-46f1-bebd-4fc2876476c8 was removed (REMOVED)
[10:16:04] [Server thread/ERROR] [de.an.AntikytheraMechanism/]: [HOST-WRITE-DIAG] HEAD pos=BlockPos{x=-9063999, y=-58, z=-3566342} before=Block{minecraft:air} requested=Block{antikytheramechanism:mechanism_frame}[connected_down=false,connected_east=false,connected_north=false,connected_south=false,connected_up=false,connected_west=false,empty=true,facing=west] moving=false destinationTransition=false allowed=true receiver=1788388742 resolved=1788388742 sameChunk=true containing=ROOT
[10:16:04] [Server thread/WARN] [de.an.AntikytheraMechanism/]: [FREEZE-WATCHDOG] Armed 30s after Mechanism Frame placement at BlockPos{x=-9063999, y=-58, z=-3566342} in minecraft:overworld on thread Server thread (stall threshold=2000ms, generation=44)
[10:16:04] [Server thread/ERROR] [de.an.AntikytheraMechanism/]: [HOST-WRITE-DIAG] RETURN pos=BlockPos{x=-9063999, y=-58, z=-3566342} previousReturn=Block{minecraft:air} actual=Block{antikytheramechanism:mechanism_frame}[connected_down=false,connected_east=false,connected_north=false,connected_south=false,connected_up=false,connected_west=false,empty=true,facing=west] destinationTransition=false receiver=1788388742 resolved=1788388742 sameChunk=true
[10:16:04] [Server thread/ERROR] [de.an.AntikytheraMechanism/]: [HOST-WRITE-DIAG] HEAD pos=BlockPos{x=-9063998, y=-58, z=-3566342} before=Block{minecraft:air} requested=Block{antikytheramechanism:mechanism_frame}[connected_down=false,connected_east=false,connected_north=false,connected_south=false,connected_up=false,connected_west=false,empty=true,facing=west] moving=false destinationTransition=false allowed=true receiver=1788388742 resolved=1788388742 sameChunk=true containing=ROOT
[10:16:04] [Server thread/WARN] [de.an.AntikytheraMechanism/]: [FREEZE-WATCHDOG] Armed 30s after Mechanism Frame placement at BlockPos{x=-9063998, y=-58, z=-3566342} in minecraft:overworld on thread Server thread (stall threshold=2000ms, generation=45)
[10:16:04] [Server thread/ERROR] [de.an.AntikytheraMechanism/]: [HOST-WRITE-DIAG] RETURN pos=BlockPos{x=-9063998, y=-58, z=-3566342} previousReturn=Block{minecraft:air} actual=Block{antikytheramechanism:mechanism_frame}[connected_down=false,connected_east=false,connected_north=false,connected_south=false,connected_up=false,connected_west=false,empty=true,facing=west] destinationTransition=false receiver=1788388742 resolved=1788388742 sameChunk=true
[10:16:04] [Server thread/ERROR] [de.an.AntikytheraMechanism/]: [HOST-WRITE-DIAG] HEAD pos=BlockPos{x=-9063999, y=-58, z=-3566342} before=Block{antikytheramechanism:mechanism_frame}[connected_down=false,connected_east=false,connected_north=false,connected_south=false,connected_up=false,connected_west=false,empty=true,facing=west] requested=Block{antikytheramechanism:mechanism_frame}[connected_down=false,connected_east=true,connected_north=false,connected_south=false,connected_up=false,connected_west=false,empty=true,facing=west] moving=false destinationTransition=false allowed=true receiver=1788388742 resolved=1788388742 sameChunk=true containing=ROOT
[10:16:04] [Server thread/ERROR] [de.an.AntikytheraMechanism/]: [HOST-WRITE-DIAG] RETURN pos=BlockPos{x=-9063999, y=-58, z=-3566342} previousReturn=Block{antikytheramechanism:mechanism_frame}[connected_down=false,connected_east=false,connected_north=false,connected_south=false,connected_up=false,connected_west=false,empty=true,facing=west] actual=Block{antikytheramechanism:mechanism_frame}[connected_down=false,connected_east=true,connected_north=false,connected_south=false,connected_up=false,connected_west=false,empty=true,facing=west] destinationTransition=false receiver=1788388742 resolved=1788388742 sameChunk=true
[10:16:04] [Server thread/ERROR] [de.an.AntikytheraMechanism/]: [HOST-WRITE-DIAG] HEAD pos=BlockPos{x=-9063998, y=-58, z=-3566342} before=Block{antikytheramechanism:mechanism_frame}[connected_down=false,connected_east=false,connected_north=false,connected_south=false,connected_up=false,connected_west=false,empty=true,facing=west] requested=Block{antikytheramechanism:mechanism_frame}[connected_down=false,connected_east=false,connected_north=false,connected_south=false,connected_up=false,connected_west=true,empty=true,facing=west] moving=false destinationTransition=false allowed=true receiver=1788388742 resolved=1788388742 sameChunk=true containing=ROOT
[10:16:04] [Server thread/ERROR] [de.an.AntikytheraMechanism/]: [HOST-WRITE-DIAG] RETURN pos=BlockPos{x=-9063998, y=-58, z=-3566342} previousReturn=Block{antikytheramechanism:mechanism_frame}[connected_down=false,connected_east=false,connected_north=false,connected_south=false,connected_up=false,connected_west=false,empty=true,facing=west] actual=Block{antikytheramechanism:mechanism_frame}[connected_down=false,connected_east=false,connected_north=false,connected_south=false,connected_up=false,connected_west=true,empty=true,facing=west] destinationTransition=false receiver=1788388742 resolved=1788388742 sameChunk=true
[10:16:04] [Server thread/ERROR] [de.an.AntikytheraMechanism/]: [HOST-WRITE-DIAG] HEAD pos=BlockPos{x=-9063997, y=-58, z=-3566342} before=Block{minecraft:air} requested=Block{antikytheramechanism:mechanism_frame}[connected_down=false,connected_east=false,connected_north=false,connected_south=false,connected_up=false,connected_west=false,empty=true,facing=west] moving=false destinationTransition=false allowed=true receiver=1788388742 resolved=1788388742 sameChunk=true containing=ROOT
[10:16:04] [Server thread/WARN] [de.an.AntikytheraMechanism/]: [FREEZE-WATCHDOG] Armed 30s after Mechanism Frame placement at BlockPos{x=-9063997, y=-58, z=-3566342} in minecraft:overworld on thread Server thread (stall threshold=2000ms, generation=46)
[10:16:04] [Server thread/ERROR] [de.an.AntikytheraMechanism/]: [HOST-WRITE-DIAG] RETURN pos=BlockPos{x=-9063997, y=-58, z=-3566342} previousReturn=Block{minecraft:air} actual=Block{antikytheramechanism:mechanism_frame}[connected_down=false,connected_east=false,connected_north=false,connected_south=false,connected_up=false,connected_west=false,empty=true,facing=west] destinationTransition=false receiver=1788388742 resolved=1788388742 sameChunk=true
[10:16:04] [Server thread/ERROR] [de.an.AntikytheraMechanism/]: [HOST-WRITE-DIAG] HEAD pos=BlockPos{x=-9063998, y=-58, z=-3566342} before=Block{antikytheramechanism:mechanism_frame}[connected_down=false,connected_east=false,connected_north=false,connected_south=false,connected_up=false,connected_west=true,empty=true,facing=west] requested=Block{antikytheramechanism:mechanism_frame}[connected_down=false,connected_east=true,connected_north=false,connected_south=false,connected_up=false,connected_west=true,empty=true,facing=west] moving=false destinationTransition=false allowed=true receiver=1788388742 resolved=1788388742 sameChunk=true containing=ROOT
[10:16:04] [Server thread/ERROR] [de.an.AntikytheraMechanism/]: [HOST-WRITE-DIAG] RETURN pos=BlockPos{x=-9063998, y=-58, z=-3566342} previousReturn=Block{antikytheramechanism:mechanism_frame}[connected_down=false,connected_east=false,connected_north=false,connected_south=false,connected_up=false,connected_west=true,empty=true,facing=west] actual=Block{antikytheramechanism:mechanism_frame}[connected_down=false,connected_east=true,connected_north=false,connected_south=false,connected_up=false,connected_west=true,empty=true,facing=west] destinationTransition=false receiver=1788388742 resolved=1788388742 sameChunk=true
[10:16:04] [Server thread/ERROR] [de.an.AntikytheraMechanism/]: [HOST-WRITE-DIAG] HEAD pos=BlockPos{x=-9063997, y=-58, z=-3566342} before=Block{antikytheramechanism:mechanism_frame}[connected_down=false,connected_east=false,connected_north=false,connected_south=false,connected_up=false,connected_west=false,empty=true,facing=west] requested=Block{antikytheramechanism:mechanism_frame}[connected_down=false,connected_east=false,connected_north=false,connected_south=false,connected_up=false,connected_west=true,empty=true,facing=west] moving=false destinationTransition=false allowed=true receiver=1788388742 resolved=1788388742 sameChunk=true containing=ROOT
[10:16:04] [Server thread/ERROR] [de.an.AntikytheraMechanism/]: [HOST-WRITE-DIAG] RETURN pos=BlockPos{x=-9063997, y=-58, z=-3566342} previousReturn=Block{antikytheramechanism:mechanism_frame}[connected_down=false,connected_east=false,connected_north=false,connected_south=false,connected_up=false,connected_west=false,empty=true,facing=west] actual=Block{antikytheramechanism:mechanism_frame}[connected_down=false,connected_east=false,connected_north=false,connected_south=false,connected_up=false,connected_west=true,empty=true,facing=west] destinationTransition=false receiver=1788388742 resolved=1788388742 sameChunk=true
[10:16:04] [Server thread/DEBUG] [de.an.AntikytheraMechanism/]: Frame onRemove at BlockPos{x=-9063998, y=-58, z=-3566342} movedByPiston=false relocationJournal=false
[10:16:04] [Server thread/ERROR] [de.an.AntikytheraMechanism/]: [HOST-WRITE-DIAG] HEAD pos=BlockPos{x=-9063999, y=-58, z=-3566342} before=Block{antikytheramechanism:mechanism_frame}[connected_down=false,connected_east=true,connected_north=false,connected_south=false,connected_up=false,connected_west=false,empty=true,facing=west] requested=Block{antikytheramechanism:mechanism_frame}[connected_down=false,connected_east=false,connected_north=false,connected_south=false,connected_up=false,connected_west=false,empty=true,facing=west] moving=false destinationTransition=false allowed=true receiver=1788388742 resolved=1788388742 sameChunk=true containing=ROOT
[10:16:04] [Server thread/ERROR] [de.an.AntikytheraMechanism/]: [HOST-WRITE-DIAG] RETURN pos=BlockPos{x=-9063999, y=-58, z=-3566342} previousReturn=Block{antikytheramechanism:mechanism_frame}[connected_down=false,connected_east=true,connected_north=false,connected_south=false,connected_up=false,connected_west=false,empty=true,facing=west] actual=Block{antikytheramechanism:mechanism_frame}[connected_down=false,connected_east=false,connected_north=false,connected_south=false,connected_up=false,connected_west=false,empty=true,facing=west] destinationTransition=false receiver=1788388742 resolved=1788388742 sameChunk=true
[10:16:04] [Server thread/ERROR] [de.an.AntikytheraMechanism/]: [HOST-WRITE-DIAG] HEAD pos=BlockPos{x=-9063997, y=-58, z=-3566342} before=Block{antikytheramechanism:mechanism_frame}[connected_down=false,connected_east=false,connected_north=false,connected_south=false,connected_up=false,connected_west=true,empty=true,facing=west] requested=Block{antikytheramechanism:mechanism_frame}[connected_down=false,connected_east=false,connected_north=false,connected_south=false,connected_up=false,connected_west=false,empty=true,facing=west] moving=false destinationTransition=false allowed=true receiver=1788388742 resolved=1788388742 sameChunk=true containing=ROOT
[10:16:04] [Server thread/ERROR] [de.an.AntikytheraMechanism/]: [HOST-WRITE-DIAG] RETURN pos=BlockPos{x=-9063997, y=-58, z=-3566342} previousReturn=Block{antikytheramechanism:mechanism_frame}[connected_down=false,connected_east=false,connected_north=false,connected_south=false,connected_up=false,connected_west=true,empty=true,facing=west] actual=Block{antikytheramechanism:mechanism_frame}[connected_down=false,connected_east=false,connected_north=false,connected_south=false,connected_up=false,connected_west=false,empty=true,facing=west] destinationTransition=false receiver=1788388742 resolved=1788388742 sameChunk=true
[10:16:04] [Server thread/ERROR] [de.an.AntikytheraMechanism/]: [HOST-WRITE-DIAG] HEAD pos=BlockPos{x=-9064258, y=-57, z=-3566315} before=Block{minecraft:air} requested=Block{antikytheramechanism:mechanism_frame}[connected_down=false,connected_east=false,connected_north=false,connected_south=false,connected_up=false,connected_west=false,empty=true,facing=north] moving=false destinationTransition=false allowed=true receiver=898954913 resolved=898954913 sameChunk=true containing=ROOT
[10:16:04] [Server thread/WARN] [de.an.AntikytheraMechanism/]: [FREEZE-WATCHDOG] Armed 30s after Mechanism Frame placement at BlockPos{x=-9064258, y=-57, z=-3566315} in minecraft:overworld on thread Server thread (stall threshold=2000ms, generation=47)
[10:16:04] [Server thread/ERROR] [de.an.AntikytheraMechanism/]: [HOST-WRITE-DIAG] RETURN pos=BlockPos{x=-9064258, y=-57, z=-3566315} previousReturn=Block{minecraft:air} actual=Block{antikytheramechanism:mechanism_frame}[connected_down=false,connected_east=false,connected_north=false,connected_south=false,connected_up=false,connected_west=false,empty=true,facing=north] destinationTransition=false receiver=898954913 resolved=898954913 sameChunk=true
[10:16:04] [Server thread/ERROR] [de.an.AntikytheraMechanism/]: [HOST-WRITE-DIAG] HEAD pos=BlockPos{x=-9064257, y=-57, z=-3566315} before=Block{minecraft:air} requested=Block{antikytheramechanism:mechanism_frame}[connected_down=false,connected_east=false,connected_north=false,connected_south=false,connected_up=false,connected_west=false,empty=true,facing=north] moving=false destinationTransition=false allowed=true receiver=898954913 resolved=898954913 sameChunk=true containing=ROOT
[10:16:04] [Server thread/WARN] [de.an.AntikytheraMechanism/]: [FREEZE-WATCHDOG] Armed 30s after Mechanism Frame placement at BlockPos{x=-9064257, y=-57, z=-3566315} in minecraft:overworld on thread Server thread (stall threshold=2000ms, generation=48)
[10:16:04] [Server thread/ERROR] [de.an.AntikytheraMechanism/]: [HOST-WRITE-DIAG] RETURN pos=BlockPos{x=-9064257, y=-57, z=-3566315} previousReturn=Block{minecraft:air} actual=Block{antikytheramechanism:mechanism_frame}[connected_down=false,connected_east=false,connected_north=false,connected_south=false,connected_up=false,connected_west=false,empty=true,facing=north] destinationTransition=false receiver=898954913 resolved=898954913 sameChunk=true
[10:16:04] [Server thread/ERROR] [de.an.AntikytheraMechanism/]: [HOST-WRITE-DIAG] HEAD pos=BlockPos{x=-9064258, y=-57, z=-3566315} before=Block{antikytheramechanism:mechanism_frame}[connected_down=false,connected_east=false,connected_north=false,connected_south=false,connected_up=false,connected_west=false,empty=true,facing=north] requested=Block{antikytheramechanism:mechanism_frame}[connected_down=false,connected_east=true,connected_north=false,connected_south=false,connected_up=false,connected_west=false,empty=true,facing=north] moving=false destinationTransition=false allowed=true receiver=898954913 resolved=898954913 sameChunk=true containing=ROOT
[10:16:04] [Server thread/ERROR] [de.an.AntikytheraMechanism/]: [HOST-WRITE-DIAG] RETURN pos=BlockPos{x=-9064258, y=-57, z=-3566315} previousReturn=Block{antikytheramechanism:mechanism_frame}[connected_down=false,connected_east=false,connected_north=false,connected_south=false,connected_up=false,connected_west=false,empty=true,facing=north] actual=Block{antikytheramechanism:mechanism_frame}[connected_down=false,connected_east=true,connected_north=false,connected_south=false,connected_up=false,connected_west=false,empty=true,facing=north] destinationTransition=false receiver=898954913 resolved=898954913 sameChunk=true
[10:16:04] [Server thread/ERROR] [de.an.AntikytheraMechanism/]: [HOST-WRITE-DIAG] HEAD pos=BlockPos{x=-9064257, y=-57, z=-3566315} before=Block{antikytheramechanism:mechanism_frame}[connected_down=false,connected_east=false,connected_north=false,connected_south=false,connected_up=false,connected_west=false,empty=true,facing=north] requested=Block{antikytheramechanism:mechanism_frame}[connected_down=false,connected_east=false,connected_north=false,connected_south=false,connected_up=false,connected_west=true,empty=true,facing=north] moving=false destinationTransition=false allowed=true receiver=898954913 resolved=898954913 sameChunk=true containing=ROOT
[10:16:04] [Server thread/ERROR] [de.an.AntikytheraMechanism/]: [HOST-WRITE-DIAG] RETURN pos=BlockPos{x=-9064257, y=-57, z=-3566315} previousReturn=Block{antikytheramechanism:mechanism_frame}[connected_down=false,connected_east=false,connected_north=false,connected_south=false,connected_up=false,connected_west=false,empty=true,facing=north] actual=Block{antikytheramechanism:mechanism_frame}[connected_down=false,connected_east=false,connected_north=false,connected_south=false,connected_up=false,connected_west=true,empty=true,facing=north] destinationTransition=false receiver=898954913 resolved=898954913 sameChunk=true
[10:16:04] [Server thread/DEBUG] [de.an.AntikytheraMechanism/]: Staged Sable SubLevel 6bbd9efe-771c-4d80-9a8b-ea7018475fd5 for content in assembly 411164af-e5a8-406c-b50c-ca2b9b00e4cf
[10:16:04] [Server thread/DEBUG] [de.an.AntikytheraMechanism/]: Frame onRemove at BlockPos{x=-9064258, y=-57, z=-3566315} movedByPiston=false relocationJournal=false
[10:16:04] [Server thread/DEBUG] [de.an.AntikytheraMechanism/]: Staged Sable SubLevel 63ea5d8d-0d9a-4347-80a9-d000802ab761 for content in assembly ef4baad6-d32b-4728-91b1-bb766feb36e3
[10:16:04] [Server thread/WARN] [de.an.AntikytheraMechanism/]: Managed Sable SubLevel 63ea5d8d-0d9a-4347-80a9-d000802ab761 for assembly ef4baad6-d32b-4728-91b1-bb766feb36e3 was removed (REMOVED)
[10:16:04] [Server thread/DEBUG] [de.an.AntikytheraMechanism/]: Rebased assembly 411164af-e5a8-406c-b50c-ca2b9b00e4cf after topology change: stale origin BlockPos{x=-9064258, y=-57, z=-3566315} -> BlockPos{x=-9064257, y=-57, z=-3566315} over 1 retained Frames
[10:16:04] [Server thread/ERROR] [de.an.AntikytheraMechanism/]: [HOST-WRITE-DIAG] HEAD pos=BlockPos{x=-9064257, y=-57, z=-3566315} before=Block{antikytheramechanism:mechanism_frame}[connected_down=false,connected_east=false,connected_north=false,connected_south=false,connected_up=false,connected_west=true,empty=true,facing=north] requested=Block{antikytheramechanism:mechanism_frame}[connected_down=false,connected_east=false,connected_north=false,connected_south=false,connected_up=false,connected_west=false,empty=true,facing=north] moving=false destinationTransition=false allowed=true receiver=898954913 resolved=898954913 sameChunk=true containing=ROOT
[10:16:04] [Server thread/ERROR] [de.an.AntikytheraMechanism/]: [HOST-WRITE-DIAG] RETURN pos=BlockPos{x=-9064257, y=-57, z=-3566315} previousReturn=Block{antikytheramechanism:mechanism_frame}[connected_down=false,connected_east=false,connected_north=false,connected_south=false,connected_up=false,connected_west=true,empty=true,facing=north] actual=Block{antikytheramechanism:mechanism_frame}[connected_down=false,connected_east=false,connected_north=false,connected_south=false,connected_up=false,connected_west=false,empty=true,facing=north] destinationTransition=false receiver=898954913 resolved=898954913 sameChunk=true
[10:16:04] [Server thread/WARN] [de.an.AntikytheraMechanism/]: Managed Sable SubLevel 6bbd9efe-771c-4d80-9a8b-ea7018475fd5 for assembly 411164af-e5a8-406c-b50c-ca2b9b00e4cf was removed (REMOVED)
[10:16:04] [Server thread/ERROR] [de.an.AntikytheraMechanism/]: [HOST-WRITE-DIAG] HEAD pos=BlockPos{x=-9064219, y=-57, z=-3566318} before=Block{minecraft:air} requested=Block{antikytheramechanism:mechanism_frame}[connected_down=false,connected_east=false,connected_north=false,connected_south=false,connected_up=false,connected_west=false,empty=true,facing=north] moving=false destinationTransition=false allowed=true receiver=519792108 resolved=519792108 sameChunk=true containing=ROOT
[10:16:04] [Server thread/WARN] [de.an.AntikytheraMechanism/]: [FREEZE-WATCHDOG] Armed 30s after Mechanism Frame placement at BlockPos{x=-9064219, y=-57, z=-3566318} in minecraft:overworld on thread Server thread (stall threshold=2000ms, generation=49)
[10:16:04] [Server thread/ERROR] [de.an.AntikytheraMechanism/]: [HOST-WRITE-DIAG] RETURN pos=BlockPos{x=-9064219, y=-57, z=-3566318} previousReturn=Block{minecraft:air} actual=Block{antikytheramechanism:mechanism_frame}[connected_down=false,connected_east=false,connected_north=false,connected_south=false,connected_up=false,connected_west=false,empty=true,facing=north] destinationTransition=false receiver=519792108 resolved=519792108 sameChunk=true
[10:16:04] [Server thread/DEBUG] [de.an.AntikytheraMechanism/]: Staged Sable SubLevel e30995f0-3697-4009-aeaa-105dee4db18c for content in assembly 6c1455c2-bb85-4909-8328-bc2f37a2ddbf
[10:16:04] [Server thread/ERROR] [de.an.AntikytheraMechanism/]: [HOST-WRITE-DIAG] HEAD pos=BlockPos{x=-9064219, y=-57, z=-3566318} before=Block{antikytheramechanism:mechanism_frame}[connected_down=false,connected_east=false,connected_north=false,connected_south=false,connected_up=false,connected_west=false,empty=true,facing=north] requested=Block{antikytheramechanism:mechanism_frame}[connected_down=false,connected_east=false,connected_north=false,connected_south=false,connected_up=false,connected_west=false,empty=false,facing=north] moving=false destinationTransition=false allowed=true receiver=519792108 resolved=519792108 sameChunk=true containing=ROOT
[10:16:04] [Server thread/ERROR] [de.an.AntikytheraMechanism/]: [HOST-WRITE-DIAG] RETURN pos=BlockPos{x=-9064219, y=-57, z=-3566318} previousReturn=Block{antikytheramechanism:mechanism_frame}[connected_down=false,connected_east=false,connected_north=false,connected_south=false,connected_up=false,connected_west=false,empty=true,facing=north] actual=Block{antikytheramechanism:mechanism_frame}[connected_down=false,connected_east=false,connected_north=false,connected_south=false,connected_up=false,connected_west=false,empty=false,facing=north] destinationTransition=false receiver=519792108 resolved=519792108 sameChunk=true
[10:16:04] [Server thread/ERROR] [de.an.AntikytheraMechanism/]: [HOST-WRITE-DIAG] HEAD pos=BlockPos{x=-9064183, y=-57, z=-3566319} before=Block{minecraft:air} requested=Block{antikytheramechanism:mechanism_frame}[connected_down=false,connected_east=false,connected_north=false,connected_south=false,connected_up=false,connected_west=false,empty=true,facing=north] moving=false destinationTransition=false allowed=true receiver=776445849 resolved=776445849 sameChunk=true containing=ROOT
[10:16:04] [Server thread/WARN] [de.an.AntikytheraMechanism/]: [FREEZE-WATCHDOG] Armed 30s after Mechanism Frame placement at BlockPos{x=-9064183, y=-57, z=-3566319} in minecraft:overworld on thread Server thread (stall threshold=2000ms, generation=50)
[10:16:04] [Server thread/ERROR] [de.an.AntikytheraMechanism/]: [HOST-WRITE-DIAG] RETURN pos=BlockPos{x=-9064183, y=-57, z=-3566319} previousReturn=Block{minecraft:air} actual=Block{antikytheramechanism:mechanism_frame}[connected_down=false,connected_east=false,connected_north=false,connected_south=false,connected_up=false,connected_west=false,empty=true,facing=north] destinationTransition=false receiver=776445849 resolved=776445849 sameChunk=true
[10:16:04] [Server thread/ERROR] [de.an.AntikytheraMechanism/]: [HOST-WRITE-DIAG] HEAD pos=BlockPos{x=-9064182, y=-57, z=-3566319} before=Block{minecraft:air} requested=Block{antikytheramechanism:mechanism_frame}[connected_down=false,connected_east=false,connected_north=false,connected_south=false,connected_up=false,connected_west=false,empty=true,facing=north] moving=false destinationTransition=false allowed=true receiver=776445849 resolved=776445849 sameChunk=true containing=ROOT
[10:16:04] [Server thread/WARN] [de.an.AntikytheraMechanism/]: [FREEZE-WATCHDOG] Armed 30s after Mechanism Frame placement at BlockPos{x=-9064182, y=-57, z=-3566319} in minecraft:overworld on thread Server thread (stall threshold=2000ms, generation=51)
[10:16:04] [Server thread/ERROR] [de.an.AntikytheraMechanism/]: [HOST-WRITE-DIAG] RETURN pos=BlockPos{x=-9064182, y=-57, z=-3566319} previousReturn=Block{minecraft:air} actual=Block{antikytheramechanism:mechanism_frame}[connected_down=false,connected_east=false,connected_north=false,connected_south=false,connected_up=false,connected_west=false,empty=true,facing=north] destinationTransition=false receiver=776445849 resolved=776445849 sameChunk=true
[10:16:04] [Server thread/ERROR] [de.an.AntikytheraMechanism/]: [HOST-WRITE-DIAG] HEAD pos=BlockPos{x=-9064183, y=-57, z=-3566319} before=Block{antikytheramechanism:mechanism_frame}[connected_down=false,connected_east=false,connected_north=false,connected_south=false,connected_up=false,connected_west=false,empty=true,facing=north] requested=Block{antikytheramechanism:mechanism_frame}[connected_down=false,connected_east=true,connected_north=false,connected_south=false,connected_up=false,connected_west=false,empty=true,facing=north] moving=false destinationTransition=false allowed=true receiver=776445849 resolved=776445849 sameChunk=true containing=ROOT
[10:16:04] [Server thread/ERROR] [de.an.AntikytheraMechanism/]: [HOST-WRITE-DIAG] RETURN pos=BlockPos{x=-9064183, y=-57, z=-3566319} previousReturn=Block{antikytheramechanism:mechanism_frame}[connected_down=false,connected_east=false,connected_north=false,connected_south=false,connected_up=false,connected_west=false,empty=true,facing=north] actual=Block{antikytheramechanism:mechanism_frame}[connected_down=false,connected_east=true,connected_north=false,connected_south=false,connected_up=false,connected_west=false,empty=true,facing=north] destinationTransition=false receiver=776445849 resolved=776445849 sameChunk=true
[10:16:04] [Server thread/ERROR] [de.an.AntikytheraMechanism/]: [HOST-WRITE-DIAG] HEAD pos=BlockPos{x=-9064182, y=-57, z=-3566319} before=Block{antikytheramechanism:mechanism_frame}[connected_down=false,connected_east=false,connected_north=false,connected_south=false,connected_up=false,connected_west=false,empty=true,facing=north] requested=Block{antikytheramechanism:mechanism_frame}[connected_down=false,connected_east=false,connected_north=false,connected_south=false,connected_up=false,connected_west=true,empty=true,facing=north] moving=false destinationTransition=false allowed=true receiver=776445849 resolved=776445849 sameChunk=true containing=ROOT
[10:16:04] [Server thread/ERROR] [de.an.AntikytheraMechanism/]: [HOST-WRITE-DIAG] RETURN pos=BlockPos{x=-9064182, y=-57, z=-3566319} previousReturn=Block{antikytheramechanism:mechanism_frame}[connected_down=false,connected_east=false,connected_north=false,connected_south=false,connected_up=false,connected_west=false,empty=true,facing=north] actual=Block{antikytheramechanism:mechanism_frame}[connected_down=false,connected_east=false,connected_north=false,connected_south=false,connected_up=false,connected_west=true,empty=true,facing=north] destinationTransition=false receiver=776445849 resolved=776445849 sameChunk=true
[10:16:04] [Server thread/DEBUG] [de.an.AntikytheraMechanism/]: Staged Sable SubLevel 183bc7fc-6754-4da9-ac19-4de1175702b3 for content in assembly fc61a29f-8a04-4057-9409-e9678977c64c
[10:16:04] [Server thread/ERROR] [de.an.AntikytheraMechanism/]: [HOST-WRITE-DIAG] HEAD pos=BlockPos{x=20481032, y=128, z=20493320} before=Block{minecraft:air} requested=Block{antikytheramechanism:mechanism_frame}[connected_down=false,connected_east=true,connected_north=false,connected_south=false,connected_up=false,connected_west=false,empty=true,facing=north] moving=true destinationTransition=true allowed=true receiver=988366446 resolved=988366446 sameChunk=true containing=acb4ea79-7c72-4a76-9252-659e9f9c8b59
[10:16:04] [Server thread/ERROR] [de.an.AntikytheraMechanism/]: [HOST-WRITE-DIAG] RETURN pos=BlockPos{x=20481032, y=128, z=20493320} previousReturn=Block{minecraft:air} actual=Block{antikytheramechanism:mechanism_frame}[connected_down=false,connected_east=true,connected_north=false,connected_south=false,connected_up=false,connected_west=false,empty=true,facing=north] destinationTransition=true receiver=988366446 resolved=988366446 sameChunk=true
[10:16:04] [Server thread/ERROR] [de.an.AntikytheraMechanism/]: [HOST-WRITE-DIAG] HEAD pos=BlockPos{x=20481033, y=128, z=20493320} before=Block{minecraft:air} requested=Block{antikytheramechanism:mechanism_frame}[connected_down=false,connected_east=false,connected_north=false,connected_south=false,connected_up=false,connected_west=true,empty=true,facing=north] moving=true destinationTransition=true allowed=true receiver=988366446 resolved=988366446 sameChunk=true containing=acb4ea79-7c72-4a76-9252-659e9f9c8b59
[10:16:04] [Server thread/ERROR] [de.an.AntikytheraMechanism/]: [HOST-WRITE-DIAG] RETURN pos=BlockPos{x=20481033, y=128, z=20493320} previousReturn=Block{minecraft:air} actual=Block{antikytheramechanism:mechanism_frame}[connected_down=false,connected_east=false,connected_north=false,connected_south=false,connected_up=false,connected_west=true,empty=true,facing=north] destinationTransition=true receiver=988366446 resolved=988366446 sameChunk=true
[10:16:04] [Server thread/DEBUG] [de.an.AntikytheraMechanism/]: Frame onRemove at BlockPos{x=-9064183, y=-57, z=-3566319} movedByPiston=true relocationJournal=true
[10:16:04] [Server thread/DEBUG] [de.an.AntikytheraMechanism/]: Frame onRemove at BlockPos{x=-9064182, y=-57, z=-3566319} movedByPiston=true relocationJournal=true
[10:16:04] [Server thread/ERROR] [de.an.AntikytheraMechanism/]: [HOST-WRITE-DIAG] HEAD pos=BlockPos{x=20481032, y=128, z=20493320} before=Block{antikytheramechanism:mechanism_frame}[connected_down=false,connected_east=true,connected_north=false,connected_south=false,connected_up=false,connected_west=false,empty=true,facing=north] requested=Block{antikytheramechanism:mechanism_frame}[connected_down=false,connected_east=true,connected_north=false,connected_south=false,connected_up=false,connected_west=false,empty=false,facing=north] moving=false destinationTransition=false allowed=true receiver=988366446 resolved=988366446 sameChunk=true containing=acb4ea79-7c72-4a76-9252-659e9f9c8b59
[10:16:04] [Server thread/ERROR] [de.an.AntikytheraMechanism/]: [HOST-WRITE-DIAG] RETURN pos=BlockPos{x=20481032, y=128, z=20493320} previousReturn=Block{antikytheramechanism:mechanism_frame}[connected_down=false,connected_east=true,connected_north=false,connected_south=false,connected_up=false,connected_west=false,empty=true,facing=north] actual=Block{antikytheramechanism:mechanism_frame}[connected_down=false,connected_east=true,connected_north=false,connected_south=false,connected_up=false,connected_west=false,empty=false,facing=north] destinationTransition=false receiver=988366446 resolved=988366446 sameChunk=true
[10:16:04] [Server thread/ERROR] [de.an.AntikytheraMechanism/]: [HOST-WRITE-DIAG] HEAD pos=BlockPos{x=20481033, y=128, z=20493320} before=Block{antikytheramechanism:mechanism_frame}[connected_down=false,connected_east=false,connected_north=false,connected_south=false,connected_up=false,connected_west=true,empty=true,facing=north] requested=Block{antikytheramechanism:mechanism_frame}[connected_down=false,connected_east=false,connected_north=false,connected_south=false,connected_up=false,connected_west=true,empty=false,facing=north] moving=false destinationTransition=false allowed=true receiver=988366446 resolved=988366446 sameChunk=true containing=acb4ea79-7c72-4a76-9252-659e9f9c8b59
[10:16:04] [Server thread/ERROR] [de.an.AntikytheraMechanism/]: [HOST-WRITE-DIAG] RETURN pos=BlockPos{x=20481033, y=128, z=20493320} previousReturn=Block{antikytheramechanism:mechanism_frame}[connected_down=false,connected_east=false,connected_north=false,connected_south=false,connected_up=false,connected_west=true,empty=true,facing=north] actual=Block{antikytheramechanism:mechanism_frame}[connected_down=false,connected_east=false,connected_north=false,connected_south=false,connected_up=false,connected_west=true,empty=false,facing=north] destinationTransition=false receiver=988366446 resolved=988366446 sameChunk=true
[10:16:04] [Server thread/DEBUG] [de.an.AntikytheraMechanism/]: Adopted complete Sable relocation for assembly fc61a29f-8a04-4057-9409-e9678977c64c by BlockPos{x=29545215, y=185, z=24059639} into host FOREIGN
[10:16:04] [Server thread/DEBUG] [de.an.AntikytheraMechanism/]: Staged Sable SubLevel 465fff78-6955-44bc-b6de-3d4935b78df3 for content in assembly 84a6931a-6b82-4429-9929-ec070f6070cc
[10:16:04] [Server thread/DEBUG] [de.an.AntikytheraMechanism/]: Partitioned assembly fc61a29f-8a04-4057-9409-e9678977c64c before partial Sable host move: moving=[BlockPos{x=20481033, y=128, z=20493320}], retainedOriginal=[BlockPos{x=20481032, y=128, z=20493320}], split=84a6931a-6b82-4429-9929-ec070f6070cc
[10:16:04] [Server thread/ERROR] [de.an.AntikytheraMechanism/]: [HOST-WRITE-DIAG] HEAD pos=BlockPos{x=20481032, y=128, z=20495368} before=Block{minecraft:air} requested=Block{antikytheramechanism:mechanism_frame}[connected_down=false,connected_east=false,connected_north=false,connected_south=false,connected_up=false,connected_west=true,empty=false,facing=north] moving=true destinationTransition=true allowed=true receiver=343221765 resolved=343221765 sameChunk=true containing=a12cd06d-2291-4c56-a5ee-50ef3ea32ed5
[10:16:04] [Server thread/ERROR] [de.an.AntikytheraMechanism/]: [HOST-WRITE-DIAG] RETURN pos=BlockPos{x=20481032, y=128, z=20495368} previousReturn=Block{minecraft:air} actual=Block{antikytheramechanism:mechanism_frame}[connected_down=false,connected_east=false,connected_north=false,connected_south=false,connected_up=false,connected_west=true,empty=false,facing=north] destinationTransition=true receiver=343221765 resolved=343221765 sameChunk=true
[10:16:04] [Server thread/DEBUG] [de.an.AntikytheraMechanism/]: Frame onRemove at BlockPos{x=20481033, y=128, z=20493320} movedByPiston=true relocationJournal=true
[10:16:04] [Server thread/DEBUG] [de.an.AntikytheraMechanism/]: Adopted complete Sable relocation for assembly 84a6931a-6b82-4429-9929-ec070f6070cc by BlockPos{x=-1, y=0, z=2048} into host FOREIGN
[10:16:04] [Server thread/WARN] [de.an.AntikytheraMechanism/]: Managed Sable SubLevel 183bc7fc-6754-4da9-ac19-4de1175702b3 for assembly fc61a29f-8a04-4057-9409-e9678977c64c was removed (REMOVED)
[10:16:04] [Server thread/WARN] [de.an.AntikytheraMechanism/]: Managed Sable SubLevel 465fff78-6955-44bc-b6de-3d4935b78df3 for assembly 84a6931a-6b82-4429-9929-ec070f6070cc was removed (REMOVED)
[10:16:04] [Server thread/ERROR] [de.an.AntikytheraMechanism/]: [HOST-WRITE-DIAG] HEAD pos=BlockPos{x=-9064140, y=-57, z=-3566318} before=Block{minecraft:air} requested=Block{antikytheramechanism:mechanism_frame}[connected_down=false,connected_east=false,connected_north=false,connected_south=false,connected_up=false,connected_west=false,empty=true,facing=north] moving=false destinationTransition=false allowed=true receiver=1161688179 resolved=1161688179 sameChunk=true containing=ROOT
[10:16:04] [Server thread/WARN] [de.an.AntikytheraMechanism/]: [FREEZE-WATCHDOG] Armed 30s after Mechanism Frame placement at BlockPos{x=-9064140, y=-57, z=-3566318} in minecraft:overworld on thread Server thread (stall threshold=2000ms, generation=52)
[10:16:04] [Server thread/ERROR] [de.an.AntikytheraMechanism/]: [HOST-WRITE-DIAG] RETURN pos=BlockPos{x=-9064140, y=-57, z=-3566318} previousReturn=Block{minecraft:air} actual=Block{antikytheramechanism:mechanism_frame}[connected_down=false,connected_east=false,connected_north=false,connected_south=false,connected_up=false,connected_west=false,empty=true,facing=north] destinationTransition=false receiver=1161688179 resolved=1161688179 sameChunk=true
[10:16:04] [Server thread/DEBUG] [de.an.AntikytheraMechanism/]: Frame onRemove at BlockPos{x=-9064219, y=-57, z=-3566318} movedByPiston=false relocationJournal=true
[10:16:04] [Server thread/ERROR] [de.an.AntikytheraMechanism/]: [HOST-WRITE-DIAG] HEAD pos=BlockPos{x=-9064219, y=-57, z=-3566318} before=Block{minecraft:air} requested=Block{antikytheramechanism:mechanism_frame}[connected_down=false,connected_east=false,connected_north=false,connected_south=false,connected_up=false,connected_west=false,empty=false,facing=south] moving=false destinationTransition=false allowed=true receiver=519792108 resolved=519792108 sameChunk=true containing=ROOT
[10:16:04] [Server thread/ERROR] [de.an.AntikytheraMechanism/]: [HOST-WRITE-DIAG] RETURN pos=BlockPos{x=-9064219, y=-57, z=-3566318} previousReturn=Block{minecraft:air} actual=Block{antikytheramechanism:mechanism_frame}[connected_down=false,connected_east=false,connected_north=false,connected_south=false,connected_up=false,connected_west=false,empty=false,facing=south] destinationTransition=false receiver=519792108 resolved=519792108 sameChunk=true
[10:16:04] [Server thread/DEBUG] [de.an.AntikytheraMechanism/]: Staged Sable SubLevel e66d1ea7-fe33-43b2-8494-aa19e4aea991 for content in assembly 519cc46e-f295-4aa3-a5c9-b21edd7dc999
[10:16:04] [Server thread/ERROR] [de.an.AntikytheraMechanism/]: [HOST-WRITE-DIAG] HEAD pos=BlockPos{x=-9064140, y=-57, z=-3566318} before=Block{antikytheramechanism:mechanism_frame}[connected_down=false,connected_east=false,connected_north=false,connected_south=false,connected_up=false,connected_west=false,empty=true,facing=north] requested=Block{antikytheramechanism:mechanism_frame}[connected_down=false,connected_east=false,connected_north=false,connected_south=false,connected_up=false,connected_west=false,empty=false,facing=north] moving=false destinationTransition=false allowed=true receiver=1161688179 resolved=1161688179 sameChunk=true containing=ROOT
[10:16:04] [Server thread/ERROR] [de.an.AntikytheraMechanism/]: [HOST-WRITE-DIAG] RETURN pos=BlockPos{x=-9064140, y=-57, z=-3566318} previousReturn=Block{antikytheramechanism:mechanism_frame}[connected_down=false,connected_east=false,connected_north=false,connected_south=false,connected_up=false,connected_west=false,empty=true,facing=north] actual=Block{antikytheramechanism:mechanism_frame}[connected_down=false,connected_east=false,connected_north=false,connected_south=false,connected_up=false,connected_west=false,empty=false,facing=north] destinationTransition=false receiver=1161688179 resolved=1161688179 sameChunk=true
[10:16:04] [Server thread/ERROR] [de.an.AntikytheraMechanism/]: [HOST-WRITE-DIAG] HEAD pos=BlockPos{x=-9064140, y=-57, z=-3566318} before=Block{antikytheramechanism:mechanism_frame}[connected_down=false,connected_east=false,connected_north=false,connected_south=false,connected_up=false,connected_west=false,empty=false,facing=north] requested=Block{antikytheramechanism:mechanism_frame}[connected_down=false,connected_east=false,connected_north=false,connected_south=false,connected_up=false,connected_west=false,empty=true,facing=north] moving=false destinationTransition=false allowed=true receiver=1161688179 resolved=1161688179 sameChunk=true containing=ROOT
[10:16:04] [Server thread/ERROR] [de.an.AntikytheraMechanism/]: [HOST-WRITE-DIAG] RETURN pos=BlockPos{x=-9064140, y=-57, z=-3566318} previousReturn=Block{antikytheramechanism:mechanism_frame}[connected_down=false,connected_east=false,connected_north=false,connected_south=false,connected_up=false,connected_west=false,empty=false,facing=north] actual=Block{antikytheramechanism:mechanism_frame}[connected_down=false,connected_east=false,connected_north=false,connected_south=false,connected_up=false,connected_west=false,empty=true,facing=north] destinationTransition=false receiver=1161688179 resolved=1161688179 sameChunk=true
[10:16:04] [Server thread/DEBUG] [de.an.AntikytheraMechanism/]: Frame onRemove at BlockPos{x=-9064140, y=-57, z=-3566318} movedByPiston=false relocationJournal=false
[10:16:04] [Server thread/WARN] [de.an.AntikytheraMechanism/]: Managed Sable SubLevel e66d1ea7-fe33-43b2-8494-aa19e4aea991 for assembly 519cc46e-f295-4aa3-a5c9-b21edd7dc999 was removed (REMOVED)
[10:16:04] [Server thread/DEBUG] [de.an.AntikytheraMechanism/]: Marked Sable SubLevel 26cc1097-7990-4e9c-8fe7-81722605232a as detached Antikythera half-scale physics body
[10:16:04] [Server thread/ERROR] [de.an.AntikytheraMechanism/]: [HOST-WRITE-DIAG] HEAD pos=BlockPos{x=-9064140, y=-57, z=-3566318} before=Block{minecraft:air} requested=Block{antikytheramechanism:mechanism_frame}[connected_down=false,connected_east=false,connected_north=false,connected_south=false,connected_up=false,connected_west=false,empty=true,facing=north] moving=false destinationTransition=false allowed=true receiver=1161688179 resolved=1161688179 sameChunk=true containing=ROOT
[10:16:04] [Server thread/WARN] [de.an.AntikytheraMechanism/]: [FREEZE-WATCHDOG] Armed 30s after Mechanism Frame placement at BlockPos{x=-9064140, y=-57, z=-3566318} in minecraft:overworld on thread Server thread (stall threshold=2000ms, generation=53)
[10:16:04] [Server thread/ERROR] [de.an.AntikytheraMechanism/]: [HOST-WRITE-DIAG] RETURN pos=BlockPos{x=-9064140, y=-57, z=-3566318} previousReturn=Block{minecraft:air} actual=Block{antikytheramechanism:mechanism_frame}[connected_down=false,connected_east=false,connected_north=false,connected_south=false,connected_up=false,connected_west=false,empty=true,facing=north] destinationTransition=false receiver=1161688179 resolved=1161688179 sameChunk=true
[10:16:04] [Server thread/ERROR] [de.an.AntikytheraMechanism/]: [HOST-WRITE-DIAG] HEAD pos=BlockPos{x=-9064072, y=-57, z=-3566317} before=Block{minecraft:air} requested=Block{antikytheramechanism:mechanism_frame}[connected_down=false,connected_east=false,connected_north=false,connected_south=false,connected_up=false,connected_west=false,empty=true,facing=north] moving=false destinationTransition=false allowed=true receiver=601739681 resolved=601739681 sameChunk=true containing=ROOT
[10:16:04] [Server thread/WARN] [de.an.AntikytheraMechanism/]: [FREEZE-WATCHDOG] Armed 30s after Mechanism Frame placement at BlockPos{x=-9064072, y=-57, z=-3566317} in minecraft:overworld on thread Server thread (stall threshold=2000ms, generation=54)
[10:16:04] [Server thread/ERROR] [de.an.AntikytheraMechanism/]: [HOST-WRITE-DIAG] RETURN pos=BlockPos{x=-9064072, y=-57, z=-3566317} previousReturn=Block{minecraft:air} actual=Block{antikytheramechanism:mechanism_frame}[connected_down=false,connected_east=false,connected_north=false,connected_south=false,connected_up=false,connected_west=false,empty=true,facing=north] destinationTransition=false receiver=601739681 resolved=601739681 sameChunk=true
[10:16:04] [Server thread/ERROR] [de.an.AntikytheraMechanism/]: [HOST-WRITE-DIAG] HEAD pos=BlockPos{x=-9064071, y=-57, z=-3566317} before=Block{minecraft:air} requested=Block{antikytheramechanism:mechanism_frame}[connected_down=false,connected_east=false,connected_north=false,connected_south=false,connected_up=false,connected_west=false,empty=true,facing=north] moving=false destinationTransition=false allowed=true receiver=601739681 resolved=601739681 sameChunk=true containing=ROOT
[10:16:04] [Server thread/WARN] [de.an.AntikytheraMechanism/]: [FREEZE-WATCHDOG] Armed 30s after Mechanism Frame placement at BlockPos{x=-9064071, y=-57, z=-3566317} in minecraft:overworld on thread Server thread (stall threshold=2000ms, generation=55)
[10:16:04] [Server thread/ERROR] [de.an.AntikytheraMechanism/]: [HOST-WRITE-DIAG] RETURN pos=BlockPos{x=-9064071, y=-57, z=-3566317} previousReturn=Block{minecraft:air} actual=Block{antikytheramechanism:mechanism_frame}[connected_down=false,connected_east=false,connected_north=false,connected_south=false,connected_up=false,connected_west=false,empty=true,facing=north] destinationTransition=false receiver=601739681 resolved=601739681 sameChunk=true
[10:16:04] [Server thread/ERROR] [de.an.AntikytheraMechanism/]: [HOST-WRITE-DIAG] HEAD pos=BlockPos{x=-9064072, y=-57, z=-3566317} before=Block{antikytheramechanism:mechanism_frame}[connected_down=false,connected_east=false,connected_north=false,connected_south=false,connected_up=false,connected_west=false,empty=true,facing=north] requested=Block{antikytheramechanism:mechanism_frame}[connected_down=false,connected_east=true,connected_north=false,connected_south=false,connected_up=false,connected_west=false,empty=true,facing=north] moving=false destinationTransition=false allowed=true receiver=601739681 resolved=601739681 sameChunk=true containing=ROOT
[10:16:04] [Server thread/ERROR] [de.an.AntikytheraMechanism/]: [HOST-WRITE-DIAG] RETURN pos=BlockPos{x=-9064072, y=-57, z=-3566317} previousReturn=Block{antikytheramechanism:mechanism_frame}[connected_down=false,connected_east=false,connected_north=false,connected_south=false,connected_up=false,connected_west=false,empty=true,facing=north] actual=Block{antikytheramechanism:mechanism_frame}[connected_down=false,connected_east=true,connected_north=false,connected_south=false,connected_up=false,connected_west=false,empty=true,facing=north] destinationTransition=false receiver=601739681 resolved=601739681 sameChunk=true
[10:16:04] [Server thread/ERROR] [de.an.AntikytheraMechanism/]: [HOST-WRITE-DIAG] HEAD pos=BlockPos{x=-9064071, y=-57, z=-3566317} before=Block{antikytheramechanism:mechanism_frame}[connected_down=false,connected_east=false,connected_north=false,connected_south=false,connected_up=false,connected_west=false,empty=true,facing=north] requested=Block{antikytheramechanism:mechanism_frame}[connected_down=false,connected_east=false,connected_north=false,connected_south=false,connected_up=false,connected_west=true,empty=true,facing=north] moving=false destinationTransition=false allowed=true receiver=601739681 resolved=601739681 sameChunk=true containing=ROOT
[10:16:04] [Server thread/ERROR] [de.an.AntikytheraMechanism/]: [HOST-WRITE-DIAG] RETURN pos=BlockPos{x=-9064071, y=-57, z=-3566317} previousReturn=Block{antikytheramechanism:mechanism_frame}[connected_down=false,connected_east=false,connected_north=false,connected_south=false,connected_up=false,connected_west=false,empty=true,facing=north] actual=Block{antikytheramechanism:mechanism_frame}[connected_down=false,connected_east=false,connected_north=false,connected_south=false,connected_up=false,connected_west=true,empty=true,facing=north] destinationTransition=false receiver=601739681 resolved=601739681 sameChunk=true
[10:16:04] [Server thread/ERROR] [de.an.AntikytheraMechanism/]: [HOST-WRITE-DIAG] HEAD pos=BlockPos{x=-9064070, y=-57, z=-3566317} before=Block{minecraft:air} requested=Block{antikytheramechanism:mechanism_frame}[connected_down=false,connected_east=false,connected_north=false,connected_south=false,connected_up=false,connected_west=false,empty=true,facing=north] moving=false destinationTransition=false allowed=true receiver=601739681 resolved=601739681 sameChunk=true containing=ROOT
[10:16:04] [Server thread/WARN] [de.an.AntikytheraMechanism/]: [FREEZE-WATCHDOG] Armed 30s after Mechanism Frame placement at BlockPos{x=-9064070, y=-57, z=-3566317} in minecraft:overworld on thread Server thread (stall threshold=2000ms, generation=56)
[10:16:04] [Server thread/ERROR] [de.an.AntikytheraMechanism/]: [HOST-WRITE-DIAG] RETURN pos=BlockPos{x=-9064070, y=-57, z=-3566317} previousReturn=Block{minecraft:air} actual=Block{antikytheramechanism:mechanism_frame}[connected_down=false,connected_east=false,connected_north=false,connected_south=false,connected_up=false,connected_west=false,empty=true,facing=north] destinationTransition=false receiver=601739681 resolved=601739681 sameChunk=true
[10:16:04] [Server thread/ERROR] [de.an.AntikytheraMechanism/]: [HOST-WRITE-DIAG] HEAD pos=BlockPos{x=-9064071, y=-57, z=-3566317} before=Block{antikytheramechanism:mechanism_frame}[connected_down=false,connected_east=false,connected_north=false,connected_south=false,connected_up=false,connected_west=true,empty=true,facing=north] requested=Block{antikytheramechanism:mechanism_frame}[connected_down=false,connected_east=true,connected_north=false,connected_south=false,connected_up=false,connected_west=true,empty=true,facing=north] moving=false destinationTransition=false allowed=true receiver=601739681 resolved=601739681 sameChunk=true containing=ROOT
[10:16:04] [Server thread/ERROR] [de.an.AntikytheraMechanism/]: [HOST-WRITE-DIAG] RETURN pos=BlockPos{x=-9064071, y=-57, z=-3566317} previousReturn=Block{antikytheramechanism:mechanism_frame}[connected_down=false,connected_east=false,connected_north=false,connected_south=false,connected_up=false,connected_west=true,empty=true,facing=north] actual=Block{antikytheramechanism:mechanism_frame}[connected_down=false,connected_east=true,connected_north=false,connected_south=false,connected_up=false,connected_west=true,empty=true,facing=north] destinationTransition=false receiver=601739681 resolved=601739681 sameChunk=true
[10:16:04] [Server thread/ERROR] [de.an.AntikytheraMechanism/]: [HOST-WRITE-DIAG] HEAD pos=BlockPos{x=-9064070, y=-57, z=-3566317} before=Block{antikytheramechanism:mechanism_frame}[connected_down=false,connected_east=false,connected_north=false,connected_south=false,connected_up=false,connected_west=false,empty=true,facing=north] requested=Block{antikytheramechanism:mechanism_frame}[connected_down=false,connected_east=false,connected_north=false,connected_south=false,connected_up=false,connected_west=true,empty=true,facing=north] moving=false destinationTransition=false allowed=true receiver=601739681 resolved=601739681 sameChunk=true containing=ROOT
[10:16:04] [Server thread/ERROR] [de.an.AntikytheraMechanism/]: [HOST-WRITE-DIAG] RETURN pos=BlockPos{x=-9064070, y=-57, z=-3566317} previousReturn=Block{antikytheramechanism:mechanism_frame}[connected_down=false,connected_east=false,connected_north=false,connected_south=false,connected_up=false,connected_west=false,empty=true,facing=north] actual=Block{antikytheramechanism:mechanism_frame}[connected_down=false,connected_east=false,connected_north=false,connected_south=false,connected_up=false,connected_west=true,empty=true,facing=north] destinationTransition=false receiver=601739681 resolved=601739681 sameChunk=true
[10:16:04] [Server thread/DEBUG] [de.an.AntikytheraMechanism/]: Staged Sable SubLevel a7ff1a71-69e5-4ce0-b45b-714d31888f9a for content in assembly ca50e8d7-5523-47d1-848a-f4e6ef5f04b0
[10:16:04] [Server thread/DEBUG] [de.an.AntikytheraMechanism/]: Frame onRemove at BlockPos{x=-9064072, y=-57, z=-3566317} movedByPiston=false relocationJournal=false
[10:16:04] [Server thread/DEBUG] [de.an.AntikytheraMechanism/]: Staged Sable SubLevel 73a5867c-d8ad-4baf-ad12-41e2c008c3c0 for content in assembly 754a02cc-e43b-4035-adef-0bdb16372736
[10:16:04] [Server thread/ERROR] [de.an.AntikytheraMechanism/]: Assembly lifecycle listener antikytheramechanism:gametest_origin_rebase_inbound_rolled_back rejected afterAssemblyTransfer
[10:16:04] [Server thread/ERROR] [de.an.AntikytheraMechanism/]: Locked assemblies ca50e8d7-5523-47d1-848a-f4e6ef5f04b0 and 754a02cc-e43b-4035-adef-0bdb16372736 after stale-origin repair failed: restoring the rebased payload to the original assembly rolled back. Both managed payload references were retained for recovery.
[10:16:04] [Server thread/ERROR] [de.an.AntikytheraMechanism/]: [HOST-WRITE-DIAG] HEAD pos=BlockPos{x=-9064071, y=-57, z=-3566317} before=Block{antikytheramechanism:mechanism_frame}[connected_down=false,connected_east=true,connected_north=false,connected_south=false,connected_up=false,connected_west=true,empty=true,facing=north] requested=Block{antikytheramechanism:mechanism_frame}[connected_down=false,connected_east=true,connected_north=false,connected_south=false,connected_up=false,connected_west=false,empty=true,facing=north] moving=false destinationTransition=false allowed=true receiver=601739681 resolved=601739681 sameChunk=true containing=ROOT
[10:16:04] [Server thread/ERROR] [de.an.AntikytheraMechanism/]: [HOST-WRITE-DIAG] RETURN pos=BlockPos{x=-9064071, y=-57, z=-3566317} previousReturn=Block{antikytheramechanism:mechanism_frame}[connected_down=false,connected_east=true,connected_north=false,connected_south=false,connected_up=false,connected_west=true,empty=true,facing=north] actual=Block{antikytheramechanism:mechanism_frame}[connected_down=false,connected_east=true,connected_north=false,connected_south=false,connected_up=false,connected_west=false,empty=true,facing=north] destinationTransition=false receiver=601739681 resolved=601739681 sameChunk=true
[10:16:04] [Server thread/WARN] [de.an.AntikytheraMechanism/]: Managed Sable SubLevel a7ff1a71-69e5-4ce0-b45b-714d31888f9a for assembly ca50e8d7-5523-47d1-848a-f4e6ef5f04b0 was removed (REMOVED)
[10:16:04] [Server thread/ERROR] [de.an.AntikytheraMechanism/]: [HOST-WRITE-DIAG] HEAD pos=BlockPos{x=-9064035, y=-57, z=-3566319} before=Block{minecraft:air} requested=Block{antikytheramechanism:mechanism_frame}[connected_down=false,connected_east=false,connected_north=false,connected_south=false,connected_up=false,connected_west=false,empty=true,facing=north] moving=false destinationTransition=false allowed=true receiver=1755588406 resolved=1755588406 sameChunk=true containing=ROOT
[10:16:04] [Server thread/WARN] [de.an.AntikytheraMechanism/]: [FREEZE-WATCHDOG] Armed 30s after Mechanism Frame placement at BlockPos{x=-9064035, y=-57, z=-3566319} in minecraft:overworld on thread Server thread (stall threshold=2000ms, generation=57)
[10:16:04] [Server thread/ERROR] [de.an.AntikytheraMechanism/]: [HOST-WRITE-DIAG] RETURN pos=BlockPos{x=-9064035, y=-57, z=-3566319} previousReturn=Block{minecraft:air} actual=Block{antikytheramechanism:mechanism_frame}[connected_down=false,connected_east=false,connected_north=false,connected_south=false,connected_up=false,connected_west=false,empty=true,facing=north] destinationTransition=false receiver=1755588406 resolved=1755588406 sameChunk=true
[10:16:04] [Server thread/DEBUG] [de.an.AntikytheraMechanism/]: Staged Sable SubLevel 2cda5ec3-7b95-48e4-b426-dc052964cc79 for content in assembly a3e7659f-8d8f-409e-b544-f4fe50556949
[10:16:04] [Server thread/DEBUG] [de.an.AntikytheraMechanism/]: Frame onRemove at BlockPos{x=-9064035, y=-57, z=-3566319} movedByPiston=false relocationJournal=true
[10:16:04] [Server thread/WARN] [de.an.AntikytheraMechanism/]: Managed Sable SubLevel 2cda5ec3-7b95-48e4-b426-dc052964cc79 for assembly a3e7659f-8d8f-409e-b544-f4fe50556949 was removed (REMOVED)
[10:16:04] [Server thread/ERROR] [de.an.AntikytheraMechanism/]: [HOST-WRITE-DIAG] HEAD pos=BlockPos{x=-9063997, y=-57, z=-3566318} before=Block{minecraft:air} requested=Block{antikytheramechanism:mechanism_frame}[connected_down=false,connected_east=false,connected_north=false,connected_south=false,connected_up=false,connected_west=false,empty=true,facing=north] moving=false destinationTransition=false allowed=true receiver=1058486925 resolved=1058486925 sameChunk=true containing=ROOT
[10:16:04] [Server thread/WARN] [de.an.AntikytheraMechanism/]: [FREEZE-WATCHDOG] Armed 30s after Mechanism Frame placement at BlockPos{x=-9063997, y=-57, z=-3566318} in minecraft:overworld on thread Server thread (stall threshold=2000ms, generation=58)
[10:16:04] [Server thread/ERROR] [de.an.AntikytheraMechanism/]: [HOST-WRITE-DIAG] RETURN pos=BlockPos{x=-9063997, y=-57, z=-3566318} previousReturn=Block{minecraft:air} actual=Block{antikytheramechanism:mechanism_frame}[connected_down=false,connected_east=false,connected_north=false,connected_south=false,connected_up=false,connected_west=false,empty=true,facing=north] destinationTransition=false receiver=1058486925 resolved=1058486925 sameChunk=true
[10:16:04] [Server thread/DEBUG] [de.an.AntikytheraMechanism/]: Staged Sable SubLevel d30a9c49-2841-430e-be6c-81ac896dcb4d for content in assembly bba4d2e7-a653-4b00-9e9e-f91301d1b2e1
[10:16:04] [Server thread/ERROR] [de.an.AntikytheraMechanism/]: [HOST-WRITE-DIAG] HEAD pos=BlockPos{x=20481032, y=128, z=20505608} before=Block{minecraft:air} requested=Block{antikytheramechanism:mechanism_frame}[connected_down=false,connected_east=false,connected_north=false,connected_south=false,connected_up=false,connected_west=false,empty=true,facing=north] moving=true destinationTransition=true allowed=true receiver=154880361 resolved=154880361 sameChunk=true containing=d44b1382-7569-48fd-b616-705776a088be
[10:16:04] [Server thread/ERROR] [de.an.AntikytheraMechanism/]: [HOST-WRITE-DIAG] RETURN pos=BlockPos{x=20481032, y=128, z=20505608} previousReturn=Block{minecraft:air} actual=Block{antikytheramechanism:mechanism_frame}[connected_down=false,connected_east=false,connected_north=false,connected_south=false,connected_up=false,connected_west=false,empty=true,facing=north] destinationTransition=true receiver=154880361 resolved=154880361 sameChunk=true
[10:16:04] [Server thread/DEBUG] [de.an.AntikytheraMechanism/]: Frame onRemove at BlockPos{x=-9063997, y=-57, z=-3566318} movedByPiston=true relocationJournal=true
[10:16:04] [Server thread/ERROR] [de.an.AntikytheraMechanism/]: [HOST-WRITE-DIAG] HEAD pos=BlockPos{x=20481032, y=128, z=20505608} before=Block{antikytheramechanism:mechanism_frame}[connected_down=false,connected_east=false,connected_north=false,connected_south=false,connected_up=false,connected_west=false,empty=true,facing=north] requested=Block{antikytheramechanism:mechanism_frame}[connected_down=false,connected_east=false,connected_north=false,connected_south=false,connected_up=false,connected_west=false,empty=false,facing=north] moving=false destinationTransition=false allowed=true receiver=154880361 resolved=154880361 sameChunk=true containing=d44b1382-7569-48fd-b616-705776a088be
[10:16:04] [Server thread/ERROR] [de.an.AntikytheraMechanism/]: [HOST-WRITE-DIAG] RETURN pos=BlockPos{x=20481032, y=128, z=20505608} previousReturn=Block{antikytheramechanism:mechanism_frame}[connected_down=false,connected_east=false,connected_north=false,connected_south=false,connected_up=false,connected_west=false,empty=true,facing=north] actual=Block{antikytheramechanism:mechanism_frame}[connected_down=false,connected_east=false,connected_north=false,connected_south=false,connected_up=false,connected_west=false,empty=false,facing=north] destinationTransition=false receiver=154880361 resolved=154880361 sameChunk=true
[10:16:04] [Server thread/DEBUG] [de.an.AntikytheraMechanism/]: Adopted complete Sable relocation for assembly bba4d2e7-a653-4b00-9e9e-f91301d1b2e1 by BlockPos{x=29545029, y=185, z=24071926} into host FOREIGN
[10:16:04] [Server thread/WARN] [de.an.AntikytheraMechanism/]: Managed Sable SubLevel d30a9c49-2841-430e-be6c-81ac896dcb4d for assembly bba4d2e7-a653-4b00-9e9e-f91301d1b2e1 was removed (REMOVED)
[10:16:04] [Server thread/DEBUG] [de.an.AntikytheraMechanism/]: Marked Sable SubLevel 3194bc93-5e3f-41d3-b29a-86c5d0873bf6 as detached Antikythera half-scale physics body
[10:16:04] [Server thread/DEBUG] [de.an.AntikytheraMechanism/]: Rejected non-miniaturizable placement Block{minecraft:tnt} in detached mini physics body 3194bc93-5e3f-41d3-b29a-86c5d0873bf6 at BlockPos{x=20481033, y=128, z=20485128}
[10:16:04] [Server thread/WARN] [de.an.AntikytheraMechanism/]: Rejected nested Mechanism Frame write in detached mini physics SubLevel 3194bc93-5e3f-41d3-b29a-86c5d0873bf6 at BlockPos{x=20481033, y=129, z=20485128}
[10:16:04] [Server thread/ERROR] [de.an.AntikytheraMechanism/]: [HOST-WRITE-DIAG] HEAD pos=BlockPos{x=20481033, y=129, z=20485128} before=Block{minecraft:air} requested=Block{antikytheramechanism:mechanism_frame}[connected_down=false,connected_east=false,connected_north=false,connected_south=false,connected_up=false,connected_west=false,empty=true,facing=north] moving=false destinationTransition=false allowed=false receiver=1796355589 resolved=1796355589 sameChunk=true containing=3194bc93-5e3f-41d3-b29a-86c5d0873bf6
[10:16:04] [Server thread/DEBUG] [de.an.AntikytheraMechanism/]: Marked Sable SubLevel 4db6308f-62bd-4571-8fb7-1eafb4aca624 as detached Antikythera half-scale physics body
[10:16:04] [Server thread/ERROR] [de.an.AntikytheraMechanism/]: [HOST-WRITE-DIAG] HEAD pos=BlockPos{x=-9064221, y=-57, z=-3566293} before=Block{minecraft:air} requested=Block{antikytheramechanism:mechanism_frame}[connected_down=false,connected_east=false,connected_north=false,connected_south=false,connected_up=false,connected_west=false,empty=true,facing=north] moving=false destinationTransition=false allowed=true receiver=314678538 resolved=314678538 sameChunk=true containing=ROOT
[10:16:04] [Server thread/WARN] [de.an.AntikytheraMechanism/]: [FREEZE-WATCHDOG] Armed 30s after Mechanism Frame placement at BlockPos{x=-9064221, y=-57, z=-3566293} in minecraft:overworld on thread Server thread (stall threshold=2000ms, generation=59)
[10:16:04] [Server thread/ERROR] [de.an.AntikytheraMechanism/]: [HOST-WRITE-DIAG] RETURN pos=BlockPos{x=-9064221, y=-57, z=-3566293} previousReturn=Block{minecraft:air} actual=Block{antikytheramechanism:mechanism_frame}[connected_down=false,connected_east=false,connected_north=false,connected_south=false,connected_up=false,connected_west=false,empty=true,facing=north] destinationTransition=false receiver=314678538 resolved=314678538 sameChunk=true
[10:16:04] [Server thread/ERROR] [de.an.AntikytheraMechanism/]: [HOST-WRITE-DIAG] HEAD pos=BlockPos{x=-9064214, y=-57, z=-3566293} before=Block{minecraft:air} requested=Block{antikytheramechanism:mechanism_frame}[connected_down=false,connected_east=false,connected_north=false,connected_south=false,connected_up=false,connected_west=false,empty=true,facing=north] moving=false destinationTransition=false allowed=true receiver=314678538 resolved=314678538 sameChunk=true containing=ROOT
[10:16:04] [Server thread/WARN] [de.an.AntikytheraMechanism/]: [FREEZE-WATCHDOG] Armed 30s after Mechanism Frame placement at BlockPos{x=-9064214, y=-57, z=-3566293} in minecraft:overworld on thread Server thread (stall threshold=2000ms, generation=60)
[10:16:04] [Server thread/ERROR] [de.an.AntikytheraMechanism/]: [HOST-WRITE-DIAG] RETURN pos=BlockPos{x=-9064214, y=-57, z=-3566293} previousReturn=Block{minecraft:air} actual=Block{antikytheramechanism:mechanism_frame}[connected_down=false,connected_east=false,connected_north=false,connected_south=false,connected_up=false,connected_west=false,empty=true,facing=north] destinationTransition=false receiver=314678538 resolved=314678538 sameChunk=true
[10:16:04] [Server thread/DEBUG] [de.an.AntikytheraMechanism/]: Staged Sable SubLevel 6be36f45-23da-4653-bb41-1608c898a7e1 for content in assembly 55be6e6d-ff60-4174-bf79-7bff6d05669c
[10:16:04] [Server thread/DEBUG] [de.an.AntikytheraMechanism/]: Frame onRemove at BlockPos{x=-9064221, y=-57, z=-3566293} movedByPiston=false relocationJournal=true
[10:16:04] [Server thread/DEBUG] [de.an.AntikytheraMechanism/]: Frame onRemove at BlockPos{x=-9064214, y=-57, z=-3566293} movedByPiston=false relocationJournal=true
[10:16:04] [Server thread/ERROR] [de.an.AntikytheraMechanism/]: [HOST-WRITE-DIAG] HEAD pos=BlockPos{x=-9064214, y=-57, z=-3566293} before=Block{minecraft:air} requested=Block{antikytheramechanism:mechanism_frame}[connected_down=false,connected_east=false,connected_north=false,connected_south=false,connected_up=false,connected_west=false,empty=true,facing=north] moving=false destinationTransition=false allowed=true receiver=314678538 resolved=314678538 sameChunk=true containing=ROOT
[10:16:04] [Server thread/ERROR] [de.an.AntikytheraMechanism/]: [HOST-WRITE-DIAG] RETURN pos=BlockPos{x=-9064214, y=-57, z=-3566293} previousReturn=Block{minecraft:air} actual=Block{antikytheramechanism:mechanism_frame}[connected_down=false,connected_east=false,connected_north=false,connected_south=false,connected_up=false,connected_west=false,empty=true,facing=north] destinationTransition=false receiver=314678538 resolved=314678538 sameChunk=true
[10:16:04] [Server thread/WARN] [de.an.AntikytheraMechanism/]: Managed Sable SubLevel 6be36f45-23da-4653-bb41-1608c898a7e1 for assembly 55be6e6d-ff60-4174-bf79-7bff6d05669c was removed (REMOVED)
[10:16:04] [Server thread/DEBUG] [de.an.AntikytheraMechanism/]: Staged Sable SubLevel 91cf2295-fdc0-4a0c-add3-0b44467dfad7 for content in assembly 067b3e6e-19e6-4128-98b6-d440d16386e6
[10:16:04] [Server thread/ERROR] [de.an.AntikytheraMechanism/]: [HOST-WRITE-DIAG] HEAD pos=BlockPos{x=-9064140, y=-57, z=-3566318} before=Block{antikytheramechanism:mechanism_frame}[connected_down=false,connected_east=false,connected_north=false,connected_south=false,connected_up=false,connected_west=false,empty=true,facing=north] requested=Block{antikytheramechanism:mechanism_frame}[connected_down=false,connected_east=false,connected_north=false,connected_south=false,connected_up=false,connected_west=false,empty=false,facing=north] moving=false destinationTransition=false allowed=true receiver=1161688179 resolved=1161688179 sameChunk=true containing=ROOT
[10:16:04] [Server thread/ERROR] [de.an.AntikytheraMechanism/]: [HOST-WRITE-DIAG] RETURN pos=BlockPos{x=-9064140, y=-57, z=-3566318} previousReturn=Block{antikytheramechanism:mechanism_frame}[connected_down=false,connected_east=false,connected_north=false,connected_south=false,connected_up=false,connected_west=false,empty=true,facing=north] actual=Block{antikytheramechanism:mechanism_frame}[connected_down=false,connected_east=false,connected_north=false,connected_south=false,connected_up=false,connected_west=false,empty=false,facing=north] destinationTransition=false receiver=1161688179 resolved=1161688179 sameChunk=true
[10:16:04] [Server thread/ERROR] [de.an.AntikytheraMechanism/]: [HOST-WRITE-DIAG] HEAD pos=BlockPos{x=-9064140, y=-57, z=-3566318} before=Block{antikytheramechanism:mechanism_frame}[connected_down=false,connected_east=false,connected_north=false,connected_south=false,connected_up=false,connected_west=false,empty=false,facing=north] requested=Block{antikytheramechanism:mechanism_frame}[connected_down=false,connected_east=false,connected_north=false,connected_south=false,connected_up=false,connected_west=false,empty=true,facing=north] moving=false destinationTransition=false allowed=true receiver=1161688179 resolved=1161688179 sameChunk=true containing=ROOT
[10:16:04] [Server thread/ERROR] [de.an.AntikytheraMechanism/]: [HOST-WRITE-DIAG] RETURN pos=BlockPos{x=-9064140, y=-57, z=-3566318} previousReturn=Block{antikytheramechanism:mechanism_frame}[connected_down=false,connected_east=false,connected_north=false,connected_south=false,connected_up=false,connected_west=false,empty=false,facing=north] actual=Block{antikytheramechanism:mechanism_frame}[connected_down=false,connected_east=false,connected_north=false,connected_south=false,connected_up=false,connected_west=false,empty=true,facing=north] destinationTransition=false receiver=1161688179 resolved=1161688179 sameChunk=true
[10:16:04] [Server thread/DEBUG] [de.an.AntikytheraMechanism/]: Frame onRemove at BlockPos{x=-9064140, y=-57, z=-3566318} movedByPiston=false relocationJournal=false
[10:16:04] [Server thread/WARN] [de.an.AntikytheraMechanism/]: Managed Sable SubLevel 91cf2295-fdc0-4a0c-add3-0b44467dfad7 for assembly 067b3e6e-19e6-4128-98b6-d440d16386e6 was removed (REMOVED)
[10:16:04] [Server thread/WARN] [de.an.AntikytheraMechanism/]: Managed Sable SubLevel e30995f0-3697-4009-aeaa-105dee4db18c for assembly 6c1455c2-bb85-4909-8328-bc2f37a2ddbf was removed (REMOVED)
[10:16:04] [Server thread/ERROR] [de.an.AntikytheraMechanism/]: [HOST-WRITE-DIAG] HEAD pos=BlockPos{x=-9064140, y=-57, z=-3566318} before=Block{minecraft:air} requested=Block{antikytheramechanism:mechanism_frame}[connected_down=false,connected_east=false,connected_north=false,connected_south=false,connected_up=false,connected_west=false,empty=true,facing=north] moving=false destinationTransition=false allowed=true receiver=1161688179 resolved=1161688179 sameChunk=true containing=ROOT
[10:16:04] [Server thread/WARN] [de.an.AntikytheraMechanism/]: [FREEZE-WATCHDOG] Armed 30s after Mechanism Frame placement at BlockPos{x=-9064140, y=-57, z=-3566318} in minecraft:overworld on thread Server thread (stall threshold=2000ms, generation=61)
[10:16:04] [Server thread/ERROR] [de.an.AntikytheraMechanism/]: [HOST-WRITE-DIAG] RETURN pos=BlockPos{x=-9064140, y=-57, z=-3566318} previousReturn=Block{minecraft:air} actual=Block{antikytheramechanism:mechanism_frame}[connected_down=false,connected_east=false,connected_north=false,connected_south=false,connected_up=false,connected_west=false,empty=true,facing=north] destinationTransition=false receiver=1161688179 resolved=1161688179 sameChunk=true
[10:16:04] [Server thread/DEBUG] [de.an.AntikytheraMechanism/]: Staged Sable SubLevel 84fe4672-c937-4e05-b632-64d1cdee3271 for content in assembly f24ab768-27ed-4e37-a42b-01f428e3a07b
[10:16:04] [Server thread/ERROR] [de.an.AntikytheraMechanism/]: [HOST-WRITE-DIAG] HEAD pos=BlockPos{x=-9064140, y=-57, z=-3566318} before=Block{antikytheramechanism:mechanism_frame}[connected_down=false,connected_east=false,connected_north=false,connected_south=false,connected_up=false,connected_west=false,empty=true,facing=north] requested=Block{antikytheramechanism:mechanism_frame}[connected_down=false,connected_east=false,connected_north=false,connected_south=false,connected_up=false,connected_west=false,empty=false,facing=north] moving=false destinationTransition=false allowed=true receiver=1161688179 resolved=1161688179 sameChunk=true containing=ROOT
[10:16:04] [Server thread/ERROR] [de.an.AntikytheraMechanism/]: [HOST-WRITE-DIAG] RETURN pos=BlockPos{x=-9064140, y=-57, z=-3566318} previousReturn=Block{antikytheramechanism:mechanism_frame}[connected_down=false,connected_east=false,connected_north=false,connected_south=false,connected_up=false,connected_west=false,empty=true,facing=north] actual=Block{antikytheramechanism:mechanism_frame}[connected_down=false,connected_east=false,connected_north=false,connected_south=false,connected_up=false,connected_west=false,empty=false,facing=north] destinationTransition=false receiver=1161688179 resolved=1161688179 sameChunk=true
[10:16:04] [Server thread/ERROR] [de.an.AntikytheraMechanism/]: [HOST-WRITE-DIAG] HEAD pos=BlockPos{x=-9064140, y=-57, z=-3566318} before=Block{antikytheramechanism:mechanism_frame}[connected_down=false,connected_east=false,connected_north=false,connected_south=false,connected_up=false,connected_west=false,empty=false,facing=north] requested=Block{antikytheramechanism:mechanism_frame}[connected_down=false,connected_east=false,connected_north=false,connected_south=false,connected_up=false,connected_west=false,empty=true,facing=north] moving=false destinationTransition=false allowed=true receiver=1161688179 resolved=1161688179 sameChunk=true containing=ROOT
[10:16:04] [Server thread/ERROR] [de.an.AntikytheraMechanism/]: [HOST-WRITE-DIAG] RETURN pos=BlockPos{x=-9064140, y=-57, z=-3566318} previousReturn=Block{antikytheramechanism:mechanism_frame}[connected_down=false,connected_east=false,connected_north=false,connected_south=false,connected_up=false,connected_west=false,empty=false,facing=north] actual=Block{antikytheramechanism:mechanism_frame}[connected_down=false,connected_east=false,connected_north=false,connected_south=false,connected_up=false,connected_west=false,empty=true,facing=north] destinationTransition=false receiver=1161688179 resolved=1161688179 sameChunk=true
[10:16:04] [Server thread/DEBUG] [de.an.AntikytheraMechanism/]: Frame onRemove at BlockPos{x=-9064140, y=-57, z=-3566318} movedByPiston=false relocationJournal=false
[10:16:04] [Server thread/WARN] [de.an.AntikytheraMechanism/]: Managed Sable SubLevel 84fe4672-c937-4e05-b632-64d1cdee3271 for assembly f24ab768-27ed-4e37-a42b-01f428e3a07b was removed (REMOVED)
[10:16:04] [Server thread/INFO] [minecraft/GameTestServer]: [++++++++++++++X++++++++_++++++++++++++++++++++++++                                     ]
[10:16:04] [Server thread/DEBUG] [mixin/]: Mixing entity.entities_stick_sublevels.packet_mixin.ClientboundTeleportEntityPacketMixin from sable.mixins.json into net.minecraft.network.protocol.game.ClientboundTeleportEntityPacket
[10:16:04] [Server thread/DEBUG] [mixin/]: sable.mixins.json:entity.entities_stick_sublevels.packet_mixin.ClientboundTeleportEntityPacketMixin from mod sable->@Inject::sable$readActuallyInSubLevel(Lnet/minecraft/network/FriendlyByteBuf;Lorg/spongepowered/asm/mixin/injection/callback/CallbackInfo;)V doesn't use it's CallbackInfo
[10:16:04] [Server thread/DEBUG] [mixin/]: sable.mixins.json:entity.entities_stick_sublevels.packet_mixin.ClientboundTeleportEntityPacketMixin from mod sable->@Inject::sable$readActuallyInSubLevel(Lnet/minecraft/network/FriendlyByteBuf;Lorg/spongepowered/asm/mixin/injection/callback/CallbackInfo;)V has 0 override(s) in child classes
[10:16:04] [Server thread/DEBUG] [mixin/]: sable.mixins.json:entity.entities_stick_sublevels.packet_mixin.ClientboundTeleportEntityPacketMixin from mod sable->@Inject::sable$readActuallyInSubLevel(Lnet/minecraft/network/FriendlyByteBuf;Lorg/spongepowered/asm/mixin/injection/callback/CallbackInfo;)V won't be passed a CallbackInfo as a result
[10:16:04] [Server thread/DEBUG] [mixin/]: sable.mixins.json:entity.entities_stick_sublevels.packet_mixin.ClientboundTeleportEntityPacketMixin from mod sable->@Inject::sable$writeActuallyInSubLevel(Lnet/minecraft/network/FriendlyByteBuf;Lorg/spongepowered/asm/mixin/injection/callback/CallbackInfo;)V doesn't use it's CallbackInfo
[10:16:04] [Server thread/DEBUG] [mixin/]: sable.mixins.json:entity.entities_stick_sublevels.packet_mixin.ClientboundTeleportEntityPacketMixin from mod sable->@Inject::sable$writeActuallyInSubLevel(Lnet/minecraft/network/FriendlyByteBuf;Lorg/spongepowered/asm/mixin/injection/callback/CallbackInfo;)V has 0 override(s) in child classes
[10:16:04] [Server thread/DEBUG] [mixin/]: sable.mixins.json:entity.entities_stick_sublevels.packet_mixin.ClientboundTeleportEntityPacketMixin from mod sable->@Inject::sable$writeActuallyInSubLevel(Lnet/minecraft/network/FriendlyByteBuf;Lorg/spongepowered/asm/mixin/injection/callback/CallbackInfo;)V won't be passed a CallbackInfo as a result
[10:16:04] [Server thread/ERROR] [de.an.AntikytheraMechanism/]: [HOST-WRITE-DIAG] HEAD pos=BlockPos{x=-9064219, y=-57, z=-3566318} before=Block{antikytheramechanism:mechanism_frame}[connected_down=false,connected_east=false,connected_north=false,connected_south=false,connected_up=false,connected_west=false,empty=false,facing=south] requested=Block{antikytheramechanism:mechanism_frame}[connected_down=false,connected_east=false,connected_north=false,connected_south=false,connected_up=false,connected_west=false,empty=true,facing=south] moving=false destinationTransition=false allowed=true receiver=519792108 resolved=519792108 sameChunk=true containing=ROOT
[10:16:04] [Server thread/ERROR] [de.an.AntikytheraMechanism/]: [HOST-WRITE-DIAG] RETURN pos=BlockPos{x=-9064219, y=-57, z=-3566318} previousReturn=Block{antikytheramechanism:mechanism_frame}[connected_down=false,connected_east=false,connected_north=false,connected_south=false,connected_up=false,connected_west=false,empty=false,facing=south] actual=Block{antikytheramechanism:mechanism_frame}[connected_down=false,connected_east=false,connected_north=false,connected_south=false,connected_up=false,connected_west=false,empty=true,facing=south] destinationTransition=false receiver=519792108 resolved=519792108 sameChunk=true
[10:16:04] [Server thread/ERROR] [de.an.AntikytheraMechanism/]: [HOST-WRITE-DIAG] HEAD pos=BlockPos{x=-9064257, y=-57, z=-3566363} before=Block{antikytheramechanism:mechanism_frame}[connected_down=false,connected_east=false,connected_north=false,connected_south=false,connected_up=false,connected_west=false,empty=false,facing=north] requested=Block{antikytheramechanism:mechanism_frame}[connected_down=false,connected_east=false,connected_north=false,connected_south=false,connected_up=false,connected_west=false,empty=true,facing=north] moving=false destinationTransition=false allowed=true receiver=2011083152 resolved=2011083152 sameChunk=true containing=ROOT
[10:16:04] [Server thread/ERROR] [de.an.AntikytheraMechanism/]: [HOST-WRITE-DIAG] RETURN pos=BlockPos{x=-9064257, y=-57, z=-3566363} previousReturn=Block{antikytheramechanism:mechanism_frame}[connected_down=false,connected_east=false,connected_north=false,connected_south=false,connected_up=false,connected_west=false,empty=false,facing=north] actual=Block{antikytheramechanism:mechanism_frame}[connected_down=false,connected_east=false,connected_north=false,connected_south=false,connected_up=false,connected_west=false,empty=true,facing=north] destinationTransition=false receiver=2011083152 resolved=2011083152 sameChunk=true
[10:16:04] [Server thread/ERROR] [de.an.AntikytheraMechanism/]: [HOST-WRITE-DIAG] HEAD pos=BlockPos{x=20481032, y=128, z=20495368} before=Block{antikytheramechanism:mechanism_frame}[connected_down=false,connected_east=false,connected_north=false,connected_south=false,connected_up=false,connected_west=true,empty=false,facing=north] requested=Block{antikytheramechanism:mechanism_frame}[connected_down=false,connected_east=false,connected_north=false,connected_south=false,connected_up=false,connected_west=true,empty=true,facing=north] moving=false destinationTransition=false allowed=true receiver=343221765 resolved=343221765 sameChunk=true containing=a12cd06d-2291-4c56-a5ee-50ef3ea32ed5
[10:16:04] [Server thread/ERROR] [de.an.AntikytheraMechanism/]: [HOST-WRITE-DIAG] RETURN pos=BlockPos{x=20481032, y=128, z=20495368} previousReturn=Block{antikytheramechanism:mechanism_frame}[connected_down=false,connected_east=false,connected_north=false,connected_south=false,connected_up=false,connected_west=true,empty=false,facing=north] actual=Block{antikytheramechanism:mechanism_frame}[connected_down=false,connected_east=false,connected_north=false,connected_south=false,connected_up=false,connected_west=true,empty=true,facing=north] destinationTransition=false receiver=343221765 resolved=343221765 sameChunk=true
[10:16:04] [Server thread/ERROR] [de.an.AntikytheraMechanism/]: [HOST-WRITE-DIAG] HEAD pos=BlockPos{x=-9063993, y=-57, z=-3566407} before=Block{antikytheramechanism:mechanism_frame}[connected_down=false,connected_east=false,connected_north=false,connected_south=false,connected_up=false,connected_west=false,empty=false,facing=east] requested=Block{antikytheramechanism:mechanism_frame}[connected_down=false,connected_east=false,connected_north=false,connected_south=false,connected_up=false,connected_west=false,empty=true,facing=east] moving=false destinationTransition=false allowed=true receiver=1392270654 resolved=1392270654 sameChunk=true containing=ROOT
[10:16:04] [Server thread/ERROR] [de.an.AntikytheraMechanism/]: [HOST-WRITE-DIAG] RETURN pos=BlockPos{x=-9063993, y=-57, z=-3566407} previousReturn=Block{antikytheramechanism:mechanism_frame}[connected_down=false,connected_east=false,connected_north=false,connected_south=false,connected_up=false,connected_west=false,empty=false,facing=east] actual=Block{antikytheramechanism:mechanism_frame}[connected_down=false,connected_east=false,connected_north=false,connected_south=false,connected_up=false,connected_west=false,empty=true,facing=east] destinationTransition=false receiver=1392270654 resolved=1392270654 sameChunk=true
[10:16:04] [Server thread/ERROR] [de.an.AntikytheraMechanism/]: [HOST-WRITE-DIAG] HEAD pos=BlockPos{x=20481032, y=128, z=20505608} before=Block{antikytheramechanism:mechanism_frame}[connected_down=false,connected_east=false,connected_north=false,connected_south=false,connected_up=false,connected_west=false,empty=false,facing=north] requested=Block{antikytheramechanism:mechanism_frame}[connected_down=false,connected_east=false,connected_north=false,connected_south=false,connected_up=false,connected_west=false,empty=true,facing=north] moving=false destinationTransition=false allowed=true receiver=154880361 resolved=154880361 sameChunk=true containing=d44b1382-7569-48fd-b616-705776a088be
[10:16:04] [Server thread/ERROR] [de.an.AntikytheraMechanism/]: [HOST-WRITE-DIAG] RETURN pos=BlockPos{x=20481032, y=128, z=20505608} previousReturn=Block{antikytheramechanism:mechanism_frame}[connected_down=false,connected_east=false,connected_north=false,connected_south=false,connected_up=false,connected_west=false,empty=false,facing=north] actual=Block{antikytheramechanism:mechanism_frame}[connected_down=false,connected_east=false,connected_north=false,connected_south=false,connected_up=false,connected_west=false,empty=true,facing=north] destinationTransition=false receiver=154880361 resolved=154880361 sameChunk=true
[10:16:04] [Server thread/ERROR] [de.an.AntikytheraMechanism/]: [HOST-WRITE-DIAG] HEAD pos=BlockPos{x=20481032, y=128, z=20493320} before=Block{antikytheramechanism:mechanism_frame}[connected_down=false,connected_east=true,connected_north=false,connected_south=false,connected_up=false,connected_west=false,empty=false,facing=north] requested=Block{antikytheramechanism:mechanism_frame}[connected_down=false,connected_east=true,connected_north=false,connected_south=false,connected_up=false,connected_west=false,empty=true,facing=north] moving=false destinationTransition=false allowed=true receiver=988366446 resolved=988366446 sameChunk=true containing=acb4ea79-7c72-4a76-9252-659e9f9c8b59
[10:16:04] [Server thread/ERROR] [de.an.AntikytheraMechanism/]: [HOST-WRITE-DIAG] RETURN pos=BlockPos{x=20481032, y=128, z=20493320} previousReturn=Block{antikytheramechanism:mechanism_frame}[connected_down=false,connected_east=true,connected_north=false,connected_south=false,connected_up=false,connected_west=false,empty=false,facing=north] actual=Block{antikytheramechanism:mechanism_frame}[connected_down=false,connected_east=true,connected_north=false,connected_south=false,connected_up=false,connected_west=false,empty=true,facing=north] destinationTransition=false receiver=988366446 resolved=988366446 sameChunk=true
[10:16:06] [Server thread/INFO] [minecraft/GameTestRunner]: Running test batch 'defaultBatch:1' (37 tests)...
[10:16:06] [Server thread/DEBUG] [mixin/]: Mixing SubLevelSerializerManagedLoadMixin from antikytheramechanism.mixins.json into dev.ryanhcode.sable.sublevel.storage.serialization.SubLevelSerializer
[10:16:06] [Server thread/DEBUG] [mixin/]: Mixing SableNBTUtilsMixin from sablescale.mixins.json into dev.ryanhcode.sable.util.SableNBTUtils
[10:16:06] [Server thread/DEBUG] [mixin/]: sablescale.mixins.json:SableNBTUtilsMixin from mod sablescale->@Inject::sablescale$writeScale(Ldev/ryanhcode/sable/companion/math/Pose3d;Lorg/spongepowered/asm/mixin/injection/callback/CallbackInfoReturnable;)V does use it's CallbackInfoReturnable
[10:16:06] [Server thread/DEBUG] [mixin/]: sablescale.mixins.json:SableNBTUtilsMixin from mod sablescale->@Inject::sablescale$readScale(Lnet/minecraft/nbt/CompoundTag;Lorg/spongepowered/asm/mixin/injection/callback/CallbackInfoReturnable;)V does use it's CallbackInfoReturnable
[10:16:06] [Server thread/INFO] [minecraft/GameTestServer]: [++++++++++++++X+++++++++++++++++++++++++++++++++++                                     ]
[10:16:06] [Server thread/ERROR] [de.an.AntikytheraMechanism/]: [HOST-WRITE-DIAG] HEAD pos=BlockPos{x=-9064182, y=-57, z=-3566296} before=Block{minecraft:air} requested=Block{antikytheramechanism:mechanism_frame}[connected_down=false,connected_east=false,connected_north=false,connected_south=false,connected_up=false,connected_west=false,empty=true,facing=north] moving=false destinationTransition=false allowed=true receiver=608114064 resolved=608114064 sameChunk=true containing=ROOT
[10:16:06] [Server thread/WARN] [de.an.AntikytheraMechanism/]: [FREEZE-WATCHDOG] Armed 30s after Mechanism Frame placement at BlockPos{x=-9064182, y=-57, z=-3566296} in minecraft:overworld on thread Server thread (stall threshold=2000ms, generation=62)
[10:16:06] [Server thread/ERROR] [de.an.AntikytheraMechanism/]: [HOST-WRITE-DIAG] RETURN pos=BlockPos{x=-9064182, y=-57, z=-3566296} previousReturn=Block{minecraft:air} actual=Block{antikytheramechanism:mechanism_frame}[connected_down=false,connected_east=false,connected_north=false,connected_south=false,connected_up=false,connected_west=false,empty=true,facing=north] destinationTransition=false receiver=608114064 resolved=608114064 sameChunk=true
[10:16:06] [Server thread/DEBUG] [de.an.AntikytheraMechanism/]: Staged Sable SubLevel bdea44b3-e3a7-4ee2-828f-2027ba103b08 for content in assembly 9c826e8f-4c67-4343-ab3a-7dba61024f3c
[10:16:06] [Server thread/WARN] [de.an.AntikytheraMechanism/]: Managed Sable SubLevel bdea44b3-e3a7-4ee2-828f-2027ba103b08 for assembly 9c826e8f-4c67-4343-ab3a-7dba61024f3c was removed (REMOVED)
[10:16:06] [Server thread/ERROR] [de.an.AntikytheraMechanism/]: [HOST-WRITE-DIAG] HEAD pos=BlockPos{x=-9064145, y=-57, z=-3566296} before=Block{minecraft:air} requested=Block{antikytheramechanism:mechanism_frame}[connected_down=false,connected_east=false,connected_north=false,connected_south=false,connected_up=false,connected_west=false,empty=true,facing=north] moving=false destinationTransition=false allowed=true receiver=2145173717 resolved=2145173717 sameChunk=true containing=ROOT
[10:16:06] [Server thread/WARN] [de.an.AntikytheraMechanism/]: [FREEZE-WATCHDOG] Armed 30s after Mechanism Frame placement at BlockPos{x=-9064145, y=-57, z=-3566296} in minecraft:overworld on thread Server thread (stall threshold=2000ms, generation=63)
[10:16:06] [Server thread/ERROR] [de.an.AntikytheraMechanism/]: [HOST-WRITE-DIAG] RETURN pos=BlockPos{x=-9064145, y=-57, z=-3566296} previousReturn=Block{minecraft:air} actual=Block{antikytheramechanism:mechanism_frame}[connected_down=false,connected_east=false,connected_north=false,connected_south=false,connected_up=false,connected_west=false,empty=true,facing=north] destinationTransition=false receiver=2145173717 resolved=2145173717 sameChunk=true
[10:16:06] [Server thread/DEBUG] [de.an.AntikytheraMechanism/]: Staged Sable SubLevel ddfb9117-3588-40e0-98e9-dc0d83d0c7b4 for content in assembly 50fd1b76-edd3-460f-b722-46c475bda3a8
[10:16:06] [Server thread/ERROR] [de.an.AntikytheraMechanism/]: [HOST-WRITE-DIAG] HEAD pos=BlockPos{x=-9064145, y=-57, z=-3566296} before=Block{antikytheramechanism:mechanism_frame}[connected_down=false,connected_east=false,connected_north=false,connected_south=false,connected_up=false,connected_west=false,empty=true,facing=north] requested=Block{antikytheramechanism:mechanism_frame}[connected_down=false,connected_east=false,connected_north=false,connected_south=false,connected_up=false,connected_west=false,empty=false,facing=north] moving=false destinationTransition=false allowed=true receiver=2145173717 resolved=2145173717 sameChunk=true containing=ROOT
[10:16:06] [Server thread/ERROR] [de.an.AntikytheraMechanism/]: [HOST-WRITE-DIAG] RETURN pos=BlockPos{x=-9064145, y=-57, z=-3566296} previousReturn=Block{antikytheramechanism:mechanism_frame}[connected_down=false,connected_east=false,connected_north=false,connected_south=false,connected_up=false,connected_west=false,empty=true,facing=north] actual=Block{antikytheramechanism:mechanism_frame}[connected_down=false,connected_east=false,connected_north=false,connected_south=false,connected_up=false,connected_west=false,empty=false,facing=north] destinationTransition=false receiver=2145173717 resolved=2145173717 sameChunk=true
[10:16:06] [Server thread/DEBUG] [de.an.AntikytheraMechanism/]: Frame onRemove at BlockPos{x=-9064145, y=-57, z=-3566296} movedByPiston=false relocationJournal=true
[10:16:06] [Server thread/ERROR] [de.an.AntikytheraMechanism/]: [HOST-WRITE-DIAG] HEAD pos=BlockPos{x=-9064145, y=-57, z=-3566296} before=Block{minecraft:air} requested=Block{antikytheramechanism:mechanism_frame}[connected_down=false,connected_east=false,connected_north=false,connected_south=false,connected_up=false,connected_west=false,empty=false,facing=west] moving=false destinationTransition=false allowed=true receiver=2145173717 resolved=2145173717 sameChunk=true containing=ROOT
[10:16:06] [Server thread/ERROR] [de.an.AntikytheraMechanism/]: [HOST-WRITE-DIAG] RETURN pos=BlockPos{x=-9064145, y=-57, z=-3566296} previousReturn=Block{minecraft:air} actual=Block{antikytheramechanism:mechanism_frame}[connected_down=false,connected_east=false,connected_north=false,connected_south=false,connected_up=false,connected_west=false,empty=false,facing=west] destinationTransition=false receiver=2145173717 resolved=2145173717 sameChunk=true
[10:16:06] [Server thread/ERROR] [de.an.AntikytheraMechanism/]: [HOST-WRITE-DIAG] HEAD pos=BlockPos{x=-9064109, y=-57, z=-3566295} before=Block{minecraft:air} requested=Block{antikytheramechanism:mechanism_frame}[connected_down=false,connected_east=false,connected_north=false,connected_south=false,connected_up=false,connected_west=false,empty=true,facing=north] moving=false destinationTransition=false allowed=true receiver=535224488 resolved=535224488 sameChunk=true containing=ROOT
[10:16:06] [Server thread/WARN] [de.an.AntikytheraMechanism/]: [FREEZE-WATCHDOG] Armed 30s after Mechanism Frame placement at BlockPos{x=-9064109, y=-57, z=-3566295} in minecraft:overworld on thread Server thread (stall threshold=2000ms, generation=64)
[10:16:06] [Server thread/ERROR] [de.an.AntikytheraMechanism/]: [HOST-WRITE-DIAG] RETURN pos=BlockPos{x=-9064109, y=-57, z=-3566295} previousReturn=Block{minecraft:air} actual=Block{antikytheramechanism:mechanism_frame}[connected_down=false,connected_east=false,connected_north=false,connected_south=false,connected_up=false,connected_west=false,empty=true,facing=north] destinationTransition=false receiver=535224488 resolved=535224488 sameChunk=true
[10:16:06] [Server thread/ERROR] [de.an.AntikytheraMechanism/]: [HOST-WRITE-DIAG] HEAD pos=BlockPos{x=-9064108, y=-57, z=-3566295} before=Block{minecraft:air} requested=Block{antikytheramechanism:mechanism_frame}[connected_down=false,connected_east=false,connected_north=false,connected_south=false,connected_up=false,connected_west=false,empty=true,facing=north] moving=false destinationTransition=false allowed=true receiver=535224488 resolved=535224488 sameChunk=true containing=ROOT
[10:16:06] [Server thread/WARN] [de.an.AntikytheraMechanism/]: [FREEZE-WATCHDOG] Armed 30s after Mechanism Frame placement at BlockPos{x=-9064108, y=-57, z=-3566295} in minecraft:overworld on thread Server thread (stall threshold=2000ms, generation=65)
[10:16:06] [Server thread/ERROR] [de.an.AntikytheraMechanism/]: [HOST-WRITE-DIAG] RETURN pos=BlockPos{x=-9064108, y=-57, z=-3566295} previousReturn=Block{minecraft:air} actual=Block{antikytheramechanism:mechanism_frame}[connected_down=false,connected_east=false,connected_north=false,connected_south=false,connected_up=false,connected_west=false,empty=true,facing=north] destinationTransition=false receiver=535224488 resolved=535224488 sameChunk=true
[10:16:06] [Server thread/ERROR] [de.an.AntikytheraMechanism/]: [HOST-WRITE-DIAG] HEAD pos=BlockPos{x=-9064109, y=-57, z=-3566295} before=Block{antikytheramechanism:mechanism_frame}[connected_down=false,connected_east=false,connected_north=false,connected_south=false,connected_up=false,connected_west=false,empty=true,facing=north] requested=Block{antikytheramechanism:mechanism_frame}[connected_down=false,connected_east=true,connected_north=false,connected_south=false,connected_up=false,connected_west=false,empty=true,facing=north] moving=false destinationTransition=false allowed=true receiver=535224488 resolved=535224488 sameChunk=true containing=ROOT
[10:16:06] [Server thread/ERROR] [de.an.AntikytheraMechanism/]: [HOST-WRITE-DIAG] RETURN pos=BlockPos{x=-9064109, y=-57, z=-3566295} previousReturn=Block{antikytheramechanism:mechanism_frame}[connected_down=false,connected_east=false,connected_north=false,connected_south=false,connected_up=false,connected_west=false,empty=true,facing=north] actual=Block{antikytheramechanism:mechanism_frame}[connected_down=false,connected_east=true,connected_north=false,connected_south=false,connected_up=false,connected_west=false,empty=true,facing=north] destinationTransition=false receiver=535224488 resolved=535224488 sameChunk=true
[10:16:06] [Server thread/ERROR] [de.an.AntikytheraMechanism/]: [HOST-WRITE-DIAG] HEAD pos=BlockPos{x=-9064108, y=-57, z=-3566295} before=Block{antikytheramechanism:mechanism_frame}[connected_down=false,connected_east=false,connected_north=false,connected_south=false,connected_up=false,connected_west=false,empty=true,facing=north] requested=Block{antikytheramechanism:mechanism_frame}[connected_down=false,connected_east=false,connected_north=false,connected_south=false,connected_up=false,connected_west=true,empty=true,facing=north] moving=false destinationTransition=false allowed=true receiver=535224488 resolved=535224488 sameChunk=true containing=ROOT
[10:16:06] [Server thread/ERROR] [de.an.AntikytheraMechanism/]: [HOST-WRITE-DIAG] RETURN pos=BlockPos{x=-9064108, y=-57, z=-3566295} previousReturn=Block{antikytheramechanism:mechanism_frame}[connected_down=false,connected_east=false,connected_north=false,connected_south=false,connected_up=false,connected_west=false,empty=true,facing=north] actual=Block{antikytheramechanism:mechanism_frame}[connected_down=false,connected_east=false,connected_north=false,connected_south=false,connected_up=false,connected_west=true,empty=true,facing=north] destinationTransition=false receiver=535224488 resolved=535224488 sameChunk=true
[10:16:06] [Server thread/ERROR] [de.an.AntikytheraMechanism/]: [HOST-WRITE-DIAG] HEAD pos=BlockPos{x=-9064107, y=-57, z=-3566295} before=Block{minecraft:air} requested=Block{antikytheramechanism:mechanism_frame}[connected_down=false,connected_east=false,connected_north=false,connected_south=false,connected_up=false,connected_west=false,empty=true,facing=north] moving=false destinationTransition=false allowed=true receiver=535224488 resolved=535224488 sameChunk=true containing=ROOT
[10:16:06] [Server thread/WARN] [de.an.AntikytheraMechanism/]: [FREEZE-WATCHDOG] Armed 30s after Mechanism Frame placement at BlockPos{x=-9064107, y=-57, z=-3566295} in minecraft:overworld on thread Server thread (stall threshold=2000ms, generation=66)
[10:16:06] [Server thread/ERROR] [de.an.AntikytheraMechanism/]: [HOST-WRITE-DIAG] RETURN pos=BlockPos{x=-9064107, y=-57, z=-3566295} previousReturn=Block{minecraft:air} actual=Block{antikytheramechanism:mechanism_frame}[connected_down=false,connected_east=false,connected_north=false,connected_south=false,connected_up=false,connected_west=false,empty=true,facing=north] destinationTransition=false receiver=535224488 resolved=535224488 sameChunk=true
[10:16:06] [Server thread/ERROR] [de.an.AntikytheraMechanism/]: [HOST-WRITE-DIAG] HEAD pos=BlockPos{x=-9064108, y=-57, z=-3566295} before=Block{antikytheramechanism:mechanism_frame}[connected_down=false,connected_east=false,connected_north=false,connected_south=false,connected_up=false,connected_west=true,empty=true,facing=north] requested=Block{antikytheramechanism:mechanism_frame}[connected_down=false,connected_east=true,connected_north=false,connected_south=false,connected_up=false,connected_west=true,empty=true,facing=north] moving=false destinationTransition=false allowed=true receiver=535224488 resolved=535224488 sameChunk=true containing=ROOT
[10:16:06] [Server thread/ERROR] [de.an.AntikytheraMechanism/]: [HOST-WRITE-DIAG] RETURN pos=BlockPos{x=-9064108, y=-57, z=-3566295} previousReturn=Block{antikytheramechanism:mechanism_frame}[connected_down=false,connected_east=false,connected_north=false,connected_south=false,connected_up=false,connected_west=true,empty=true,facing=north] actual=Block{antikytheramechanism:mechanism_frame}[connected_down=false,connected_east=true,connected_north=false,connected_south=false,connected_up=false,connected_west=true,empty=true,facing=north] destinationTransition=false receiver=535224488 resolved=535224488 sameChunk=true
[10:16:06] [Server thread/ERROR] [de.an.AntikytheraMechanism/]: [HOST-WRITE-DIAG] HEAD pos=BlockPos{x=-9064107, y=-57, z=-3566295} before=Block{antikytheramechanism:mechanism_frame}[connected_down=false,connected_east=false,connected_north=false,connected_south=false,connected_up=false,connected_west=false,empty=true,facing=north] requested=Block{antikytheramechanism:mechanism_frame}[connected_down=false,connected_east=false,connected_north=false,connected_south=false,connected_up=false,connected_west=true,empty=true,facing=north] moving=false destinationTransition=false allowed=true receiver=535224488 resolved=535224488 sameChunk=true containing=ROOT
[10:16:06] [Server thread/ERROR] [de.an.AntikytheraMechanism/]: [HOST-WRITE-DIAG] RETURN pos=BlockPos{x=-9064107, y=-57, z=-3566295} previousReturn=Block{antikytheramechanism:mechanism_frame}[connected_down=false,connected_east=false,connected_north=false,connected_south=false,connected_up=false,connected_west=false,empty=true,facing=north] actual=Block{antikytheramechanism:mechanism_frame}[connected_down=false,connected_east=false,connected_north=false,connected_south=false,connected_up=false,connected_west=true,empty=true,facing=north] destinationTransition=false receiver=535224488 resolved=535224488 sameChunk=true
[10:16:06] [Server thread/DEBUG] [de.an.AntikytheraMechanism/]: Staged Sable SubLevel 43fc872e-3497-41f6-b038-144fa6828e7b for content in assembly a6b69536-fd19-4d05-a2a2-8c2321e151c7
[10:16:06] [Server thread/DEBUG] [de.an.AntikytheraMechanism/]: Frame onRemove at BlockPos{x=-9064109, y=-57, z=-3566295} movedByPiston=false relocationJournal=false
[10:16:06] [Server thread/DEBUG] [de.an.AntikytheraMechanism/]: Staged Sable SubLevel 9926ae14-1ce6-4093-ac30-a5a82706e091 for content in assembly 639aac91-ce1d-4274-8a41-b5f773d27edc
[10:16:06] [Server thread/ERROR] [de.an.AntikytheraMechanism/]: Assembly lifecycle listener antikytheramechanism:gametest_origin_rebase_inbound_recovery rejected afterAssemblyTransfer
[10:16:06] [Server thread/ERROR] [de.an.AntikytheraMechanism/]: Assembly lifecycle listener antikytheramechanism:gametest_origin_rebase_inbound_recovery rejected onAssemblyTransferRollback
[10:16:06] [Server thread/ERROR] [de.an.AntikytheraMechanism/]: Locked assemblies a6b69536-fd19-4d05-a2a2-8c2321e151c7 and 639aac91-ce1d-4274-8a41-b5f773d27edc after stale-origin repair failed: restoring the rebased payload to the original assembly requires recovery. Both managed payload references were retained for recovery.
[10:16:06] [Server thread/ERROR] [de.an.AntikytheraMechanism/]: [HOST-WRITE-DIAG] HEAD pos=BlockPos{x=-9064108, y=-57, z=-3566295} before=Block{antikytheramechanism:mechanism_frame}[connected_down=false,connected_east=true,connected_north=false,connected_south=false,connected_up=false,connected_west=true,empty=true,facing=north] requested=Block{antikytheramechanism:mechanism_frame}[connected_down=false,connected_east=true,connected_north=false,connected_south=false,connected_up=false,connected_west=false,empty=true,facing=north] moving=false destinationTransition=false allowed=true receiver=535224488 resolved=535224488 sameChunk=true containing=ROOT
[10:16:06] [Server thread/ERROR] [de.an.AntikytheraMechanism/]: [HOST-WRITE-DIAG] RETURN pos=BlockPos{x=-9064108, y=-57, z=-3566295} previousReturn=Block{antikytheramechanism:mechanism_frame}[connected_down=false,connected_east=true,connected_north=false,connected_south=false,connected_up=false,connected_west=true,empty=true,facing=north] actual=Block{antikytheramechanism:mechanism_frame}[connected_down=false,connected_east=true,connected_north=false,connected_south=false,connected_up=false,connected_west=false,empty=true,facing=north] destinationTransition=false receiver=535224488 resolved=535224488 sameChunk=true
[10:16:06] [Server thread/WARN] [de.an.AntikytheraMechanism/]: Managed Sable SubLevel 43fc872e-3497-41f6-b038-144fa6828e7b for assembly a6b69536-fd19-4d05-a2a2-8c2321e151c7 was removed (REMOVED)
[10:16:06] [Server thread/ERROR] [de.an.AntikytheraMechanism/]: [HOST-WRITE-DIAG] HEAD pos=BlockPos{x=-9064219, y=-57, z=-3566274} before=Block{minecraft:air} requested=Block{antikytheramechanism:mechanism_frame}[connected_down=false,connected_east=false,connected_north=false,connected_south=false,connected_up=false,connected_west=false,empty=true,facing=north] moving=false destinationTransition=false allowed=true receiver=397280233 resolved=397280233 sameChunk=true containing=ROOT
[10:16:06] [Server thread/WARN] [de.an.AntikytheraMechanism/]: [FREEZE-WATCHDOG] Armed 30s after Mechanism Frame placement at BlockPos{x=-9064219, y=-57, z=-3566274} in minecraft:overworld on thread Server thread (stall threshold=2000ms, generation=67)
[10:16:06] [Server thread/ERROR] [de.an.AntikytheraMechanism/]: [HOST-WRITE-DIAG] RETURN pos=BlockPos{x=-9064219, y=-57, z=-3566274} previousReturn=Block{minecraft:air} actual=Block{antikytheramechanism:mechanism_frame}[connected_down=false,connected_east=false,connected_north=false,connected_south=false,connected_up=false,connected_west=false,empty=true,facing=north] destinationTransition=false receiver=397280233 resolved=397280233 sameChunk=true
[10:16:06] [Server thread/DEBUG] [de.an.AntikytheraMechanism/]: Staged Sable SubLevel b544dfac-6537-455c-82f9-f97f9dc894a5 for content in assembly 8daaf22d-13ac-452d-a444-67f45dc23d8b
[10:16:06] [Server thread/ERROR] [de.an.AntikytheraMechanism/]: [HOST-WRITE-DIAG] HEAD pos=BlockPos{x=-9064219, y=-57, z=-3566274} before=Block{antikytheramechanism:mechanism_frame}[connected_down=false,connected_east=false,connected_north=false,connected_south=false,connected_up=false,connected_west=false,empty=true,facing=north] requested=Block{antikytheramechanism:mechanism_frame}[connected_down=false,connected_east=false,connected_north=false,connected_south=false,connected_up=false,connected_west=false,empty=false,facing=north] moving=false destinationTransition=false allowed=true receiver=397280233 resolved=397280233 sameChunk=true containing=ROOT
[10:16:06] [Server thread/ERROR] [de.an.AntikytheraMechanism/]: [HOST-WRITE-DIAG] RETURN pos=BlockPos{x=-9064219, y=-57, z=-3566274} previousReturn=Block{antikytheramechanism:mechanism_frame}[connected_down=false,connected_east=false,connected_north=false,connected_south=false,connected_up=false,connected_west=false,empty=true,facing=north] actual=Block{antikytheramechanism:mechanism_frame}[connected_down=false,connected_east=false,connected_north=false,connected_south=false,connected_up=false,connected_west=false,empty=false,facing=north] destinationTransition=false receiver=397280233 resolved=397280233 sameChunk=true
[10:16:06] [Server thread/ERROR] [de.an.AntikytheraMechanism/]: [HOST-WRITE-DIAG] HEAD pos=BlockPos{x=-9064184, y=-58, z=-3566276} before=Block{minecraft:air} requested=Block{antikytheramechanism:mechanism_frame}[connected_down=false,connected_east=false,connected_north=false,connected_south=false,connected_up=false,connected_west=false,empty=true,facing=north] moving=false destinationTransition=false allowed=true receiver=1547282995 resolved=1547282995 sameChunk=true containing=ROOT
[10:16:06] [Server thread/WARN] [de.an.AntikytheraMechanism/]: [FREEZE-WATCHDOG] Armed 30s after Mechanism Frame placement at BlockPos{x=-9064184, y=-58, z=-3566276} in minecraft:overworld on thread Server thread (stall threshold=2000ms, generation=68)
[10:16:06] [Server thread/ERROR] [de.an.AntikytheraMechanism/]: [HOST-WRITE-DIAG] RETURN pos=BlockPos{x=-9064184, y=-58, z=-3566276} previousReturn=Block{minecraft:air} actual=Block{antikytheramechanism:mechanism_frame}[connected_down=false,connected_east=false,connected_north=false,connected_south=false,connected_up=false,connected_west=false,empty=true,facing=north] destinationTransition=false receiver=1547282995 resolved=1547282995 sameChunk=true
[10:16:06] [Server thread/ERROR] [de.an.AntikytheraMechanism/]: [HOST-WRITE-DIAG] HEAD pos=BlockPos{x=-9064183, y=-58, z=-3566276} before=Block{minecraft:air} requested=Block{antikytheramechanism:mechanism_frame}[connected_down=false,connected_east=false,connected_north=false,connected_south=false,connected_up=false,connected_west=false,empty=true,facing=north] moving=false destinationTransition=false allowed=true receiver=1547282995 resolved=1547282995 sameChunk=true containing=ROOT
[10:16:06] [Server thread/WARN] [de.an.AntikytheraMechanism/]: [FREEZE-WATCHDOG] Armed 30s after Mechanism Frame placement at BlockPos{x=-9064183, y=-58, z=-3566276} in minecraft:overworld on thread Server thread (stall threshold=2000ms, generation=69)
[10:16:06] [Server thread/ERROR] [de.an.AntikytheraMechanism/]: [HOST-WRITE-DIAG] RETURN pos=BlockPos{x=-9064183, y=-58, z=-3566276} previousReturn=Block{minecraft:air} actual=Block{antikytheramechanism:mechanism_frame}[connected_down=false,connected_east=false,connected_north=false,connected_south=false,connected_up=false,connected_west=false,empty=true,facing=north] destinationTransition=false receiver=1547282995 resolved=1547282995 sameChunk=true
[10:16:06] [Server thread/ERROR] [de.an.AntikytheraMechanism/]: [HOST-WRITE-DIAG] HEAD pos=BlockPos{x=-9064184, y=-58, z=-3566276} before=Block{antikytheramechanism:mechanism_frame}[connected_down=false,connected_east=false,connected_north=false,connected_south=false,connected_up=false,connected_west=false,empty=true,facing=north] requested=Block{antikytheramechanism:mechanism_frame}[connected_down=false,connected_east=true,connected_north=false,connected_south=false,connected_up=false,connected_west=false,empty=true,facing=north] moving=false destinationTransition=false allowed=true receiver=1547282995 resolved=1547282995 sameChunk=true containing=ROOT
[10:16:06] [Server thread/ERROR] [de.an.AntikytheraMechanism/]: [HOST-WRITE-DIAG] RETURN pos=BlockPos{x=-9064184, y=-58, z=-3566276} previousReturn=Block{antikytheramechanism:mechanism_frame}[connected_down=false,connected_east=false,connected_north=false,connected_south=false,connected_up=false,connected_west=false,empty=true,facing=north] actual=Block{antikytheramechanism:mechanism_frame}[connected_down=false,connected_east=true,connected_north=false,connected_south=false,connected_up=false,connected_west=false,empty=true,facing=north] destinationTransition=false receiver=1547282995 resolved=1547282995 sameChunk=true
[10:16:06] [Server thread/ERROR] [de.an.AntikytheraMechanism/]: [HOST-WRITE-DIAG] HEAD pos=BlockPos{x=-9064183, y=-58, z=-3566276} before=Block{antikytheramechanism:mechanism_frame}[connected_down=false,connected_east=false,connected_north=false,connected_south=false,connected_up=false,connected_west=false,empty=true,facing=north] requested=Block{antikytheramechanism:mechanism_frame}[connected_down=false,connected_east=false,connected_north=false,connected_south=false,connected_up=false,connected_west=true,empty=true,facing=north] moving=false destinationTransition=false allowed=true receiver=1547282995 resolved=1547282995 sameChunk=true containing=ROOT
[10:16:06] [Server thread/ERROR] [de.an.AntikytheraMechanism/]: [HOST-WRITE-DIAG] RETURN pos=BlockPos{x=-9064183, y=-58, z=-3566276} previousReturn=Block{antikytheramechanism:mechanism_frame}[connected_down=false,connected_east=false,connected_north=false,connected_south=false,connected_up=false,connected_west=false,empty=true,facing=north] actual=Block{antikytheramechanism:mechanism_frame}[connected_down=false,connected_east=false,connected_north=false,connected_south=false,connected_up=false,connected_west=true,empty=true,facing=north] destinationTransition=false receiver=1547282995 resolved=1547282995 sameChunk=true
[10:16:06] [Server thread/ERROR] [de.an.AntikytheraMechanism/]: [HOST-WRITE-DIAG] HEAD pos=BlockPos{x=-9064184, y=-58, z=-3566275} before=Block{minecraft:air} requested=Block{antikytheramechanism:mechanism_frame}[connected_down=false,connected_east=false,connected_north=false,connected_south=false,connected_up=false,connected_west=false,empty=true,facing=north] moving=false destinationTransition=false allowed=true receiver=1547282995 resolved=1547282995 sameChunk=true containing=ROOT
[10:16:06] [Server thread/WARN] [de.an.AntikytheraMechanism/]: [FREEZE-WATCHDOG] Armed 30s after Mechanism Frame placement at BlockPos{x=-9064184, y=-58, z=-3566275} in minecraft:overworld on thread Server thread (stall threshold=2000ms, generation=70)
[10:16:06] [Server thread/ERROR] [de.an.AntikytheraMechanism/]: [HOST-WRITE-DIAG] RETURN pos=BlockPos{x=-9064184, y=-58, z=-3566275} previousReturn=Block{minecraft:air} actual=Block{antikytheramechanism:mechanism_frame}[connected_down=false,connected_east=false,connected_north=false,connected_south=false,connected_up=false,connected_west=false,empty=true,facing=north] destinationTransition=false receiver=1547282995 resolved=1547282995 sameChunk=true
[10:16:06] [Server thread/ERROR] [de.an.AntikytheraMechanism/]: [HOST-WRITE-DIAG] HEAD pos=BlockPos{x=-9064184, y=-58, z=-3566276} before=Block{antikytheramechanism:mechanism_frame}[connected_down=false,connected_east=true,connected_north=false,connected_south=false,connected_up=false,connected_west=false,empty=true,facing=north] requested=Block{antikytheramechanism:mechanism_frame}[connected_down=false,connected_east=true,connected_north=false,connected_south=true,connected_up=false,connected_west=false,empty=true,facing=north] moving=false destinationTransition=false allowed=true receiver=1547282995 resolved=1547282995 sameChunk=true containing=ROOT
[10:16:06] [Server thread/ERROR] [de.an.AntikytheraMechanism/]: [HOST-WRITE-DIAG] RETURN pos=BlockPos{x=-9064184, y=-58, z=-3566276} previousReturn=Block{antikytheramechanism:mechanism_frame}[connected_down=false,connected_east=true,connected_north=false,connected_south=false,connected_up=false,connected_west=false,empty=true,facing=north] actual=Block{antikytheramechanism:mechanism_frame}[connected_down=false,connected_east=true,connected_north=false,connected_south=true,connected_up=false,connected_west=false,empty=true,facing=north] destinationTransition=false receiver=1547282995 resolved=1547282995 sameChunk=true
[10:16:06] [Server thread/ERROR] [de.an.AntikytheraMechanism/]: [HOST-WRITE-DIAG] HEAD pos=BlockPos{x=-9064184, y=-58, z=-3566275} before=Block{antikytheramechanism:mechanism_frame}[connected_down=false,connected_east=false,connected_north=false,connected_south=false,connected_up=false,connected_west=false,empty=true,facing=north] requested=Block{antikytheramechanism:mechanism_frame}[connected_down=false,connected_east=false,connected_north=true,connected_south=false,connected_up=false,connected_west=false,empty=true,facing=north] moving=false destinationTransition=false allowed=true receiver=1547282995 resolved=1547282995 sameChunk=true containing=ROOT
[10:16:07] [Server thread/ERROR] [de.an.AntikytheraMechanism/]: [HOST-WRITE-DIAG] RETURN pos=BlockPos{x=-9064184, y=-58, z=-3566275} previousReturn=Block{antikytheramechanism:mechanism_frame}[connected_down=false,connected_east=false,connected_north=false,connected_south=false,connected_up=false,connected_west=false,empty=true,facing=north] actual=Block{antikytheramechanism:mechanism_frame}[connected_down=false,connected_east=false,connected_north=true,connected_south=false,connected_up=false,connected_west=false,empty=true,facing=north] destinationTransition=false receiver=1547282995 resolved=1547282995 sameChunk=true
[10:16:07] [Server thread/ERROR] [de.an.AntikytheraMechanism/]: [HOST-WRITE-DIAG] HEAD pos=BlockPos{x=-9064183, y=-58, z=-3566275} before=Block{minecraft:air} requested=Block{antikytheramechanism:mechanism_frame}[connected_down=false,connected_east=false,connected_north=false,connected_south=false,connected_up=false,connected_west=false,empty=true,facing=north] moving=false destinationTransition=false allowed=true receiver=1547282995 resolved=1547282995 sameChunk=true containing=ROOT
[10:16:07] [Server thread/WARN] [de.an.AntikytheraMechanism/]: [FREEZE-WATCHDOG] Armed 30s after Mechanism Frame placement at BlockPos{x=-9064183, y=-58, z=-3566275} in minecraft:overworld on thread Server thread (stall threshold=2000ms, generation=71)
[10:16:07] [Server thread/ERROR] [de.an.AntikytheraMechanism/]: [HOST-WRITE-DIAG] RETURN pos=BlockPos{x=-9064183, y=-58, z=-3566275} previousReturn=Block{minecraft:air} actual=Block{antikytheramechanism:mechanism_frame}[connected_down=false,connected_east=false,connected_north=false,connected_south=false,connected_up=false,connected_west=false,empty=true,facing=north] destinationTransition=false receiver=1547282995 resolved=1547282995 sameChunk=true
[10:16:07] [Server thread/ERROR] [de.an.AntikytheraMechanism/]: [HOST-WRITE-DIAG] HEAD pos=BlockPos{x=-9064184, y=-58, z=-3566275} before=Block{antikytheramechanism:mechanism_frame}[connected_down=false,connected_east=false,connected_north=true,connected_south=false,connected_up=false,connected_west=false,empty=true,facing=north] requested=Block{antikytheramechanism:mechanism_frame}[connected_down=false,connected_east=true,connected_north=true,connected_south=false,connected_up=false,connected_west=false,empty=true,facing=north] moving=false destinationTransition=false allowed=true receiver=1547282995 resolved=1547282995 sameChunk=true containing=ROOT
[10:16:07] [Server thread/ERROR] [de.an.AntikytheraMechanism/]: [HOST-WRITE-DIAG] RETURN pos=BlockPos{x=-9064184, y=-58, z=-3566275} previousReturn=Block{antikytheramechanism:mechanism_frame}[connected_down=false,connected_east=false,connected_north=true,connected_south=false,connected_up=false,connected_west=false,empty=true,facing=north] actual=Block{antikytheramechanism:mechanism_frame}[connected_down=false,connected_east=true,connected_north=true,connected_south=false,connected_up=false,connected_west=false,empty=true,facing=north] destinationTransition=false receiver=1547282995 resolved=1547282995 sameChunk=true
[10:16:07] [Server thread/ERROR] [de.an.AntikytheraMechanism/]: [HOST-WRITE-DIAG] HEAD pos=BlockPos{x=-9064183, y=-58, z=-3566275} before=Block{antikytheramechanism:mechanism_frame}[connected_down=false,connected_east=false,connected_north=false,connected_south=false,connected_up=false,connected_west=false,empty=true,facing=north] requested=Block{antikytheramechanism:mechanism_frame}[connected_down=false,connected_east=false,connected_north=false,connected_south=false,connected_up=false,connected_west=true,empty=true,facing=north] moving=false destinationTransition=false allowed=true receiver=1547282995 resolved=1547282995 sameChunk=true containing=ROOT
[10:16:07] [Server thread/ERROR] [de.an.AntikytheraMechanism/]: [HOST-WRITE-DIAG] RETURN pos=BlockPos{x=-9064183, y=-58, z=-3566275} previousReturn=Block{antikytheramechanism:mechanism_frame}[connected_down=false,connected_east=false,connected_north=false,connected_south=false,connected_up=false,connected_west=false,empty=true,facing=north] actual=Block{antikytheramechanism:mechanism_frame}[connected_down=false,connected_east=false,connected_north=false,connected_south=false,connected_up=false,connected_west=true,empty=true,facing=north] destinationTransition=false receiver=1547282995 resolved=1547282995 sameChunk=true
[10:16:07] [Server thread/ERROR] [de.an.AntikytheraMechanism/]: [HOST-WRITE-DIAG] HEAD pos=BlockPos{x=-9064183, y=-58, z=-3566276} before=Block{antikytheramechanism:mechanism_frame}[connected_down=false,connected_east=false,connected_north=false,connected_south=false,connected_up=false,connected_west=true,empty=true,facing=north] requested=Block{antikytheramechanism:mechanism_frame}[connected_down=false,connected_east=false,connected_north=false,connected_south=true,connected_up=false,connected_west=true,empty=true,facing=north] moving=false destinationTransition=false allowed=true receiver=1547282995 resolved=1547282995 sameChunk=true containing=ROOT
[10:16:07] [Server thread/ERROR] [de.an.AntikytheraMechanism/]: [HOST-WRITE-DIAG] RETURN pos=BlockPos{x=-9064183, y=-58, z=-3566276} previousReturn=Block{antikytheramechanism:mechanism_frame}[connected_down=false,connected_east=false,connected_north=false,connected_south=false,connected_up=false,connected_west=true,empty=true,facing=north] actual=Block{antikytheramechanism:mechanism_frame}[connected_down=false,connected_east=false,connected_north=false,connected_south=true,connected_up=false,connected_west=true,empty=true,facing=north] destinationTransition=false receiver=1547282995 resolved=1547282995 sameChunk=true
[10:16:07] [Server thread/ERROR] [de.an.AntikytheraMechanism/]: [HOST-WRITE-DIAG] HEAD pos=BlockPos{x=-9064183, y=-58, z=-3566275} before=Block{antikytheramechanism:mechanism_frame}[connected_down=false,connected_east=false,connected_north=false,connected_south=false,connected_up=false,connected_west=true,empty=true,facing=north] requested=Block{antikytheramechanism:mechanism_frame}[connected_down=false,connected_east=false,connected_north=true,connected_south=false,connected_up=false,connected_west=true,empty=true,facing=north] moving=false destinationTransition=false allowed=true receiver=1547282995 resolved=1547282995 sameChunk=true containing=ROOT
[10:16:07] [Server thread/ERROR] [de.an.AntikytheraMechanism/]: [HOST-WRITE-DIAG] RETURN pos=BlockPos{x=-9064183, y=-58, z=-3566275} previousReturn=Block{antikytheramechanism:mechanism_frame}[connected_down=false,connected_east=false,connected_north=false,connected_south=false,connected_up=false,connected_west=true,empty=true,facing=north] actual=Block{antikytheramechanism:mechanism_frame}[connected_down=false,connected_east=false,connected_north=true,connected_south=false,connected_up=false,connected_west=true,empty=true,facing=north] destinationTransition=false receiver=1547282995 resolved=1547282995 sameChunk=true
[10:16:07] [Server thread/DEBUG] [de.an.AntikytheraMechanism/]: Frame onRemove at BlockPos{x=-9064184, y=-58, z=-3566276} movedByPiston=false relocationJournal=true
[10:16:07] [Server thread/ERROR] [de.an.AntikytheraMechanism/]: [HOST-WRITE-DIAG] HEAD pos=BlockPos{x=-9064183, y=-58, z=-3566276} before=Block{antikytheramechanism:mechanism_frame}[connected_down=false,connected_east=false,connected_north=false,connected_south=true,connected_up=false,connected_west=true,empty=true,facing=north] requested=Block{antikytheramechanism:mechanism_frame}[connected_down=false,connected_east=false,connected_north=false,connected_south=true,connected_up=false,connected_west=false,empty=true,facing=north] moving=false destinationTransition=false allowed=true receiver=1547282995 resolved=1547282995 sameChunk=true containing=ROOT
[10:16:07] [Server thread/ERROR] [de.an.AntikytheraMechanism/]: [HOST-WRITE-DIAG] RETURN pos=BlockPos{x=-9064183, y=-58, z=-3566276} previousReturn=Block{antikytheramechanism:mechanism_frame}[connected_down=false,connected_east=false,connected_north=false,connected_south=true,connected_up=false,connected_west=true,empty=true,facing=north] actual=Block{antikytheramechanism:mechanism_frame}[connected_down=false,connected_east=false,connected_north=false,connected_south=true,connected_up=false,connected_west=false,empty=true,facing=north] destinationTransition=false receiver=1547282995 resolved=1547282995 sameChunk=true
[10:16:07] [Server thread/ERROR] [de.an.AntikytheraMechanism/]: [HOST-WRITE-DIAG] HEAD pos=BlockPos{x=-9064184, y=-58, z=-3566275} before=Block{antikytheramechanism:mechanism_frame}[connected_down=false,connected_east=true,connected_north=true,connected_south=false,connected_up=false,connected_west=false,empty=true,facing=north] requested=Block{antikytheramechanism:mechanism_frame}[connected_down=false,connected_east=true,connected_north=false,connected_south=false,connected_up=false,connected_west=false,empty=true,facing=north] moving=false destinationTransition=false allowed=true receiver=1547282995 resolved=1547282995 sameChunk=true containing=ROOT
[10:16:07] [Server thread/ERROR] [de.an.AntikytheraMechanism/]: [HOST-WRITE-DIAG] RETURN pos=BlockPos{x=-9064184, y=-58, z=-3566275} previousReturn=Block{antikytheramechanism:mechanism_frame}[connected_down=false,connected_east=true,connected_north=true,connected_south=false,connected_up=false,connected_west=false,empty=true,facing=north] actual=Block{antikytheramechanism:mechanism_frame}[connected_down=false,connected_east=true,connected_north=false,connected_south=false,connected_up=false,connected_west=false,empty=true,facing=north] destinationTransition=false receiver=1547282995 resolved=1547282995 sameChunk=true
[10:16:07] [Server thread/DEBUG] [de.an.AntikytheraMechanism/]: Frame onRemove at BlockPos{x=-9064183, y=-58, z=-3566276} movedByPiston=false relocationJournal=true
[10:16:07] [Server thread/ERROR] [de.an.AntikytheraMechanism/]: [HOST-WRITE-DIAG] HEAD pos=BlockPos{x=-9064183, y=-58, z=-3566275} before=Block{antikytheramechanism:mechanism_frame}[connected_down=false,connected_east=false,connected_north=true,connected_south=false,connected_up=false,connected_west=true,empty=true,facing=north] requested=Block{antikytheramechanism:mechanism_frame}[connected_down=false,connected_east=false,connected_north=false,connected_south=false,connected_up=false,connected_west=true,empty=true,facing=north] moving=false destinationTransition=false allowed=true receiver=1547282995 resolved=1547282995 sameChunk=true containing=ROOT
[10:16:07] [Server thread/ERROR] [de.an.AntikytheraMechanism/]: [HOST-WRITE-DIAG] RETURN pos=BlockPos{x=-9064183, y=-58, z=-3566275} previousReturn=Block{antikytheramechanism:mechanism_frame}[connected_down=false,connected_east=false,connected_north=true,connected_south=false,connected_up=false,connected_west=true,empty=true,facing=north] actual=Block{antikytheramechanism:mechanism_frame}[connected_down=false,connected_east=false,connected_north=false,connected_south=false,connected_up=false,connected_west=true,empty=true,facing=north] destinationTransition=false receiver=1547282995 resolved=1547282995 sameChunk=true
[10:16:07] [Server thread/DEBUG] [de.an.AntikytheraMechanism/]: Frame onRemove at BlockPos{x=-9064184, y=-58, z=-3566275} movedByPiston=false relocationJournal=true
[10:16:07] [Server thread/ERROR] [de.an.AntikytheraMechanism/]: [HOST-WRITE-DIAG] HEAD pos=BlockPos{x=-9064183, y=-58, z=-3566275} before=Block{antikytheramechanism:mechanism_frame}[connected_down=false,connected_east=false,connected_north=false,connected_south=false,connected_up=false,connected_west=true,empty=true,facing=north] requested=Block{antikytheramechanism:mechanism_frame}[connected_down=false,connected_east=false,connected_north=false,connected_south=false,connected_up=false,connected_west=false,empty=true,facing=north] moving=false destinationTransition=false allowed=true receiver=1547282995 resolved=1547282995 sameChunk=true containing=ROOT
[10:16:07] [Server thread/ERROR] [de.an.AntikytheraMechanism/]: [HOST-WRITE-DIAG] RETURN pos=BlockPos{x=-9064183, y=-58, z=-3566275} previousReturn=Block{antikytheramechanism:mechanism_frame}[connected_down=false,connected_east=false,connected_north=false,connected_south=false,connected_up=false,connected_west=true,empty=true,facing=north] actual=Block{antikytheramechanism:mechanism_frame}[connected_down=false,connected_east=false,connected_north=false,connected_south=false,connected_up=false,connected_west=false,empty=true,facing=north] destinationTransition=false receiver=1547282995 resolved=1547282995 sameChunk=true
[10:16:07] [Server thread/DEBUG] [de.an.AntikytheraMechanism/]: Frame onRemove at BlockPos{x=-9064183, y=-58, z=-3566275} movedByPiston=false relocationJournal=true
[10:16:07] [Server thread/ERROR] [de.an.AntikytheraMechanism/]: [HOST-WRITE-DIAG] HEAD pos=BlockPos{x=-9064178, y=-58, z=-3566272} before=Block{minecraft:air} requested=Block{antikytheramechanism:mechanism_frame}[connected_down=false,connected_east=false,connected_north=false,connected_south=false,connected_up=false,connected_west=false,empty=true,facing=east] moving=false destinationTransition=false allowed=true receiver=807171313 resolved=807171313 sameChunk=true containing=ROOT
[10:16:07] [Server thread/ERROR] [de.an.AntikytheraMechanism/]: [HOST-WRITE-DIAG] RETURN pos=BlockPos{x=-9064178, y=-58, z=-3566272} previousReturn=Block{minecraft:air} actual=Block{antikytheramechanism:mechanism_frame}[connected_down=false,connected_east=false,connected_north=false,connected_south=false,connected_up=false,connected_west=false,empty=true,facing=east] destinationTransition=false receiver=807171313 resolved=807171313 sameChunk=true
[10:16:07] [Server thread/ERROR] [de.an.AntikytheraMechanism/]: [HOST-WRITE-DIAG] HEAD pos=BlockPos{x=-9064178, y=-58, z=-3566271} before=Block{minecraft:air} requested=Block{antikytheramechanism:mechanism_frame}[connected_down=false,connected_east=false,connected_north=false,connected_south=false,connected_up=false,connected_west=false,empty=true,facing=east] moving=false destinationTransition=false allowed=true receiver=807171313 resolved=807171313 sameChunk=true containing=ROOT
[10:16:07] [Server thread/ERROR] [de.an.AntikytheraMechanism/]: [HOST-WRITE-DIAG] RETURN pos=BlockPos{x=-9064178, y=-58, z=-3566271} previousReturn=Block{minecraft:air} actual=Block{antikytheramechanism:mechanism_frame}[connected_down=false,connected_east=false,connected_north=false,connected_south=false,connected_up=false,connected_west=false,empty=true,facing=east] destinationTransition=false receiver=807171313 resolved=807171313 sameChunk=true
[10:16:07] [Server thread/ERROR] [de.an.AntikytheraMechanism/]: [HOST-WRITE-DIAG] HEAD pos=BlockPos{x=-9064178, y=-58, z=-3566272} before=Block{antikytheramechanism:mechanism_frame}[connected_down=false,connected_east=false,connected_north=false,connected_south=false,connected_up=false,connected_west=false,empty=true,facing=east] requested=Block{antikytheramechanism:mechanism_frame}[connected_down=false,connected_east=false,connected_north=false,connected_south=true,connected_up=false,connected_west=false,empty=true,facing=east] moving=false destinationTransition=false allowed=true receiver=807171313 resolved=807171313 sameChunk=true containing=ROOT
[10:16:07] [Server thread/ERROR] [de.an.AntikytheraMechanism/]: [HOST-WRITE-DIAG] RETURN pos=BlockPos{x=-9064178, y=-58, z=-3566272} previousReturn=Block{antikytheramechanism:mechanism_frame}[connected_down=false,connected_east=false,connected_north=false,connected_south=false,connected_up=false,connected_west=false,empty=true,facing=east] actual=Block{antikytheramechanism:mechanism_frame}[connected_down=false,connected_east=false,connected_north=false,connected_south=true,connected_up=false,connected_west=false,empty=true,facing=east] destinationTransition=false receiver=807171313 resolved=807171313 sameChunk=true
[10:16:07] [Server thread/ERROR] [de.an.AntikytheraMechanism/]: [HOST-WRITE-DIAG] HEAD pos=BlockPos{x=-9064178, y=-58, z=-3566271} before=Block{antikytheramechanism:mechanism_frame}[connected_down=false,connected_east=false,connected_north=false,connected_south=false,connected_up=false,connected_west=false,empty=true,facing=east] requested=Block{antikytheramechanism:mechanism_frame}[connected_down=false,connected_east=false,connected_north=true,connected_south=false,connected_up=false,connected_west=false,empty=true,facing=east] moving=false destinationTransition=false allowed=true receiver=807171313 resolved=807171313 sameChunk=true containing=ROOT
[10:16:07] [Server thread/ERROR] [de.an.AntikytheraMechanism/]: [HOST-WRITE-DIAG] RETURN pos=BlockPos{x=-9064178, y=-58, z=-3566271} previousReturn=Block{antikytheramechanism:mechanism_frame}[connected_down=false,connected_east=false,connected_north=false,connected_south=false,connected_up=false,connected_west=false,empty=true,facing=east] actual=Block{antikytheramechanism:mechanism_frame}[connected_down=false,connected_east=false,connected_north=true,connected_south=false,connected_up=false,connected_west=false,empty=true,facing=east] destinationTransition=false receiver=807171313 resolved=807171313 sameChunk=true
[10:16:07] [Server thread/ERROR] [de.an.AntikytheraMechanism/]: [HOST-WRITE-DIAG] HEAD pos=BlockPos{x=-9064179, y=-58, z=-3566272} before=Block{minecraft:air} requested=Block{antikytheramechanism:mechanism_frame}[connected_down=false,connected_east=false,connected_north=false,connected_south=false,connected_up=false,connected_west=false,empty=true,facing=east] moving=false destinationTransition=false allowed=true receiver=807171313 resolved=807171313 sameChunk=true containing=ROOT
[10:16:07] [Server thread/ERROR] [de.an.AntikytheraMechanism/]: [HOST-WRITE-DIAG] RETURN pos=BlockPos{x=-9064179, y=-58, z=-3566272} previousReturn=Block{minecraft:air} actual=Block{antikytheramechanism:mechanism_frame}[connected_down=false,connected_east=false,connected_north=false,connected_south=false,connected_up=false,connected_west=false,empty=true,facing=east] destinationTransition=false receiver=807171313 resolved=807171313 sameChunk=true
[10:16:07] [Server thread/ERROR] [de.an.AntikytheraMechanism/]: [HOST-WRITE-DIAG] HEAD pos=BlockPos{x=-9064178, y=-58, z=-3566272} before=Block{antikytheramechanism:mechanism_frame}[connected_down=false,connected_east=false,connected_north=false,connected_south=true,connected_up=false,connected_west=false,empty=true,facing=east] requested=Block{antikytheramechanism:mechanism_frame}[connected_down=false,connected_east=false,connected_north=false,connected_south=true,connected_up=false,connected_west=true,empty=true,facing=east] moving=false destinationTransition=false allowed=true receiver=807171313 resolved=807171313 sameChunk=true containing=ROOT
[10:16:07] [Server thread/ERROR] [de.an.AntikytheraMechanism/]: [HOST-WRITE-DIAG] RETURN pos=BlockPos{x=-9064178, y=-58, z=-3566272} previousReturn=Block{antikytheramechanism:mechanism_frame}[connected_down=false,connected_east=false,connected_north=false,connected_south=true,connected_up=false,connected_west=false,empty=true,facing=east] actual=Block{antikytheramechanism:mechanism_frame}[connected_down=false,connected_east=false,connected_north=false,connected_south=true,connected_up=false,connected_west=true,empty=true,facing=east] destinationTransition=false receiver=807171313 resolved=807171313 sameChunk=true
[10:16:07] [Server thread/ERROR] [de.an.AntikytheraMechanism/]: [HOST-WRITE-DIAG] HEAD pos=BlockPos{x=-9064179, y=-58, z=-3566272} before=Block{antikytheramechanism:mechanism_frame}[connected_down=false,connected_east=false,connected_north=false,connected_south=false,connected_up=false,connected_west=false,empty=true,facing=east] requested=Block{antikytheramechanism:mechanism_frame}[connected_down=false,connected_east=true,connected_north=false,connected_south=false,connected_up=false,connected_west=false,empty=true,facing=east] moving=false destinationTransition=false allowed=true receiver=807171313 resolved=807171313 sameChunk=true containing=ROOT
[10:16:07] [Server thread/ERROR] [de.an.AntikytheraMechanism/]: [HOST-WRITE-DIAG] RETURN pos=BlockPos{x=-9064179, y=-58, z=-3566272} previousReturn=Block{antikytheramechanism:mechanism_frame}[connected_down=false,connected_east=false,connected_north=false,connected_south=false,connected_up=false,connected_west=false,empty=true,facing=east] actual=Block{antikytheramechanism:mechanism_frame}[connected_down=false,connected_east=true,connected_north=false,connected_south=false,connected_up=false,connected_west=false,empty=true,facing=east] destinationTransition=false receiver=807171313 resolved=807171313 sameChunk=true
[10:16:07] [Server thread/ERROR] [de.an.AntikytheraMechanism/]: [HOST-WRITE-DIAG] HEAD pos=BlockPos{x=-9064179, y=-58, z=-3566271} before=Block{minecraft:air} requested=Block{antikytheramechanism:mechanism_frame}[connected_down=false,connected_east=false,connected_north=false,connected_south=false,connected_up=false,connected_west=false,empty=true,facing=east] moving=false destinationTransition=false allowed=true receiver=807171313 resolved=807171313 sameChunk=true containing=ROOT
[10:16:07] [Server thread/ERROR] [de.an.AntikytheraMechanism/]: [HOST-WRITE-DIAG] RETURN pos=BlockPos{x=-9064179, y=-58, z=-3566271} previousReturn=Block{minecraft:air} actual=Block{antikytheramechanism:mechanism_frame}[connected_down=false,connected_east=false,connected_north=false,connected_south=false,connected_up=false,connected_west=false,empty=true,facing=east] destinationTransition=false receiver=807171313 resolved=807171313 sameChunk=true
[10:16:07] [Server thread/ERROR] [de.an.AntikytheraMechanism/]: [HOST-WRITE-DIAG] HEAD pos=BlockPos{x=-9064178, y=-58, z=-3566271} before=Block{antikytheramechanism:mechanism_frame}[connected_down=false,connected_east=false,connected_north=true,connected_south=false,connected_up=false,connected_west=false,empty=true,facing=east] requested=Block{antikytheramechanism:mechanism_frame}[connected_down=false,connected_east=false,connected_north=true,connected_south=false,connected_up=false,connected_west=true,empty=true,facing=east] moving=false destinationTransition=false allowed=true receiver=807171313 resolved=807171313 sameChunk=true containing=ROOT
[10:16:07] [Server thread/ERROR] [de.an.AntikytheraMechanism/]: [HOST-WRITE-DIAG] RETURN pos=BlockPos{x=-9064178, y=-58, z=-3566271} previousReturn=Block{antikytheramechanism:mechanism_frame}[connected_down=false,connected_east=false,connected_north=true,connected_south=false,connected_up=false,connected_west=false,empty=true,facing=east] actual=Block{antikytheramechanism:mechanism_frame}[connected_down=false,connected_east=false,connected_north=true,connected_south=false,connected_up=false,connected_west=true,empty=true,facing=east] destinationTransition=false receiver=807171313 resolved=807171313 sameChunk=true
[10:16:07] [Server thread/ERROR] [de.an.AntikytheraMechanism/]: [HOST-WRITE-DIAG] HEAD pos=BlockPos{x=-9064179, y=-58, z=-3566271} before=Block{antikytheramechanism:mechanism_frame}[connected_down=false,connected_east=false,connected_north=false,connected_south=false,connected_up=false,connected_west=false,empty=true,facing=east] requested=Block{antikytheramechanism:mechanism_frame}[connected_down=false,connected_east=true,connected_north=false,connected_south=false,connected_up=false,connected_west=false,empty=true,facing=east] moving=false destinationTransition=false allowed=true receiver=807171313 resolved=807171313 sameChunk=true containing=ROOT
[10:16:07] [Server thread/ERROR] [de.an.AntikytheraMechanism/]: [HOST-WRITE-DIAG] RETURN pos=BlockPos{x=-9064179, y=-58, z=-3566271} previousReturn=Block{antikytheramechanism:mechanism_frame}[connected_down=false,connected_east=false,connected_north=false,connected_south=false,connected_up=false,connected_west=false,empty=true,facing=east] actual=Block{antikytheramechanism:mechanism_frame}[connected_down=false,connected_east=true,connected_north=false,connected_south=false,connected_up=false,connected_west=false,empty=true,facing=east] destinationTransition=false receiver=807171313 resolved=807171313 sameChunk=true
[10:16:07] [Server thread/ERROR] [de.an.AntikytheraMechanism/]: [HOST-WRITE-DIAG] HEAD pos=BlockPos{x=-9064179, y=-58, z=-3566272} before=Block{antikytheramechanism:mechanism_frame}[connected_down=false,connected_east=true,connected_north=false,connected_south=false,connected_up=false,connected_west=false,empty=true,facing=east] requested=Block{antikytheramechanism:mechanism_frame}[connected_down=false,connected_east=true,connected_north=false,connected_south=true,connected_up=false,connected_west=false,empty=true,facing=east] moving=false destinationTransition=false allowed=true receiver=807171313 resolved=807171313 sameChunk=true containing=ROOT
[10:16:07] [Server thread/ERROR] [de.an.AntikytheraMechanism/]: [HOST-WRITE-DIAG] RETURN pos=BlockPos{x=-9064179, y=-58, z=-3566272} previousReturn=Block{antikytheramechanism:mechanism_frame}[connected_down=false,connected_east=true,connected_north=false,connected_south=false,connected_up=false,connected_west=false,empty=true,facing=east] actual=Block{antikytheramechanism:mechanism_frame}[connected_down=false,connected_east=true,connected_north=false,connected_south=true,connected_up=false,connected_west=false,empty=true,facing=east] destinationTransition=false receiver=807171313 resolved=807171313 sameChunk=true
[10:16:07] [Server thread/ERROR] [de.an.AntikytheraMechanism/]: [HOST-WRITE-DIAG] HEAD pos=BlockPos{x=-9064179, y=-58, z=-3566271} before=Block{antikytheramechanism:mechanism_frame}[connected_down=false,connected_east=true,connected_north=false,connected_south=false,connected_up=false,connected_west=false,empty=true,facing=east] requested=Block{antikytheramechanism:mechanism_frame}[connected_down=false,connected_east=true,connected_north=true,connected_south=false,connected_up=false,connected_west=false,empty=true,facing=east] moving=false destinationTransition=false allowed=true receiver=807171313 resolved=807171313 sameChunk=true containing=ROOT
[10:16:07] [Server thread/ERROR] [de.an.AntikytheraMechanism/]: [HOST-WRITE-DIAG] RETURN pos=BlockPos{x=-9064179, y=-58, z=-3566271} previousReturn=Block{antikytheramechanism:mechanism_frame}[connected_down=false,connected_east=true,connected_north=false,connected_south=false,connected_up=false,connected_west=false,empty=true,facing=east] actual=Block{antikytheramechanism:mechanism_frame}[connected_down=false,connected_east=true,connected_north=true,connected_south=false,connected_up=false,connected_west=false,empty=true,facing=east] destinationTransition=false receiver=807171313 resolved=807171313 sameChunk=true
[10:16:07] [Server thread/DEBUG] [de.an.AntikytheraMechanism/]: Frame onRemove at BlockPos{x=-9064179, y=-58, z=-3566272} movedByPiston=false relocationJournal=true
[10:16:07] [Server thread/ERROR] [de.an.AntikytheraMechanism/]: [HOST-WRITE-DIAG] HEAD pos=BlockPos{x=-9064178, y=-58, z=-3566272} before=Block{antikytheramechanism:mechanism_frame}[connected_down=false,connected_east=false,connected_north=false,connected_south=true,connected_up=false,connected_west=true,empty=true,facing=east] requested=Block{antikytheramechanism:mechanism_frame}[connected_down=false,connected_east=false,connected_north=false,connected_south=true,connected_up=false,connected_west=false,empty=true,facing=east] moving=false destinationTransition=false allowed=true receiver=807171313 resolved=807171313 sameChunk=true containing=ROOT
[10:16:07] [Server thread/ERROR] [de.an.AntikytheraMechanism/]: [HOST-WRITE-DIAG] RETURN pos=BlockPos{x=-9064178, y=-58, z=-3566272} previousReturn=Block{antikytheramechanism:mechanism_frame}[connected_down=false,connected_east=false,connected_north=false,connected_south=true,connected_up=false,connected_west=true,empty=true,facing=east] actual=Block{antikytheramechanism:mechanism_frame}[connected_down=false,connected_east=false,connected_north=false,connected_south=true,connected_up=false,connected_west=false,empty=true,facing=east] destinationTransition=false receiver=807171313 resolved=807171313 sameChunk=true
[10:16:07] [Server thread/ERROR] [de.an.AntikytheraMechanism/]: [HOST-WRITE-DIAG] HEAD pos=BlockPos{x=-9064179, y=-58, z=-3566271} before=Block{antikytheramechanism:mechanism_frame}[connected_down=false,connected_east=true,connected_north=true,connected_south=false,connected_up=false,connected_west=false,empty=true,facing=east] requested=Block{antikytheramechanism:mechanism_frame}[connected_down=false,connected_east=true,connected_north=false,connected_south=false,connected_up=false,connected_west=false,empty=true,facing=east] moving=false destinationTransition=false allowed=true receiver=807171313 resolved=807171313 sameChunk=true containing=ROOT
[10:16:07] [Server thread/ERROR] [de.an.AntikytheraMechanism/]: [HOST-WRITE-DIAG] RETURN pos=BlockPos{x=-9064179, y=-58, z=-3566271} previousReturn=Block{antikytheramechanism:mechanism_frame}[connected_down=false,connected_east=true,connected_north=true,connected_south=false,connected_up=false,connected_west=false,empty=true,facing=east] actual=Block{antikytheramechanism:mechanism_frame}[connected_down=false,connected_east=true,connected_north=false,connected_south=false,connected_up=false,connected_west=false,empty=true,facing=east] destinationTransition=false receiver=807171313 resolved=807171313 sameChunk=true
[10:16:07] [Server thread/DEBUG] [de.an.AntikytheraMechanism/]: Frame onRemove at BlockPos{x=-9064178, y=-58, z=-3566272} movedByPiston=false relocationJournal=true
[10:16:07] [Server thread/ERROR] [de.an.AntikytheraMechanism/]: [HOST-WRITE-DIAG] HEAD pos=BlockPos{x=-9064178, y=-58, z=-3566271} before=Block{antikytheramechanism:mechanism_frame}[connected_down=false,connected_east=false,connected_north=true,connected_south=false,connected_up=false,connected_west=true,empty=true,facing=east] requested=Block{antikytheramechanism:mechanism_frame}[connected_down=false,connected_east=false,connected_north=false,connected_south=false,connected_up=false,connected_west=true,empty=true,facing=east] moving=false destinationTransition=false allowed=true receiver=807171313 resolved=807171313 sameChunk=true containing=ROOT
[10:16:07] [Server thread/ERROR] [de.an.AntikytheraMechanism/]: [HOST-WRITE-DIAG] RETURN pos=BlockPos{x=-9064178, y=-58, z=-3566271} previousReturn=Block{antikytheramechanism:mechanism_frame}[connected_down=false,connected_east=false,connected_north=true,connected_south=false,connected_up=false,connected_west=true,empty=true,facing=east] actual=Block{antikytheramechanism:mechanism_frame}[connected_down=false,connected_east=false,connected_north=false,connected_south=false,connected_up=false,connected_west=true,empty=true,facing=east] destinationTransition=false receiver=807171313 resolved=807171313 sameChunk=true
[10:16:07] [Server thread/DEBUG] [de.an.AntikytheraMechanism/]: Frame onRemove at BlockPos{x=-9064179, y=-58, z=-3566271} movedByPiston=false relocationJournal=true
[10:16:07] [Server thread/ERROR] [de.an.AntikytheraMechanism/]: [HOST-WRITE-DIAG] HEAD pos=BlockPos{x=-9064178, y=-58, z=-3566271} before=Block{antikytheramechanism:mechanism_frame}[connected_down=false,connected_east=false,connected_north=false,connected_south=false,connected_up=false,connected_west=true,empty=true,facing=east] requested=Block{antikytheramechanism:mechanism_frame}[connected_down=false,connected_east=false,connected_north=false,connected_south=false,connected_up=false,connected_west=false,empty=true,facing=east] moving=false destinationTransition=false allowed=true receiver=807171313 resolved=807171313 sameChunk=true containing=ROOT
[10:16:07] [Server thread/ERROR] [de.an.AntikytheraMechanism/]: [HOST-WRITE-DIAG] RETURN pos=BlockPos{x=-9064178, y=-58, z=-3566271} previousReturn=Block{antikytheramechanism:mechanism_frame}[connected_down=false,connected_east=false,connected_north=false,connected_south=false,connected_up=false,connected_west=true,empty=true,facing=east] actual=Block{antikytheramechanism:mechanism_frame}[connected_down=false,connected_east=false,connected_north=false,connected_south=false,connected_up=false,connected_west=false,empty=true,facing=east] destinationTransition=false receiver=807171313 resolved=807171313 sameChunk=true
[10:16:07] [Server thread/DEBUG] [de.an.AntikytheraMechanism/]: Frame onRemove at BlockPos{x=-9064178, y=-58, z=-3566271} movedByPiston=false relocationJournal=true
[10:16:07] [Server thread/ERROR] [de.an.AntikytheraMechanism/]: [HOST-WRITE-DIAG] HEAD pos=BlockPos{x=-9064173, y=-58, z=-3566272} before=Block{minecraft:air} requested=Block{antikytheramechanism:mechanism_frame}[connected_down=false,connected_east=false,connected_north=false,connected_south=false,connected_up=false,connected_west=false,empty=true,facing=south] moving=false destinationTransition=false allowed=true receiver=1056586912 resolved=1056586912 sameChunk=true containing=ROOT
[10:16:07] [Server thread/ERROR] [de.an.AntikytheraMechanism/]: [HOST-WRITE-DIAG] RETURN pos=BlockPos{x=-9064173, y=-58, z=-3566272} previousReturn=Block{minecraft:air} actual=Block{antikytheramechanism:mechanism_frame}[connected_down=false,connected_east=false,connected_north=false,connected_south=false,connected_up=false,connected_west=false,empty=true,facing=south] destinationTransition=false receiver=1056586912 resolved=1056586912 sameChunk=true
[10:16:07] [Server thread/ERROR] [de.an.AntikytheraMechanism/]: [HOST-WRITE-DIAG] HEAD pos=BlockPos{x=-9064174, y=-58, z=-3566273} before=Block{minecraft:air} requested=Block{antikytheramechanism:mechanism_frame}[connected_down=false,connected_east=false,connected_north=false,connected_south=false,connected_up=false,connected_west=false,empty=true,facing=south] moving=false destinationTransition=false allowed=true receiver=1638915082 resolved=1638915082 sameChunk=true containing=ROOT
[10:16:07] [Server thread/ERROR] [de.an.AntikytheraMechanism/]: [HOST-WRITE-DIAG] RETURN pos=BlockPos{x=-9064174, y=-58, z=-3566273} previousReturn=Block{minecraft:air} actual=Block{antikytheramechanism:mechanism_frame}[connected_down=false,connected_east=false,connected_north=false,connected_south=false,connected_up=false,connected_west=false,empty=true,facing=south] destinationTransition=false receiver=1638915082 resolved=1638915082 sameChunk=true
[10:16:07] [Server thread/ERROR] [de.an.AntikytheraMechanism/]: [HOST-WRITE-DIAG] HEAD pos=BlockPos{x=-9064174, y=-58, z=-3566272} before=Block{minecraft:air} requested=Block{antikytheramechanism:mechanism_frame}[connected_down=false,connected_east=false,connected_north=false,connected_south=false,connected_up=false,connected_west=false,empty=true,facing=south] moving=false destinationTransition=false allowed=true receiver=1056586912 resolved=1056586912 sameChunk=true containing=ROOT
[10:16:07] [Server thread/ERROR] [de.an.AntikytheraMechanism/]: [HOST-WRITE-DIAG] RETURN pos=BlockPos{x=-9064174, y=-58, z=-3566272} previousReturn=Block{minecraft:air} actual=Block{antikytheramechanism:mechanism_frame}[connected_down=false,connected_east=false,connected_north=false,connected_south=false,connected_up=false,connected_west=false,empty=true,facing=south] destinationTransition=false receiver=1056586912 resolved=1056586912 sameChunk=true
[10:16:07] [Server thread/ERROR] [de.an.AntikytheraMechanism/]: [HOST-WRITE-DIAG] HEAD pos=BlockPos{x=-9064173, y=-58, z=-3566272} before=Block{antikytheramechanism:mechanism_frame}[connected_down=false,connected_east=false,connected_north=false,connected_south=false,connected_up=false,connected_west=false,empty=true,facing=south] requested=Block{antikytheramechanism:mechanism_frame}[connected_down=false,connected_east=false,connected_north=false,connected_south=false,connected_up=false,connected_west=true,empty=true,facing=south] moving=false destinationTransition=false allowed=true receiver=1056586912 resolved=1056586912 sameChunk=true containing=ROOT
[10:16:07] [Server thread/ERROR] [de.an.AntikytheraMechanism/]: [HOST-WRITE-DIAG] RETURN pos=BlockPos{x=-9064173, y=-58, z=-3566272} previousReturn=Block{antikytheramechanism:mechanism_frame}[connected_down=false,connected_east=false,connected_north=false,connected_south=false,connected_up=false,connected_west=false,empty=true,facing=south] actual=Block{antikytheramechanism:mechanism_frame}[connected_down=false,connected_east=false,connected_north=false,connected_south=false,connected_up=false,connected_west=true,empty=true,facing=south] destinationTransition=false receiver=1056586912 resolved=1056586912 sameChunk=true
[10:16:07] [Server thread/ERROR] [de.an.AntikytheraMechanism/]: [HOST-WRITE-DIAG] HEAD pos=BlockPos{x=-9064174, y=-58, z=-3566272} before=Block{antikytheramechanism:mechanism_frame}[connected_down=false,connected_east=false,connected_north=false,connected_south=false,connected_up=false,connected_west=false,empty=true,facing=south] requested=Block{antikytheramechanism:mechanism_frame}[connected_down=false,connected_east=true,connected_north=false,connected_south=false,connected_up=false,connected_west=false,empty=true,facing=south] moving=false destinationTransition=false allowed=true receiver=1056586912 resolved=1056586912 sameChunk=true containing=ROOT
[10:16:07] [Server thread/ERROR] [de.an.AntikytheraMechanism/]: [HOST-WRITE-DIAG] RETURN pos=BlockPos{x=-9064174, y=-58, z=-3566272} previousReturn=Block{antikytheramechanism:mechanism_frame}[connected_down=false,connected_east=false,connected_north=false,connected_south=false,connected_up=false,connected_west=false,empty=true,facing=south] actual=Block{antikytheramechanism:mechanism_frame}[connected_down=false,connected_east=true,connected_north=false,connected_south=false,connected_up=false,connected_west=false,empty=true,facing=south] destinationTransition=false receiver=1056586912 resolved=1056586912 sameChunk=true
[10:16:07] [Server thread/ERROR] [de.an.AntikytheraMechanism/]: [HOST-WRITE-DIAG] HEAD pos=BlockPos{x=-9064174, y=-58, z=-3566273} before=Block{antikytheramechanism:mechanism_frame}[connected_down=false,connected_east=false,connected_north=false,connected_south=false,connected_up=false,connected_west=false,empty=true,facing=south] requested=Block{antikytheramechanism:mechanism_frame}[connected_down=false,connected_east=false,connected_north=false,connected_south=true,connected_up=false,connected_west=false,empty=true,facing=south] moving=false destinationTransition=false allowed=true receiver=1638915082 resolved=1638915082 sameChunk=true containing=ROOT
[10:16:07] [Server thread/ERROR] [de.an.AntikytheraMechanism/]: [HOST-WRITE-DIAG] RETURN pos=BlockPos{x=-9064174, y=-58, z=-3566273} previousReturn=Block{antikytheramechanism:mechanism_frame}[connected_down=false,connected_east=false,connected_north=false,connected_south=false,connected_up=false,connected_west=false,empty=true,facing=south] actual=Block{antikytheramechanism:mechanism_frame}[connected_down=false,connected_east=false,connected_north=false,connected_south=true,connected_up=false,connected_west=false,empty=true,facing=south] destinationTransition=false receiver=1638915082 resolved=1638915082 sameChunk=true
[10:16:07] [Server thread/ERROR] [de.an.AntikytheraMechanism/]: [HOST-WRITE-DIAG] HEAD pos=BlockPos{x=-9064174, y=-58, z=-3566272} before=Block{antikytheramechanism:mechanism_frame}[connected_down=false,connected_east=true,connected_north=false,connected_south=false,connected_up=false,connected_west=false,empty=true,facing=south] requested=Block{antikytheramechanism:mechanism_frame}[connected_down=false,connected_east=true,connected_north=true,connected_south=false,connected_up=false,connected_west=false,empty=true,facing=south] moving=false destinationTransition=false allowed=true receiver=1056586912 resolved=1056586912 sameChunk=true containing=ROOT
[10:16:07] [Server thread/ERROR] [de.an.AntikytheraMechanism/]: [HOST-WRITE-DIAG] RETURN pos=BlockPos{x=-9064174, y=-58, z=-3566272} previousReturn=Block{antikytheramechanism:mechanism_frame}[connected_down=false,connected_east=true,connected_north=false,connected_south=false,connected_up=false,connected_west=false,empty=true,facing=south] actual=Block{antikytheramechanism:mechanism_frame}[connected_down=false,connected_east=true,connected_north=true,connected_south=false,connected_up=false,connected_west=false,empty=true,facing=south] destinationTransition=false receiver=1056586912 resolved=1056586912 sameChunk=true
[10:16:07] [Server thread/ERROR] [de.an.AntikytheraMechanism/]: [HOST-WRITE-DIAG] HEAD pos=BlockPos{x=-9064173, y=-58, z=-3566273} before=Block{minecraft:air} requested=Block{antikytheramechanism:mechanism_frame}[connected_down=false,connected_east=false,connected_north=false,connected_south=false,connected_up=false,connected_west=false,empty=true,facing=south] moving=false destinationTransition=false allowed=true receiver=1638915082 resolved=1638915082 sameChunk=true containing=ROOT
[10:16:07] [Server thread/ERROR] [de.an.AntikytheraMechanism/]: [HOST-WRITE-DIAG] RETURN pos=BlockPos{x=-9064173, y=-58, z=-3566273} previousReturn=Block{minecraft:air} actual=Block{antikytheramechanism:mechanism_frame}[connected_down=false,connected_east=false,connected_north=false,connected_south=false,connected_up=false,connected_west=false,empty=true,facing=south] destinationTransition=false receiver=1638915082 resolved=1638915082 sameChunk=true
[10:16:07] [Server thread/ERROR] [de.an.AntikytheraMechanism/]: [HOST-WRITE-DIAG] HEAD pos=BlockPos{x=-9064174, y=-58, z=-3566273} before=Block{antikytheramechanism:mechanism_frame}[connected_down=false,connected_east=false,connected_north=false,connected_south=true,connected_up=false,connected_west=false,empty=true,facing=south] requested=Block{antikytheramechanism:mechanism_frame}[connected_down=false,connected_east=true,connected_north=false,connected_south=true,connected_up=false,connected_west=false,empty=true,facing=south] moving=false destinationTransition=false allowed=true receiver=1638915082 resolved=1638915082 sameChunk=true containing=ROOT
[10:16:07] [Server thread/ERROR] [de.an.AntikytheraMechanism/]: [HOST-WRITE-DIAG] RETURN pos=BlockPos{x=-9064174, y=-58, z=-3566273} previousReturn=Block{antikytheramechanism:mechanism_frame}[connected_down=false,connected_east=false,connected_north=false,connected_south=true,connected_up=false,connected_west=false,empty=true,facing=south] actual=Block{antikytheramechanism:mechanism_frame}[connected_down=false,connected_east=true,connected_north=false,connected_south=true,connected_up=false,connected_west=false,empty=true,facing=south] destinationTransition=false receiver=1638915082 resolved=1638915082 sameChunk=true
[10:16:07] [Server thread/ERROR] [de.an.AntikytheraMechanism/]: [HOST-WRITE-DIAG] HEAD pos=BlockPos{x=-9064173, y=-58, z=-3566273} before=Block{antikytheramechanism:mechanism_frame}[connected_down=false,connected_east=false,connected_north=false,connected_south=false,connected_up=false,connected_west=false,empty=true,facing=south] requested=Block{antikytheramechanism:mechanism_frame}[connected_down=false,connected_east=false,connected_north=false,connected_south=false,connected_up=false,connected_west=true,empty=true,facing=south] moving=false destinationTransition=false allowed=true receiver=1638915082 resolved=1638915082 sameChunk=true containing=ROOT
[10:16:07] [Server thread/ERROR] [de.an.AntikytheraMechanism/]: [HOST-WRITE-DIAG] RETURN pos=BlockPos{x=-9064173, y=-58, z=-3566273} previousReturn=Block{antikytheramechanism:mechanism_frame}[connected_down=false,connected_east=false,connected_north=false,connected_south=false,connected_up=false,connected_west=false,empty=true,facing=south] actual=Block{antikytheramechanism:mechanism_frame}[connected_down=false,connected_east=false,connected_north=false,connected_south=false,connected_up=false,connected_west=true,empty=true,facing=south] destinationTransition=false receiver=1638915082 resolved=1638915082 sameChunk=true
[10:16:07] [Server thread/ERROR] [de.an.AntikytheraMechanism/]: [HOST-WRITE-DIAG] HEAD pos=BlockPos{x=-9064173, y=-58, z=-3566272} before=Block{antikytheramechanism:mechanism_frame}[connected_down=false,connected_east=false,connected_north=false,connected_south=false,connected_up=false,connected_west=true,empty=true,facing=south] requested=Block{antikytheramechanism:mechanism_frame}[connected_down=false,connected_east=false,connected_north=true,connected_south=false,connected_up=false,connected_west=true,empty=true,facing=south] moving=false destinationTransition=false allowed=true receiver=1056586912 resolved=1056586912 sameChunk=true containing=ROOT
[10:16:07] [Server thread/ERROR] [de.an.AntikytheraMechanism/]: [HOST-WRITE-DIAG] RETURN pos=BlockPos{x=-9064173, y=-58, z=-3566272} previousReturn=Block{antikytheramechanism:mechanism_frame}[connected_down=false,connected_east=false,connected_north=false,connected_south=false,connected_up=false,connected_west=true,empty=true,facing=south] actual=Block{antikytheramechanism:mechanism_frame}[connected_down=false,connected_east=false,connected_north=true,connected_south=false,connected_up=false,connected_west=true,empty=true,facing=south] destinationTransition=false receiver=1056586912 resolved=1056586912 sameChunk=true
[10:16:07] [Server thread/ERROR] [de.an.AntikytheraMechanism/]: [HOST-WRITE-DIAG] HEAD pos=BlockPos{x=-9064173, y=-58, z=-3566273} before=Block{antikytheramechanism:mechanism_frame}[connected_down=false,connected_east=false,connected_north=false,connected_south=false,connected_up=false,connected_west=true,empty=true,facing=south] requested=Block{antikytheramechanism:mechanism_frame}[connected_down=false,connected_east=false,connected_north=false,connected_south=true,connected_up=false,connected_west=true,empty=true,facing=south] moving=false destinationTransition=false allowed=true receiver=1638915082 resolved=1638915082 sameChunk=true containing=ROOT
[10:16:07] [Server thread/ERROR] [de.an.AntikytheraMechanism/]: [HOST-WRITE-DIAG] RETURN pos=BlockPos{x=-9064173, y=-58, z=-3566273} previousReturn=Block{antikytheramechanism:mechanism_frame}[connected_down=false,connected_east=false,connected_north=false,connected_south=false,connected_up=false,connected_west=true,empty=true,facing=south] actual=Block{antikytheramechanism:mechanism_frame}[connected_down=false,connected_east=false,connected_north=false,connected_south=true,connected_up=false,connected_west=true,empty=true,facing=south] destinationTransition=false receiver=1638915082 resolved=1638915082 sameChunk=true
[10:16:07] [Server thread/DEBUG] [de.an.AntikytheraMechanism/]: Frame onRemove at BlockPos{x=-9064174, y=-58, z=-3566273} movedByPiston=false relocationJournal=true
[10:16:07] [Server thread/ERROR] [de.an.AntikytheraMechanism/]: [HOST-WRITE-DIAG] HEAD pos=BlockPos{x=-9064173, y=-58, z=-3566273} before=Block{antikytheramechanism:mechanism_frame}[connected_down=false,connected_east=false,connected_north=false,connected_south=true,connected_up=false,connected_west=true,empty=true,facing=south] requested=Block{antikytheramechanism:mechanism_frame}[connected_down=false,connected_east=false,connected_north=false,connected_south=true,connected_up=false,connected_west=false,empty=true,facing=south] moving=false destinationTransition=false allowed=true receiver=1638915082 resolved=1638915082 sameChunk=true containing=ROOT
[10:16:07] [Server thread/ERROR] [de.an.AntikytheraMechanism/]: [HOST-WRITE-DIAG] RETURN pos=BlockPos{x=-9064173, y=-58, z=-3566273} previousReturn=Block{antikytheramechanism:mechanism_frame}[connected_down=false,connected_east=false,connected_north=false,connected_south=true,connected_up=false,connected_west=true,empty=true,facing=south] actual=Block{antikytheramechanism:mechanism_frame}[connected_down=false,connected_east=false,connected_north=false,connected_south=true,connected_up=false,connected_west=false,empty=true,facing=south] destinationTransition=false receiver=1638915082 resolved=1638915082 sameChunk=true
[10:16:07] [Server thread/ERROR] [de.an.AntikytheraMechanism/]: [HOST-WRITE-DIAG] HEAD pos=BlockPos{x=-9064174, y=-58, z=-3566272} before=Block{antikytheramechanism:mechanism_frame}[connected_down=false,connected_east=true,connected_north=true,connected_south=false,connected_up=false,connected_west=false,empty=true,facing=south] requested=Block{antikytheramechanism:mechanism_frame}[connected_down=false,connected_east=true,connected_north=false,connected_south=false,connected_up=false,connected_west=false,empty=true,facing=south] moving=false destinationTransition=false allowed=true receiver=1056586912 resolved=1056586912 sameChunk=true containing=ROOT
[10:16:07] [Server thread/ERROR] [de.an.AntikytheraMechanism/]: [HOST-WRITE-DIAG] RETURN pos=BlockPos{x=-9064174, y=-58, z=-3566272} previousReturn=Block{antikytheramechanism:mechanism_frame}[connected_down=false,connected_east=true,connected_north=true,connected_south=false,connected_up=false,connected_west=false,empty=true,facing=south] actual=Block{antikytheramechanism:mechanism_frame}[connected_down=false,connected_east=true,connected_north=false,connected_south=false,connected_up=false,connected_west=false,empty=true,facing=south] destinationTransition=false receiver=1056586912 resolved=1056586912 sameChunk=true
[10:16:07] [Server thread/DEBUG] [de.an.AntikytheraMechanism/]: Frame onRemove at BlockPos{x=-9064174, y=-58, z=-3566272} movedByPiston=false relocationJournal=true
[10:16:07] [Server thread/ERROR] [de.an.AntikytheraMechanism/]: [HOST-WRITE-DIAG] HEAD pos=BlockPos{x=-9064173, y=-58, z=-3566272} before=Block{antikytheramechanism:mechanism_frame}[connected_down=false,connected_east=false,connected_north=true,connected_south=false,connected_up=false,connected_west=true,empty=true,facing=south] requested=Block{antikytheramechanism:mechanism_frame}[connected_down=false,connected_east=false,connected_north=true,connected_south=false,connected_up=false,connected_west=false,empty=true,facing=south] moving=false destinationTransition=false allowed=true receiver=1056586912 resolved=1056586912 sameChunk=true containing=ROOT
[10:16:07] [Server thread/ERROR] [de.an.AntikytheraMechanism/]: [HOST-WRITE-DIAG] RETURN pos=BlockPos{x=-9064173, y=-58, z=-3566272} previousReturn=Block{antikytheramechanism:mechanism_frame}[connected_down=false,connected_east=false,connected_north=true,connected_south=false,connected_up=false,connected_west=true,empty=true,facing=south] actual=Block{antikytheramechanism:mechanism_frame}[connected_down=false,connected_east=false,connected_north=true,connected_south=false,connected_up=false,connected_west=false,empty=true,facing=south] destinationTransition=false receiver=1056586912 resolved=1056586912 sameChunk=true
[10:16:07] [Server thread/DEBUG] [de.an.AntikytheraMechanism/]: Frame onRemove at BlockPos{x=-9064173, y=-58, z=-3566273} movedByPiston=false relocationJournal=true
[10:16:07] [Server thread/ERROR] [de.an.AntikytheraMechanism/]: [HOST-WRITE-DIAG] HEAD pos=BlockPos{x=-9064173, y=-58, z=-3566272} before=Block{antikytheramechanism:mechanism_frame}[connected_down=false,connected_east=false,connected_north=true,connected_south=false,connected_up=false,connected_west=false,empty=true,facing=south] requested=Block{antikytheramechanism:mechanism_frame}[connected_down=false,connected_east=false,connected_north=false,connected_south=false,connected_up=false,connected_west=false,empty=true,facing=south] moving=false destinationTransition=false allowed=true receiver=1056586912 resolved=1056586912 sameChunk=true containing=ROOT
[10:16:07] [Server thread/ERROR] [de.an.AntikytheraMechanism/]: [HOST-WRITE-DIAG] RETURN pos=BlockPos{x=-9064173, y=-58, z=-3566272} previousReturn=Block{antikytheramechanism:mechanism_frame}[connected_down=false,connected_east=false,connected_north=true,connected_south=false,connected_up=false,connected_west=false,empty=true,facing=south] actual=Block{antikytheramechanism:mechanism_frame}[connected_down=false,connected_east=false,connected_north=false,connected_south=false,connected_up=false,connected_west=false,empty=true,facing=south] destinationTransition=false receiver=1056586912 resolved=1056586912 sameChunk=true
[10:16:07] [Server thread/DEBUG] [de.an.AntikytheraMechanism/]: Frame onRemove at BlockPos{x=-9064173, y=-58, z=-3566272} movedByPiston=false relocationJournal=true
[10:16:07] [Server thread/ERROR] [de.an.AntikytheraMechanism/]: [HOST-WRITE-DIAG] HEAD pos=BlockPos{x=-9064168, y=-58, z=-3566273} before=Block{minecraft:air} requested=Block{antikytheramechanism:mechanism_frame}[connected_down=false,connected_east=false,connected_north=false,connected_south=false,connected_up=false,connected_west=false,empty=true,facing=west] moving=false destinationTransition=false allowed=true receiver=1638915082 resolved=1638915082 sameChunk=true containing=ROOT
[10:16:07] [Server thread/ERROR] [de.an.AntikytheraMechanism/]: [HOST-WRITE-DIAG] RETURN pos=BlockPos{x=-9064168, y=-58, z=-3566273} previousReturn=Block{minecraft:air} actual=Block{antikytheramechanism:mechanism_frame}[connected_down=false,connected_east=false,connected_north=false,connected_south=false,connected_up=false,connected_west=false,empty=true,facing=west] destinationTransition=false receiver=1638915082 resolved=1638915082 sameChunk=true
[10:16:07] [Server thread/ERROR] [de.an.AntikytheraMechanism/]: [HOST-WRITE-DIAG] HEAD pos=BlockPos{x=-9064167, y=-58, z=-3566272} before=Block{minecraft:air} requested=Block{antikytheramechanism:mechanism_frame}[connected_down=false,connected_east=false,connected_north=false,connected_south=false,connected_up=false,connected_west=false,empty=true,facing=west] moving=false destinationTransition=false allowed=true receiver=1056586912 resolved=1056586912 sameChunk=true containing=ROOT
[10:16:07] [Server thread/ERROR] [de.an.AntikytheraMechanism/]: [HOST-WRITE-DIAG] RETURN pos=BlockPos{x=-9064167, y=-58, z=-3566272} previousReturn=Block{minecraft:air} actual=Block{antikytheramechanism:mechanism_frame}[connected_down=false,connected_east=false,connected_north=false,connected_south=false,connected_up=false,connected_west=false,empty=true,facing=west] destinationTransition=false receiver=1056586912 resolved=1056586912 sameChunk=true
[10:16:07] [Server thread/ERROR] [de.an.AntikytheraMechanism/]: [HOST-WRITE-DIAG] HEAD pos=BlockPos{x=-9064168, y=-58, z=-3566272} before=Block{minecraft:air} requested=Block{antikytheramechanism:mechanism_frame}[connected_down=false,connected_east=false,connected_north=false,connected_south=false,connected_up=false,connected_west=false,empty=true,facing=west] moving=false destinationTransition=false allowed=true receiver=1056586912 resolved=1056586912 sameChunk=true containing=ROOT
[10:16:07] [Server thread/ERROR] [de.an.AntikytheraMechanism/]: [HOST-WRITE-DIAG] RETURN pos=BlockPos{x=-9064168, y=-58, z=-3566272} previousReturn=Block{minecraft:air} actual=Block{antikytheramechanism:mechanism_frame}[connected_down=false,connected_east=false,connected_north=false,connected_south=false,connected_up=false,connected_west=false,empty=true,facing=west] destinationTransition=false receiver=1056586912 resolved=1056586912 sameChunk=true
[10:16:07] [Server thread/ERROR] [de.an.AntikytheraMechanism/]: [HOST-WRITE-DIAG] HEAD pos=BlockPos{x=-9064167, y=-58, z=-3566272} before=Block{antikytheramechanism:mechanism_frame}[connected_down=false,connected_east=false,connected_north=false,connected_south=false,connected_up=false,connected_west=false,empty=true,facing=west] requested=Block{antikytheramechanism:mechanism_frame}[connected_down=false,connected_east=false,connected_north=false,connected_south=false,connected_up=false,connected_west=true,empty=true,facing=west] moving=false destinationTransition=false allowed=true receiver=1056586912 resolved=1056586912 sameChunk=true containing=ROOT
[10:16:07] [Server thread/ERROR] [de.an.AntikytheraMechanism/]: [HOST-WRITE-DIAG] RETURN pos=BlockPos{x=-9064167, y=-58, z=-3566272} previousReturn=Block{antikytheramechanism:mechanism_frame}[connected_down=false,connected_east=false,connected_north=false,connected_south=false,connected_up=false,connected_west=false,empty=true,facing=west] actual=Block{antikytheramechanism:mechanism_frame}[connected_down=false,connected_east=false,connected_north=false,connected_south=false,connected_up=false,connected_west=true,empty=true,facing=west] destinationTransition=false receiver=1056586912 resolved=1056586912 sameChunk=true
[10:16:07] [Server thread/ERROR] [de.an.AntikytheraMechanism/]: [HOST-WRITE-DIAG] HEAD pos=BlockPos{x=-9064168, y=-58, z=-3566272} before=Block{antikytheramechanism:mechanism_frame}[connected_down=false,connected_east=false,connected_north=false,connected_south=false,connected_up=false,connected_west=false,empty=true,facing=west] requested=Block{antikytheramechanism:mechanism_frame}[connected_down=false,connected_east=true,connected_north=false,connected_south=false,connected_up=false,connected_west=false,empty=true,facing=west] moving=false destinationTransition=false allowed=true receiver=1056586912 resolved=1056586912 sameChunk=true containing=ROOT
[10:16:07] [Server thread/ERROR] [de.an.AntikytheraMechanism/]: [HOST-WRITE-DIAG] RETURN pos=BlockPos{x=-9064168, y=-58, z=-3566272} previousReturn=Block{antikytheramechanism:mechanism_frame}[connected_down=false,connected_east=false,connected_north=false,connected_south=false,connected_up=false,connected_west=false,empty=true,facing=west] actual=Block{antikytheramechanism:mechanism_frame}[connected_down=false,connected_east=true,connected_north=false,connected_south=false,connected_up=false,connected_west=false,empty=true,facing=west] destinationTransition=false receiver=1056586912 resolved=1056586912 sameChunk=true
[10:16:07] [Server thread/ERROR] [de.an.AntikytheraMechanism/]: [HOST-WRITE-DIAG] HEAD pos=BlockPos{x=-9064168, y=-58, z=-3566273} before=Block{antikytheramechanism:mechanism_frame}[connected_down=false,connected_east=false,connected_north=false,connected_south=false,connected_up=false,connected_west=false,empty=true,facing=west] requested=Block{antikytheramechanism:mechanism_frame}[connected_down=false,connected_east=false,connected_north=false,connected_south=true,connected_up=false,connected_west=false,empty=true,facing=west] moving=false destinationTransition=false allowed=true receiver=1638915082 resolved=1638915082 sameChunk=true containing=ROOT
[10:16:07] [Server thread/ERROR] [de.an.AntikytheraMechanism/]: [HOST-WRITE-DIAG] RETURN pos=BlockPos{x=-9064168, y=-58, z=-3566273} previousReturn=Block{antikytheramechanism:mechanism_frame}[connected_down=false,connected_east=false,connected_north=false,connected_south=false,connected_up=false,connected_west=false,empty=true,facing=west] actual=Block{antikytheramechanism:mechanism_frame}[connected_down=false,connected_east=false,connected_north=false,connected_south=true,connected_up=false,connected_west=false,empty=true,facing=west] destinationTransition=false receiver=1638915082 resolved=1638915082 sameChunk=true
[10:16:07] [Server thread/ERROR] [de.an.AntikytheraMechanism/]: [HOST-WRITE-DIAG] HEAD pos=BlockPos{x=-9064168, y=-58, z=-3566272} before=Block{antikytheramechanism:mechanism_frame}[connected_down=false,connected_east=true,connected_north=false,connected_south=false,connected_up=false,connected_west=false,empty=true,facing=west] requested=Block{antikytheramechanism:mechanism_frame}[connected_down=false,connected_east=true,connected_north=true,connected_south=false,connected_up=false,connected_west=false,empty=true,facing=west] moving=false destinationTransition=false allowed=true receiver=1056586912 resolved=1056586912 sameChunk=true containing=ROOT
[10:16:07] [Server thread/ERROR] [de.an.AntikytheraMechanism/]: [HOST-WRITE-DIAG] RETURN pos=BlockPos{x=-9064168, y=-58, z=-3566272} previousReturn=Block{antikytheramechanism:mechanism_frame}[connected_down=false,connected_east=true,connected_north=false,connected_south=false,connected_up=false,connected_west=false,empty=true,facing=west] actual=Block{antikytheramechanism:mechanism_frame}[connected_down=false,connected_east=true,connected_north=true,connected_south=false,connected_up=false,connected_west=false,empty=true,facing=west] destinationTransition=false receiver=1056586912 resolved=1056586912 sameChunk=true
[10:16:07] [Server thread/ERROR] [de.an.AntikytheraMechanism/]: [HOST-WRITE-DIAG] HEAD pos=BlockPos{x=-9064167, y=-58, z=-3566273} before=Block{minecraft:air} requested=Block{antikytheramechanism:mechanism_frame}[connected_down=false,connected_east=false,connected_north=false,connected_south=false,connected_up=false,connected_west=false,empty=true,facing=west] moving=false destinationTransition=false allowed=true receiver=1638915082 resolved=1638915082 sameChunk=true containing=ROOT
[10:16:07] [Server thread/ERROR] [de.an.AntikytheraMechanism/]: [HOST-WRITE-DIAG] RETURN pos=BlockPos{x=-9064167, y=-58, z=-3566273} previousReturn=Block{minecraft:air} actual=Block{antikytheramechanism:mechanism_frame}[connected_down=false,connected_east=false,connected_north=false,connected_south=false,connected_up=false,connected_west=false,empty=true,facing=west] destinationTransition=false receiver=1638915082 resolved=1638915082 sameChunk=true
[10:16:07] [Server thread/ERROR] [de.an.AntikytheraMechanism/]: [HOST-WRITE-DIAG] HEAD pos=BlockPos{x=-9064168, y=-58, z=-3566273} before=Block{antikytheramechanism:mechanism_frame}[connected_down=false,connected_east=false,connected_north=false,connected_south=true,connected_up=false,connected_west=false,empty=true,facing=west] requested=Block{antikytheramechanism:mechanism_frame}[connected_down=false,connected_east=true,connected_north=false,connected_south=true,connected_up=false,connected_west=false,empty=true,facing=west] moving=false destinationTransition=false allowed=true receiver=1638915082 resolved=1638915082 sameChunk=true containing=ROOT
[10:16:07] [Server thread/ERROR] [de.an.AntikytheraMechanism/]: [HOST-WRITE-DIAG] RETURN pos=BlockPos{x=-9064168, y=-58, z=-3566273} previousReturn=Block{antikytheramechanism:mechanism_frame}[connected_down=false,connected_east=false,connected_north=false,connected_south=true,connected_up=false,connected_west=false,empty=true,facing=west] actual=Block{antikytheramechanism:mechanism_frame}[connected_down=false,connected_east=true,connected_north=false,connected_south=true,connected_up=false,connected_west=false,empty=true,facing=west] destinationTransition=false receiver=1638915082 resolved=1638915082 sameChunk=true
[10:16:07] [Server thread/ERROR] [de.an.AntikytheraMechanism/]: [HOST-WRITE-DIAG] HEAD pos=BlockPos{x=-9064167, y=-58, z=-3566273} before=Block{antikytheramechanism:mechanism_frame}[connected_down=false,connected_east=false,connected_north=false,connected_south=false,connected_up=false,connected_west=false,empty=true,facing=west] requested=Block{antikytheramechanism:mechanism_frame}[connected_down=false,connected_east=false,connected_north=false,connected_south=false,connected_up=false,connected_west=true,empty=true,facing=west] moving=false destinationTransition=false allowed=true receiver=1638915082 resolved=1638915082 sameChunk=true containing=ROOT
[10:16:07] [Server thread/ERROR] [de.an.AntikytheraMechanism/]: [HOST-WRITE-DIAG] RETURN pos=BlockPos{x=-9064167, y=-58, z=-3566273} previousReturn=Block{antikytheramechanism:mechanism_frame}[connected_down=false,connected_east=false,connected_north=false,connected_south=false,connected_up=false,connected_west=false,empty=true,facing=west] actual=Block{antikytheramechanism:mechanism_frame}[connected_down=false,connected_east=false,connected_north=false,connected_south=false,connected_up=false,connected_west=true,empty=true,facing=west] destinationTransition=false receiver=1638915082 resolved=1638915082 sameChunk=true
[10:16:07] [Server thread/ERROR] [de.an.AntikytheraMechanism/]: [HOST-WRITE-DIAG] HEAD pos=BlockPos{x=-9064167, y=-58, z=-3566272} before=Block{antikytheramechanism:mechanism_frame}[connected_down=false,connected_east=false,connected_north=false,connected_south=false,connected_up=false,connected_west=true,empty=true,facing=west] requested=Block{antikytheramechanism:mechanism_frame}[connected_down=false,connected_east=false,connected_north=true,connected_south=false,connected_up=false,connected_west=true,empty=true,facing=west] moving=false destinationTransition=false allowed=true receiver=1056586912 resolved=1056586912 sameChunk=true containing=ROOT
[10:16:07] [Server thread/ERROR] [de.an.AntikytheraMechanism/]: [HOST-WRITE-DIAG] RETURN pos=BlockPos{x=-9064167, y=-58, z=-3566272} previousReturn=Block{antikytheramechanism:mechanism_frame}[connected_down=false,connected_east=false,connected_north=false,connected_south=false,connected_up=false,connected_west=true,empty=true,facing=west] actual=Block{antikytheramechanism:mechanism_frame}[connected_down=false,connected_east=false,connected_north=true,connected_south=false,connected_up=false,connected_west=true,empty=true,facing=west] destinationTransition=false receiver=1056586912 resolved=1056586912 sameChunk=true
[10:16:07] [Server thread/ERROR] [de.an.AntikytheraMechanism/]: [HOST-WRITE-DIAG] HEAD pos=BlockPos{x=-9064167, y=-58, z=-3566273} before=Block{antikytheramechanism:mechanism_frame}[connected_down=false,connected_east=false,connected_north=false,connected_south=false,connected_up=false,connected_west=true,empty=true,facing=west] requested=Block{antikytheramechanism:mechanism_frame}[connected_down=false,connected_east=false,connected_north=false,connected_south=true,connected_up=false,connected_west=true,empty=true,facing=west] moving=false destinationTransition=false allowed=true receiver=1638915082 resolved=1638915082 sameChunk=true containing=ROOT
[10:16:07] [Server thread/ERROR] [de.an.AntikytheraMechanism/]: [HOST-WRITE-DIAG] RETURN pos=BlockPos{x=-9064167, y=-58, z=-3566273} previousReturn=Block{antikytheramechanism:mechanism_frame}[connected_down=false,connected_east=false,connected_north=false,connected_south=false,connected_up=false,connected_west=true,empty=true,facing=west] actual=Block{antikytheramechanism:mechanism_frame}[connected_down=false,connected_east=false,connected_north=false,connected_south=true,connected_up=false,connected_west=true,empty=true,facing=west] destinationTransition=false receiver=1638915082 resolved=1638915082 sameChunk=true
[10:16:07] [Server thread/DEBUG] [de.an.AntikytheraMechanism/]: Frame onRemove at BlockPos{x=-9064167, y=-58, z=-3566273} movedByPiston=false relocationJournal=true
[10:16:07] [Server thread/ERROR] [de.an.AntikytheraMechanism/]: [HOST-WRITE-DIAG] HEAD pos=BlockPos{x=-9064168, y=-58, z=-3566273} before=Block{antikytheramechanism:mechanism_frame}[connected_down=false,connected_east=true,connected_north=false,connected_south=true,connected_up=false,connected_west=false,empty=true,facing=west] requested=Block{antikytheramechanism:mechanism_frame}[connected_down=false,connected_east=false,connected_north=false,connected_south=true,connected_up=false,connected_west=false,empty=true,facing=west] moving=false destinationTransition=false allowed=true receiver=1638915082 resolved=1638915082 sameChunk=true containing=ROOT
[10:16:07] [Server thread/ERROR] [de.an.AntikytheraMechanism/]: [HOST-WRITE-DIAG] RETURN pos=BlockPos{x=-9064168, y=-58, z=-3566273} previousReturn=Block{antikytheramechanism:mechanism_frame}[connected_down=false,connected_east=true,connected_north=false,connected_south=true,connected_up=false,connected_west=false,empty=true,facing=west] actual=Block{antikytheramechanism:mechanism_frame}[connected_down=false,connected_east=false,connected_north=false,connected_south=true,connected_up=false,connected_west=false,empty=true,facing=west] destinationTransition=false receiver=1638915082 resolved=1638915082 sameChunk=true
[10:16:07] [Server thread/ERROR] [de.an.AntikytheraMechanism/]: [HOST-WRITE-DIAG] HEAD pos=BlockPos{x=-9064167, y=-58, z=-3566272} before=Block{antikytheramechanism:mechanism_frame}[connected_down=false,connected_east=false,connected_north=true,connected_south=false,connected_up=false,connected_west=true,empty=true,facing=west] requested=Block{antikytheramechanism:mechanism_frame}[connected_down=false,connected_east=false,connected_north=false,connected_south=false,connected_up=false,connected_west=true,empty=true,facing=west] moving=false destinationTransition=false allowed=true receiver=1056586912 resolved=1056586912 sameChunk=true containing=ROOT
[10:16:07] [Server thread/ERROR] [de.an.AntikytheraMechanism/]: [HOST-WRITE-DIAG] RETURN pos=BlockPos{x=-9064167, y=-58, z=-3566272} previousReturn=Block{antikytheramechanism:mechanism_frame}[connected_down=false,connected_east=false,connected_north=true,connected_south=false,connected_up=false,connected_west=true,empty=true,facing=west] actual=Block{antikytheramechanism:mechanism_frame}[connected_down=false,connected_east=false,connected_north=false,connected_south=false,connected_up=false,connected_west=true,empty=true,facing=west] destinationTransition=false receiver=1056586912 resolved=1056586912 sameChunk=true
[10:16:07] [Server thread/DEBUG] [de.an.AntikytheraMechanism/]: Frame onRemove at BlockPos{x=-9064167, y=-58, z=-3566272} movedByPiston=false relocationJournal=true
[10:16:07] [Server thread/ERROR] [de.an.AntikytheraMechanism/]: [HOST-WRITE-DIAG] HEAD pos=BlockPos{x=-9064168, y=-58, z=-3566272} before=Block{antikytheramechanism:mechanism_frame}[connected_down=false,connected_east=true,connected_north=true,connected_south=false,connected_up=false,connected_west=false,empty=true,facing=west] requested=Block{antikytheramechanism:mechanism_frame}[connected_down=false,connected_east=false,connected_north=true,connected_south=false,connected_up=false,connected_west=false,empty=true,facing=west] moving=false destinationTransition=false allowed=true receiver=1056586912 resolved=1056586912 sameChunk=true containing=ROOT
[10:16:07] [Server thread/ERROR] [de.an.AntikytheraMechanism/]: [HOST-WRITE-DIAG] RETURN pos=BlockPos{x=-9064168, y=-58, z=-3566272} previousReturn=Block{antikytheramechanism:mechanism_frame}[connected_down=false,connected_east=true,connected_north=true,connected_south=false,connected_up=false,connected_west=false,empty=true,facing=west] actual=Block{antikytheramechanism:mechanism_frame}[connected_down=false,connected_east=false,connected_north=true,connected_south=false,connected_up=false,connected_west=false,empty=true,facing=west] destinationTransition=false receiver=1056586912 resolved=1056586912 sameChunk=true
[10:16:07] [Server thread/DEBUG] [de.an.AntikytheraMechanism/]: Frame onRemove at BlockPos{x=-9064168, y=-58, z=-3566273} movedByPiston=false relocationJournal=true
[10:16:07] [Server thread/ERROR] [de.an.AntikytheraMechanism/]: [HOST-WRITE-DIAG] HEAD pos=BlockPos{x=-9064168, y=-58, z=-3566272} before=Block{antikytheramechanism:mechanism_frame}[connected_down=false,connected_east=false,connected_north=true,connected_south=false,connected_up=false,connected_west=false,empty=true,facing=west] requested=Block{antikytheramechanism:mechanism_frame}[connected_down=false,connected_east=false,connected_north=false,connected_south=false,connected_up=false,connected_west=false,empty=true,facing=west] moving=false destinationTransition=false allowed=true receiver=1056586912 resolved=1056586912 sameChunk=true containing=ROOT
[10:16:07] [Server thread/ERROR] [de.an.AntikytheraMechanism/]: [HOST-WRITE-DIAG] RETURN pos=BlockPos{x=-9064168, y=-58, z=-3566272} previousReturn=Block{antikytheramechanism:mechanism_frame}[connected_down=false,connected_east=false,connected_north=true,connected_south=false,connected_up=false,connected_west=false,empty=true,facing=west] actual=Block{antikytheramechanism:mechanism_frame}[connected_down=false,connected_east=false,connected_north=false,connected_south=false,connected_up=false,connected_west=false,empty=true,facing=west] destinationTransition=false receiver=1056586912 resolved=1056586912 sameChunk=true
[10:16:07] [Server thread/DEBUG] [de.an.AntikytheraMechanism/]: Frame onRemove at BlockPos{x=-9064168, y=-58, z=-3566272} movedByPiston=false relocationJournal=true
[10:16:07] [Server thread/ERROR] [de.an.AntikytheraMechanism/]: [HOST-WRITE-DIAG] HEAD pos=BlockPos{x=-9064163, y=-58, z=-3566272} before=Block{minecraft:air} requested=Block{antikytheramechanism:mechanism_frame}[connected_down=false,connected_east=false,connected_north=false,connected_south=false,connected_up=false,connected_west=false,empty=true,facing=north] moving=false destinationTransition=false allowed=true receiver=1056586912 resolved=1056586912 sameChunk=true containing=ROOT
[10:16:07] [Server thread/ERROR] [de.an.AntikytheraMechanism/]: [HOST-WRITE-DIAG] RETURN pos=BlockPos{x=-9064163, y=-58, z=-3566272} previousReturn=Block{minecraft:air} actual=Block{antikytheramechanism:mechanism_frame}[connected_down=false,connected_east=false,connected_north=false,connected_south=false,connected_up=false,connected_west=false,empty=true,facing=north] destinationTransition=false receiver=1056586912 resolved=1056586912 sameChunk=true
[10:16:07] [Server thread/ERROR] [de.an.AntikytheraMechanism/]: [HOST-WRITE-DIAG] HEAD pos=BlockPos{x=-9064162, y=-58, z=-3566271} before=Block{minecraft:air} requested=Block{antikytheramechanism:mechanism_frame}[connected_down=false,connected_east=false,connected_north=false,connected_south=false,connected_up=false,connected_west=false,empty=true,facing=north] moving=false destinationTransition=false allowed=true receiver=1056586912 resolved=1056586912 sameChunk=true containing=ROOT
[10:16:07] [Server thread/ERROR] [de.an.AntikytheraMechanism/]: [HOST-WRITE-DIAG] RETURN pos=BlockPos{x=-9064162, y=-58, z=-3566271} previousReturn=Block{minecraft:air} actual=Block{antikytheramechanism:mechanism_frame}[connected_down=false,connected_east=false,connected_north=false,connected_south=false,connected_up=false,connected_west=false,empty=true,facing=north] destinationTransition=false receiver=1056586912 resolved=1056586912 sameChunk=true
[10:16:07] [Server thread/ERROR] [de.an.AntikytheraMechanism/]: [HOST-WRITE-DIAG] HEAD pos=BlockPos{x=-9064163, y=-58, z=-3566271} before=Block{minecraft:air} requested=Block{antikytheramechanism:mechanism_frame}[connected_down=false,connected_east=false,connected_north=false,connected_south=false,connected_up=false,connected_west=false,empty=true,facing=north] moving=false destinationTransition=false allowed=true receiver=1056586912 resolved=1056586912 sameChunk=true containing=ROOT
[10:16:07] [Server thread/ERROR] [de.an.AntikytheraMechanism/]: [HOST-WRITE-DIAG] RETURN pos=BlockPos{x=-9064163, y=-58, z=-3566271} previousReturn=Block{minecraft:air} actual=Block{antikytheramechanism:mechanism_frame}[connected_down=false,connected_east=false,connected_north=false,connected_south=false,connected_up=false,connected_west=false,empty=true,facing=north] destinationTransition=false receiver=1056586912 resolved=1056586912 sameChunk=true
[10:16:07] [Server thread/ERROR] [de.an.AntikytheraMechanism/]: [HOST-WRITE-DIAG] HEAD pos=BlockPos{x=-9064162, y=-58, z=-3566271} before=Block{antikytheramechanism:mechanism_frame}[connected_down=false,connected_east=false,connected_north=false,connected_south=false,connected_up=false,connected_west=false,empty=true,facing=north] requested=Block{antikytheramechanism:mechanism_frame}[connected_down=false,connected_east=false,connected_north=false,connected_south=false,connected_up=false,connected_west=true,empty=true,facing=north] moving=false destinationTransition=false allowed=true receiver=1056586912 resolved=1056586912 sameChunk=true containing=ROOT
[10:16:07] [Server thread/ERROR] [de.an.AntikytheraMechanism/]: [HOST-WRITE-DIAG] RETURN pos=BlockPos{x=-9064162, y=-58, z=-3566271} previousReturn=Block{antikytheramechanism:mechanism_frame}[connected_down=false,connected_east=false,connected_north=false,connected_south=false,connected_up=false,connected_west=false,empty=true,facing=north] actual=Block{antikytheramechanism:mechanism_frame}[connected_down=false,connected_east=false,connected_north=false,connected_south=false,connected_up=false,connected_west=true,empty=true,facing=north] destinationTransition=false receiver=1056586912 resolved=1056586912 sameChunk=true
[10:16:07] [Server thread/ERROR] [de.an.AntikytheraMechanism/]: [HOST-WRITE-DIAG] HEAD pos=BlockPos{x=-9064163, y=-58, z=-3566271} before=Block{antikytheramechanism:mechanism_frame}[connected_down=false,connected_east=false,connected_north=false,connected_south=false,connected_up=false,connected_west=false,empty=true,facing=north] requested=Block{antikytheramechanism:mechanism_frame}[connected_down=false,connected_east=true,connected_north=false,connected_south=false,connected_up=false,connected_west=false,empty=true,facing=north] moving=false destinationTransition=false allowed=true receiver=1056586912 resolved=1056586912 sameChunk=true containing=ROOT
[10:16:07] [Server thread/ERROR] [de.an.AntikytheraMechanism/]: [HOST-WRITE-DIAG] RETURN pos=BlockPos{x=-9064163, y=-58, z=-3566271} previousReturn=Block{antikytheramechanism:mechanism_frame}[connected_down=false,connected_east=false,connected_north=false,connected_south=false,connected_up=false,connected_west=false,empty=true,facing=north] actual=Block{antikytheramechanism:mechanism_frame}[connected_down=false,connected_east=true,connected_north=false,connected_south=false,connected_up=false,connected_west=false,empty=true,facing=north] destinationTransition=false receiver=1056586912 resolved=1056586912 sameChunk=true
[10:16:07] [Server thread/ERROR] [de.an.AntikytheraMechanism/]: [HOST-WRITE-DIAG] HEAD pos=BlockPos{x=-9064163, y=-58, z=-3566272} before=Block{antikytheramechanism:mechanism_frame}[connected_down=false,connected_east=false,connected_north=false,connected_south=false,connected_up=false,connected_west=false,empty=true,facing=north] requested=Block{antikytheramechanism:mechanism_frame}[connected_down=false,connected_east=false,connected_north=false,connected_south=true,connected_up=false,connected_west=false,empty=true,facing=north] moving=false destinationTransition=false allowed=true receiver=1056586912 resolved=1056586912 sameChunk=true containing=ROOT
[10:16:07] [Server thread/ERROR] [de.an.AntikytheraMechanism/]: [HOST-WRITE-DIAG] RETURN pos=BlockPos{x=-9064163, y=-58, z=-3566272} previousReturn=Block{antikytheramechanism:mechanism_frame}[connected_down=false,connected_east=false,connected_north=false,connected_south=false,connected_up=false,connected_west=false,empty=true,facing=north] actual=Block{antikytheramechanism:mechanism_frame}[connected_down=false,connected_east=false,connected_north=false,connected_south=true,connected_up=false,connected_west=false,empty=true,facing=north] destinationTransition=false receiver=1056586912 resolved=1056586912 sameChunk=true
[10:16:07] [Server thread/ERROR] [de.an.AntikytheraMechanism/]: [HOST-WRITE-DIAG] HEAD pos=BlockPos{x=-9064163, y=-58, z=-3566271} before=Block{antikytheramechanism:mechanism_frame}[connected_down=false,connected_east=true,connected_north=false,connected_south=false,connected_up=false,connected_west=false,empty=true,facing=north] requested=Block{antikytheramechanism:mechanism_frame}[connected_down=false,connected_east=true,connected_north=true,connected_south=false,connected_up=false,connected_west=false,empty=true,facing=north] moving=false destinationTransition=false allowed=true receiver=1056586912 resolved=1056586912 sameChunk=true containing=ROOT
[10:16:07] [Server thread/ERROR] [de.an.AntikytheraMechanism/]: [HOST-WRITE-DIAG] RETURN pos=BlockPos{x=-9064163, y=-58, z=-3566271} previousReturn=Block{antikytheramechanism:mechanism_frame}[connected_down=false,connected_east=true,connected_north=false,connected_south=false,connected_up=false,connected_west=false,empty=true,facing=north] actual=Block{antikytheramechanism:mechanism_frame}[connected_down=false,connected_east=true,connected_north=true,connected_south=false,connected_up=false,connected_west=false,empty=true,facing=north] destinationTransition=false receiver=1056586912 resolved=1056586912 sameChunk=true
[10:16:07] [Server thread/ERROR] [de.an.AntikytheraMechanism/]: [HOST-WRITE-DIAG] HEAD pos=BlockPos{x=-9064162, y=-58, z=-3566272} before=Block{minecraft:air} requested=Block{antikytheramechanism:mechanism_frame}[connected_down=false,connected_east=false,connected_north=false,connected_south=false,connected_up=false,connected_west=false,empty=true,facing=north] moving=false destinationTransition=false allowed=true receiver=1056586912 resolved=1056586912 sameChunk=true containing=ROOT
[10:16:07] [Server thread/ERROR] [de.an.AntikytheraMechanism/]: [HOST-WRITE-DIAG] RETURN pos=BlockPos{x=-9064162, y=-58, z=-3566272} previousReturn=Block{minecraft:air} actual=Block{antikytheramechanism:mechanism_frame}[connected_down=false,connected_east=false,connected_north=false,connected_south=false,connected_up=false,connected_west=false,empty=true,facing=north] destinationTransition=false receiver=1056586912 resolved=1056586912 sameChunk=true
[10:16:07] [Server thread/ERROR] [de.an.AntikytheraMechanism/]: [HOST-WRITE-DIAG] HEAD pos=BlockPos{x=-9064163, y=-58, z=-3566272} before=Block{antikytheramechanism:mechanism_frame}[connected_down=false,connected_east=false,connected_north=false,connected_south=true,connected_up=false,connected_west=false,empty=true,facing=north] requested=Block{antikytheramechanism:mechanism_frame}[connected_down=false,connected_east=true,connected_north=false,connected_south=true,connected_up=false,connected_west=false,empty=true,facing=north] moving=false destinationTransition=false allowed=true receiver=1056586912 resolved=1056586912 sameChunk=true containing=ROOT
[10:16:07] [Server thread/ERROR] [de.an.AntikytheraMechanism/]: [HOST-WRITE-DIAG] RETURN pos=BlockPos{x=-9064163, y=-58, z=-3566272} previousReturn=Block{antikytheramechanism:mechanism_frame}[connected_down=false,connected_east=false,connected_north=false,connected_south=true,connected_up=false,connected_west=false,empty=true,facing=north] actual=Block{antikytheramechanism:mechanism_frame}[connected_down=false,connected_east=true,connected_north=false,connected_south=true,connected_up=false,connected_west=false,empty=true,facing=north] destinationTransition=false receiver=1056586912 resolved=1056586912 sameChunk=true
[10:16:07] [Server thread/ERROR] [de.an.AntikytheraMechanism/]: [HOST-WRITE-DIAG] HEAD pos=BlockPos{x=-9064162, y=-58, z=-3566272} before=Block{antikytheramechanism:mechanism_frame}[connected_down=false,connected_east=false,connected_north=false,connected_south=false,connected_up=false,connected_west=false,empty=true,facing=north] requested=Block{antikytheramechanism:mechanism_frame}[connected_down=false,connected_east=false,connected_north=false,connected_south=false,connected_up=false,connected_west=true,empty=true,facing=north] moving=false destinationTransition=false allowed=true receiver=1056586912 resolved=1056586912 sameChunk=true containing=ROOT
[10:16:07] [Server thread/ERROR] [de.an.AntikytheraMechanism/]: [HOST-WRITE-DIAG] RETURN pos=BlockPos{x=-9064162, y=-58, z=-3566272} previousReturn=Block{antikytheramechanism:mechanism_frame}[connected_down=false,connected_east=false,connected_north=false,connected_south=false,connected_up=false,connected_west=false,empty=true,facing=north] actual=Block{antikytheramechanism:mechanism_frame}[connected_down=false,connected_east=false,connected_north=false,connected_south=false,connected_up=false,connected_west=true,empty=true,facing=north] destinationTransition=false receiver=1056586912 resolved=1056586912 sameChunk=true
[10:16:07] [Server thread/ERROR] [de.an.AntikytheraMechanism/]: [HOST-WRITE-DIAG] HEAD pos=BlockPos{x=-9064162, y=-58, z=-3566271} before=Block{antikytheramechanism:mechanism_frame}[connected_down=false,connected_east=false,connected_north=false,connected_south=false,connected_up=false,connected_west=true,empty=true,facing=north] requested=Block{antikytheramechanism:mechanism_frame}[connected_down=false,connected_east=false,connected_north=true,connected_south=false,connected_up=false,connected_west=true,empty=true,facing=north] moving=false destinationTransition=false allowed=true receiver=1056586912 resolved=1056586912 sameChunk=true containing=ROOT
[10:16:07] [Server thread/ERROR] [de.an.AntikytheraMechanism/]: [HOST-WRITE-DIAG] RETURN pos=BlockPos{x=-9064162, y=-58, z=-3566271} previousReturn=Block{antikytheramechanism:mechanism_frame}[connected_down=false,connected_east=false,connected_north=false,connected_south=false,connected_up=false,connected_west=true,empty=true,facing=north] actual=Block{antikytheramechanism:mechanism_frame}[connected_down=false,connected_east=false,connected_north=true,connected_south=false,connected_up=false,connected_west=true,empty=true,facing=north] destinationTransition=false receiver=1056586912 resolved=1056586912 sameChunk=true
[10:16:07] [Server thread/ERROR] [de.an.AntikytheraMechanism/]: [HOST-WRITE-DIAG] HEAD pos=BlockPos{x=-9064162, y=-58, z=-3566272} before=Block{antikytheramechanism:mechanism_frame}[connected_down=false,connected_east=false,connected_north=false,connected_south=false,connected_up=false,connected_west=true,empty=true,facing=north] requested=Block{antikytheramechanism:mechanism_frame}[connected_down=false,connected_east=false,connected_north=false,connected_south=true,connected_up=false,connected_west=true,empty=true,facing=north] moving=false destinationTransition=false allowed=true receiver=1056586912 resolved=1056586912 sameChunk=true containing=ROOT
[10:16:07] [Server thread/ERROR] [de.an.AntikytheraMechanism/]: [HOST-WRITE-DIAG] RETURN pos=BlockPos{x=-9064162, y=-58, z=-3566272} previousReturn=Block{antikytheramechanism:mechanism_frame}[connected_down=false,connected_east=false,connected_north=false,connected_south=false,connected_up=false,connected_west=true,empty=true,facing=north] actual=Block{antikytheramechanism:mechanism_frame}[connected_down=false,connected_east=false,connected_north=false,connected_south=true,connected_up=false,connected_west=true,empty=true,facing=north] destinationTransition=false receiver=1056586912 resolved=1056586912 sameChunk=true
[10:16:07] [Server thread/ERROR] [de.an.AntikytheraMechanism/]: [HOST-WRITE-DIAG] HEAD pos=BlockPos{x=-9064146, y=-57, z=-3566275} before=Block{minecraft:air} requested=Block{antikytheramechanism:mechanism_frame}[connected_down=false,connected_east=false,connected_north=false,connected_south=false,connected_up=false,connected_west=false,empty=true,facing=north] moving=false destinationTransition=false allowed=true receiver=688966312 resolved=688966312 sameChunk=true containing=ROOT
[10:16:07] [Server thread/WARN] [de.an.AntikytheraMechanism/]: [FREEZE-WATCHDOG] Armed 30s after Mechanism Frame placement at BlockPos{x=-9064146, y=-57, z=-3566275} in minecraft:overworld on thread Server thread (stall threshold=2000ms, generation=72)
[10:16:07] [Server thread/ERROR] [de.an.AntikytheraMechanism/]: [HOST-WRITE-DIAG] RETURN pos=BlockPos{x=-9064146, y=-57, z=-3566275} previousReturn=Block{minecraft:air} actual=Block{antikytheramechanism:mechanism_frame}[connected_down=false,connected_east=false,connected_north=false,connected_south=false,connected_up=false,connected_west=false,empty=true,facing=north] destinationTransition=false receiver=688966312 resolved=688966312 sameChunk=true
[10:16:07] [Server thread/DEBUG] [de.an.AntikytheraMechanism/]: Staged Sable SubLevel e56cfa9f-4db2-4fdb-88fe-970ca852eb5c for content in assembly 8dfe3eb9-50a7-4649-991c-bf78247dd408
[10:16:07] [Server thread/DEBUG] [de.an.AntikytheraMechanism/]: Frame onRemove at BlockPos{x=-9064146, y=-57, z=-3566275} movedByPiston=false relocationJournal=true
[10:16:07] [Server thread/WARN] [de.an.AntikytheraMechanism/]: Managed Sable SubLevel e56cfa9f-4db2-4fdb-88fe-970ca852eb5c for assembly 8dfe3eb9-50a7-4649-991c-bf78247dd408 was removed (REMOVED)
[10:16:07] [Server thread/ERROR] [de.an.AntikytheraMechanism/]: [HOST-WRITE-DIAG] HEAD pos=BlockPos{x=-9064072, y=-57, z=-3566273} before=Block{minecraft:air} requested=Block{antikytheramechanism:mechanism_frame}[connected_down=false,connected_east=false,connected_north=false,connected_south=false,connected_up=false,connected_west=false,empty=true,facing=north] moving=false destinationTransition=false allowed=true receiver=1263181357 resolved=1263181357 sameChunk=true containing=ROOT
[10:16:07] [Server thread/WARN] [de.an.AntikytheraMechanism/]: [FREEZE-WATCHDOG] Armed 30s after Mechanism Frame placement at BlockPos{x=-9064072, y=-57, z=-3566273} in minecraft:overworld on thread Server thread (stall threshold=2000ms, generation=73)
[10:16:07] [Server thread/ERROR] [de.an.AntikytheraMechanism/]: [HOST-WRITE-DIAG] RETURN pos=BlockPos{x=-9064072, y=-57, z=-3566273} previousReturn=Block{minecraft:air} actual=Block{antikytheramechanism:mechanism_frame}[connected_down=false,connected_east=false,connected_north=false,connected_south=false,connected_up=false,connected_west=false,empty=true,facing=north] destinationTransition=false receiver=1263181357 resolved=1263181357 sameChunk=true
[10:16:07] [Server thread/ERROR] [de.an.AntikytheraMechanism/]: [HOST-WRITE-DIAG] HEAD pos=BlockPos{x=-9064071, y=-57, z=-3566273} before=Block{minecraft:air} requested=Block{antikytheramechanism:mechanism_frame}[connected_down=false,connected_east=false,connected_north=false,connected_south=false,connected_up=false,connected_west=false,empty=true,facing=north] moving=false destinationTransition=false allowed=true receiver=1263181357 resolved=1263181357 sameChunk=true containing=ROOT
[10:16:07] [Server thread/WARN] [de.an.AntikytheraMechanism/]: [FREEZE-WATCHDOG] Armed 30s after Mechanism Frame placement at BlockPos{x=-9064071, y=-57, z=-3566273} in minecraft:overworld on thread Server thread (stall threshold=2000ms, generation=74)
[10:16:07] [Server thread/ERROR] [de.an.AntikytheraMechanism/]: [HOST-WRITE-DIAG] RETURN pos=BlockPos{x=-9064071, y=-57, z=-3566273} previousReturn=Block{minecraft:air} actual=Block{antikytheramechanism:mechanism_frame}[connected_down=false,connected_east=false,connected_north=false,connected_south=false,connected_up=false,connected_west=false,empty=true,facing=north] destinationTransition=false receiver=1263181357 resolved=1263181357 sameChunk=true
[10:16:07] [Server thread/ERROR] [de.an.AntikytheraMechanism/]: [HOST-WRITE-DIAG] HEAD pos=BlockPos{x=-9064072, y=-57, z=-3566273} before=Block{antikytheramechanism:mechanism_frame}[connected_down=false,connected_east=false,connected_north=false,connected_south=false,connected_up=false,connected_west=false,empty=true,facing=north] requested=Block{antikytheramechanism:mechanism_frame}[connected_down=false,connected_east=true,connected_north=false,connected_south=false,connected_up=false,connected_west=false,empty=true,facing=north] moving=false destinationTransition=false allowed=true receiver=1263181357 resolved=1263181357 sameChunk=true containing=ROOT
[10:16:07] [Server thread/ERROR] [de.an.AntikytheraMechanism/]: [HOST-WRITE-DIAG] RETURN pos=BlockPos{x=-9064072, y=-57, z=-3566273} previousReturn=Block{antikytheramechanism:mechanism_frame}[connected_down=false,connected_east=false,connected_north=false,connected_south=false,connected_up=false,connected_west=false,empty=true,facing=north] actual=Block{antikytheramechanism:mechanism_frame}[connected_down=false,connected_east=true,connected_north=false,connected_south=false,connected_up=false,connected_west=false,empty=true,facing=north] destinationTransition=false receiver=1263181357 resolved=1263181357 sameChunk=true
[10:16:07] [Server thread/ERROR] [de.an.AntikytheraMechanism/]: [HOST-WRITE-DIAG] HEAD pos=BlockPos{x=-9064071, y=-57, z=-3566273} before=Block{antikytheramechanism:mechanism_frame}[connected_down=false,connected_east=false,connected_north=false,connected_south=false,connected_up=false,connected_west=false,empty=true,facing=north] requested=Block{antikytheramechanism:mechanism_frame}[connected_down=false,connected_east=false,connected_north=false,connected_south=false,connected_up=false,connected_west=true,empty=true,facing=north] moving=false destinationTransition=false allowed=true receiver=1263181357 resolved=1263181357 sameChunk=true containing=ROOT
[10:16:07] [Server thread/ERROR] [de.an.AntikytheraMechanism/]: [HOST-WRITE-DIAG] RETURN pos=BlockPos{x=-9064071, y=-57, z=-3566273} previousReturn=Block{antikytheramechanism:mechanism_frame}[connected_down=false,connected_east=false,connected_north=false,connected_south=false,connected_up=false,connected_west=false,empty=true,facing=north] actual=Block{antikytheramechanism:mechanism_frame}[connected_down=false,connected_east=false,connected_north=false,connected_south=false,connected_up=false,connected_west=true,empty=true,facing=north] destinationTransition=false receiver=1263181357 resolved=1263181357 sameChunk=true
[10:16:07] [Server thread/ERROR] [de.an.AntikytheraMechanism/]: [HOST-WRITE-DIAG] HEAD pos=BlockPos{x=-9064070, y=-57, z=-3566273} before=Block{minecraft:air} requested=Block{antikytheramechanism:mechanism_frame}[connected_down=false,connected_east=false,connected_north=false,connected_south=false,connected_up=false,connected_west=false,empty=true,facing=north] moving=false destinationTransition=false allowed=true receiver=1263181357 resolved=1263181357 sameChunk=true containing=ROOT
[10:16:07] [Server thread/WARN] [de.an.AntikytheraMechanism/]: [FREEZE-WATCHDOG] Armed 30s after Mechanism Frame placement at BlockPos{x=-9064070, y=-57, z=-3566273} in minecraft:overworld on thread Server thread (stall threshold=2000ms, generation=75)
[10:16:07] [Server thread/ERROR] [de.an.AntikytheraMechanism/]: [HOST-WRITE-DIAG] RETURN pos=BlockPos{x=-9064070, y=-57, z=-3566273} previousReturn=Block{minecraft:air} actual=Block{antikytheramechanism:mechanism_frame}[connected_down=false,connected_east=false,connected_north=false,connected_south=false,connected_up=false,connected_west=false,empty=true,facing=north] destinationTransition=false receiver=1263181357 resolved=1263181357 sameChunk=true
[10:16:07] [Server thread/ERROR] [de.an.AntikytheraMechanism/]: [HOST-WRITE-DIAG] HEAD pos=BlockPos{x=-9064071, y=-57, z=-3566273} before=Block{antikytheramechanism:mechanism_frame}[connected_down=false,connected_east=false,connected_north=false,connected_south=false,connected_up=false,connected_west=true,empty=true,facing=north] requested=Block{antikytheramechanism:mechanism_frame}[connected_down=false,connected_east=true,connected_north=false,connected_south=false,connected_up=false,connected_west=true,empty=true,facing=north] moving=false destinationTransition=false allowed=true receiver=1263181357 resolved=1263181357 sameChunk=true containing=ROOT
[10:16:07] [Server thread/ERROR] [de.an.AntikytheraMechanism/]: [HOST-WRITE-DIAG] RETURN pos=BlockPos{x=-9064071, y=-57, z=-3566273} previousReturn=Block{antikytheramechanism:mechanism_frame}[connected_down=false,connected_east=false,connected_north=false,connected_south=false,connected_up=false,connected_west=true,empty=true,facing=north] actual=Block{antikytheramechanism:mechanism_frame}[connected_down=false,connected_east=true,connected_north=false,connected_south=false,connected_up=false,connected_west=true,empty=true,facing=north] destinationTransition=false receiver=1263181357 resolved=1263181357 sameChunk=true
[10:16:07] [Server thread/ERROR] [de.an.AntikytheraMechanism/]: [HOST-WRITE-DIAG] HEAD pos=BlockPos{x=-9064070, y=-57, z=-3566273} before=Block{antikytheramechanism:mechanism_frame}[connected_down=false,connected_east=false,connected_north=false,connected_south=false,connected_up=false,connected_west=false,empty=true,facing=north] requested=Block{antikytheramechanism:mechanism_frame}[connected_down=false,connected_east=false,connected_north=false,connected_south=false,connected_up=false,connected_west=true,empty=true,facing=north] moving=false destinationTransition=false allowed=true receiver=1263181357 resolved=1263181357 sameChunk=true containing=ROOT
[10:16:07] [Server thread/ERROR] [de.an.AntikytheraMechanism/]: [HOST-WRITE-DIAG] RETURN pos=BlockPos{x=-9064070, y=-57, z=-3566273} previousReturn=Block{antikytheramechanism:mechanism_frame}[connected_down=false,connected_east=false,connected_north=false,connected_south=false,connected_up=false,connected_west=false,empty=true,facing=north] actual=Block{antikytheramechanism:mechanism_frame}[connected_down=false,connected_east=false,connected_north=false,connected_south=false,connected_up=false,connected_west=true,empty=true,facing=north] destinationTransition=false receiver=1263181357 resolved=1263181357 sameChunk=true
[10:16:07] [Server thread/DEBUG] [de.an.AntikytheraMechanism/]: Staged Sable SubLevel c3a9d70d-3489-404c-9540-dd21546d2051 for content in assembly 1e5dc272-d6d6-41c0-88c6-efa9121de013
[10:16:07] [Server thread/DEBUG] [de.an.AntikytheraMechanism/]: Frame onRemove at BlockPos{x=-9064072, y=-57, z=-3566273} movedByPiston=false relocationJournal=false
[10:16:07] [Server thread/DEBUG] [de.an.AntikytheraMechanism/]: Staged Sable SubLevel df68488f-3a4e-4659-94dd-0f5a4850f8be for content in assembly 39fcbfe4-3129-4a1a-a07c-03dee1d59c60
[10:16:07] [Server thread/ERROR] [de.an.AntikytheraMechanism/]: Assembly lifecycle listener antikytheramechanism:gametest_origin_rebase_inbound_before rejected beforeAssemblyTransfer
[10:16:07] [Server thread/ERROR] [de.an.AntikytheraMechanism/]: Locked assemblies 1e5dc272-d6d6-41c0-88c6-efa9121de013 and 39fcbfe4-3129-4a1a-a07c-03dee1d59c60 after stale-origin repair failed: restoring the rebased payload to the original assembly rolled back. Both managed payload references were retained for recovery.
[10:16:07] [Server thread/ERROR] [de.an.AntikytheraMechanism/]: [HOST-WRITE-DIAG] HEAD pos=BlockPos{x=-9064071, y=-57, z=-3566273} before=Block{antikytheramechanism:mechanism_frame}[connected_down=false,connected_east=true,connected_north=false,connected_south=false,connected_up=false,connected_west=true,empty=true,facing=north] requested=Block{antikytheramechanism:mechanism_frame}[connected_down=false,connected_east=true,connected_north=false,connected_south=false,connected_up=false,connected_west=false,empty=true,facing=north] moving=false destinationTransition=false allowed=true receiver=1263181357 resolved=1263181357 sameChunk=true containing=ROOT
[10:16:07] [Server thread/ERROR] [de.an.AntikytheraMechanism/]: [HOST-WRITE-DIAG] RETURN pos=BlockPos{x=-9064071, y=-57, z=-3566273} previousReturn=Block{antikytheramechanism:mechanism_frame}[connected_down=false,connected_east=true,connected_north=false,connected_south=false,connected_up=false,connected_west=true,empty=true,facing=north] actual=Block{antikytheramechanism:mechanism_frame}[connected_down=false,connected_east=true,connected_north=false,connected_south=false,connected_up=false,connected_west=false,empty=true,facing=north] destinationTransition=false receiver=1263181357 resolved=1263181357 sameChunk=true
[10:16:07] [Server thread/WARN] [de.an.AntikytheraMechanism/]: Managed Sable SubLevel c3a9d70d-3489-404c-9540-dd21546d2051 for assembly 1e5dc272-d6d6-41c0-88c6-efa9121de013 was removed (REMOVED)
[10:16:07] [Server thread/ERROR] [de.an.AntikytheraMechanism/]: [HOST-WRITE-DIAG] HEAD pos=BlockPos{x=-9064033, y=-57, z=-3566268} before=Block{minecraft:air} requested=Block{antikytheramechanism:mechanism_frame}[connected_down=false,connected_east=false,connected_north=false,connected_south=false,connected_up=false,connected_west=false,empty=true,facing=north] moving=false destinationTransition=false allowed=true receiver=672979280 resolved=672979280 sameChunk=true containing=ROOT
[10:16:07] [Server thread/WARN] [de.an.AntikytheraMechanism/]: [FREEZE-WATCHDOG] Armed 30s after Mechanism Frame placement at BlockPos{x=-9064033, y=-57, z=-3566268} in minecraft:overworld on thread Server thread (stall threshold=2000ms, generation=76)
[10:16:07] [Server thread/ERROR] [de.an.AntikytheraMechanism/]: [HOST-WRITE-DIAG] RETURN pos=BlockPos{x=-9064033, y=-57, z=-3566268} previousReturn=Block{minecraft:air} actual=Block{antikytheramechanism:mechanism_frame}[connected_down=false,connected_east=false,connected_north=false,connected_south=false,connected_up=false,connected_west=false,empty=true,facing=north] destinationTransition=false receiver=672979280 resolved=672979280 sameChunk=true
[10:16:07] [Server thread/ERROR] [de.an.AntikytheraMechanism/]: [HOST-WRITE-DIAG] HEAD pos=BlockPos{x=-9064034, y=-57, z=-3566268} before=Block{minecraft:air} requested=Block{antikytheramechanism:mechanism_frame}[connected_down=false,connected_east=false,connected_north=false,connected_south=false,connected_up=false,connected_west=false,empty=true,facing=north] moving=false destinationTransition=false allowed=true receiver=672979280 resolved=672979280 sameChunk=true containing=ROOT
[10:16:07] [Server thread/WARN] [de.an.AntikytheraMechanism/]: [FREEZE-WATCHDOG] Armed 30s after Mechanism Frame placement at BlockPos{x=-9064034, y=-57, z=-3566268} in minecraft:overworld on thread Server thread (stall threshold=2000ms, generation=77)
[10:16:07] [Server thread/ERROR] [de.an.AntikytheraMechanism/]: [HOST-WRITE-DIAG] RETURN pos=BlockPos{x=-9064034, y=-57, z=-3566268} previousReturn=Block{minecraft:air} actual=Block{antikytheramechanism:mechanism_frame}[connected_down=false,connected_east=false,connected_north=false,connected_south=false,connected_up=false,connected_west=false,empty=true,facing=north] destinationTransition=false receiver=672979280 resolved=672979280 sameChunk=true
[10:16:07] [Server thread/ERROR] [de.an.AntikytheraMechanism/]: [HOST-WRITE-DIAG] HEAD pos=BlockPos{x=-9064033, y=-57, z=-3566268} before=Block{antikytheramechanism:mechanism_frame}[connected_down=false,connected_east=false,connected_north=false,connected_south=false,connected_up=false,connected_west=false,empty=true,facing=north] requested=Block{antikytheramechanism:mechanism_frame}[connected_down=false,connected_east=false,connected_north=false,connected_south=false,connected_up=false,connected_west=true,empty=true,facing=north] moving=false destinationTransition=false allowed=true receiver=672979280 resolved=672979280 sameChunk=true containing=ROOT
[10:16:07] [Server thread/ERROR] [de.an.AntikytheraMechanism/]: [HOST-WRITE-DIAG] RETURN pos=BlockPos{x=-9064033, y=-57, z=-3566268} previousReturn=Block{antikytheramechanism:mechanism_frame}[connected_down=false,connected_east=false,connected_north=false,connected_south=false,connected_up=false,connected_west=false,empty=true,facing=north] actual=Block{antikytheramechanism:mechanism_frame}[connected_down=false,connected_east=false,connected_north=false,connected_south=false,connected_up=false,connected_west=true,empty=true,facing=north] destinationTransition=false receiver=672979280 resolved=672979280 sameChunk=true
[10:16:07] [Server thread/ERROR] [de.an.AntikytheraMechanism/]: [HOST-WRITE-DIAG] HEAD pos=BlockPos{x=-9064034, y=-57, z=-3566268} before=Block{antikytheramechanism:mechanism_frame}[connected_down=false,connected_east=false,connected_north=false,connected_south=false,connected_up=false,connected_west=false,empty=true,facing=north] requested=Block{antikytheramechanism:mechanism_frame}[connected_down=false,connected_east=true,connected_north=false,connected_south=false,connected_up=false,connected_west=false,empty=true,facing=north] moving=false destinationTransition=false allowed=true receiver=672979280 resolved=672979280 sameChunk=true containing=ROOT
[10:16:07] [Server thread/ERROR] [de.an.AntikytheraMechanism/]: [HOST-WRITE-DIAG] RETURN pos=BlockPos{x=-9064034, y=-57, z=-3566268} previousReturn=Block{antikytheramechanism:mechanism_frame}[connected_down=false,connected_east=false,connected_north=false,connected_south=false,connected_up=false,connected_west=false,empty=true,facing=north] actual=Block{antikytheramechanism:mechanism_frame}[connected_down=false,connected_east=true,connected_north=false,connected_south=false,connected_up=false,connected_west=false,empty=true,facing=north] destinationTransition=false receiver=672979280 resolved=672979280 sameChunk=true
[10:16:07] [Server thread/ERROR] [de.an.AntikytheraMechanism/]: [HOST-WRITE-DIAG] HEAD pos=BlockPos{x=-9064032, y=-57, z=-3566268} before=Block{minecraft:air} requested=Block{antikytheramechanism:mechanism_frame}[connected_down=false,connected_east=false,connected_north=false,connected_south=false,connected_up=false,connected_west=false,empty=true,facing=north] moving=false destinationTransition=false allowed=true receiver=934838664 resolved=934838664 sameChunk=true containing=ROOT
[10:16:07] [Server thread/WARN] [de.an.AntikytheraMechanism/]: [FREEZE-WATCHDOG] Armed 30s after Mechanism Frame placement at BlockPos{x=-9064032, y=-57, z=-3566268} in minecraft:overworld on thread Server thread (stall threshold=2000ms, generation=78)
[10:16:07] [Server thread/ERROR] [de.an.AntikytheraMechanism/]: [HOST-WRITE-DIAG] RETURN pos=BlockPos{x=-9064032, y=-57, z=-3566268} previousReturn=Block{minecraft:air} actual=Block{antikytheramechanism:mechanism_frame}[connected_down=false,connected_east=false,connected_north=false,connected_south=false,connected_up=false,connected_west=false,empty=true,facing=north] destinationTransition=false receiver=934838664 resolved=934838664 sameChunk=true
[10:16:07] [Server thread/ERROR] [de.an.AntikytheraMechanism/]: [HOST-WRITE-DIAG] HEAD pos=BlockPos{x=-9064033, y=-57, z=-3566268} before=Block{antikytheramechanism:mechanism_frame}[connected_down=false,connected_east=false,connected_north=false,connected_south=false,connected_up=false,connected_west=true,empty=true,facing=north] requested=Block{antikytheramechanism:mechanism_frame}[connected_down=false,connected_east=true,connected_north=false,connected_south=false,connected_up=false,connected_west=true,empty=true,facing=north] moving=false destinationTransition=false allowed=true receiver=672979280 resolved=672979280 sameChunk=true containing=ROOT
[10:16:07] [Server thread/ERROR] [de.an.AntikytheraMechanism/]: [HOST-WRITE-DIAG] RETURN pos=BlockPos{x=-9064033, y=-57, z=-3566268} previousReturn=Block{antikytheramechanism:mechanism_frame}[connected_down=false,connected_east=false,connected_north=false,connected_south=false,connected_up=false,connected_west=true,empty=true,facing=north] actual=Block{antikytheramechanism:mechanism_frame}[connected_down=false,connected_east=true,connected_north=false,connected_south=false,connected_up=false,connected_west=true,empty=true,facing=north] destinationTransition=false receiver=672979280 resolved=672979280 sameChunk=true
[10:16:07] [Server thread/ERROR] [de.an.AntikytheraMechanism/]: [HOST-WRITE-DIAG] HEAD pos=BlockPos{x=-9064032, y=-57, z=-3566268} before=Block{antikytheramechanism:mechanism_frame}[connected_down=false,connected_east=false,connected_north=false,connected_south=false,connected_up=false,connected_west=false,empty=true,facing=north] requested=Block{antikytheramechanism:mechanism_frame}[connected_down=false,connected_east=false,connected_north=false,connected_south=false,connected_up=false,connected_west=true,empty=true,facing=north] moving=false destinationTransition=false allowed=true receiver=934838664 resolved=934838664 sameChunk=true containing=ROOT
[10:16:07] [Server thread/ERROR] [de.an.AntikytheraMechanism/]: [HOST-WRITE-DIAG] RETURN pos=BlockPos{x=-9064032, y=-57, z=-3566268} previousReturn=Block{antikytheramechanism:mechanism_frame}[connected_down=false,connected_east=false,connected_north=false,connected_south=false,connected_up=false,connected_west=false,empty=true,facing=north] actual=Block{antikytheramechanism:mechanism_frame}[connected_down=false,connected_east=false,connected_north=false,connected_south=false,connected_up=false,connected_west=true,empty=true,facing=north] destinationTransition=false receiver=934838664 resolved=934838664 sameChunk=true
[10:16:07] [Server thread/DEBUG] [de.an.AntikytheraMechanism/]: Staged Sable SubLevel be3e4498-26c0-49ad-a75a-7254268dc48e for content in assembly b68cd9ef-7bb1-4ffc-9b42-bf5f83827dcc
[10:16:07] [Server thread/ERROR] [de.an.AntikytheraMechanism/]: [HOST-WRITE-DIAG] HEAD pos=BlockPos{x=-9064034, y=-57, z=-3566268} before=Block{antikytheramechanism:mechanism_frame}[connected_down=false,connected_east=true,connected_north=false,connected_south=false,connected_up=false,connected_west=false,empty=true,facing=north] requested=Block{antikytheramechanism:mechanism_frame}[connected_down=false,connected_east=true,connected_north=false,connected_south=false,connected_up=false,connected_west=false,empty=false,facing=north] moving=false destinationTransition=false allowed=true receiver=672979280 resolved=672979280 sameChunk=true containing=ROOT
[10:16:07] [Server thread/ERROR] [de.an.AntikytheraMechanism/]: [HOST-WRITE-DIAG] RETURN pos=BlockPos{x=-9064034, y=-57, z=-3566268} previousReturn=Block{antikytheramechanism:mechanism_frame}[connected_down=false,connected_east=true,connected_north=false,connected_south=false,connected_up=false,connected_west=false,empty=true,facing=north] actual=Block{antikytheramechanism:mechanism_frame}[connected_down=false,connected_east=true,connected_north=false,connected_south=false,connected_up=false,connected_west=false,empty=false,facing=north] destinationTransition=false receiver=672979280 resolved=672979280 sameChunk=true
[10:16:07] [Server thread/ERROR] [de.an.AntikytheraMechanism/]: [HOST-WRITE-DIAG] HEAD pos=BlockPos{x=-9064033, y=-57, z=-3566268} before=Block{antikytheramechanism:mechanism_frame}[connected_down=false,connected_east=true,connected_north=false,connected_south=false,connected_up=false,connected_west=true,empty=true,facing=north] requested=Block{antikytheramechanism:mechanism_frame}[connected_down=false,connected_east=true,connected_north=false,connected_south=false,connected_up=false,connected_west=true,empty=false,facing=north] moving=false destinationTransition=false allowed=true receiver=672979280 resolved=672979280 sameChunk=true containing=ROOT
[10:16:07] [Server thread/ERROR] [de.an.AntikytheraMechanism/]: [HOST-WRITE-DIAG] RETURN pos=BlockPos{x=-9064033, y=-57, z=-3566268} previousReturn=Block{antikytheramechanism:mechanism_frame}[connected_down=false,connected_east=true,connected_north=false,connected_south=false,connected_up=false,connected_west=true,empty=true,facing=north] actual=Block{antikytheramechanism:mechanism_frame}[connected_down=false,connected_east=true,connected_north=false,connected_south=false,connected_up=false,connected_west=true,empty=false,facing=north] destinationTransition=false receiver=672979280 resolved=672979280 sameChunk=true
[10:16:07] [Server thread/ERROR] [de.an.AntikytheraMechanism/]: [HOST-WRITE-DIAG] HEAD pos=BlockPos{x=-9064032, y=-57, z=-3566268} before=Block{antikytheramechanism:mechanism_frame}[connected_down=false,connected_east=false,connected_north=false,connected_south=false,connected_up=false,connected_west=true,empty=true,facing=north] requested=Block{antikytheramechanism:mechanism_frame}[connected_down=false,connected_east=false,connected_north=false,connected_south=false,connected_up=false,connected_west=true,empty=false,facing=north] moving=false destinationTransition=false allowed=true receiver=934838664 resolved=934838664 sameChunk=true containing=ROOT
[10:16:07] [Server thread/ERROR] [de.an.AntikytheraMechanism/]: [HOST-WRITE-DIAG] RETURN pos=BlockPos{x=-9064032, y=-57, z=-3566268} previousReturn=Block{antikytheramechanism:mechanism_frame}[connected_down=false,connected_east=false,connected_north=false,connected_south=false,connected_up=false,connected_west=true,empty=true,facing=north] actual=Block{antikytheramechanism:mechanism_frame}[connected_down=false,connected_east=false,connected_north=false,connected_south=false,connected_up=false,connected_west=true,empty=false,facing=north] destinationTransition=false receiver=934838664 resolved=934838664 sameChunk=true
[10:16:07] [Server thread/ERROR] [de.an.AntikytheraMechanism/]: [HOST-WRITE-DIAG] HEAD pos=BlockPos{x=-9064033, y=-57, z=-3566268} before=Block{antikytheramechanism:mechanism_frame}[connected_down=false,connected_east=true,connected_north=false,connected_south=false,connected_up=false,connected_west=true,empty=false,facing=north] requested=Block{antikytheramechanism:mechanism_frame}[connected_down=false,connected_east=true,connected_north=false,connected_south=false,connected_up=false,connected_west=true,empty=true,facing=north] moving=false destinationTransition=false allowed=true receiver=672979280 resolved=672979280 sameChunk=true containing=ROOT
[10:16:07] [Server thread/ERROR] [de.an.AntikytheraMechanism/]: [HOST-WRITE-DIAG] RETURN pos=BlockPos{x=-9064033, y=-57, z=-3566268} previousReturn=Block{antikytheramechanism:mechanism_frame}[connected_down=false,connected_east=true,connected_north=false,connected_south=false,connected_up=false,connected_west=true,empty=false,facing=north] actual=Block{antikytheramechanism:mechanism_frame}[connected_down=false,connected_east=true,connected_north=false,connected_south=false,connected_up=false,connected_west=true,empty=true,facing=north] destinationTransition=false receiver=672979280 resolved=672979280 sameChunk=true
[10:16:07] [Server thread/DEBUG] [de.an.AntikytheraMechanism/]: Frame onRemove at BlockPos{x=-9064033, y=-57, z=-3566268} movedByPiston=false relocationJournal=false
[10:16:07] [Server thread/DEBUG] [de.an.AntikytheraMechanism/]: Staged Sable SubLevel a16a4ecd-6f35-436f-b8ea-dee349ff268f for content in assembly ec5d3818-d3f6-48f0-9da8-41dfe5f9208d
[10:16:07] [Server thread/DEBUG] [de.an.AntikytheraMechanism/]: Staged Sable SubLevel 8af457cb-2f42-45a0-8423-dc56651f4286 for content in assembly 15ba32fe-45f3-4044-a87f-65093a1c12db
[10:16:07] [Server thread/WARN] [de.an.AntikytheraMechanism/]: Managed Sable SubLevel 8af457cb-2f42-45a0-8423-dc56651f4286 for assembly 15ba32fe-45f3-4044-a87f-65093a1c12db was removed (REMOVED)
[10:16:07] [Server thread/DEBUG] [de.an.AntikytheraMechanism/]: Rebased assembly b68cd9ef-7bb1-4ffc-9b42-bf5f83827dcc after topology change: stale origin BlockPos{x=-9064033, y=-57, z=-3566268} -> BlockPos{x=-9064034, y=-57, z=-3566268} over 1 retained Frames
[10:16:07] [Server thread/ERROR] [de.an.AntikytheraMechanism/]: [HOST-WRITE-DIAG] HEAD pos=BlockPos{x=-9064034, y=-57, z=-3566268} before=Block{antikytheramechanism:mechanism_frame}[connected_down=false,connected_east=true,connected_north=false,connected_south=false,connected_up=false,connected_west=false,empty=false,facing=north] requested=Block{antikytheramechanism:mechanism_frame}[connected_down=false,connected_east=false,connected_north=false,connected_south=false,connected_up=false,connected_west=false,empty=false,facing=north] moving=false destinationTransition=false allowed=true receiver=672979280 resolved=672979280 sameChunk=true containing=ROOT
[10:16:07] [Server thread/ERROR] [de.an.AntikytheraMechanism/]: [HOST-WRITE-DIAG] RETURN pos=BlockPos{x=-9064034, y=-57, z=-3566268} previousReturn=Block{antikytheramechanism:mechanism_frame}[connected_down=false,connected_east=true,connected_north=false,connected_south=false,connected_up=false,connected_west=false,empty=false,facing=north] actual=Block{antikytheramechanism:mechanism_frame}[connected_down=false,connected_east=false,connected_north=false,connected_south=false,connected_up=false,connected_west=false,empty=false,facing=north] destinationTransition=false receiver=672979280 resolved=672979280 sameChunk=true
[10:16:07] [Server thread/ERROR] [de.an.AntikytheraMechanism/]: [HOST-WRITE-DIAG] HEAD pos=BlockPos{x=-9064032, y=-57, z=-3566268} before=Block{antikytheramechanism:mechanism_frame}[connected_down=false,connected_east=false,connected_north=false,connected_south=false,connected_up=false,connected_west=true,empty=false,facing=north] requested=Block{antikytheramechanism:mechanism_frame}[connected_down=false,connected_east=false,connected_north=false,connected_south=false,connected_up=false,connected_west=false,empty=false,facing=north] moving=false destinationTransition=false allowed=true receiver=934838664 resolved=934838664 sameChunk=true containing=ROOT
[10:16:07] [Server thread/ERROR] [de.an.AntikytheraMechanism/]: [HOST-WRITE-DIAG] RETURN pos=BlockPos{x=-9064032, y=-57, z=-3566268} previousReturn=Block{antikytheramechanism:mechanism_frame}[connected_down=false,connected_east=false,connected_north=false,connected_south=false,connected_up=false,connected_west=true,empty=false,facing=north] actual=Block{antikytheramechanism:mechanism_frame}[connected_down=false,connected_east=false,connected_north=false,connected_south=false,connected_up=false,connected_west=false,empty=false,facing=north] destinationTransition=false receiver=934838664 resolved=934838664 sameChunk=true
[10:16:07] [Server thread/ERROR] [de.an.AntikytheraMechanism/]: [HOST-WRITE-DIAG] HEAD pos=BlockPos{x=-9064211, y=-57, z=-3566253} before=Block{minecraft:air} requested=Block{antikytheramechanism:mechanism_frame}[connected_down=false,connected_east=false,connected_north=false,connected_south=false,connected_up=false,connected_west=false,empty=true,facing=north] moving=false destinationTransition=false allowed=true receiver=1989704154 resolved=1989704154 sameChunk=true containing=ROOT
[10:16:07] [Server thread/WARN] [de.an.AntikytheraMechanism/]: [FREEZE-WATCHDOG] Armed 30s after Mechanism Frame placement at BlockPos{x=-9064211, y=-57, z=-3566253} in minecraft:overworld on thread Server thread (stall threshold=2000ms, generation=79)
[10:16:07] [Server thread/ERROR] [de.an.AntikytheraMechanism/]: [HOST-WRITE-DIAG] RETURN pos=BlockPos{x=-9064211, y=-57, z=-3566253} previousReturn=Block{minecraft:air} actual=Block{antikytheramechanism:mechanism_frame}[connected_down=false,connected_east=false,connected_north=false,connected_south=false,connected_up=false,connected_west=false,empty=true,facing=north] destinationTransition=false receiver=1989704154 resolved=1989704154 sameChunk=true
[10:16:07] [Server thread/DEBUG] [de.an.AntikytheraMechanism/]: Staged Sable SubLevel 20743572-834c-4727-95b7-4d3c1eea60b7 for content in assembly 5289148e-d3ab-447b-9cd0-f2f2bfd74330
[10:16:07] [Server thread/ERROR] [de.an.AntikytheraMechanism/]: [HOST-WRITE-DIAG] HEAD pos=BlockPos{x=-9064211, y=-57, z=-3566253} before=Block{antikytheramechanism:mechanism_frame}[connected_down=false,connected_east=false,connected_north=false,connected_south=false,connected_up=false,connected_west=false,empty=true,facing=north] requested=Block{antikytheramechanism:mechanism_frame}[connected_down=false,connected_east=false,connected_north=false,connected_south=false,connected_up=false,connected_west=false,empty=false,facing=north] moving=false destinationTransition=false allowed=true receiver=1989704154 resolved=1989704154 sameChunk=true containing=ROOT
[10:16:07] [Server thread/ERROR] [de.an.AntikytheraMechanism/]: [HOST-WRITE-DIAG] RETURN pos=BlockPos{x=-9064211, y=-57, z=-3566253} previousReturn=Block{antikytheramechanism:mechanism_frame}[connected_down=false,connected_east=false,connected_north=false,connected_south=false,connected_up=false,connected_west=false,empty=true,facing=north] actual=Block{antikytheramechanism:mechanism_frame}[connected_down=false,connected_east=false,connected_north=false,connected_south=false,connected_up=false,connected_west=false,empty=false,facing=north] destinationTransition=false receiver=1989704154 resolved=1989704154 sameChunk=true
[10:16:07] [Server thread/ERROR] [de.an.AntikytheraMechanism/]: [DIRECT-AIR-DIAG] AIR_WITH_PAYLOAD_BEGIN frame=BlockPos{x=-9064211, y=-57, z=-3566253}
[10:16:07] [Server thread/ERROR] [de.an.AntikytheraMechanism/]: [HOST-WRITE-DIAG] HEAD pos=BlockPos{x=-9064211, y=-57, z=-3566253} before=Block{antikytheramechanism:mechanism_frame}[connected_down=false,connected_east=false,connected_north=false,connected_south=false,connected_up=false,connected_west=false,empty=false,facing=north] requested=Block{antikytheramechanism:mechanism_frame}[connected_down=false,connected_east=false,connected_north=false,connected_south=false,connected_up=false,connected_west=false,empty=true,facing=north] moving=false destinationTransition=false allowed=true receiver=1989704154 resolved=1989704154 sameChunk=true containing=ROOT
[10:16:07] [Server thread/ERROR] [de.an.AntikytheraMechanism/]: [HOST-WRITE-DIAG] RETURN pos=BlockPos{x=-9064211, y=-57, z=-3566253} previousReturn=Block{antikytheramechanism:mechanism_frame}[connected_down=false,connected_east=false,connected_north=false,connected_south=false,connected_up=false,connected_west=false,empty=false,facing=north] actual=Block{antikytheramechanism:mechanism_frame}[connected_down=false,connected_east=false,connected_north=false,connected_south=false,connected_up=false,connected_west=false,empty=true,facing=north] destinationTransition=false receiver=1989704154 resolved=1989704154 sameChunk=true
[10:16:07] [Server thread/DEBUG] [de.an.AntikytheraMechanism/]: Frame onRemove at BlockPos{x=-9064211, y=-57, z=-3566253} movedByPiston=false relocationJournal=false
[10:16:07] [Server thread/WARN] [de.an.AntikytheraMechanism/]: Managed Sable SubLevel 20743572-834c-4727-95b7-4d3c1eea60b7 for assembly 5289148e-d3ab-447b-9cd0-f2f2bfd74330 was removed (REMOVED)
[10:16:07] [Server thread/ERROR] [de.an.AntikytheraMechanism/]: [DIRECT-AIR-DIAG] AIR_WITH_PAYLOAD_RETURN changed=true
[10:16:07] [Server thread/ERROR] [de.an.AntikytheraMechanism/]: [HOST-WRITE-DIAG] HEAD pos=BlockPos{x=-9064182, y=-57, z=-3566252} before=Block{minecraft:air} requested=Block{antikytheramechanism:mechanism_frame}[connected_down=false,connected_east=false,connected_north=false,connected_south=false,connected_up=false,connected_west=false,empty=true,facing=north] moving=false destinationTransition=false allowed=true receiver=1042298647 resolved=1042298647 sameChunk=true containing=ROOT
[10:16:07] [Server thread/WARN] [de.an.AntikytheraMechanism/]: [FREEZE-WATCHDOG] Armed 30s after Mechanism Frame placement at BlockPos{x=-9064182, y=-57, z=-3566252} in minecraft:overworld on thread Server thread (stall threshold=2000ms, generation=80)
[10:16:07] [Server thread/ERROR] [de.an.AntikytheraMechanism/]: [HOST-WRITE-DIAG] RETURN pos=BlockPos{x=-9064182, y=-57, z=-3566252} previousReturn=Block{minecraft:air} actual=Block{antikytheramechanism:mechanism_frame}[connected_down=false,connected_east=false,connected_north=false,connected_south=false,connected_up=false,connected_west=false,empty=true,facing=north] destinationTransition=false receiver=1042298647 resolved=1042298647 sameChunk=true
[10:16:07] [Server thread/DEBUG] [de.an.AntikytheraMechanism/]: Staged Sable SubLevel 6457d934-e5db-4d88-a197-681969ebc3d2 for content in assembly 97ce9de8-8abc-472e-8f11-178601c72c0f
[10:16:07] [Server thread/ERROR] [de.an.AntikytheraMechanism/]: [HOST-WRITE-DIAG] HEAD pos=BlockPos{x=-9064182, y=-57, z=-3566252} before=Block{antikytheramechanism:mechanism_frame}[connected_down=false,connected_east=false,connected_north=false,connected_south=false,connected_up=false,connected_west=false,empty=true,facing=north] requested=Block{antikytheramechanism:mechanism_frame}[connected_down=false,connected_east=false,connected_north=false,connected_south=false,connected_up=false,connected_west=false,empty=false,facing=north] moving=false destinationTransition=false allowed=true receiver=1042298647 resolved=1042298647 sameChunk=true containing=ROOT
[10:16:07] [Server thread/ERROR] [de.an.AntikytheraMechanism/]: [HOST-WRITE-DIAG] RETURN pos=BlockPos{x=-9064182, y=-57, z=-3566252} previousReturn=Block{antikytheramechanism:mechanism_frame}[connected_down=false,connected_east=false,connected_north=false,connected_south=false,connected_up=false,connected_west=false,empty=true,facing=north] actual=Block{antikytheramechanism:mechanism_frame}[connected_down=false,connected_east=false,connected_north=false,connected_south=false,connected_up=false,connected_west=false,empty=false,facing=north] destinationTransition=false receiver=1042298647 resolved=1042298647 sameChunk=true
[10:16:07] [Server thread/ERROR] [de.an.AntikytheraMechanism/]: [HOST-WRITE-DIAG] HEAD pos=BlockPos{x=-9064146, y=-57, z=-3566253} before=Block{minecraft:air} requested=Block{antikytheramechanism:mechanism_frame}[connected_down=false,connected_east=false,connected_north=false,connected_south=false,connected_up=false,connected_west=false,empty=true,facing=north] moving=false destinationTransition=false allowed=true receiver=1308900489 resolved=1308900489 sameChunk=true containing=ROOT
[10:16:07] [Server thread/WARN] [de.an.AntikytheraMechanism/]: [FREEZE-WATCHDOG] Armed 30s after Mechanism Frame placement at BlockPos{x=-9064146, y=-57, z=-3566253} in minecraft:overworld on thread Server thread (stall threshold=2000ms, generation=81)
[10:16:07] [Server thread/ERROR] [de.an.AntikytheraMechanism/]: [HOST-WRITE-DIAG] RETURN pos=BlockPos{x=-9064146, y=-57, z=-3566253} previousReturn=Block{minecraft:air} actual=Block{antikytheramechanism:mechanism_frame}[connected_down=false,connected_east=false,connected_north=false,connected_south=false,connected_up=false,connected_west=false,empty=true,facing=north] destinationTransition=false receiver=1308900489 resolved=1308900489 sameChunk=true
[10:16:07] [Server thread/DEBUG] [de.an.AntikytheraMechanism/]: Staged Sable SubLevel ff67a1e7-1011-4046-b74e-084f7055697b for content in assembly 76d47d15-dfd8-4753-b6d2-00823816d928
[10:16:07] [Server thread/ERROR] [de.an.AntikytheraMechanism/]: [HOST-WRITE-DIAG] HEAD pos=BlockPos{x=20481032, y=128, z=20521992} before=Block{minecraft:air} requested=Block{antikytheramechanism:mechanism_frame}[connected_down=false,connected_east=false,connected_north=false,connected_south=false,connected_up=false,connected_west=false,empty=true,facing=north] moving=true destinationTransition=true allowed=true receiver=121902870 resolved=121902870 sameChunk=true containing=5b34b60e-e888-4e60-86b0-ea5735069b24
[10:16:07] [Server thread/ERROR] [de.an.AntikytheraMechanism/]: [HOST-WRITE-DIAG] RETURN pos=BlockPos{x=20481032, y=128, z=20521992} previousReturn=Block{minecraft:air} actual=Block{antikytheramechanism:mechanism_frame}[connected_down=false,connected_east=false,connected_north=false,connected_south=false,connected_up=false,connected_west=false,empty=true,facing=north] destinationTransition=true receiver=121902870 resolved=121902870 sameChunk=true
[10:16:07] [Server thread/DEBUG] [de.an.AntikytheraMechanism/]: Frame onRemove at BlockPos{x=-9064146, y=-57, z=-3566253} movedByPiston=true relocationJournal=true
[10:16:07] [Server thread/DEBUG] [de.an.AntikytheraMechanism/]: Adopted complete Sable relocation for assembly 76d47d15-dfd8-4753-b6d2-00823816d928 by BlockPos{x=29545178, y=185, z=24088245} into host FOREIGN
[10:16:07] [Server thread/DEBUG] [mixin/]: Mixing FloatingBlockDataAccessor from antikytheramechanism.mixins.json into dev.ryanhcode.sable.physics.floating_block.FloatingBlockData
[10:16:07] [Server thread/WARN] [de.an.AntikytheraMechanism/]: Managed Sable SubLevel ff67a1e7-1011-4046-b74e-084f7055697b for assembly 76d47d15-dfd8-4753-b6d2-00823816d928 was removed (REMOVED)
[10:16:07] [Server thread/ERROR] [de.an.AntikytheraMechanism/]: [HOST-WRITE-DIAG] HEAD pos=BlockPos{x=-9064072, y=-57, z=-3566253} before=Block{minecraft:air} requested=Block{antikytheramechanism:mechanism_frame}[connected_down=false,connected_east=false,connected_north=false,connected_south=false,connected_up=false,connected_west=false,empty=true,facing=north] moving=false destinationTransition=false allowed=true receiver=373672770 resolved=373672770 sameChunk=true containing=ROOT
[10:16:07] [Server thread/WARN] [de.an.AntikytheraMechanism/]: [FREEZE-WATCHDOG] Armed 30s after Mechanism Frame placement at BlockPos{x=-9064072, y=-57, z=-3566253} in minecraft:overworld on thread Server thread (stall threshold=2000ms, generation=82)
[10:16:07] [Server thread/ERROR] [de.an.AntikytheraMechanism/]: [HOST-WRITE-DIAG] RETURN pos=BlockPos{x=-9064072, y=-57, z=-3566253} previousReturn=Block{minecraft:air} actual=Block{antikytheramechanism:mechanism_frame}[connected_down=false,connected_east=false,connected_north=false,connected_south=false,connected_up=false,connected_west=false,empty=true,facing=north] destinationTransition=false receiver=373672770 resolved=373672770 sameChunk=true
[10:16:07] [Server thread/DEBUG] [de.an.AntikytheraMechanism/]: Staged Sable SubLevel e8e0eb6e-b76a-4bf3-b7b6-5f9666cfb4fa for content in assembly bc8f11f8-cce8-4950-9d50-aaf5dc117c31
[10:16:07] [Server thread/ERROR] [de.an.AntikytheraMechanism/]: [DIRECT-AIR-DIAG] MINI_SEED_BEGIN frame=BlockPos{x=-9064072, y=-57, z=-3566253} local=BlockPos{x=0, y=0, z=0}
[10:16:07] [Server thread/ERROR] [de.an.AntikytheraMechanism/]: [DIRECT-AIR-DIAG] MINI_SEED_RETURN changed=true
[10:16:07] [Server thread/WARN] [de.an.AntikytheraMechanism/]: Managed Sable SubLevel e8e0eb6e-b76a-4bf3-b7b6-5f9666cfb4fa for assembly bc8f11f8-cce8-4950-9d50-aaf5dc117c31 was removed (REMOVED)
[10:16:07] [Server thread/ERROR] [de.an.AntikytheraMechanism/]: [HOST-WRITE-DIAG] HEAD pos=BlockPos{x=-9064036, y=-57, z=-3566254} before=Block{minecraft:air} requested=Block{antikytheramechanism:mechanism_frame}[connected_down=false,connected_east=false,connected_north=false,connected_south=false,connected_up=false,connected_west=false,empty=true,facing=north] moving=false destinationTransition=false allowed=true receiver=500875734 resolved=500875734 sameChunk=true containing=ROOT
[10:16:07] [Server thread/WARN] [de.an.AntikytheraMechanism/]: [FREEZE-WATCHDOG] Armed 30s after Mechanism Frame placement at BlockPos{x=-9064036, y=-57, z=-3566254} in minecraft:overworld on thread Server thread (stall threshold=2000ms, generation=83)
[10:16:07] [Server thread/ERROR] [de.an.AntikytheraMechanism/]: [HOST-WRITE-DIAG] RETURN pos=BlockPos{x=-9064036, y=-57, z=-3566254} previousReturn=Block{minecraft:air} actual=Block{antikytheramechanism:mechanism_frame}[connected_down=false,connected_east=false,connected_north=false,connected_south=false,connected_up=false,connected_west=false,empty=true,facing=north] destinationTransition=false receiver=500875734 resolved=500875734 sameChunk=true
[10:16:07] [Server thread/DEBUG] [de.an.AntikytheraMechanism/]: Staged Sable SubLevel a43fb539-b635-49a8-82b3-a9b37190dd43 for content in assembly aa920411-bfff-4e1d-b10e-24c611e743f0
[10:16:07] [Server thread/ERROR] [de.an.AntikytheraMechanism/]: [HOST-WRITE-DIAG] HEAD pos=BlockPos{x=-9064036, y=-57, z=-3566254} before=Block{antikytheramechanism:mechanism_frame}[connected_down=false,connected_east=false,connected_north=false,connected_south=false,connected_up=false,connected_west=false,empty=true,facing=north] requested=Block{antikytheramechanism:mechanism_frame}[connected_down=false,connected_east=false,connected_north=false,connected_south=false,connected_up=false,connected_west=false,empty=false,facing=north] moving=false destinationTransition=false allowed=true receiver=500875734 resolved=500875734 sameChunk=true containing=ROOT
[10:16:07] [Server thread/ERROR] [de.an.AntikytheraMechanism/]: [HOST-WRITE-DIAG] RETURN pos=BlockPos{x=-9064036, y=-57, z=-3566254} previousReturn=Block{antikytheramechanism:mechanism_frame}[connected_down=false,connected_east=false,connected_north=false,connected_south=false,connected_up=false,connected_west=false,empty=true,facing=north] actual=Block{antikytheramechanism:mechanism_frame}[connected_down=false,connected_east=false,connected_north=false,connected_south=false,connected_up=false,connected_west=false,empty=false,facing=north] destinationTransition=false receiver=500875734 resolved=500875734 sameChunk=true
[10:16:07] [Server thread/DEBUG] [de.an.AntikytheraMechanism/]: Frame onRemove at BlockPos{x=-9064036, y=-57, z=-3566254} movedByPiston=false relocationJournal=true
[10:16:07] [Server thread/ERROR] [de.an.AntikytheraMechanism/]: [HOST-WRITE-DIAG] HEAD pos=BlockPos{x=-9064036, y=-57, z=-3566254} before=Block{minecraft:air} requested=Block{antikytheramechanism:mechanism_frame}[connected_down=false,connected_east=false,connected_north=false,connected_south=false,connected_up=false,connected_west=false,empty=false,facing=north] moving=false destinationTransition=false allowed=true receiver=500875734 resolved=500875734 sameChunk=true containing=ROOT
[10:16:07] [Server thread/ERROR] [de.an.AntikytheraMechanism/]: [HOST-WRITE-DIAG] RETURN pos=BlockPos{x=-9064036, y=-57, z=-3566254} previousReturn=Block{minecraft:air} actual=Block{antikytheramechanism:mechanism_frame}[connected_down=false,connected_east=false,connected_north=false,connected_south=false,connected_up=false,connected_west=false,empty=false,facing=north] destinationTransition=false receiver=500875734 resolved=500875734 sameChunk=true
[10:16:07] [Server thread/ERROR] [de.an.AntikytheraMechanism/]: [HOST-WRITE-DIAG] HEAD pos=BlockPos{x=-9064030, y=-57, z=-3566254} before=Block{minecraft:air} requested=Block{antikytheramechanism:mechanism_frame}[connected_down=false,connected_east=false,connected_north=false,connected_south=false,connected_up=false,connected_west=false,empty=true,facing=north] moving=false destinationTransition=false allowed=true receiver=1350782277 resolved=1350782277 sameChunk=true containing=ROOT
[10:16:07] [Server thread/WARN] [de.an.AntikytheraMechanism/]: [FREEZE-WATCHDOG] Armed 30s after Mechanism Frame placement at BlockPos{x=-9064030, y=-57, z=-3566254} in minecraft:overworld on thread Server thread (stall threshold=2000ms, generation=84)
[10:16:07] [Server thread/ERROR] [de.an.AntikytheraMechanism/]: [HOST-WRITE-DIAG] RETURN pos=BlockPos{x=-9064030, y=-57, z=-3566254} previousReturn=Block{minecraft:air} actual=Block{antikytheramechanism:mechanism_frame}[connected_down=false,connected_east=false,connected_north=false,connected_south=false,connected_up=false,connected_west=false,empty=true,facing=north] destinationTransition=false receiver=1350782277 resolved=1350782277 sameChunk=true
[10:16:07] [Server thread/DEBUG] [de.an.AntikytheraMechanism/]: Staged Sable SubLevel 90f4ba7b-7fb9-41c1-a319-b89f623c8c4b for content in assembly 61e0f4be-95f1-47ec-82d8-0ad28f5f35dd
[10:16:07] [Server thread/ERROR] [de.an.AntikytheraMechanism/]: [HOST-WRITE-DIAG] HEAD pos=BlockPos{x=-9064030, y=-57, z=-3566254} before=Block{antikytheramechanism:mechanism_frame}[connected_down=false,connected_east=false,connected_north=false,connected_south=false,connected_up=false,connected_west=false,empty=true,facing=north] requested=Block{antikytheramechanism:mechanism_frame}[connected_down=false,connected_east=false,connected_north=false,connected_south=false,connected_up=false,connected_west=false,empty=false,facing=north] moving=false destinationTransition=false allowed=true receiver=1350782277 resolved=1350782277 sameChunk=true containing=ROOT
[10:16:07] [Server thread/ERROR] [de.an.AntikytheraMechanism/]: [HOST-WRITE-DIAG] RETURN pos=BlockPos{x=-9064030, y=-57, z=-3566254} previousReturn=Block{antikytheramechanism:mechanism_frame}[connected_down=false,connected_east=false,connected_north=false,connected_south=false,connected_up=false,connected_west=false,empty=true,facing=north] actual=Block{antikytheramechanism:mechanism_frame}[connected_down=false,connected_east=false,connected_north=false,connected_south=false,connected_up=false,connected_west=false,empty=false,facing=north] destinationTransition=false receiver=1350782277 resolved=1350782277 sameChunk=true
[10:16:07] [Server thread/DEBUG] [de.an.AntikytheraMechanism/]: Frame onRemove at BlockPos{x=-9064030, y=-57, z=-3566254} movedByPiston=false relocationJournal=true
[10:16:07] [Server thread/ERROR] [de.an.AntikytheraMechanism/]: [HOST-WRITE-DIAG] HEAD pos=BlockPos{x=-9064030, y=-57, z=-3566254} before=Block{minecraft:air} requested=Block{antikytheramechanism:mechanism_frame}[connected_down=false,connected_east=false,connected_north=false,connected_south=false,connected_up=false,connected_west=false,empty=false,facing=north] moving=false destinationTransition=false allowed=true receiver=1350782277 resolved=1350782277 sameChunk=true containing=ROOT
[10:16:07] [Server thread/ERROR] [de.an.AntikytheraMechanism/]: [HOST-WRITE-DIAG] RETURN pos=BlockPos{x=-9064030, y=-57, z=-3566254} previousReturn=Block{minecraft:air} actual=Block{antikytheramechanism:mechanism_frame}[connected_down=false,connected_east=false,connected_north=false,connected_south=false,connected_up=false,connected_west=false,empty=false,facing=north] destinationTransition=false receiver=1350782277 resolved=1350782277 sameChunk=true
[10:16:07] [Server thread/ERROR] [de.an.AntikytheraMechanism/]: [HOST-WRITE-DIAG] HEAD pos=BlockPos{x=-9064036, y=-57, z=-3566248} before=Block{minecraft:air} requested=Block{antikytheramechanism:mechanism_frame}[connected_down=false,connected_east=false,connected_north=false,connected_south=false,connected_up=false,connected_west=false,empty=true,facing=north] moving=false destinationTransition=false allowed=true receiver=500875734 resolved=500875734 sameChunk=true containing=ROOT
[10:16:07] [Server thread/WARN] [de.an.AntikytheraMechanism/]: [FREEZE-WATCHDOG] Armed 30s after Mechanism Frame placement at BlockPos{x=-9064036, y=-57, z=-3566248} in minecraft:overworld on thread Server thread (stall threshold=2000ms, generation=85)
[10:16:07] [Server thread/ERROR] [de.an.AntikytheraMechanism/]: [HOST-WRITE-DIAG] RETURN pos=BlockPos{x=-9064036, y=-57, z=-3566248} previousReturn=Block{minecraft:air} actual=Block{antikytheramechanism:mechanism_frame}[connected_down=false,connected_east=false,connected_north=false,connected_south=false,connected_up=false,connected_west=false,empty=true,facing=north] destinationTransition=false receiver=500875734 resolved=500875734 sameChunk=true
[10:16:07] [Server thread/DEBUG] [de.an.AntikytheraMechanism/]: Staged Sable SubLevel fe3e1bf2-2388-4176-a858-9e36bdf06b81 for content in assembly c065dfe6-9775-483b-a700-d98c7c999ebd
[10:16:07] [Server thread/ERROR] [de.an.AntikytheraMechanism/]: [HOST-WRITE-DIAG] HEAD pos=BlockPos{x=-9064036, y=-57, z=-3566248} before=Block{antikytheramechanism:mechanism_frame}[connected_down=false,connected_east=false,connected_north=false,connected_south=false,connected_up=false,connected_west=false,empty=true,facing=north] requested=Block{antikytheramechanism:mechanism_frame}[connected_down=false,connected_east=false,connected_north=false,connected_south=false,connected_up=false,connected_west=false,empty=false,facing=north] moving=false destinationTransition=false allowed=true receiver=500875734 resolved=500875734 sameChunk=true containing=ROOT
[10:16:07] [Server thread/ERROR] [de.an.AntikytheraMechanism/]: [HOST-WRITE-DIAG] RETURN pos=BlockPos{x=-9064036, y=-57, z=-3566248} previousReturn=Block{antikytheramechanism:mechanism_frame}[connected_down=false,connected_east=false,connected_north=false,connected_south=false,connected_up=false,connected_west=false,empty=true,facing=north] actual=Block{antikytheramechanism:mechanism_frame}[connected_down=false,connected_east=false,connected_north=false,connected_south=false,connected_up=false,connected_west=false,empty=false,facing=north] destinationTransition=false receiver=500875734 resolved=500875734 sameChunk=true
[10:16:07] [Server thread/DEBUG] [de.an.AntikytheraMechanism/]: Frame onRemove at BlockPos{x=-9064036, y=-57, z=-3566248} movedByPiston=false relocationJournal=true
[10:16:07] [Server thread/ERROR] [de.an.AntikytheraMechanism/]: [HOST-WRITE-DIAG] HEAD pos=BlockPos{x=-9064036, y=-57, z=-3566248} before=Block{minecraft:air} requested=Block{antikytheramechanism:mechanism_frame}[connected_down=false,connected_east=false,connected_north=false,connected_south=false,connected_up=false,connected_west=false,empty=false,facing=north] moving=false destinationTransition=false allowed=true receiver=500875734 resolved=500875734 sameChunk=true containing=ROOT
[10:16:07] [Server thread/ERROR] [de.an.AntikytheraMechanism/]: [HOST-WRITE-DIAG] RETURN pos=BlockPos{x=-9064036, y=-57, z=-3566248} previousReturn=Block{minecraft:air} actual=Block{antikytheramechanism:mechanism_frame}[connected_down=false,connected_east=false,connected_north=false,connected_south=false,connected_up=false,connected_west=false,empty=false,facing=north] destinationTransition=false receiver=500875734 resolved=500875734 sameChunk=true
[10:16:07] [Server thread/ERROR] [de.an.AntikytheraMechanism/]: [HOST-WRITE-DIAG] HEAD pos=BlockPos{x=-9064030, y=-57, z=-3566248} before=Block{minecraft:air} requested=Block{antikytheramechanism:mechanism_frame}[connected_down=false,connected_east=false,connected_north=false,connected_south=false,connected_up=false,connected_west=false,empty=true,facing=north] moving=false destinationTransition=false allowed=true receiver=1350782277 resolved=1350782277 sameChunk=true containing=ROOT
[10:16:07] [Server thread/WARN] [de.an.AntikytheraMechanism/]: [FREEZE-WATCHDOG] Armed 30s after Mechanism Frame placement at BlockPos{x=-9064030, y=-57, z=-3566248} in minecraft:overworld on thread Server thread (stall threshold=2000ms, generation=86)
[10:16:07] [Server thread/ERROR] [de.an.AntikytheraMechanism/]: [HOST-WRITE-DIAG] RETURN pos=BlockPos{x=-9064030, y=-57, z=-3566248} previousReturn=Block{minecraft:air} actual=Block{antikytheramechanism:mechanism_frame}[connected_down=false,connected_east=false,connected_north=false,connected_south=false,connected_up=false,connected_west=false,empty=true,facing=north] destinationTransition=false receiver=1350782277 resolved=1350782277 sameChunk=true
[10:16:07] [Server thread/DEBUG] [de.an.AntikytheraMechanism/]: Staged Sable SubLevel 1fe5ad93-bbfc-491d-b4ef-c553fe679328 for content in assembly 3274bd34-708e-4d2c-8a97-b2a3f8b4bfae
[10:16:07] [Server thread/ERROR] [de.an.AntikytheraMechanism/]: [HOST-WRITE-DIAG] HEAD pos=BlockPos{x=-9064030, y=-57, z=-3566248} before=Block{antikytheramechanism:mechanism_frame}[connected_down=false,connected_east=false,connected_north=false,connected_south=false,connected_up=false,connected_west=false,empty=true,facing=north] requested=Block{antikytheramechanism:mechanism_frame}[connected_down=false,connected_east=false,connected_north=false,connected_south=false,connected_up=false,connected_west=false,empty=false,facing=north] moving=false destinationTransition=false allowed=true receiver=1350782277 resolved=1350782277 sameChunk=true containing=ROOT
[10:16:07] [Server thread/ERROR] [de.an.AntikytheraMechanism/]: [HOST-WRITE-DIAG] RETURN pos=BlockPos{x=-9064030, y=-57, z=-3566248} previousReturn=Block{antikytheramechanism:mechanism_frame}[connected_down=false,connected_east=false,connected_north=false,connected_south=false,connected_up=false,connected_west=false,empty=true,facing=north] actual=Block{antikytheramechanism:mechanism_frame}[connected_down=false,connected_east=false,connected_north=false,connected_south=false,connected_up=false,connected_west=false,empty=false,facing=north] destinationTransition=false receiver=1350782277 resolved=1350782277 sameChunk=true
[10:16:07] [Server thread/DEBUG] [de.an.AntikytheraMechanism/]: Frame onRemove at BlockPos{x=-9064030, y=-57, z=-3566248} movedByPiston=false relocationJournal=true
[10:16:07] [Server thread/ERROR] [de.an.AntikytheraMechanism/]: [HOST-WRITE-DIAG] HEAD pos=BlockPos{x=-9064030, y=-57, z=-3566248} before=Block{minecraft:air} requested=Block{antikytheramechanism:mechanism_frame}[connected_down=false,connected_east=false,connected_north=false,connected_south=false,connected_up=false,connected_west=false,empty=false,facing=north] moving=false destinationTransition=false allowed=true receiver=1350782277 resolved=1350782277 sameChunk=true containing=ROOT
[10:16:07] [Server thread/ERROR] [de.an.AntikytheraMechanism/]: [HOST-WRITE-DIAG] RETURN pos=BlockPos{x=-9064030, y=-57, z=-3566248} previousReturn=Block{minecraft:air} actual=Block{antikytheramechanism:mechanism_frame}[connected_down=false,connected_east=false,connected_north=false,connected_south=false,connected_up=false,connected_west=false,empty=false,facing=north] destinationTransition=false receiver=1350782277 resolved=1350782277 sameChunk=true
[10:16:07] [Server thread/DEBUG] [de.an.AntikytheraMechanism/]: Marked Sable SubLevel 347d530b-d62b-4870-9680-a874a56f7cd8 as detached Antikythera half-scale physics body
[10:16:07] [Server thread/WARN] [de.an.AntikytheraMechanism/]: Rejected Sable mixed-scale assembly before move: detached Antikythera 0.5 content was selected with incompatible block BlockPos{x=20481032, y=128, z=20532232} in SubLevel f4e66c51-3f7c-48ea-bba6-0278a75e3b49 scale=( 1.000E+0  1.000E+0  1.000E+0)
[10:16:07] [Server thread/ERROR] [de.an.AntikytheraMechanism/]: [HOST-WRITE-DIAG] HEAD pos=BlockPos{x=-9064182, y=-57, z=-3566230} before=Block{minecraft:air} requested=Block{antikytheramechanism:mechanism_frame}[connected_down=false,connected_east=false,connected_north=false,connected_south=false,connected_up=false,connected_west=false,empty=true,facing=north] moving=false destinationTransition=false allowed=true receiver=727610458 resolved=727610458 sameChunk=true containing=ROOT
[10:16:07] [Server thread/WARN] [de.an.AntikytheraMechanism/]: [FREEZE-WATCHDOG] Armed 30s after Mechanism Frame placement at BlockPos{x=-9064182, y=-57, z=-3566230} in minecraft:overworld on thread Server thread (stall threshold=2000ms, generation=87)
[10:16:07] [Server thread/ERROR] [de.an.AntikytheraMechanism/]: [HOST-WRITE-DIAG] RETURN pos=BlockPos{x=-9064182, y=-57, z=-3566230} previousReturn=Block{minecraft:air} actual=Block{antikytheramechanism:mechanism_frame}[connected_down=false,connected_east=false,connected_north=false,connected_south=false,connected_up=false,connected_west=false,empty=true,facing=north] destinationTransition=false receiver=727610458 resolved=727610458 sameChunk=true
[10:16:07] [Server thread/DEBUG] [de.an.AntikytheraMechanism/]: Staged Sable SubLevel 99f14258-810e-4e35-9a47-28d80f85ad60 for content in assembly b53fc6e3-9186-4d92-8706-ac150a582cbd
[10:16:07] [Server thread/ERROR] [de.an.AntikytheraMechanism/]: [HOST-WRITE-DIAG] HEAD pos=BlockPos{x=-9064182, y=-57, z=-3566230} before=Block{antikytheramechanism:mechanism_frame}[connected_down=false,connected_east=false,connected_north=false,connected_south=false,connected_up=false,connected_west=false,empty=true,facing=north] requested=Block{antikytheramechanism:mechanism_frame}[connected_down=false,connected_east=false,connected_north=false,connected_south=false,connected_up=false,connected_west=false,empty=false,facing=north] moving=false destinationTransition=false allowed=true receiver=727610458 resolved=727610458 sameChunk=true containing=ROOT
[10:16:07] [Server thread/ERROR] [de.an.AntikytheraMechanism/]: [HOST-WRITE-DIAG] RETURN pos=BlockPos{x=-9064182, y=-57, z=-3566230} previousReturn=Block{antikytheramechanism:mechanism_frame}[connected_down=false,connected_east=false,connected_north=false,connected_south=false,connected_up=false,connected_west=false,empty=true,facing=north] actual=Block{antikytheramechanism:mechanism_frame}[connected_down=false,connected_east=false,connected_north=false,connected_south=false,connected_up=false,connected_west=false,empty=false,facing=north] destinationTransition=false receiver=727610458 resolved=727610458 sameChunk=true
[10:16:07] [Server thread/DEBUG] [de.an.AntikytheraMechanism/]: Frame onRemove at BlockPos{x=-9064182, y=-57, z=-3566230} movedByPiston=false relocationJournal=true
[10:16:07] [Server thread/ERROR] [de.an.AntikytheraMechanism/]: [HOST-WRITE-DIAG] HEAD pos=BlockPos{x=-9064182, y=-57, z=-3566230} before=Block{minecraft:air} requested=Block{antikytheramechanism:mechanism_frame}[connected_down=false,connected_east=false,connected_north=false,connected_south=false,connected_up=false,connected_west=false,empty=false,facing=east] moving=false destinationTransition=false allowed=true receiver=727610458 resolved=727610458 sameChunk=true containing=ROOT
[10:16:07] [Server thread/ERROR] [de.an.AntikytheraMechanism/]: [HOST-WRITE-DIAG] RETURN pos=BlockPos{x=-9064182, y=-57, z=-3566230} previousReturn=Block{minecraft:air} actual=Block{antikytheramechanism:mechanism_frame}[connected_down=false,connected_east=false,connected_north=false,connected_south=false,connected_up=false,connected_west=false,empty=false,facing=east] destinationTransition=false receiver=727610458 resolved=727610458 sameChunk=true
[10:16:07] [Server thread/ERROR] [de.an.AntikytheraMechanism/]: [HOST-WRITE-DIAG] HEAD pos=BlockPos{x=-9064073, y=-57, z=-3566222} before=Block{minecraft:air} requested=Block{antikytheramechanism:mechanism_frame}[connected_down=false,connected_east=false,connected_north=false,connected_south=false,connected_up=false,connected_west=false,empty=true,facing=north] moving=false destinationTransition=false allowed=true receiver=1141483272 resolved=1141483272 sameChunk=true containing=ROOT
[10:16:07] [Server thread/WARN] [de.an.AntikytheraMechanism/]: [FREEZE-WATCHDOG] Armed 30s after Mechanism Frame placement at BlockPos{x=-9064073, y=-57, z=-3566222} in minecraft:overworld on thread Server thread (stall threshold=2000ms, generation=88)
[10:16:07] [Server thread/ERROR] [de.an.AntikytheraMechanism/]: [HOST-WRITE-DIAG] RETURN pos=BlockPos{x=-9064073, y=-57, z=-3566222} previousReturn=Block{minecraft:air} actual=Block{antikytheramechanism:mechanism_frame}[connected_down=false,connected_east=false,connected_north=false,connected_south=false,connected_up=false,connected_west=false,empty=true,facing=north] destinationTransition=false receiver=1141483272 resolved=1141483272 sameChunk=true
[10:16:07] [Server thread/ERROR] [de.an.AntikytheraMechanism/]: [HOST-WRITE-DIAG] HEAD pos=BlockPos{x=-9064072, y=-57, z=-3566222} before=Block{minecraft:air} requested=Block{antikytheramechanism:mechanism_frame}[connected_down=false,connected_east=false,connected_north=false,connected_south=false,connected_up=false,connected_west=false,empty=true,facing=north] moving=false destinationTransition=false allowed=true receiver=1141483272 resolved=1141483272 sameChunk=true containing=ROOT
[10:16:07] [Server thread/WARN] [de.an.AntikytheraMechanism/]: [FREEZE-WATCHDOG] Armed 30s after Mechanism Frame placement at BlockPos{x=-9064072, y=-57, z=-3566222} in minecraft:overworld on thread Server thread (stall threshold=2000ms, generation=89)
[10:16:07] [Server thread/ERROR] [de.an.AntikytheraMechanism/]: [HOST-WRITE-DIAG] RETURN pos=BlockPos{x=-9064072, y=-57, z=-3566222} previousReturn=Block{minecraft:air} actual=Block{antikytheramechanism:mechanism_frame}[connected_down=false,connected_east=false,connected_north=false,connected_south=false,connected_up=false,connected_west=false,empty=true,facing=north] destinationTransition=false receiver=1141483272 resolved=1141483272 sameChunk=true
[10:16:07] [Server thread/ERROR] [de.an.AntikytheraMechanism/]: [HOST-WRITE-DIAG] HEAD pos=BlockPos{x=-9064073, y=-57, z=-3566222} before=Block{antikytheramechanism:mechanism_frame}[connected_down=false,connected_east=false,connected_north=false,connected_south=false,connected_up=false,connected_west=false,empty=true,facing=north] requested=Block{antikytheramechanism:mechanism_frame}[connected_down=false,connected_east=true,connected_north=false,connected_south=false,connected_up=false,connected_west=false,empty=true,facing=north] moving=false destinationTransition=false allowed=true receiver=1141483272 resolved=1141483272 sameChunk=true containing=ROOT
[10:16:07] [Server thread/ERROR] [de.an.AntikytheraMechanism/]: [HOST-WRITE-DIAG] RETURN pos=BlockPos{x=-9064073, y=-57, z=-3566222} previousReturn=Block{antikytheramechanism:mechanism_frame}[connected_down=false,connected_east=false,connected_north=false,connected_south=false,connected_up=false,connected_west=false,empty=true,facing=north] actual=Block{antikytheramechanism:mechanism_frame}[connected_down=false,connected_east=true,connected_north=false,connected_south=false,connected_up=false,connected_west=false,empty=true,facing=north] destinationTransition=false receiver=1141483272 resolved=1141483272 sameChunk=true
[10:16:07] [Server thread/ERROR] [de.an.AntikytheraMechanism/]: [HOST-WRITE-DIAG] HEAD pos=BlockPos{x=-9064072, y=-57, z=-3566222} before=Block{antikytheramechanism:mechanism_frame}[connected_down=false,connected_east=false,connected_north=false,connected_south=false,connected_up=false,connected_west=false,empty=true,facing=north] requested=Block{antikytheramechanism:mechanism_frame}[connected_down=false,connected_east=false,connected_north=false,connected_south=false,connected_up=false,connected_west=true,empty=true,facing=north] moving=false destinationTransition=false allowed=true receiver=1141483272 resolved=1141483272 sameChunk=true containing=ROOT
[10:16:07] [Server thread/ERROR] [de.an.AntikytheraMechanism/]: [HOST-WRITE-DIAG] RETURN pos=BlockPos{x=-9064072, y=-57, z=-3566222} previousReturn=Block{antikytheramechanism:mechanism_frame}[connected_down=false,connected_east=false,connected_north=false,connected_south=false,connected_up=false,connected_west=false,empty=true,facing=north] actual=Block{antikytheramechanism:mechanism_frame}[connected_down=false,connected_east=false,connected_north=false,connected_south=false,connected_up=false,connected_west=true,empty=true,facing=north] destinationTransition=false receiver=1141483272 resolved=1141483272 sameChunk=true
[10:16:07] [Server thread/ERROR] [de.an.AntikytheraMechanism/]: [HOST-WRITE-DIAG] HEAD pos=BlockPos{x=-9064071, y=-57, z=-3566222} before=Block{minecraft:air} requested=Block{antikytheramechanism:mechanism_frame}[connected_down=false,connected_east=false,connected_north=false,connected_south=false,connected_up=false,connected_west=false,empty=true,facing=north] moving=false destinationTransition=false allowed=true receiver=1141483272 resolved=1141483272 sameChunk=true containing=ROOT
[10:16:07] [Server thread/WARN] [de.an.AntikytheraMechanism/]: [FREEZE-WATCHDOG] Armed 30s after Mechanism Frame placement at BlockPos{x=-9064071, y=-57, z=-3566222} in minecraft:overworld on thread Server thread (stall threshold=2000ms, generation=90)
[10:16:07] [Server thread/ERROR] [de.an.AntikytheraMechanism/]: [HOST-WRITE-DIAG] RETURN pos=BlockPos{x=-9064071, y=-57, z=-3566222} previousReturn=Block{minecraft:air} actual=Block{antikytheramechanism:mechanism_frame}[connected_down=false,connected_east=false,connected_north=false,connected_south=false,connected_up=false,connected_west=false,empty=true,facing=north] destinationTransition=false receiver=1141483272 resolved=1141483272 sameChunk=true
[10:16:07] [Server thread/ERROR] [de.an.AntikytheraMechanism/]: [HOST-WRITE-DIAG] HEAD pos=BlockPos{x=-9064072, y=-57, z=-3566222} before=Block{antikytheramechanism:mechanism_frame}[connected_down=false,connected_east=false,connected_north=false,connected_south=false,connected_up=false,connected_west=true,empty=true,facing=north] requested=Block{antikytheramechanism:mechanism_frame}[connected_down=false,connected_east=true,connected_north=false,connected_south=false,connected_up=false,connected_west=true,empty=true,facing=north] moving=false destinationTransition=false allowed=true receiver=1141483272 resolved=1141483272 sameChunk=true containing=ROOT
[10:16:07] [Server thread/ERROR] [de.an.AntikytheraMechanism/]: [HOST-WRITE-DIAG] RETURN pos=BlockPos{x=-9064072, y=-57, z=-3566222} previousReturn=Block{antikytheramechanism:mechanism_frame}[connected_down=false,connected_east=false,connected_north=false,connected_south=false,connected_up=false,connected_west=true,empty=true,facing=north] actual=Block{antikytheramechanism:mechanism_frame}[connected_down=false,connected_east=true,connected_north=false,connected_south=false,connected_up=false,connected_west=true,empty=true,facing=north] destinationTransition=false receiver=1141483272 resolved=1141483272 sameChunk=true
[10:16:07] [Server thread/ERROR] [de.an.AntikytheraMechanism/]: [HOST-WRITE-DIAG] HEAD pos=BlockPos{x=-9064071, y=-57, z=-3566222} before=Block{antikytheramechanism:mechanism_frame}[connected_down=false,connected_east=false,connected_north=false,connected_south=false,connected_up=false,connected_west=false,empty=true,facing=north] requested=Block{antikytheramechanism:mechanism_frame}[connected_down=false,connected_east=false,connected_north=false,connected_south=false,connected_up=false,connected_west=true,empty=true,facing=north] moving=false destinationTransition=false allowed=true receiver=1141483272 resolved=1141483272 sameChunk=true containing=ROOT
[10:16:07] [Server thread/ERROR] [de.an.AntikytheraMechanism/]: [HOST-WRITE-DIAG] RETURN pos=BlockPos{x=-9064071, y=-57, z=-3566222} previousReturn=Block{antikytheramechanism:mechanism_frame}[connected_down=false,connected_east=false,connected_north=false,connected_south=false,connected_up=false,connected_west=false,empty=true,facing=north] actual=Block{antikytheramechanism:mechanism_frame}[connected_down=false,connected_east=false,connected_north=false,connected_south=false,connected_up=false,connected_west=true,empty=true,facing=north] destinationTransition=false receiver=1141483272 resolved=1141483272 sameChunk=true
[10:16:07] [Server thread/ERROR] [de.an.AntikytheraMechanism/]: [HOST-WRITE-DIAG] HEAD pos=BlockPos{x=-9064070, y=-57, z=-3566222} before=Block{minecraft:air} requested=Block{antikytheramechanism:mechanism_frame}[connected_down=false,connected_east=false,connected_north=false,connected_south=false,connected_up=false,connected_west=false,empty=true,facing=north] moving=false destinationTransition=false allowed=true receiver=1141483272 resolved=1141483272 sameChunk=true containing=ROOT
[10:16:07] [Server thread/WARN] [de.an.AntikytheraMechanism/]: [FREEZE-WATCHDOG] Armed 30s after Mechanism Frame placement at BlockPos{x=-9064070, y=-57, z=-3566222} in minecraft:overworld on thread Server thread (stall threshold=2000ms, generation=91)
[10:16:07] [Server thread/ERROR] [de.an.AntikytheraMechanism/]: [HOST-WRITE-DIAG] RETURN pos=BlockPos{x=-9064070, y=-57, z=-3566222} previousReturn=Block{minecraft:air} actual=Block{antikytheramechanism:mechanism_frame}[connected_down=false,connected_east=false,connected_north=false,connected_south=false,connected_up=false,connected_west=false,empty=true,facing=north] destinationTransition=false receiver=1141483272 resolved=1141483272 sameChunk=true
[10:16:07] [Server thread/ERROR] [de.an.AntikytheraMechanism/]: [HOST-WRITE-DIAG] HEAD pos=BlockPos{x=-9064071, y=-57, z=-3566222} before=Block{antikytheramechanism:mechanism_frame}[connected_down=false,connected_east=false,connected_north=false,connected_south=false,connected_up=false,connected_west=true,empty=true,facing=north] requested=Block{antikytheramechanism:mechanism_frame}[connected_down=false,connected_east=true,connected_north=false,connected_south=false,connected_up=false,connected_west=true,empty=true,facing=north] moving=false destinationTransition=false allowed=true receiver=1141483272 resolved=1141483272 sameChunk=true containing=ROOT
[10:16:07] [Server thread/ERROR] [de.an.AntikytheraMechanism/]: [HOST-WRITE-DIAG] RETURN pos=BlockPos{x=-9064071, y=-57, z=-3566222} previousReturn=Block{antikytheramechanism:mechanism_frame}[connected_down=false,connected_east=false,connected_north=false,connected_south=false,connected_up=false,connected_west=true,empty=true,facing=north] actual=Block{antikytheramechanism:mechanism_frame}[connected_down=false,connected_east=true,connected_north=false,connected_south=false,connected_up=false,connected_west=true,empty=true,facing=north] destinationTransition=false receiver=1141483272 resolved=1141483272 sameChunk=true
[10:16:07] [Server thread/ERROR] [de.an.AntikytheraMechanism/]: [HOST-WRITE-DIAG] HEAD pos=BlockPos{x=-9064070, y=-57, z=-3566222} before=Block{antikytheramechanism:mechanism_frame}[connected_down=false,connected_east=false,connected_north=false,connected_south=false,connected_up=false,connected_west=false,empty=true,facing=north] requested=Block{antikytheramechanism:mechanism_frame}[connected_down=false,connected_east=false,connected_north=false,connected_south=false,connected_up=false,connected_west=true,empty=true,facing=north] moving=false destinationTransition=false allowed=true receiver=1141483272 resolved=1141483272 sameChunk=true containing=ROOT
[10:16:07] [Server thread/ERROR] [de.an.AntikytheraMechanism/]: [HOST-WRITE-DIAG] RETURN pos=BlockPos{x=-9064070, y=-57, z=-3566222} previousReturn=Block{antikytheramechanism:mechanism_frame}[connected_down=false,connected_east=false,connected_north=false,connected_south=false,connected_up=false,connected_west=false,empty=true,facing=north] actual=Block{antikytheramechanism:mechanism_frame}[connected_down=false,connected_east=false,connected_north=false,connected_south=false,connected_up=false,connected_west=true,empty=true,facing=north] destinationTransition=false receiver=1141483272 resolved=1141483272 sameChunk=true
[10:16:07] [Server thread/DEBUG] [de.an.AntikytheraMechanism/]: Staged Sable SubLevel fdbe90c2-2b83-4d52-90d7-faab1a355d8a for content in assembly a19f4c94-7280-4d46-8c94-5b0f191b8779
[10:16:07] [Server thread/DEBUG] [de.an.AntikytheraMechanism/]: Frame onRemove at BlockPos{x=-9064072, y=-57, z=-3566222} movedByPiston=false relocationJournal=false
[10:16:07] [Server thread/DEBUG] [de.an.AntikytheraMechanism/]: Staged Sable SubLevel d609af53-4fa3-4490-831b-307ac91f7448 for content in assembly ec809615-d04d-4029-acb6-2cfdad2f5e14
[10:16:07] [Server thread/DEBUG] [de.an.AntikytheraMechanism/]: Staged Sable SubLevel 260b7e20-8076-4714-9303-8824af58c27e for content in assembly 793d41a4-2c75-4d92-8fb1-86b0fd22347f
[10:16:07] [Server thread/WARN] [de.an.AntikytheraMechanism/]: Managed Sable SubLevel 260b7e20-8076-4714-9303-8824af58c27e for assembly 793d41a4-2c75-4d92-8fb1-86b0fd22347f was removed (REMOVED)
[10:16:07] [Server thread/ERROR] [de.an.AntikytheraMechanism/]: [HOST-WRITE-DIAG] HEAD pos=BlockPos{x=-9064070, y=-57, z=-3566222} before=Block{antikytheramechanism:mechanism_frame}[connected_down=false,connected_east=false,connected_north=false,connected_south=false,connected_up=false,connected_west=true,empty=true,facing=north] requested=Block{antikytheramechanism:mechanism_frame}[connected_down=false,connected_east=false,connected_north=false,connected_south=false,connected_up=false,connected_west=true,empty=false,facing=north] moving=false destinationTransition=false allowed=true receiver=1141483272 resolved=1141483272 sameChunk=true containing=ROOT
[10:16:07] [Server thread/ERROR] [de.an.AntikytheraMechanism/]: [HOST-WRITE-DIAG] RETURN pos=BlockPos{x=-9064070, y=-57, z=-3566222} previousReturn=Block{antikytheramechanism:mechanism_frame}[connected_down=false,connected_east=false,connected_north=false,connected_south=false,connected_up=false,connected_west=true,empty=true,facing=north] actual=Block{antikytheramechanism:mechanism_frame}[connected_down=false,connected_east=false,connected_north=false,connected_south=false,connected_up=false,connected_west=true,empty=false,facing=north] destinationTransition=false receiver=1141483272 resolved=1141483272 sameChunk=true
[10:16:07] [Server thread/DEBUG] [de.an.AntikytheraMechanism/]: Rebased assembly a19f4c94-7280-4d46-8c94-5b0f191b8779 after topology change: stale origin BlockPos{x=-9064073, y=-57, z=-3566222} -> BlockPos{x=-9064071, y=-57, z=-3566222} over 2 retained Frames
[10:16:07] [Server thread/ERROR] [de.an.AntikytheraMechanism/]: [HOST-WRITE-DIAG] HEAD pos=BlockPos{x=-9064073, y=-57, z=-3566222} before=Block{antikytheramechanism:mechanism_frame}[connected_down=false,connected_east=true,connected_north=false,connected_south=false,connected_up=false,connected_west=false,empty=true,facing=north] requested=Block{antikytheramechanism:mechanism_frame}[connected_down=false,connected_east=false,connected_north=false,connected_south=false,connected_up=false,connected_west=false,empty=true,facing=north] moving=false destinationTransition=false allowed=true receiver=1141483272 resolved=1141483272 sameChunk=true containing=ROOT
[10:16:07] [Server thread/ERROR] [de.an.AntikytheraMechanism/]: [HOST-WRITE-DIAG] RETURN pos=BlockPos{x=-9064073, y=-57, z=-3566222} previousReturn=Block{antikytheramechanism:mechanism_frame}[connected_down=false,connected_east=true,connected_north=false,connected_south=false,connected_up=false,connected_west=false,empty=true,facing=north] actual=Block{antikytheramechanism:mechanism_frame}[connected_down=false,connected_east=false,connected_north=false,connected_south=false,connected_up=false,connected_west=false,empty=true,facing=north] destinationTransition=false receiver=1141483272 resolved=1141483272 sameChunk=true
[10:16:07] [Server thread/ERROR] [de.an.AntikytheraMechanism/]: [HOST-WRITE-DIAG] HEAD pos=BlockPos{x=-9064071, y=-57, z=-3566222} before=Block{antikytheramechanism:mechanism_frame}[connected_down=false,connected_east=true,connected_north=false,connected_south=false,connected_up=false,connected_west=true,empty=true,facing=north] requested=Block{antikytheramechanism:mechanism_frame}[connected_down=false,connected_east=true,connected_north=false,connected_south=false,connected_up=false,connected_west=false,empty=true,facing=north] moving=false destinationTransition=false allowed=true receiver=1141483272 resolved=1141483272 sameChunk=true containing=ROOT
[10:16:07] [Server thread/ERROR] [de.an.AntikytheraMechanism/]: [HOST-WRITE-DIAG] RETURN pos=BlockPos{x=-9064071, y=-57, z=-3566222} previousReturn=Block{antikytheramechanism:mechanism_frame}[connected_down=false,connected_east=true,connected_north=false,connected_south=false,connected_up=false,connected_west=true,empty=true,facing=north] actual=Block{antikytheramechanism:mechanism_frame}[connected_down=false,connected_east=true,connected_north=false,connected_south=false,connected_up=false,connected_west=false,empty=true,facing=north] destinationTransition=false receiver=1141483272 resolved=1141483272 sameChunk=true
[10:16:07] [Server thread/WARN] [de.an.AntikytheraMechanism/]: Managed Sable SubLevel fdbe90c2-2b83-4d52-90d7-faab1a355d8a for assembly a19f4c94-7280-4d46-8c94-5b0f191b8779 was removed (REMOVED)
[10:16:07] [Server thread/ERROR] [de.an.AntikytheraMechanism/]: [HOST-WRITE-DIAG] HEAD pos=BlockPos{x=-9064258, y=-58, z=-3566275} before=Block{minecraft:air} requested=Block{antikytheramechanism:mechanism_frame}[connected_down=false,connected_east=false,connected_north=false,connected_south=false,connected_up=false,connected_west=false,empty=true,facing=north] moving=false destinationTransition=false allowed=true receiver=1762951839 resolved=1762951839 sameChunk=true containing=ROOT
[10:16:07] [Server thread/WARN] [de.an.AntikytheraMechanism/]: [FREEZE-WATCHDOG] Armed 30s after Mechanism Frame placement at BlockPos{x=-9064258, y=-58, z=-3566275} in minecraft:overworld on thread Server thread (stall threshold=2000ms, generation=92)
[10:16:07] [Server thread/ERROR] [de.an.AntikytheraMechanism/]: [HOST-WRITE-DIAG] RETURN pos=BlockPos{x=-9064258, y=-58, z=-3566275} previousReturn=Block{minecraft:air} actual=Block{antikytheramechanism:mechanism_frame}[connected_down=false,connected_east=false,connected_north=false,connected_south=false,connected_up=false,connected_west=false,empty=true,facing=north] destinationTransition=false receiver=1762951839 resolved=1762951839 sameChunk=true
[10:16:07] [Server thread/ERROR] [de.an.AntikytheraMechanism/]: [HOST-WRITE-DIAG] HEAD pos=BlockPos{x=-9064258, y=-58, z=-3566276} before=Block{minecraft:air} requested=Block{antikytheramechanism:mechanism_frame}[connected_down=false,connected_east=false,connected_north=false,connected_south=false,connected_up=false,connected_west=false,empty=true,facing=north] moving=false destinationTransition=false allowed=true receiver=1762951839 resolved=1762951839 sameChunk=true containing=ROOT
[10:16:07] [Server thread/WARN] [de.an.AntikytheraMechanism/]: [FREEZE-WATCHDOG] Armed 30s after Mechanism Frame placement at BlockPos{x=-9064258, y=-58, z=-3566276} in minecraft:overworld on thread Server thread (stall threshold=2000ms, generation=93)
[10:16:07] [Server thread/ERROR] [de.an.AntikytheraMechanism/]: [HOST-WRITE-DIAG] RETURN pos=BlockPos{x=-9064258, y=-58, z=-3566276} previousReturn=Block{minecraft:air} actual=Block{antikytheramechanism:mechanism_frame}[connected_down=false,connected_east=false,connected_north=false,connected_south=false,connected_up=false,connected_west=false,empty=true,facing=north] destinationTransition=false receiver=1762951839 resolved=1762951839 sameChunk=true
[10:16:07] [Server thread/ERROR] [de.an.AntikytheraMechanism/]: [HOST-WRITE-DIAG] HEAD pos=BlockPos{x=-9064258, y=-58, z=-3566275} before=Block{antikytheramechanism:mechanism_frame}[connected_down=false,connected_east=false,connected_north=false,connected_south=false,connected_up=false,connected_west=false,empty=true,facing=north] requested=Block{antikytheramechanism:mechanism_frame}[connected_down=false,connected_east=false,connected_north=true,connected_south=false,connected_up=false,connected_west=false,empty=true,facing=north] moving=false destinationTransition=false allowed=true receiver=1762951839 resolved=1762951839 sameChunk=true containing=ROOT
[10:16:07] [Server thread/ERROR] [de.an.AntikytheraMechanism/]: [HOST-WRITE-DIAG] RETURN pos=BlockPos{x=-9064258, y=-58, z=-3566275} previousReturn=Block{antikytheramechanism:mechanism_frame}[connected_down=false,connected_east=false,connected_north=false,connected_south=false,connected_up=false,connected_west=false,empty=true,facing=north] actual=Block{antikytheramechanism:mechanism_frame}[connected_down=false,connected_east=false,connected_north=true,connected_south=false,connected_up=false,connected_west=false,empty=true,facing=north] destinationTransition=false receiver=1762951839 resolved=1762951839 sameChunk=true
[10:16:07] [Server thread/ERROR] [de.an.AntikytheraMechanism/]: [HOST-WRITE-DIAG] HEAD pos=BlockPos{x=-9064258, y=-58, z=-3566276} before=Block{antikytheramechanism:mechanism_frame}[connected_down=false,connected_east=false,connected_north=false,connected_south=false,connected_up=false,connected_west=false,empty=true,facing=north] requested=Block{antikytheramechanism:mechanism_frame}[connected_down=false,connected_east=false,connected_north=false,connected_south=true,connected_up=false,connected_west=false,empty=true,facing=north] moving=false destinationTransition=false allowed=true receiver=1762951839 resolved=1762951839 sameChunk=true containing=ROOT
[10:16:07] [Server thread/ERROR] [de.an.AntikytheraMechanism/]: [HOST-WRITE-DIAG] RETURN pos=BlockPos{x=-9064258, y=-58, z=-3566276} previousReturn=Block{antikytheramechanism:mechanism_frame}[connected_down=false,connected_east=false,connected_north=false,connected_south=false,connected_up=false,connected_west=false,empty=true,facing=north] actual=Block{antikytheramechanism:mechanism_frame}[connected_down=false,connected_east=false,connected_north=false,connected_south=true,connected_up=false,connected_west=false,empty=true,facing=north] destinationTransition=false receiver=1762951839 resolved=1762951839 sameChunk=true
[10:16:07] [Server thread/ERROR] [de.an.AntikytheraMechanism/]: [HOST-WRITE-DIAG] HEAD pos=BlockPos{x=-9064257, y=-58, z=-3566276} before=Block{minecraft:air} requested=Block{antikytheramechanism:mechanism_frame}[connected_down=false,connected_east=false,connected_north=false,connected_south=false,connected_up=false,connected_west=false,empty=true,facing=north] moving=false destinationTransition=false allowed=true receiver=1762951839 resolved=1762951839 sameChunk=true containing=ROOT
[10:16:07] [Server thread/WARN] [de.an.AntikytheraMechanism/]: [FREEZE-WATCHDOG] Armed 30s after Mechanism Frame placement at BlockPos{x=-9064257, y=-58, z=-3566276} in minecraft:overworld on thread Server thread (stall threshold=2000ms, generation=94)
[10:16:07] [Server thread/ERROR] [de.an.AntikytheraMechanism/]: [HOST-WRITE-DIAG] RETURN pos=BlockPos{x=-9064257, y=-58, z=-3566276} previousReturn=Block{minecraft:air} actual=Block{antikytheramechanism:mechanism_frame}[connected_down=false,connected_east=false,connected_north=false,connected_south=false,connected_up=false,connected_west=false,empty=true,facing=north] destinationTransition=false receiver=1762951839 resolved=1762951839 sameChunk=true
[10:16:07] [Server thread/ERROR] [de.an.AntikytheraMechanism/]: [HOST-WRITE-DIAG] HEAD pos=BlockPos{x=-9064258, y=-58, z=-3566276} before=Block{antikytheramechanism:mechanism_frame}[connected_down=false,connected_east=false,connected_north=false,connected_south=true,connected_up=false,connected_west=false,empty=true,facing=north] requested=Block{antikytheramechanism:mechanism_frame}[connected_down=false,connected_east=true,connected_north=false,connected_south=true,connected_up=false,connected_west=false,empty=true,facing=north] moving=false destinationTransition=false allowed=true receiver=1762951839 resolved=1762951839 sameChunk=true containing=ROOT
[10:16:07] [Server thread/ERROR] [de.an.AntikytheraMechanism/]: [HOST-WRITE-DIAG] RETURN pos=BlockPos{x=-9064258, y=-58, z=-3566276} previousReturn=Block{antikytheramechanism:mechanism_frame}[connected_down=false,connected_east=false,connected_north=false,connected_south=true,connected_up=false,connected_west=false,empty=true,facing=north] actual=Block{antikytheramechanism:mechanism_frame}[connected_down=false,connected_east=true,connected_north=false,connected_south=true,connected_up=false,connected_west=false,empty=true,facing=north] destinationTransition=false receiver=1762951839 resolved=1762951839 sameChunk=true
[10:16:07] [Server thread/ERROR] [de.an.AntikytheraMechanism/]: [HOST-WRITE-DIAG] HEAD pos=BlockPos{x=-9064257, y=-58, z=-3566276} before=Block{antikytheramechanism:mechanism_frame}[connected_down=false,connected_east=false,connected_north=false,connected_south=false,connected_up=false,connected_west=false,empty=true,facing=north] requested=Block{antikytheramechanism:mechanism_frame}[connected_down=false,connected_east=false,connected_north=false,connected_south=false,connected_up=false,connected_west=true,empty=true,facing=north] moving=false destinationTransition=false allowed=true receiver=1762951839 resolved=1762951839 sameChunk=true containing=ROOT
[10:16:07] [Server thread/ERROR] [de.an.AntikytheraMechanism/]: [HOST-WRITE-DIAG] RETURN pos=BlockPos{x=-9064257, y=-58, z=-3566276} previousReturn=Block{antikytheramechanism:mechanism_frame}[connected_down=false,connected_east=false,connected_north=false,connected_south=false,connected_up=false,connected_west=false,empty=true,facing=north] actual=Block{antikytheramechanism:mechanism_frame}[connected_down=false,connected_east=false,connected_north=false,connected_south=false,connected_up=false,connected_west=true,empty=true,facing=north] destinationTransition=false receiver=1762951839 resolved=1762951839 sameChunk=true
[10:16:07] [Server thread/DEBUG] [de.an.AntikytheraMechanism/]: Frame onRemove at BlockPos{x=-9064258, y=-58, z=-3566275} movedByPiston=false relocationJournal=true
[10:16:07] [Server thread/ERROR] [de.an.AntikytheraMechanism/]: [HOST-WRITE-DIAG] HEAD pos=BlockPos{x=-9064258, y=-58, z=-3566276} before=Block{antikytheramechanism:mechanism_frame}[connected_down=false,connected_east=true,connected_north=false,connected_south=true,connected_up=false,connected_west=false,empty=true,facing=north] requested=Block{antikytheramechanism:mechanism_frame}[connected_down=false,connected_east=true,connected_north=false,connected_south=false,connected_up=false,connected_west=false,empty=true,facing=north] moving=false destinationTransition=false allowed=true receiver=1762951839 resolved=1762951839 sameChunk=true containing=ROOT
[10:16:07] [Server thread/ERROR] [de.an.AntikytheraMechanism/]: [HOST-WRITE-DIAG] RETURN pos=BlockPos{x=-9064258, y=-58, z=-3566276} previousReturn=Block{antikytheramechanism:mechanism_frame}[connected_down=false,connected_east=true,connected_north=false,connected_south=true,connected_up=false,connected_west=false,empty=true,facing=north] actual=Block{antikytheramechanism:mechanism_frame}[connected_down=false,connected_east=true,connected_north=false,connected_south=false,connected_up=false,connected_west=false,empty=true,facing=north] destinationTransition=false receiver=1762951839 resolved=1762951839 sameChunk=true
[10:16:07] [Server thread/DEBUG] [de.an.AntikytheraMechanism/]: Frame onRemove at BlockPos{x=-9064258, y=-58, z=-3566276} movedByPiston=false relocationJournal=true
[10:16:07] [Server thread/ERROR] [de.an.AntikytheraMechanism/]: [HOST-WRITE-DIAG] HEAD pos=BlockPos{x=-9064257, y=-58, z=-3566276} before=Block{antikytheramechanism:mechanism_frame}[connected_down=false,connected_east=false,connected_north=false,connected_south=false,connected_up=false,connected_west=true,empty=true,facing=north] requested=Block{antikytheramechanism:mechanism_frame}[connected_down=false,connected_east=false,connected_north=false,connected_south=false,connected_up=false,connected_west=false,empty=true,facing=north] moving=false destinationTransition=false allowed=true receiver=1762951839 resolved=1762951839 sameChunk=true containing=ROOT
[10:16:07] [Server thread/ERROR] [de.an.AntikytheraMechanism/]: [HOST-WRITE-DIAG] RETURN pos=BlockPos{x=-9064257, y=-58, z=-3566276} previousReturn=Block{antikytheramechanism:mechanism_frame}[connected_down=false,connected_east=false,connected_north=false,connected_south=false,connected_up=false,connected_west=true,empty=true,facing=north] actual=Block{antikytheramechanism:mechanism_frame}[connected_down=false,connected_east=false,connected_north=false,connected_south=false,connected_up=false,connected_west=false,empty=true,facing=north] destinationTransition=false receiver=1762951839 resolved=1762951839 sameChunk=true
[10:16:07] [Server thread/DEBUG] [de.an.AntikytheraMechanism/]: Frame onRemove at BlockPos{x=-9064257, y=-58, z=-3566276} movedByPiston=false relocationJournal=true
[10:16:07] [Server thread/ERROR] [de.an.AntikytheraMechanism/]: [HOST-WRITE-DIAG] HEAD pos=BlockPos{x=-9064249, y=-58, z=-3566274} before=Block{minecraft:air} requested=Block{antikytheramechanism:mechanism_frame}[connected_down=false,connected_east=false,connected_north=false,connected_south=false,connected_up=false,connected_west=false,empty=true,facing=east] moving=false destinationTransition=false allowed=true receiver=49117131 resolved=49117131 sameChunk=true containing=ROOT
[10:16:07] [Server thread/ERROR] [de.an.AntikytheraMechanism/]: [HOST-WRITE-DIAG] RETURN pos=BlockPos{x=-9064249, y=-58, z=-3566274} previousReturn=Block{minecraft:air} actual=Block{antikytheramechanism:mechanism_frame}[connected_down=false,connected_east=false,connected_north=false,connected_south=false,connected_up=false,connected_west=false,empty=true,facing=east] destinationTransition=false receiver=49117131 resolved=49117131 sameChunk=true
[10:16:07] [Server thread/ERROR] [de.an.AntikytheraMechanism/]: [HOST-WRITE-DIAG] HEAD pos=BlockPos{x=-9064250, y=-58, z=-3566274} before=Block{minecraft:air} requested=Block{antikytheramechanism:mechanism_frame}[connected_down=false,connected_east=false,connected_north=false,connected_south=false,connected_up=false,connected_west=false,empty=true,facing=east] moving=false destinationTransition=false allowed=true receiver=49117131 resolved=49117131 sameChunk=true containing=ROOT
[10:16:07] [Server thread/ERROR] [de.an.AntikytheraMechanism/]: [HOST-WRITE-DIAG] RETURN pos=BlockPos{x=-9064250, y=-58, z=-3566274} previousReturn=Block{minecraft:air} actual=Block{antikytheramechanism:mechanism_frame}[connected_down=false,connected_east=false,connected_north=false,connected_south=false,connected_up=false,connected_west=false,empty=true,facing=east] destinationTransition=false receiver=49117131 resolved=49117131 sameChunk=true
[10:16:07] [Server thread/ERROR] [de.an.AntikytheraMechanism/]: [HOST-WRITE-DIAG] HEAD pos=BlockPos{x=-9064249, y=-58, z=-3566274} before=Block{antikytheramechanism:mechanism_frame}[connected_down=false,connected_east=false,connected_north=false,connected_south=false,connected_up=false,connected_west=false,empty=true,facing=east] requested=Block{antikytheramechanism:mechanism_frame}[connected_down=false,connected_east=false,connected_north=false,connected_south=false,connected_up=false,connected_west=true,empty=true,facing=east] moving=false destinationTransition=false allowed=true receiver=49117131 resolved=49117131 sameChunk=true containing=ROOT
[10:16:07] [Server thread/ERROR] [de.an.AntikytheraMechanism/]: [HOST-WRITE-DIAG] RETURN pos=BlockPos{x=-9064249, y=-58, z=-3566274} previousReturn=Block{antikytheramechanism:mechanism_frame}[connected_down=false,connected_east=false,connected_north=false,connected_south=false,connected_up=false,connected_west=false,empty=true,facing=east] actual=Block{antikytheramechanism:mechanism_frame}[connected_down=false,connected_east=false,connected_north=false,connected_south=false,connected_up=false,connected_west=true,empty=true,facing=east] destinationTransition=false receiver=49117131 resolved=49117131 sameChunk=true
[10:16:07] [Server thread/ERROR] [de.an.AntikytheraMechanism/]: [HOST-WRITE-DIAG] HEAD pos=BlockPos{x=-9064250, y=-58, z=-3566274} before=Block{antikytheramechanism:mechanism_frame}[connected_down=false,connected_east=false,connected_north=false,connected_south=false,connected_up=false,connected_west=false,empty=true,facing=east] requested=Block{antikytheramechanism:mechanism_frame}[connected_down=false,connected_east=true,connected_north=false,connected_south=false,connected_up=false,connected_west=false,empty=true,facing=east] moving=false destinationTransition=false allowed=true receiver=49117131 resolved=49117131 sameChunk=true containing=ROOT
[10:16:07] [Server thread/ERROR] [de.an.AntikytheraMechanism/]: [HOST-WRITE-DIAG] RETURN pos=BlockPos{x=-9064250, y=-58, z=-3566274} previousReturn=Block{antikytheramechanism:mechanism_frame}[connected_down=false,connected_east=false,connected_north=false,connected_south=false,connected_up=false,connected_west=false,empty=true,facing=east] actual=Block{antikytheramechanism:mechanism_frame}[connected_down=false,connected_east=true,connected_north=false,connected_south=false,connected_up=false,connected_west=false,empty=true,facing=east] destinationTransition=false receiver=49117131 resolved=49117131 sameChunk=true
[10:16:07] [Server thread/ERROR] [de.an.AntikytheraMechanism/]: [HOST-WRITE-DIAG] HEAD pos=BlockPos{x=-9064249, y=-58, z=-3566273} before=Block{minecraft:air} requested=Block{antikytheramechanism:mechanism_frame}[connected_down=false,connected_east=false,connected_north=false,connected_south=false,connected_up=false,connected_west=false,empty=true,facing=east] moving=false destinationTransition=false allowed=true receiver=49117131 resolved=49117131 sameChunk=true containing=ROOT
[10:16:07] [Server thread/ERROR] [de.an.AntikytheraMechanism/]: [HOST-WRITE-DIAG] RETURN pos=BlockPos{x=-9064249, y=-58, z=-3566273} previousReturn=Block{minecraft:air} actual=Block{antikytheramechanism:mechanism_frame}[connected_down=false,connected_east=false,connected_north=false,connected_south=false,connected_up=false,connected_west=false,empty=true,facing=east] destinationTransition=false receiver=49117131 resolved=49117131 sameChunk=true
[10:16:07] [Server thread/ERROR] [de.an.AntikytheraMechanism/]: [HOST-WRITE-DIAG] HEAD pos=BlockPos{x=-9064249, y=-58, z=-3566274} before=Block{antikytheramechanism:mechanism_frame}[connected_down=false,connected_east=false,connected_north=false,connected_south=false,connected_up=false,connected_west=true,empty=true,facing=east] requested=Block{antikytheramechanism:mechanism_frame}[connected_down=false,connected_east=false,connected_north=false,connected_south=true,connected_up=false,connected_west=true,empty=true,facing=east] moving=false destinationTransition=false allowed=true receiver=49117131 resolved=49117131 sameChunk=true containing=ROOT
[10:16:07] [Server thread/ERROR] [de.an.AntikytheraMechanism/]: [HOST-WRITE-DIAG] RETURN pos=BlockPos{x=-9064249, y=-58, z=-3566274} previousReturn=Block{antikytheramechanism:mechanism_frame}[connected_down=false,connected_east=false,connected_north=false,connected_south=false,connected_up=false,connected_west=true,empty=true,facing=east] actual=Block{antikytheramechanism:mechanism_frame}[connected_down=false,connected_east=false,connected_north=false,connected_south=true,connected_up=false,connected_west=true,empty=true,facing=east] destinationTransition=false receiver=49117131 resolved=49117131 sameChunk=true
[10:16:07] [Server thread/ERROR] [de.an.AntikytheraMechanism/]: [HOST-WRITE-DIAG] HEAD pos=BlockPos{x=-9064249, y=-58, z=-3566273} before=Block{antikytheramechanism:mechanism_frame}[connected_down=false,connected_east=false,connected_north=false,connected_south=false,connected_up=false,connected_west=false,empty=true,facing=east] requested=Block{antikytheramechanism:mechanism_frame}[connected_down=false,connected_east=false,connected_north=true,connected_south=false,connected_up=false,connected_west=false,empty=true,facing=east] moving=false destinationTransition=false allowed=true receiver=49117131 resolved=49117131 sameChunk=true containing=ROOT
[10:16:07] [Server thread/ERROR] [de.an.AntikytheraMechanism/]: [HOST-WRITE-DIAG] RETURN pos=BlockPos{x=-9064249, y=-58, z=-3566273} previousReturn=Block{antikytheramechanism:mechanism_frame}[connected_down=false,connected_east=false,connected_north=false,connected_south=false,connected_up=false,connected_west=false,empty=true,facing=east] actual=Block{antikytheramechanism:mechanism_frame}[connected_down=false,connected_east=false,connected_north=true,connected_south=false,connected_up=false,connected_west=false,empty=true,facing=east] destinationTransition=false receiver=49117131 resolved=49117131 sameChunk=true
[10:16:07] [Server thread/ERROR] [de.an.AntikytheraMechanism/]: Could not commit Create contraption placement; assembly, index, Frame BlockEntity mappings and block states were rolled back and journals retained
java.lang.IllegalStateException: intentional mid-commit GameTest fault
	at TRANSFORMER/antikytheramechanism@0.1.0/dev.antikytheramechanism.assembly.MechanismAssemblyRotationGameTests.lambda$partialCommitFailureRollsBackMappingsAndKeepsJournal$6(MechanismAssemblyRotationGameTests.java:136) ~[%23127!/:?] {re:classloading}
	at TRANSFORMER/antikytheramechanism@0.1.0/dev.antikytheramechanism.assembly.MechanismAssemblyManager.finalizeContraptionPlacement(MechanismAssemblyManager.java:400) ~[%23127!/:?] {re:mixin,re:classloading,pl:mixin:APP:antikytheramechanism.mixins.json:MechanismAssemblyManagerAccessor from mod antikytheramechanism,pl:mixin:APP:antikytheramechanism.mixins.json:MechanismAssemblyOriginInvariantMixin from mod antikytheramechanism,pl:mixin:APP:antikytheramechanism.mixins.json:MechanismAssemblyManagerDeferredRemovalMixin from mod antikytheramechanism,pl:mixin:A}
	at TRANSFORMER/antikytheramechanism@0.1.0/dev.antikytheramechanism.assembly.MechanismAssemblyRotationGameTests.partialCommitFailureRollsBackMappingsAndKeepsJournal(MechanismAssemblyRotationGameTests.java:138) ~[%23127!/:?] {re:classloading}
	at java.base/jdk.internal.reflect.DirectMethodHandleAccessor.invoke(DirectMethodHandleAccessor.java:103) ~[?:?] {}
	at java.base/java.lang.reflect.Method.invoke(Method.java:580) ~[?:?] {}
	at TRANSFORMER/minecraft@1.21.1/net.minecraft.gametest.framework.GameTestRegistry.lambda$turnMethodIntoConsumer$5(GameTestRegistry.java:157) ~[neoforge-21.1.228.jar%23125!/:?] {re:classloading}
	at TRANSFORMER/minecraft@1.21.1/net.minecraft.gametest.framework.TestFunction.run(TestFunction.java:22) ~[neoforge-21.1.228.jar%23125!/:?] {re:classloading}
	at TRANSFORMER/minecraft@1.21.1/net.minecraft.gametest.framework.GameTestInfo.startTest(GameTestInfo.java:162) ~[neoforge-21.1.228.jar%23125!/:?] {re:mixin,pl:accesstransformer:B,re:classloading,pl:accesstransformer:B,pl:mixin:APP:sable.mixins.json:game_test.GameTestInfoMixin from mod sable,pl:mixin:A}
	at TRANSFORMER/minecraft@1.21.1/net.minecraft.gametest.framework.GameTestInfo.tickInternal(GameTestInfo.java:124) ~[neoforge-21.1.228.jar%23125!/:?] {re:mixin,pl:accesstransformer:B,re:classloading,pl:accesstransformer:B,pl:mixin:APP:sable.mixins.json:game_test.GameTestInfoMixin from mod sable,pl:mixin:A}
	at TRANSFORMER/minecraft@1.21.1/net.minecraft.gametest.framework.GameTestInfo.tick(GameTestInfo.java:107) ~[neoforge-21.1.228.jar%23125!/:?] {re:mixin,pl:accesstransformer:B,re:classloading,pl:accesstransformer:B,pl:mixin:APP:sable.mixins.json:game_test.GameTestInfoMixin from mod sable,pl:mixin:A}
	at TRANSFORMER/minecraft@1.21.1/net.minecraft.gametest.framework.GameTestTicker.lambda$tick$0(GameTestTicker.java:42) ~[neoforge-21.1.228.jar%23125!/:?] {re:classloading}
	at java.base/java.util.concurrent.CopyOnWriteArrayList.forEach(CopyOnWriteArrayList.java:891) ~[?:?] {}
	at TRANSFORMER/minecraft@1.21.1/net.minecraft.gametest.framework.GameTestTicker.tick(GameTestTicker.java:42) ~[neoforge-21.1.228.jar%23125!/:?] {re:classloading}
	at TRANSFORMER/minecraft@1.21.1/net.minecraft.server.MinecraftServer.tickChildren(MinecraftServer.java:1055) ~[neoforge-21.1.228.jar%23125!/:?] {re:mixin,pl:accesstransformer:B,re:classloading,pl:accesstransformer:B,pl:mixin:APP:veil.network.mixins.json:NetworkMinecraftServerMixin from mod veil,pl:mixin:APP:veil.scheduler.mixins.json:MinecraftServerMixin from mod veil,pl:mixin:APP:sable.mixins.json:udp.MinecraftServerMixin from mod sable,pl:mixin:A}
	at TRANSFORMER/minecraft@1.21.1/net.minecraft.server.MinecraftServer.tickServer(MinecraftServer.java:917) ~[neoforge-21.1.228.jar%23125!/:?] {re:mixin,pl:accesstransformer:B,re:classloading,pl:accesstransformer:B,pl:mixin:APP:veil.network.mixins.json:NetworkMinecraftServerMixin from mod veil,pl:mixin:APP:veil.scheduler.mixins.json:MinecraftServerMixin from mod veil,pl:mixin:APP:sable.mixins.json:udp.MinecraftServerMixin from mod sable,pl:mixin:A}
	at TRANSFORMER/minecraft@1.21.1/net.minecraft.gametest.framework.GameTestServer.tickServer(GameTestServer.java:168) ~[neoforge-21.1.228.jar%23125!/:?] {re:classloading}
	at TRANSFORMER/minecraft@1.21.1/net.minecraft.server.MinecraftServer.runServer(MinecraftServer.java:707) ~[neoforge-21.1.228.jar%23125!/:?] {re:mixin,pl:accesstransformer:B,re:classloading,pl:accesstransformer:B,pl:mixin:APP:veil.network.mixins.json:NetworkMinecraftServerMixin from mod veil,pl:mixin:APP:veil.scheduler.mixins.json:MinecraftServerMixin from mod veil,pl:mixin:APP:sable.mixins.json:udp.MinecraftServerMixin from mod sable,pl:mixin:A}
	at TRANSFORMER/minecraft@1.21.1/net.minecraft.server.MinecraftServer.lambda$spin$2(MinecraftServer.java:267) ~[neoforge-21.1.228.jar%23125!/:?] {re:mixin,pl:accesstransformer:B,re:classloading,pl:accesstransformer:B,pl:mixin:APP:veil.network.mixins.json:NetworkMinecraftServerMixin from mod veil,pl:mixin:APP:veil.scheduler.mixins.json:MinecraftServerMixin from mod veil,pl:mixin:APP:sable.mixins.json:udp.MinecraftServerMixin from mod sable,pl:mixin:A}
	at java.base/java.lang.Thread.run(Thread.java:1583) [?:?] {re:mixin}
[10:16:08] [Server thread/ERROR] [de.an.AntikytheraMechanism/]: [HOST-WRITE-DIAG] HEAD pos=BlockPos{x=-9063998, y=-57, z=-3566297} before=Block{minecraft:air} requested=Block{antikytheramechanism:mechanism_frame}[connected_down=false,connected_east=false,connected_north=false,connected_south=false,connected_up=false,connected_west=false,empty=true,facing=north] moving=false destinationTransition=false allowed=true receiver=170966997 resolved=170966997 sameChunk=true containing=ROOT
[10:16:08] [Server thread/WARN] [de.an.AntikytheraMechanism/]: [FREEZE-WATCHDOG] Armed 30s after Mechanism Frame placement at BlockPos{x=-9063998, y=-57, z=-3566297} in minecraft:overworld on thread Server thread (stall threshold=2000ms, generation=95)
[10:16:08] [Server thread/ERROR] [de.an.AntikytheraMechanism/]: [HOST-WRITE-DIAG] RETURN pos=BlockPos{x=-9063998, y=-57, z=-3566297} previousReturn=Block{minecraft:air} actual=Block{antikytheramechanism:mechanism_frame}[connected_down=false,connected_east=false,connected_north=false,connected_south=false,connected_up=false,connected_west=false,empty=true,facing=north] destinationTransition=false receiver=170966997 resolved=170966997 sameChunk=true
[10:16:08] [Server thread/DEBUG] [de.an.AntikytheraMechanism/]: Staged Sable SubLevel 228dc2b1-03f7-44c1-b78b-d9d2cbf4a7fa for content in assembly 6d2da77e-272c-4bde-8434-5ebe36672d7f
[10:16:08] [Server thread/ERROR] [de.an.AntikytheraMechanism/]: [HOST-WRITE-DIAG] HEAD pos=BlockPos{x=-9063998, y=-57, z=-3566297} before=Block{antikytheramechanism:mechanism_frame}[connected_down=false,connected_east=false,connected_north=false,connected_south=false,connected_up=false,connected_west=false,empty=true,facing=north] requested=Block{antikytheramechanism:mechanism_frame}[connected_down=false,connected_east=false,connected_north=false,connected_south=false,connected_up=false,connected_west=false,empty=false,facing=north] moving=false destinationTransition=false allowed=true receiver=170966997 resolved=170966997 sameChunk=true containing=ROOT
[10:16:08] [Server thread/ERROR] [de.an.AntikytheraMechanism/]: [HOST-WRITE-DIAG] RETURN pos=BlockPos{x=-9063998, y=-57, z=-3566297} previousReturn=Block{antikytheramechanism:mechanism_frame}[connected_down=false,connected_east=false,connected_north=false,connected_south=false,connected_up=false,connected_west=false,empty=true,facing=north] actual=Block{antikytheramechanism:mechanism_frame}[connected_down=false,connected_east=false,connected_north=false,connected_south=false,connected_up=false,connected_west=false,empty=false,facing=north] destinationTransition=false receiver=170966997 resolved=170966997 sameChunk=true
[10:16:08] [Server thread/DEBUG] [de.an.AntikytheraMechanism/]: Frame onRemove at BlockPos{x=-9063998, y=-57, z=-3566297} movedByPiston=false relocationJournal=true
[10:16:08] [Server thread/WARN] [de.an.AntikytheraMechanism/]: Managed Sable SubLevel 228dc2b1-03f7-44c1-b78b-d9d2cbf4a7fa for assembly 6d2da77e-272c-4bde-8434-5ebe36672d7f was removed (REMOVED)
[10:16:08] [Server thread/DEBUG] [de.an.AntikytheraMechanism/]: Frame onRemove at BlockPos{x=-9064219, y=-57, z=-3566274} movedByPiston=false relocationJournal=true
[10:16:08] [Server thread/ERROR] [de.an.AntikytheraMechanism/]: [HOST-WRITE-DIAG] HEAD pos=BlockPos{x=-9064219, y=-57, z=-3566274} before=Block{minecraft:air} requested=Block{antikytheramechanism:mechanism_frame}[connected_down=false,connected_east=false,connected_north=false,connected_south=false,connected_up=false,connected_west=false,empty=false,facing=east] moving=false destinationTransition=false allowed=true receiver=397280233 resolved=397280233 sameChunk=true containing=ROOT
[10:16:08] [Server thread/ERROR] [de.an.AntikytheraMechanism/]: [HOST-WRITE-DIAG] RETURN pos=BlockPos{x=-9064219, y=-57, z=-3566274} previousReturn=Block{minecraft:air} actual=Block{antikytheramechanism:mechanism_frame}[connected_down=false,connected_east=false,connected_north=false,connected_south=false,connected_up=false,connected_west=false,empty=false,facing=east] destinationTransition=false receiver=397280233 resolved=397280233 sameChunk=true
[10:16:08] [Server thread/DEBUG] [de.an.AntikytheraMechanism/]: Frame onRemove at BlockPos{x=-9064182, y=-57, z=-3566252} movedByPiston=false relocationJournal=true
[10:16:08] [Server thread/ERROR] [de.an.AntikytheraMechanism/]: [HOST-WRITE-DIAG] HEAD pos=BlockPos{x=-9064182, y=-57, z=-3566252} before=Block{minecraft:air} requested=Block{antikytheramechanism:mechanism_frame}[connected_down=false,connected_east=false,connected_north=false,connected_south=false,connected_up=false,connected_west=false,empty=false,facing=west] moving=false destinationTransition=false allowed=true receiver=1042298647 resolved=1042298647 sameChunk=true containing=ROOT
[10:16:08] [Server thread/ERROR] [de.an.AntikytheraMechanism/]: [HOST-WRITE-DIAG] RETURN pos=BlockPos{x=-9064182, y=-57, z=-3566252} previousReturn=Block{minecraft:air} actual=Block{antikytheramechanism:mechanism_frame}[connected_down=false,connected_east=false,connected_north=false,connected_south=false,connected_up=false,connected_west=false,empty=false,facing=west] destinationTransition=false receiver=1042298647 resolved=1042298647 sameChunk=true
[10:16:08] [Server thread/ERROR] [de.an.AntikytheraMechanism/]: [HOST-WRITE-DIAG] HEAD pos=BlockPos{x=-9063999, y=-58, z=-3566276} before=Block{minecraft:air} requested=Block{antikytheramechanism:mechanism_frame}[connected_down=false,connected_east=false,connected_north=false,connected_south=false,connected_up=false,connected_west=false,empty=true,facing=north] moving=false destinationTransition=false allowed=true receiver=1714005763 resolved=1714005763 sameChunk=true containing=ROOT
[10:16:08] [Server thread/WARN] [de.an.AntikytheraMechanism/]: [FREEZE-WATCHDOG] Armed 30s after Mechanism Frame placement at BlockPos{x=-9063999, y=-58, z=-3566276} in minecraft:overworld on thread Server thread (stall threshold=2000ms, generation=96)
[10:16:08] [Server thread/ERROR] [de.an.AntikytheraMechanism/]: [HOST-WRITE-DIAG] RETURN pos=BlockPos{x=-9063999, y=-58, z=-3566276} previousReturn=Block{minecraft:air} actual=Block{antikytheramechanism:mechanism_frame}[connected_down=false,connected_east=false,connected_north=false,connected_south=false,connected_up=false,connected_west=false,empty=true,facing=north] destinationTransition=false receiver=1714005763 resolved=1714005763 sameChunk=true
[10:16:08] [Server thread/ERROR] [de.an.AntikytheraMechanism/]: [HOST-WRITE-DIAG] HEAD pos=BlockPos{x=-9063998, y=-58, z=-3566276} before=Block{minecraft:air} requested=Block{antikytheramechanism:mechanism_frame}[connected_down=false,connected_east=false,connected_north=false,connected_south=false,connected_up=false,connected_west=false,empty=true,facing=east] moving=false destinationTransition=false allowed=true receiver=1714005763 resolved=1714005763 sameChunk=true containing=ROOT
[10:16:08] [Server thread/WARN] [de.an.AntikytheraMechanism/]: [FREEZE-WATCHDOG] Armed 30s after Mechanism Frame placement at BlockPos{x=-9063998, y=-58, z=-3566276} in minecraft:overworld on thread Server thread (stall threshold=2000ms, generation=97)
[10:16:08] [Server thread/ERROR] [de.an.AntikytheraMechanism/]: [HOST-WRITE-DIAG] RETURN pos=BlockPos{x=-9063998, y=-58, z=-3566276} previousReturn=Block{minecraft:air} actual=Block{antikytheramechanism:mechanism_frame}[connected_down=false,connected_east=false,connected_north=false,connected_south=false,connected_up=false,connected_west=false,empty=true,facing=east] destinationTransition=false receiver=1714005763 resolved=1714005763 sameChunk=true
[10:16:08] [Server thread/DEBUG] [de.an.AntikytheraMechanism/]: Staged Sable SubLevel 29907143-9ecb-4af8-8bd7-d5c027e251a9 for content in assembly d43d2c48-9344-4936-8e22-fdd8e89406da
[10:16:08] [Server thread/DEBUG] [de.an.AntikytheraMechanism/]: Staged Sable SubLevel c71f1f77-32a3-4e10-b607-72f1768034b1 for content in assembly 8fe0f7db-2a06-489e-b797-0b40e029e8e2
[10:16:08] [Server thread/WARN] [de.an.AntikytheraMechanism/]: Managed Sable SubLevel 29907143-9ecb-4af8-8bd7-d5c027e251a9 for assembly d43d2c48-9344-4936-8e22-fdd8e89406da was removed (REMOVED)
[10:16:08] [Server thread/ERROR] [de.an.AntikytheraMechanism/]: [HOST-WRITE-DIAG] HEAD pos=BlockPos{x=-9064256, y=-57, z=-3566252} before=Block{minecraft:air} requested=Block{antikytheramechanism:mechanism_frame}[connected_down=false,connected_east=false,connected_north=false,connected_south=false,connected_up=false,connected_west=false,empty=true,facing=north] moving=false destinationTransition=false allowed=true receiver=325044264 resolved=325044264 sameChunk=true containing=ROOT
[10:16:08] [Server thread/WARN] [de.an.AntikytheraMechanism/]: [FREEZE-WATCHDOG] Armed 30s after Mechanism Frame placement at BlockPos{x=-9064256, y=-57, z=-3566252} in minecraft:overworld on thread Server thread (stall threshold=2000ms, generation=98)
[10:16:08] [Server thread/ERROR] [de.an.AntikytheraMechanism/]: [HOST-WRITE-DIAG] RETURN pos=BlockPos{x=-9064256, y=-57, z=-3566252} previousReturn=Block{minecraft:air} actual=Block{antikytheramechanism:mechanism_frame}[connected_down=false,connected_east=false,connected_north=false,connected_south=false,connected_up=false,connected_west=false,empty=true,facing=north] destinationTransition=false receiver=325044264 resolved=325044264 sameChunk=true
[10:16:08] [Server thread/DEBUG] [de.an.AntikytheraMechanism/]: Staged Sable SubLevel 01dd0c72-45c8-4903-b3ea-26f9bc5ebecc for content in assembly 6f596200-666c-4272-a34e-7be6ee1ebbfe
[10:16:08] [Server thread/ERROR] [de.an.AntikytheraMechanism/]: [HOST-WRITE-DIAG] HEAD pos=BlockPos{x=-9064256, y=-57, z=-3566252} before=Block{antikytheramechanism:mechanism_frame}[connected_down=false,connected_east=false,connected_north=false,connected_south=false,connected_up=false,connected_west=false,empty=true,facing=north] requested=Block{antikytheramechanism:mechanism_frame}[connected_down=false,connected_east=false,connected_north=false,connected_south=false,connected_up=false,connected_west=false,empty=false,facing=north] moving=false destinationTransition=false allowed=true receiver=325044264 resolved=325044264 sameChunk=true containing=ROOT
[10:16:08] [Server thread/ERROR] [de.an.AntikytheraMechanism/]: [HOST-WRITE-DIAG] RETURN pos=BlockPos{x=-9064256, y=-57, z=-3566252} previousReturn=Block{antikytheramechanism:mechanism_frame}[connected_down=false,connected_east=false,connected_north=false,connected_south=false,connected_up=false,connected_west=false,empty=true,facing=north] actual=Block{antikytheramechanism:mechanism_frame}[connected_down=false,connected_east=false,connected_north=false,connected_south=false,connected_up=false,connected_west=false,empty=false,facing=north] destinationTransition=false receiver=325044264 resolved=325044264 sameChunk=true
[10:16:08] [Server thread/ERROR] [de.an.AntikytheraMechanism/]: [HOST-WRITE-DIAG] HEAD pos=BlockPos{x=-9064256, y=-57, z=-3566252} before=Block{antikytheramechanism:mechanism_frame}[connected_down=false,connected_east=false,connected_north=false,connected_south=false,connected_up=false,connected_west=false,empty=false,facing=north] requested=Block{antikytheramechanism:mechanism_frame}[connected_down=false,connected_east=false,connected_north=false,connected_south=false,connected_up=false,connected_west=false,empty=true,facing=north] moving=false destinationTransition=false allowed=true receiver=325044264 resolved=325044264 sameChunk=true containing=ROOT
[10:16:08] [Server thread/ERROR] [de.an.AntikytheraMechanism/]: [HOST-WRITE-DIAG] RETURN pos=BlockPos{x=-9064256, y=-57, z=-3566252} previousReturn=Block{antikytheramechanism:mechanism_frame}[connected_down=false,connected_east=false,connected_north=false,connected_south=false,connected_up=false,connected_west=false,empty=false,facing=north] actual=Block{antikytheramechanism:mechanism_frame}[connected_down=false,connected_east=false,connected_north=false,connected_south=false,connected_up=false,connected_west=false,empty=true,facing=north] destinationTransition=false receiver=325044264 resolved=325044264 sameChunk=true
[10:16:08] [Server thread/DEBUG] [de.an.AntikytheraMechanism/]: Frame onRemove at BlockPos{x=-9064256, y=-57, z=-3566252} movedByPiston=false relocationJournal=false
[10:16:08] [Server thread/WARN] [de.an.AntikytheraMechanism/]: Managed Sable SubLevel 01dd0c72-45c8-4903-b3ea-26f9bc5ebecc for assembly 6f596200-666c-4272-a34e-7be6ee1ebbfe was removed (REMOVED)
[10:16:08] [Server thread/ERROR] [de.an.AntikytheraMechanism/]: [HOST-WRITE-DIAG] HEAD pos=BlockPos{x=-9063997, y=-57, z=-3566252} before=Block{minecraft:air} requested=Block{antikytheramechanism:mechanism_frame}[connected_down=false,connected_east=false,connected_north=false,connected_south=false,connected_up=false,connected_west=false,empty=true,facing=north] moving=false destinationTransition=false allowed=true receiver=1520880564 resolved=1520880564 sameChunk=true containing=ROOT
[10:16:08] [Server thread/WARN] [de.an.AntikytheraMechanism/]: [FREEZE-WATCHDOG] Armed 30s after Mechanism Frame placement at BlockPos{x=-9063997, y=-57, z=-3566252} in minecraft:overworld on thread Server thread (stall threshold=2000ms, generation=99)
[10:16:08] [Server thread/ERROR] [de.an.AntikytheraMechanism/]: [HOST-WRITE-DIAG] RETURN pos=BlockPos{x=-9063997, y=-57, z=-3566252} previousReturn=Block{minecraft:air} actual=Block{antikytheramechanism:mechanism_frame}[connected_down=false,connected_east=false,connected_north=false,connected_south=false,connected_up=false,connected_west=false,empty=true,facing=north] destinationTransition=false receiver=1520880564 resolved=1520880564 sameChunk=true
[10:16:08] [Server thread/DEBUG] [de.an.AntikytheraMechanism/]: Staged Sable SubLevel b7eef450-df5f-49ce-a0fa-fc7075bb7f03 for content in assembly 85ffb777-b0ed-4a59-84d0-5b05f0cea042
[10:16:08] [Server thread/DEBUG] [mixin/]: Mixing death_message.CombatTrackerMixin from sable.mixins.json into net.minecraft.world.damagesource.CombatTracker
[10:16:08] [Server thread/WARN] [de.an.AntikytheraMechanism/]: Managed Sable SubLevel b7eef450-df5f-49ce-a0fa-fc7075bb7f03 for assembly 85ffb777-b0ed-4a59-84d0-5b05f0cea042 was removed (REMOVED)
[10:16:08] [Server thread/DEBUG] [de.an.AntikytheraMechanism/]: Retired empty Sable SubLevel b7eef450-df5f-49ce-a0fa-fc7075bb7f03 while keeping assembly 85ffb777-b0ed-4a59-84d0-5b05f0cea042
[10:16:08] [Server thread/WARN] [de.an.AntikytheraMechanism/]: Managed Sable SubLevel c71f1f77-32a3-4e10-b607-72f1768034b1 for assembly 8fe0f7db-2a06-489e-b797-0b40e029e8e2 was removed (REMOVED)
[10:16:08] [Server thread/DEBUG] [de.an.AntikytheraMechanism/]: Retired empty Sable SubLevel c71f1f77-32a3-4e10-b607-72f1768034b1 while keeping assembly 8fe0f7db-2a06-489e-b797-0b40e029e8e2
[10:16:08] [Server thread/ERROR] [de.an.AntikytheraMechanism/]: [HOST-WRITE-DIAG] HEAD pos=BlockPos{x=-9064033, y=-57, z=-3566268} before=Block{minecraft:air} requested=Block{antikytheramechanism:mechanism_frame}[connected_down=false,connected_east=false,connected_north=false,connected_south=false,connected_up=false,connected_west=false,empty=true,facing=north] moving=false destinationTransition=false allowed=true receiver=672979280 resolved=672979280 sameChunk=true containing=ROOT
[10:16:08] [Server thread/WARN] [de.an.AntikytheraMechanism/]: [FREEZE-WATCHDOG] Armed 30s after Mechanism Frame placement at BlockPos{x=-9064033, y=-57, z=-3566268} in minecraft:overworld on thread Server thread (stall threshold=2000ms, generation=100)
[10:16:08] [Server thread/ERROR] [de.an.AntikytheraMechanism/]: [HOST-WRITE-DIAG] HEAD pos=BlockPos{x=-9064033, y=-57, z=-3566268} before=Block{antikytheramechanism:mechanism_frame}[connected_down=false,connected_east=false,connected_north=false,connected_south=false,connected_up=false,connected_west=false,empty=true,facing=north] requested=Block{antikytheramechanism:mechanism_frame}[connected_down=false,connected_east=true,connected_north=false,connected_south=false,connected_up=false,connected_west=false,empty=true,facing=north] moving=false destinationTransition=false allowed=true receiver=672979280 resolved=672979280 sameChunk=true containing=ROOT
[10:16:08] [Server thread/ERROR] [de.an.AntikytheraMechanism/]: [HOST-WRITE-DIAG] RETURN pos=BlockPos{x=-9064033, y=-57, z=-3566268} previousReturn=Block{antikytheramechanism:mechanism_frame}[connected_down=false,connected_east=false,connected_north=false,connected_south=false,connected_up=false,connected_west=false,empty=true,facing=north] actual=Block{antikytheramechanism:mechanism_frame}[connected_down=false,connected_east=true,connected_north=false,connected_south=false,connected_up=false,connected_west=false,empty=true,facing=north] destinationTransition=false receiver=672979280 resolved=672979280 sameChunk=true
[10:16:08] [Server thread/ERROR] [de.an.AntikytheraMechanism/]: [HOST-WRITE-DIAG] HEAD pos=BlockPos{x=-9064034, y=-57, z=-3566268} before=Block{antikytheramechanism:mechanism_frame}[connected_down=false,connected_east=false,connected_north=false,connected_south=false,connected_up=false,connected_west=false,empty=false,facing=north] requested=Block{antikytheramechanism:mechanism_frame}[connected_down=false,connected_east=true,connected_north=false,connected_south=false,connected_up=false,connected_west=false,empty=false,facing=north] moving=false destinationTransition=false allowed=true receiver=672979280 resolved=672979280 sameChunk=true containing=ROOT
[10:16:08] [Server thread/ERROR] [de.an.AntikytheraMechanism/]: [HOST-WRITE-DIAG] RETURN pos=BlockPos{x=-9064034, y=-57, z=-3566268} previousReturn=Block{antikytheramechanism:mechanism_frame}[connected_down=false,connected_east=false,connected_north=false,connected_south=false,connected_up=false,connected_west=false,empty=false,facing=north] actual=Block{antikytheramechanism:mechanism_frame}[connected_down=false,connected_east=true,connected_north=false,connected_south=false,connected_up=false,connected_west=false,empty=false,facing=north] destinationTransition=false receiver=672979280 resolved=672979280 sameChunk=true
[10:16:08] [Server thread/ERROR] [de.an.AntikytheraMechanism/]: [HOST-WRITE-DIAG] HEAD pos=BlockPos{x=-9064033, y=-57, z=-3566268} before=Block{antikytheramechanism:mechanism_frame}[connected_down=false,connected_east=true,connected_north=false,connected_south=false,connected_up=false,connected_west=false,empty=true,facing=north] requested=Block{antikytheramechanism:mechanism_frame}[connected_down=false,connected_east=true,connected_north=false,connected_south=false,connected_up=false,connected_west=true,empty=true,facing=north] moving=false destinationTransition=false allowed=true receiver=672979280 resolved=672979280 sameChunk=true containing=ROOT
[10:16:08] [Server thread/ERROR] [de.an.AntikytheraMechanism/]: [HOST-WRITE-DIAG] RETURN pos=BlockPos{x=-9064033, y=-57, z=-3566268} previousReturn=Block{antikytheramechanism:mechanism_frame}[connected_down=false,connected_east=true,connected_north=false,connected_south=false,connected_up=false,connected_west=false,empty=true,facing=north] actual=Block{antikytheramechanism:mechanism_frame}[connected_down=false,connected_east=true,connected_north=false,connected_south=false,connected_up=false,connected_west=true,empty=true,facing=north] destinationTransition=false receiver=672979280 resolved=672979280 sameChunk=true
[10:16:08] [Server thread/ERROR] [de.an.AntikytheraMechanism/]: [HOST-WRITE-DIAG] HEAD pos=BlockPos{x=-9064032, y=-57, z=-3566268} before=Block{antikytheramechanism:mechanism_frame}[connected_down=false,connected_east=false,connected_north=false,connected_south=false,connected_up=false,connected_west=false,empty=false,facing=north] requested=Block{antikytheramechanism:mechanism_frame}[connected_down=false,connected_east=false,connected_north=false,connected_south=false,connected_up=false,connected_west=true,empty=false,facing=north] moving=false destinationTransition=false allowed=true receiver=934838664 resolved=934838664 sameChunk=true containing=ROOT
[10:16:08] [Server thread/ERROR] [de.an.AntikytheraMechanism/]: [HOST-WRITE-DIAG] RETURN pos=BlockPos{x=-9064032, y=-57, z=-3566268} previousReturn=Block{antikytheramechanism:mechanism_frame}[connected_down=false,connected_east=false,connected_north=false,connected_south=false,connected_up=false,connected_west=false,empty=false,facing=north] actual=Block{antikytheramechanism:mechanism_frame}[connected_down=false,connected_east=false,connected_north=false,connected_south=false,connected_up=false,connected_west=true,empty=false,facing=north] destinationTransition=false receiver=934838664 resolved=934838664 sameChunk=true
[10:16:08] [Server thread/WARN] [de.an.AntikytheraMechanism/]: Managed Sable SubLevel a16a4ecd-6f35-436f-b8ea-dee349ff268f for assembly ec5d3818-d3f6-48f0-9da8-41dfe5f9208d was removed (REMOVED)
[10:16:08] [Server thread/ERROR] [de.an.AntikytheraMechanism/]: [HOST-WRITE-DIAG] RETURN pos=BlockPos{x=-9064033, y=-57, z=-3566268} previousReturn=Block{minecraft:air} actual=Block{antikytheramechanism:mechanism_frame}[connected_down=false,connected_east=true,connected_north=false,connected_south=false,connected_up=false,connected_west=true,empty=true,facing=north] destinationTransition=false receiver=672979280 resolved=672979280 sameChunk=true
[10:16:08] [Server thread/ERROR] [de.an.AntikytheraMechanism/]: [HOST-WRITE-DIAG] HEAD pos=BlockPos{x=-9064258, y=-57, z=-3566231} before=Block{minecraft:air} requested=Block{antikytheramechanism:mechanism_frame}[connected_down=false,connected_east=false,connected_north=false,connected_south=false,connected_up=false,connected_west=false,empty=true,facing=north] moving=false destinationTransition=false allowed=true receiver=632506643 resolved=632506643 sameChunk=true containing=ROOT
[10:16:08] [Server thread/WARN] [de.an.AntikytheraMechanism/]: [FREEZE-WATCHDOG] Armed 30s after Mechanism Frame placement at BlockPos{x=-9064258, y=-57, z=-3566231} in minecraft:overworld on thread Server thread (stall threshold=2000ms, generation=101)
[10:16:08] [Server thread/ERROR] [de.an.AntikytheraMechanism/]: [HOST-WRITE-DIAG] RETURN pos=BlockPos{x=-9064258, y=-57, z=-3566231} previousReturn=Block{minecraft:air} actual=Block{antikytheramechanism:mechanism_frame}[connected_down=false,connected_east=false,connected_north=false,connected_south=false,connected_up=false,connected_west=false,empty=true,facing=north] destinationTransition=false receiver=632506643 resolved=632506643 sameChunk=true
[10:16:08] [Server thread/ERROR] [de.an.AntikytheraMechanism/]: [HOST-WRITE-DIAG] HEAD pos=BlockPos{x=-9064257, y=-57, z=-3566231} before=Block{minecraft:air} requested=Block{antikytheramechanism:mechanism_frame}[connected_down=false,connected_east=false,connected_north=false,connected_south=false,connected_up=false,connected_west=false,empty=true,facing=north] moving=false destinationTransition=false allowed=true receiver=632506643 resolved=632506643 sameChunk=true containing=ROOT
[10:16:08] [Server thread/WARN] [de.an.AntikytheraMechanism/]: [FREEZE-WATCHDOG] Armed 30s after Mechanism Frame placement at BlockPos{x=-9064257, y=-57, z=-3566231} in minecraft:overworld on thread Server thread (stall threshold=2000ms, generation=102)
[10:16:08] [Server thread/ERROR] [de.an.AntikytheraMechanism/]: [HOST-WRITE-DIAG] RETURN pos=BlockPos{x=-9064257, y=-57, z=-3566231} previousReturn=Block{minecraft:air} actual=Block{antikytheramechanism:mechanism_frame}[connected_down=false,connected_east=false,connected_north=false,connected_south=false,connected_up=false,connected_west=false,empty=true,facing=north] destinationTransition=false receiver=632506643 resolved=632506643 sameChunk=true
[10:16:08] [Server thread/ERROR] [de.an.AntikytheraMechanism/]: [HOST-WRITE-DIAG] HEAD pos=BlockPos{x=-9064258, y=-57, z=-3566231} before=Block{antikytheramechanism:mechanism_frame}[connected_down=false,connected_east=false,connected_north=false,connected_south=false,connected_up=false,connected_west=false,empty=true,facing=north] requested=Block{antikytheramechanism:mechanism_frame}[connected_down=false,connected_east=true,connected_north=false,connected_south=false,connected_up=false,connected_west=false,empty=true,facing=north] moving=false destinationTransition=false allowed=true receiver=632506643 resolved=632506643 sameChunk=true containing=ROOT
[10:16:08] [Server thread/ERROR] [de.an.AntikytheraMechanism/]: [HOST-WRITE-DIAG] RETURN pos=BlockPos{x=-9064258, y=-57, z=-3566231} previousReturn=Block{antikytheramechanism:mechanism_frame}[connected_down=false,connected_east=false,connected_north=false,connected_south=false,connected_up=false,connected_west=false,empty=true,facing=north] actual=Block{antikytheramechanism:mechanism_frame}[connected_down=false,connected_east=true,connected_north=false,connected_south=false,connected_up=false,connected_west=false,empty=true,facing=north] destinationTransition=false receiver=632506643 resolved=632506643 sameChunk=true
[10:16:08] [Server thread/ERROR] [de.an.AntikytheraMechanism/]: [HOST-WRITE-DIAG] HEAD pos=BlockPos{x=-9064257, y=-57, z=-3566231} before=Block{antikytheramechanism:mechanism_frame}[connected_down=false,connected_east=false,connected_north=false,connected_south=false,connected_up=false,connected_west=false,empty=true,facing=north] requested=Block{antikytheramechanism:mechanism_frame}[connected_down=false,connected_east=false,connected_north=false,connected_south=false,connected_up=false,connected_west=true,empty=true,facing=north] moving=false destinationTransition=false allowed=true receiver=632506643 resolved=632506643 sameChunk=true containing=ROOT
[10:16:08] [Server thread/ERROR] [de.an.AntikytheraMechanism/]: [HOST-WRITE-DIAG] RETURN pos=BlockPos{x=-9064257, y=-57, z=-3566231} previousReturn=Block{antikytheramechanism:mechanism_frame}[connected_down=false,connected_east=false,connected_north=false,connected_south=false,connected_up=false,connected_west=false,empty=true,facing=north] actual=Block{antikytheramechanism:mechanism_frame}[connected_down=false,connected_east=false,connected_north=false,connected_south=false,connected_up=false,connected_west=true,empty=true,facing=north] destinationTransition=false receiver=632506643 resolved=632506643 sameChunk=true
[10:16:08] [Server thread/ERROR] [de.an.AntikytheraMechanism/]: [HOST-WRITE-DIAG] HEAD pos=BlockPos{x=-9064256, y=-57, z=-3566231} before=Block{minecraft:air} requested=Block{antikytheramechanism:mechanism_frame}[connected_down=false,connected_east=false,connected_north=false,connected_south=false,connected_up=false,connected_west=false,empty=true,facing=north] moving=false destinationTransition=false allowed=true receiver=1403075389 resolved=1403075389 sameChunk=true containing=ROOT
[10:16:08] [Server thread/WARN] [de.an.AntikytheraMechanism/]: [FREEZE-WATCHDOG] Armed 30s after Mechanism Frame placement at BlockPos{x=-9064256, y=-57, z=-3566231} in minecraft:overworld on thread Server thread (stall threshold=2000ms, generation=103)
[10:16:08] [Server thread/ERROR] [de.an.AntikytheraMechanism/]: [HOST-WRITE-DIAG] RETURN pos=BlockPos{x=-9064256, y=-57, z=-3566231} previousReturn=Block{minecraft:air} actual=Block{antikytheramechanism:mechanism_frame}[connected_down=false,connected_east=false,connected_north=false,connected_south=false,connected_up=false,connected_west=false,empty=true,facing=north] destinationTransition=false receiver=1403075389 resolved=1403075389 sameChunk=true
[10:16:08] [Server thread/ERROR] [de.an.AntikytheraMechanism/]: [HOST-WRITE-DIAG] HEAD pos=BlockPos{x=-9064257, y=-57, z=-3566231} before=Block{antikytheramechanism:mechanism_frame}[connected_down=false,connected_east=false,connected_north=false,connected_south=false,connected_up=false,connected_west=true,empty=true,facing=north] requested=Block{antikytheramechanism:mechanism_frame}[connected_down=false,connected_east=true,connected_north=false,connected_south=false,connected_up=false,connected_west=true,empty=true,facing=north] moving=false destinationTransition=false allowed=true receiver=632506643 resolved=632506643 sameChunk=true containing=ROOT
[10:16:08] [Server thread/ERROR] [de.an.AntikytheraMechanism/]: [HOST-WRITE-DIAG] RETURN pos=BlockPos{x=-9064257, y=-57, z=-3566231} previousReturn=Block{antikytheramechanism:mechanism_frame}[connected_down=false,connected_east=false,connected_north=false,connected_south=false,connected_up=false,connected_west=true,empty=true,facing=north] actual=Block{antikytheramechanism:mechanism_frame}[connected_down=false,connected_east=true,connected_north=false,connected_south=false,connected_up=false,connected_west=true,empty=true,facing=north] destinationTransition=false receiver=632506643 resolved=632506643 sameChunk=true
[10:16:08] [Server thread/ERROR] [de.an.AntikytheraMechanism/]: [HOST-WRITE-DIAG] HEAD pos=BlockPos{x=-9064256, y=-57, z=-3566231} before=Block{antikytheramechanism:mechanism_frame}[connected_down=false,connected_east=false,connected_north=false,connected_south=false,connected_up=false,connected_west=false,empty=true,facing=north] requested=Block{antikytheramechanism:mechanism_frame}[connected_down=false,connected_east=false,connected_north=false,connected_south=false,connected_up=false,connected_west=true,empty=true,facing=north] moving=false destinationTransition=false allowed=true receiver=1403075389 resolved=1403075389 sameChunk=true containing=ROOT
[10:16:08] [Server thread/ERROR] [de.an.AntikytheraMechanism/]: [HOST-WRITE-DIAG] RETURN pos=BlockPos{x=-9064256, y=-57, z=-3566231} previousReturn=Block{antikytheramechanism:mechanism_frame}[connected_down=false,connected_east=false,connected_north=false,connected_south=false,connected_up=false,connected_west=false,empty=true,facing=north] actual=Block{antikytheramechanism:mechanism_frame}[connected_down=false,connected_east=false,connected_north=false,connected_south=false,connected_up=false,connected_west=true,empty=true,facing=north] destinationTransition=false receiver=1403075389 resolved=1403075389 sameChunk=true
[10:16:08] [Server thread/DEBUG] [de.an.AntikytheraMechanism/]: Staged Sable SubLevel c232dea1-8b69-4aa2-b7d3-bd1dd64be108 for content in assembly 6ea7b337-38be-4a5f-a897-08b380ffa0cb
[10:16:08] [Server thread/DEBUG] [de.an.AntikytheraMechanism/]: Frame onRemove at BlockPos{x=-9064258, y=-57, z=-3566231} movedByPiston=false relocationJournal=true
[10:16:08] [Server thread/ERROR] [de.an.AntikytheraMechanism/]: [HOST-WRITE-DIAG] HEAD pos=BlockPos{x=-9064257, y=-57, z=-3566231} before=Block{antikytheramechanism:mechanism_frame}[connected_down=false,connected_east=true,connected_north=false,connected_south=false,connected_up=false,connected_west=true,empty=true,facing=north] requested=Block{antikytheramechanism:mechanism_frame}[connected_down=false,connected_east=true,connected_north=false,connected_south=false,connected_up=false,connected_west=false,empty=true,facing=north] moving=false destinationTransition=false allowed=true receiver=632506643 resolved=632506643 sameChunk=true containing=ROOT
[10:16:08] [Server thread/ERROR] [de.an.AntikytheraMechanism/]: [HOST-WRITE-DIAG] RETURN pos=BlockPos{x=-9064257, y=-57, z=-3566231} previousReturn=Block{antikytheramechanism:mechanism_frame}[connected_down=false,connected_east=true,connected_north=false,connected_south=false,connected_up=false,connected_west=true,empty=true,facing=north] actual=Block{antikytheramechanism:mechanism_frame}[connected_down=false,connected_east=true,connected_north=false,connected_south=false,connected_up=false,connected_west=false,empty=true,facing=north] destinationTransition=false receiver=632506643 resolved=632506643 sameChunk=true
[10:16:08] [Server thread/DEBUG] [de.an.AntikytheraMechanism/]: Frame onRemove at BlockPos{x=-9064257, y=-57, z=-3566231} movedByPiston=false relocationJournal=true
[10:16:08] [Server thread/ERROR] [de.an.AntikytheraMechanism/]: [HOST-WRITE-DIAG] HEAD pos=BlockPos{x=-9064256, y=-57, z=-3566231} before=Block{antikytheramechanism:mechanism_frame}[connected_down=false,connected_east=false,connected_north=false,connected_south=false,connected_up=false,connected_west=true,empty=true,facing=north] requested=Block{antikytheramechanism:mechanism_frame}[connected_down=false,connected_east=false,connected_north=false,connected_south=false,connected_up=false,connected_west=false,empty=true,facing=north] moving=false destinationTransition=false allowed=true receiver=1403075389 resolved=1403075389 sameChunk=true containing=ROOT
[10:16:08] [Server thread/ERROR] [de.an.AntikytheraMechanism/]: [HOST-WRITE-DIAG] RETURN pos=BlockPos{x=-9064256, y=-57, z=-3566231} previousReturn=Block{antikytheramechanism:mechanism_frame}[connected_down=false,connected_east=false,connected_north=false,connected_south=false,connected_up=false,connected_west=true,empty=true,facing=north] actual=Block{antikytheramechanism:mechanism_frame}[connected_down=false,connected_east=false,connected_north=false,connected_south=false,connected_up=false,connected_west=false,empty=true,facing=north] destinationTransition=false receiver=1403075389 resolved=1403075389 sameChunk=true
[10:16:08] [Server thread/DEBUG] [de.an.AntikytheraMechanism/]: Frame onRemove at BlockPos{x=-9064256, y=-57, z=-3566231} movedByPiston=false relocationJournal=true
[10:16:08] [Server thread/ERROR] [de.an.AntikytheraMechanism/]: [HOST-WRITE-DIAG] HEAD pos=BlockPos{x=-9064252, y=-57, z=-3566231} before=Block{minecraft:air} requested=Block{antikytheramechanism:mechanism_frame}[connected_down=false,connected_east=false,connected_north=false,connected_south=false,connected_up=false,connected_west=false,empty=true,facing=south] moving=false destinationTransition=false allowed=true receiver=1403075389 resolved=1403075389 sameChunk=true containing=ROOT
[10:16:08] [Server thread/ERROR] [de.an.AntikytheraMechanism/]: [HOST-WRITE-DIAG] RETURN pos=BlockPos{x=-9064252, y=-57, z=-3566231} previousReturn=Block{minecraft:air} actual=Block{antikytheramechanism:mechanism_frame}[connected_down=false,connected_east=false,connected_north=false,connected_south=false,connected_up=false,connected_west=false,empty=true,facing=south] destinationTransition=false receiver=1403075389 resolved=1403075389 sameChunk=true
[10:16:08] [Server thread/ERROR] [de.an.AntikytheraMechanism/]: [HOST-WRITE-DIAG] HEAD pos=BlockPos{x=-9064254, y=-57, z=-3566231} before=Block{minecraft:air} requested=Block{antikytheramechanism:mechanism_frame}[connected_down=false,connected_east=false,connected_north=false,connected_south=false,connected_up=false,connected_west=false,empty=true,facing=south] moving=false destinationTransition=false allowed=true receiver=1403075389 resolved=1403075389 sameChunk=true containing=ROOT
[10:16:08] [Server thread/ERROR] [de.an.AntikytheraMechanism/]: [HOST-WRITE-DIAG] RETURN pos=BlockPos{x=-9064254, y=-57, z=-3566231} previousReturn=Block{minecraft:air} actual=Block{antikytheramechanism:mechanism_frame}[connected_down=false,connected_east=false,connected_north=false,connected_south=false,connected_up=false,connected_west=false,empty=true,facing=south] destinationTransition=false receiver=1403075389 resolved=1403075389 sameChunk=true
[10:16:08] [Server thread/DEBUG] [de.an.AntikytheraMechanism/]: Staged Sable SubLevel 83dba49e-7cb4-4f97-93c5-649284858c5e for content in assembly 2d67e2aa-f618-4a98-b504-0d8c3a2b21c8
[10:16:08] [Server thread/DEBUG] [de.an.AntikytheraMechanism/]: Staged Sable SubLevel 2810c381-7818-491f-9535-eaaf07f7e4a9 for content in assembly e1ab9641-35fd-43dc-9221-0a5259ed9e4e
[10:16:08] [Server thread/WARN] [de.an.AntikytheraMechanism/]: Managed Sable SubLevel 2810c381-7818-491f-9535-eaaf07f7e4a9 for assembly e1ab9641-35fd-43dc-9221-0a5259ed9e4e was removed (REMOVED)
[10:16:08] [Server thread/ERROR] [de.an.AntikytheraMechanism/]: [HOST-WRITE-DIAG] HEAD pos=BlockPos{x=-9064254, y=-57, z=-3566231} before=Block{antikytheramechanism:mechanism_frame}[connected_down=false,connected_east=false,connected_north=false,connected_south=false,connected_up=false,connected_west=false,empty=true,facing=south] requested=Block{antikytheramechanism:mechanism_frame}[connected_down=false,connected_east=false,connected_north=false,connected_south=false,connected_up=false,connected_west=false,empty=false,facing=south] moving=false destinationTransition=false allowed=true receiver=1403075389 resolved=1403075389 sameChunk=true containing=ROOT
[10:16:08] [Server thread/ERROR] [de.an.AntikytheraMechanism/]: [HOST-WRITE-DIAG] RETURN pos=BlockPos{x=-9064254, y=-57, z=-3566231} previousReturn=Block{antikytheramechanism:mechanism_frame}[connected_down=false,connected_east=false,connected_north=false,connected_south=false,connected_up=false,connected_west=false,empty=true,facing=south] actual=Block{antikytheramechanism:mechanism_frame}[connected_down=false,connected_east=false,connected_north=false,connected_south=false,connected_up=false,connected_west=false,empty=false,facing=south] destinationTransition=false receiver=1403075389 resolved=1403075389 sameChunk=true
[10:16:08] [Server thread/DEBUG] [de.an.AntikytheraMechanism/]: Rebased assembly 6ea7b337-38be-4a5f-a897-08b380ffa0cb after topology change: stale origin BlockPos{x=-9064252, y=-57, z=-3566231} -> BlockPos{x=-9064254, y=-57, z=-3566231} over 1 retained Frames
[10:16:08] [Server thread/ERROR] [de.an.AntikytheraMechanism/]: [HOST-WRITE-DIAG] HEAD pos=BlockPos{x=-9064252, y=-57, z=-3566231} before=Block{antikytheramechanism:mechanism_frame}[connected_down=false,connected_east=false,connected_north=false,connected_south=false,connected_up=false,connected_west=false,empty=true,facing=south] requested=Block{antikytheramechanism:mechanism_frame}[connected_down=false,connected_east=false,connected_north=false,connected_south=false,connected_up=false,connected_west=false,empty=false,facing=south] moving=false destinationTransition=false allowed=true receiver=1403075389 resolved=1403075389 sameChunk=true containing=ROOT
[10:16:08] [Server thread/ERROR] [de.an.AntikytheraMechanism/]: [HOST-WRITE-DIAG] RETURN pos=BlockPos{x=-9064252, y=-57, z=-3566231} previousReturn=Block{antikytheramechanism:mechanism_frame}[connected_down=false,connected_east=false,connected_north=false,connected_south=false,connected_up=false,connected_west=false,empty=true,facing=south] actual=Block{antikytheramechanism:mechanism_frame}[connected_down=false,connected_east=false,connected_north=false,connected_south=false,connected_up=false,connected_west=false,empty=false,facing=south] destinationTransition=false receiver=1403075389 resolved=1403075389 sameChunk=true
[10:16:08] [Server thread/INFO] [minecraft/GameTestServer]: [++++++++++++++X++++++++++++++++++++++++++++++++++++_+++++_++++_+_+_++++__+_++++        ]
[10:16:08] [Server thread/ERROR] [de.an.AntikytheraMechanism/]: [HOST-WRITE-DIAG] HEAD pos=BlockPos{x=-9064073, y=-57, z=-3566222} before=Block{antikytheramechanism:mechanism_frame}[connected_down=false,connected_east=false,connected_north=false,connected_south=false,connected_up=false,connected_west=false,empty=true,facing=north] requested=Block{antikytheramechanism:mechanism_frame}[connected_down=false,connected_east=false,connected_north=false,connected_south=false,connected_up=false,connected_west=false,empty=false,facing=north] moving=false destinationTransition=false allowed=true receiver=1141483272 resolved=1141483272 sameChunk=true containing=ROOT
[10:16:08] [Server thread/ERROR] [de.an.AntikytheraMechanism/]: [HOST-WRITE-DIAG] RETURN pos=BlockPos{x=-9064073, y=-57, z=-3566222} previousReturn=Block{antikytheramechanism:mechanism_frame}[connected_down=false,connected_east=false,connected_north=false,connected_south=false,connected_up=false,connected_west=false,empty=true,facing=north] actual=Block{antikytheramechanism:mechanism_frame}[connected_down=false,connected_east=false,connected_north=false,connected_south=false,connected_up=false,connected_west=false,empty=false,facing=north] destinationTransition=false receiver=1141483272 resolved=1141483272 sameChunk=true
[10:16:08] [Server thread/ERROR] [de.an.AntikytheraMechanism/]: [HOST-WRITE-DIAG] HEAD pos=BlockPos{x=-9064070, y=-57, z=-3566222} before=Block{antikytheramechanism:mechanism_frame}[connected_down=false,connected_east=false,connected_north=false,connected_south=false,connected_up=false,connected_west=true,empty=false,facing=north] requested=Block{antikytheramechanism:mechanism_frame}[connected_down=false,connected_east=false,connected_north=false,connected_south=false,connected_up=false,connected_west=true,empty=true,facing=north] moving=false destinationTransition=false allowed=true receiver=1141483272 resolved=1141483272 sameChunk=true containing=ROOT
[10:16:08] [Server thread/ERROR] [de.an.AntikytheraMechanism/]: [HOST-WRITE-DIAG] RETURN pos=BlockPos{x=-9064070, y=-57, z=-3566222} previousReturn=Block{antikytheramechanism:mechanism_frame}[connected_down=false,connected_east=false,connected_north=false,connected_south=false,connected_up=false,connected_west=true,empty=false,facing=north] actual=Block{antikytheramechanism:mechanism_frame}[connected_down=false,connected_east=false,connected_north=false,connected_south=false,connected_up=false,connected_west=true,empty=true,facing=north] destinationTransition=false receiver=1141483272 resolved=1141483272 sameChunk=true
[10:16:08] [Server thread/ERROR] [de.an.AntikytheraMechanism/]: [HOST-WRITE-DIAG] HEAD pos=BlockPos{x=-9064256, y=-57, z=-3566252} before=Block{minecraft:air} requested=Block{antikytheramechanism:mechanism_frame}[connected_down=false,connected_east=false,connected_north=false,connected_south=false,connected_up=false,connected_west=false,empty=true,facing=north] moving=false destinationTransition=false allowed=true receiver=325044264 resolved=325044264 sameChunk=true containing=ROOT
[10:16:08] [Server thread/WARN] [de.an.AntikytheraMechanism/]: [FREEZE-WATCHDOG] Armed 30s after Mechanism Frame placement at BlockPos{x=-9064256, y=-57, z=-3566252} in minecraft:overworld on thread Server thread (stall threshold=2000ms, generation=104)
[10:16:08] [Server thread/ERROR] [de.an.AntikytheraMechanism/]: [HOST-WRITE-DIAG] RETURN pos=BlockPos{x=-9064256, y=-57, z=-3566252} previousReturn=Block{minecraft:air} actual=Block{antikytheramechanism:mechanism_frame}[connected_down=false,connected_east=false,connected_north=false,connected_south=false,connected_up=false,connected_west=false,empty=true,facing=north] destinationTransition=false receiver=325044264 resolved=325044264 sameChunk=true
[10:16:08] [Server thread/DEBUG] [de.an.AntikytheraMechanism/]: Frame onRemove at BlockPos{x=-9064033, y=-57, z=-3566268} movedByPiston=false relocationJournal=false
[10:16:08] [Server thread/DEBUG] [de.an.AntikytheraMechanism/]: Staged Sable SubLevel f278949d-881f-4106-9462-7dcd697f89aa for content in assembly c0acf321-124e-44b3-aaa2-7142ac365255
[10:16:08] [Server thread/ERROR] [de.an.AntikytheraMechanism/]: [HOST-WRITE-DIAG] HEAD pos=BlockPos{x=-9064034, y=-57, z=-3566268} before=Block{antikytheramechanism:mechanism_frame}[connected_down=false,connected_east=true,connected_north=false,connected_south=false,connected_up=false,connected_west=false,empty=false,facing=north] requested=Block{antikytheramechanism:mechanism_frame}[connected_down=false,connected_east=false,connected_north=false,connected_south=false,connected_up=false,connected_west=false,empty=false,facing=north] moving=false destinationTransition=false allowed=true receiver=672979280 resolved=672979280 sameChunk=true containing=ROOT
[10:16:08] [Server thread/ERROR] [de.an.AntikytheraMechanism/]: [HOST-WRITE-DIAG] RETURN pos=BlockPos{x=-9064034, y=-57, z=-3566268} previousReturn=Block{antikytheramechanism:mechanism_frame}[connected_down=false,connected_east=true,connected_north=false,connected_south=false,connected_up=false,connected_west=false,empty=false,facing=north] actual=Block{antikytheramechanism:mechanism_frame}[connected_down=false,connected_east=false,connected_north=false,connected_south=false,connected_up=false,connected_west=false,empty=false,facing=north] destinationTransition=false receiver=672979280 resolved=672979280 sameChunk=true
[10:16:08] [Server thread/ERROR] [de.an.AntikytheraMechanism/]: [HOST-WRITE-DIAG] HEAD pos=BlockPos{x=-9064032, y=-57, z=-3566268} before=Block{antikytheramechanism:mechanism_frame}[connected_down=false,connected_east=false,connected_north=false,connected_south=false,connected_up=false,connected_west=true,empty=false,facing=north] requested=Block{antikytheramechanism:mechanism_frame}[connected_down=false,connected_east=false,connected_north=false,connected_south=false,connected_up=false,connected_west=false,empty=false,facing=north] moving=false destinationTransition=false allowed=true receiver=934838664 resolved=934838664 sameChunk=true containing=ROOT
[10:16:08] [Server thread/ERROR] [de.an.AntikytheraMechanism/]: [HOST-WRITE-DIAG] RETURN pos=BlockPos{x=-9064032, y=-57, z=-3566268} previousReturn=Block{antikytheramechanism:mechanism_frame}[connected_down=false,connected_east=false,connected_north=false,connected_south=false,connected_up=false,connected_west=true,empty=false,facing=north] actual=Block{antikytheramechanism:mechanism_frame}[connected_down=false,connected_east=false,connected_north=false,connected_south=false,connected_up=false,connected_west=false,empty=false,facing=north] destinationTransition=false receiver=934838664 resolved=934838664 sameChunk=true
[10:16:08] [Server thread/WARN] [de.an.AntikytheraMechanism/]: Managed Sable SubLevel c232dea1-8b69-4aa2-b7d3-bd1dd64be108 for assembly 6ea7b337-38be-4a5f-a897-08b380ffa0cb was removed (REMOVED)
[10:16:08] [Server thread/WARN] [de.an.AntikytheraMechanism/]: Managed Sable SubLevel b544dfac-6537-455c-82f9-f97f9dc894a5 for assembly 8daaf22d-13ac-452d-a444-67f45dc23d8b was removed (REMOVED)
[10:16:08] [Server thread/DEBUG] [de.an.AntikytheraMechanism/]: Frame onRemove at BlockPos{x=-9064256, y=-57, z=-3566252} movedByPiston=false relocationJournal=false
[10:16:08] [Server thread/WARN] [de.an.AntikytheraMechanism/]: Managed Sable SubLevel 6457d934-e5db-4d88-a197-681969ebc3d2 for assembly 97ce9de8-8abc-472e-8f11-178601c72c0f was removed (REMOVED)
[10:16:08] [Server thread/ERROR] [de.an.AntikytheraMechanism/]: [HOST-WRITE-DIAG] HEAD pos=BlockPos{x=-9063997, y=-57, z=-3566230} before=Block{minecraft:air} requested=Block{antikytheramechanism:mechanism_frame}[connected_down=false,connected_east=false,connected_north=false,connected_south=false,connected_up=false,connected_west=false,empty=true,facing=north] moving=false destinationTransition=false allowed=true receiver=450506205 resolved=450506205 sameChunk=true containing=ROOT
[10:16:08] [Server thread/WARN] [de.an.AntikytheraMechanism/]: [FREEZE-WATCHDOG] Armed 30s after Mechanism Frame placement at BlockPos{x=-9063997, y=-57, z=-3566230} in minecraft:overworld on thread Server thread (stall threshold=2000ms, generation=105)
[10:16:08] [Server thread/ERROR] [de.an.AntikytheraMechanism/]: [HOST-WRITE-DIAG] RETURN pos=BlockPos{x=-9063997, y=-57, z=-3566230} previousReturn=Block{minecraft:air} actual=Block{antikytheramechanism:mechanism_frame}[connected_down=false,connected_east=false,connected_north=false,connected_south=false,connected_up=false,connected_west=false,empty=true,facing=north] destinationTransition=false receiver=450506205 resolved=450506205 sameChunk=true
[10:16:08] [Server thread/ERROR] [de.an.AntikytheraMechanism/]: [HOST-WRITE-DIAG] HEAD pos=BlockPos{x=-9063998, y=-57, z=-3566230} before=Block{minecraft:air} requested=Block{antikytheramechanism:mechanism_frame}[connected_down=false,connected_east=false,connected_north=false,connected_south=false,connected_up=false,connected_west=false,empty=true,facing=north] moving=false destinationTransition=false allowed=true receiver=450506205 resolved=450506205 sameChunk=true containing=ROOT
[10:16:08] [Server thread/WARN] [de.an.AntikytheraMechanism/]: [FREEZE-WATCHDOG] Armed 30s after Mechanism Frame placement at BlockPos{x=-9063998, y=-57, z=-3566230} in minecraft:overworld on thread Server thread (stall threshold=2000ms, generation=106)
[10:16:08] [Server thread/ERROR] [de.an.AntikytheraMechanism/]: [HOST-WRITE-DIAG] RETURN pos=BlockPos{x=-9063998, y=-57, z=-3566230} previousReturn=Block{minecraft:air} actual=Block{antikytheramechanism:mechanism_frame}[connected_down=false,connected_east=false,connected_north=false,connected_south=false,connected_up=false,connected_west=false,empty=true,facing=north] destinationTransition=false receiver=450506205 resolved=450506205 sameChunk=true
[10:16:08] [Server thread/ERROR] [de.an.AntikytheraMechanism/]: [HOST-WRITE-DIAG] HEAD pos=BlockPos{x=-9063997, y=-57, z=-3566230} before=Block{antikytheramechanism:mechanism_frame}[connected_down=false,connected_east=false,connected_north=false,connected_south=false,connected_up=false,connected_west=false,empty=true,facing=north] requested=Block{antikytheramechanism:mechanism_frame}[connected_down=false,connected_east=false,connected_north=false,connected_south=false,connected_up=false,connected_west=true,empty=true,facing=north] moving=false destinationTransition=false allowed=true receiver=450506205 resolved=450506205 sameChunk=true containing=ROOT
[10:16:08] [Server thread/ERROR] [de.an.AntikytheraMechanism/]: [HOST-WRITE-DIAG] RETURN pos=BlockPos{x=-9063997, y=-57, z=-3566230} previousReturn=Block{antikytheramechanism:mechanism_frame}[connected_down=false,connected_east=false,connected_north=false,connected_south=false,connected_up=false,connected_west=false,empty=true,facing=north] actual=Block{antikytheramechanism:mechanism_frame}[connected_down=false,connected_east=false,connected_north=false,connected_south=false,connected_up=false,connected_west=true,empty=true,facing=north] destinationTransition=false receiver=450506205 resolved=450506205 sameChunk=true
[10:16:08] [Server thread/ERROR] [de.an.AntikytheraMechanism/]: [HOST-WRITE-DIAG] HEAD pos=BlockPos{x=-9063998, y=-57, z=-3566230} before=Block{antikytheramechanism:mechanism_frame}[connected_down=false,connected_east=false,connected_north=false,connected_south=false,connected_up=false,connected_west=false,empty=true,facing=north] requested=Block{antikytheramechanism:mechanism_frame}[connected_down=false,connected_east=true,connected_north=false,connected_south=false,connected_up=false,connected_west=false,empty=true,facing=north] moving=false destinationTransition=false allowed=true receiver=450506205 resolved=450506205 sameChunk=true containing=ROOT
[10:16:08] [Server thread/ERROR] [de.an.AntikytheraMechanism/]: [HOST-WRITE-DIAG] RETURN pos=BlockPos{x=-9063998, y=-57, z=-3566230} previousReturn=Block{antikytheramechanism:mechanism_frame}[connected_down=false,connected_east=false,connected_north=false,connected_south=false,connected_up=false,connected_west=false,empty=true,facing=north] actual=Block{antikytheramechanism:mechanism_frame}[connected_down=false,connected_east=true,connected_north=false,connected_south=false,connected_up=false,connected_west=false,empty=true,facing=north] destinationTransition=false receiver=450506205 resolved=450506205 sameChunk=true
[10:16:08] [Server thread/ERROR] [de.an.AntikytheraMechanism/]: [HOST-WRITE-DIAG] HEAD pos=BlockPos{x=-9063996, y=-57, z=-3566230} before=Block{minecraft:air} requested=Block{antikytheramechanism:mechanism_frame}[connected_down=false,connected_east=false,connected_north=false,connected_south=false,connected_up=false,connected_west=false,empty=true,facing=north] moving=false destinationTransition=false allowed=true receiver=450506205 resolved=450506205 sameChunk=true containing=ROOT
[10:16:08] [Server thread/WARN] [de.an.AntikytheraMechanism/]: [FREEZE-WATCHDOG] Armed 30s after Mechanism Frame placement at BlockPos{x=-9063996, y=-57, z=-3566230} in minecraft:overworld on thread Server thread (stall threshold=2000ms, generation=107)
[10:16:08] [Server thread/ERROR] [de.an.AntikytheraMechanism/]: [HOST-WRITE-DIAG] RETURN pos=BlockPos{x=-9063996, y=-57, z=-3566230} previousReturn=Block{minecraft:air} actual=Block{antikytheramechanism:mechanism_frame}[connected_down=false,connected_east=false,connected_north=false,connected_south=false,connected_up=false,connected_west=false,empty=true,facing=north] destinationTransition=false receiver=450506205 resolved=450506205 sameChunk=true
[10:16:08] [Server thread/ERROR] [de.an.AntikytheraMechanism/]: [HOST-WRITE-DIAG] HEAD pos=BlockPos{x=-9063997, y=-57, z=-3566230} before=Block{antikytheramechanism:mechanism_frame}[connected_down=false,connected_east=false,connected_north=false,connected_south=false,connected_up=false,connected_west=true,empty=true,facing=north] requested=Block{antikytheramechanism:mechanism_frame}[connected_down=false,connected_east=true,connected_north=false,connected_south=false,connected_up=false,connected_west=true,empty=true,facing=north] moving=false destinationTransition=false allowed=true receiver=450506205 resolved=450506205 sameChunk=true containing=ROOT
[10:16:08] [Server thread/ERROR] [de.an.AntikytheraMechanism/]: [HOST-WRITE-DIAG] RETURN pos=BlockPos{x=-9063997, y=-57, z=-3566230} previousReturn=Block{antikytheramechanism:mechanism_frame}[connected_down=false,connected_east=false,connected_north=false,connected_south=false,connected_up=false,connected_west=true,empty=true,facing=north] actual=Block{antikytheramechanism:mechanism_frame}[connected_down=false,connected_east=true,connected_north=false,connected_south=false,connected_up=false,connected_west=true,empty=true,facing=north] destinationTransition=false receiver=450506205 resolved=450506205 sameChunk=true
[10:16:08] [Server thread/ERROR] [de.an.AntikytheraMechanism/]: [HOST-WRITE-DIAG] HEAD pos=BlockPos{x=-9063996, y=-57, z=-3566230} before=Block{antikytheramechanism:mechanism_frame}[connected_down=false,connected_east=false,connected_north=false,connected_south=false,connected_up=false,connected_west=false,empty=true,facing=north] requested=Block{antikytheramechanism:mechanism_frame}[connected_down=false,connected_east=false,connected_north=false,connected_south=false,connected_up=false,connected_west=true,empty=true,facing=north] moving=false destinationTransition=false allowed=true receiver=450506205 resolved=450506205 sameChunk=true containing=ROOT
[10:16:08] [Server thread/ERROR] [de.an.AntikytheraMechanism/]: [HOST-WRITE-DIAG] RETURN pos=BlockPos{x=-9063996, y=-57, z=-3566230} previousReturn=Block{antikytheramechanism:mechanism_frame}[connected_down=false,connected_east=false,connected_north=false,connected_south=false,connected_up=false,connected_west=false,empty=true,facing=north] actual=Block{antikytheramechanism:mechanism_frame}[connected_down=false,connected_east=false,connected_north=false,connected_south=false,connected_up=false,connected_west=true,empty=true,facing=north] destinationTransition=false receiver=450506205 resolved=450506205 sameChunk=true
[10:16:08] [Server thread/DEBUG] [de.an.AntikytheraMechanism/]: Staged Sable SubLevel 7ca81c71-797f-45f9-8184-40b744b46dac for content in assembly 2b396860-8315-4562-9ca3-3f86adfef98c
[10:16:08] [Server thread/DEBUG] [de.an.AntikytheraMechanism/]: Frame onRemove at BlockPos{x=-9063997, y=-57, z=-3566230} movedByPiston=false relocationJournal=false
[10:16:08] [Server thread/DEBUG] [de.an.AntikytheraMechanism/]: Staged Sable SubLevel 0ebde617-74bc-4af6-8188-e08a1d4e6b6c for content in assembly 3de34e09-b91e-44aa-bdb2-fcd6577010c4
[10:16:08] [Server thread/DEBUG] [de.an.AntikytheraMechanism/]: Staged Sable SubLevel 85d97c60-5334-41a7-8c68-507c8a41665d for content in assembly 447676c5-63bb-4516-9db0-e5ae9ad94868
[10:16:08] [Server thread/WARN] [de.an.AntikytheraMechanism/]: Managed Sable SubLevel 85d97c60-5334-41a7-8c68-507c8a41665d for assembly 447676c5-63bb-4516-9db0-e5ae9ad94868 was removed (REMOVED)
[10:16:08] [Server thread/ERROR] [de.an.AntikytheraMechanism/]: [HOST-WRITE-DIAG] HEAD pos=BlockPos{x=-9063998, y=-57, z=-3566230} before=Block{antikytheramechanism:mechanism_frame}[connected_down=false,connected_east=true,connected_north=false,connected_south=false,connected_up=false,connected_west=false,empty=true,facing=north] requested=Block{antikytheramechanism:mechanism_frame}[connected_down=false,connected_east=true,connected_north=false,connected_south=false,connected_up=false,connected_west=false,empty=false,facing=north] moving=false destinationTransition=false allowed=true receiver=450506205 resolved=450506205 sameChunk=true containing=ROOT
[10:16:08] [Server thread/ERROR] [de.an.AntikytheraMechanism/]: [HOST-WRITE-DIAG] RETURN pos=BlockPos{x=-9063998, y=-57, z=-3566230} previousReturn=Block{antikytheramechanism:mechanism_frame}[connected_down=false,connected_east=true,connected_north=false,connected_south=false,connected_up=false,connected_west=false,empty=true,facing=north] actual=Block{antikytheramechanism:mechanism_frame}[connected_down=false,connected_east=true,connected_north=false,connected_south=false,connected_up=false,connected_west=false,empty=false,facing=north] destinationTransition=false receiver=450506205 resolved=450506205 sameChunk=true
[10:16:08] [Server thread/DEBUG] [de.an.AntikytheraMechanism/]: Rebased assembly 2b396860-8315-4562-9ca3-3f86adfef98c after topology change: stale origin BlockPos{x=-9063997, y=-57, z=-3566230} -> BlockPos{x=-9063998, y=-57, z=-3566230} over 1 retained Frames
[10:16:08] [Server thread/ERROR] [de.an.AntikytheraMechanism/]: [HOST-WRITE-DIAG] HEAD pos=BlockPos{x=-9063998, y=-57, z=-3566230} before=Block{antikytheramechanism:mechanism_frame}[connected_down=false,connected_east=true,connected_north=false,connected_south=false,connected_up=false,connected_west=false,empty=false,facing=north] requested=Block{antikytheramechanism:mechanism_frame}[connected_down=false,connected_east=false,connected_north=false,connected_south=false,connected_up=false,connected_west=false,empty=false,facing=north] moving=false destinationTransition=false allowed=true receiver=450506205 resolved=450506205 sameChunk=true containing=ROOT
[10:16:08] [Server thread/ERROR] [de.an.AntikytheraMechanism/]: [HOST-WRITE-DIAG] RETURN pos=BlockPos{x=-9063998, y=-57, z=-3566230} previousReturn=Block{antikytheramechanism:mechanism_frame}[connected_down=false,connected_east=true,connected_north=false,connected_south=false,connected_up=false,connected_west=false,empty=false,facing=north] actual=Block{antikytheramechanism:mechanism_frame}[connected_down=false,connected_east=false,connected_north=false,connected_south=false,connected_up=false,connected_west=false,empty=false,facing=north] destinationTransition=false receiver=450506205 resolved=450506205 sameChunk=true
[10:16:08] [Server thread/ERROR] [de.an.AntikytheraMechanism/]: [HOST-WRITE-DIAG] HEAD pos=BlockPos{x=-9063996, y=-57, z=-3566230} before=Block{antikytheramechanism:mechanism_frame}[connected_down=false,connected_east=false,connected_north=false,connected_south=false,connected_up=false,connected_west=true,empty=true,facing=north] requested=Block{antikytheramechanism:mechanism_frame}[connected_down=false,connected_east=false,connected_north=false,connected_south=false,connected_up=false,connected_west=false,empty=true,facing=north] moving=false destinationTransition=false allowed=true receiver=450506205 resolved=450506205 sameChunk=true containing=ROOT
[10:16:08] [Server thread/ERROR] [de.an.AntikytheraMechanism/]: [HOST-WRITE-DIAG] RETURN pos=BlockPos{x=-9063996, y=-57, z=-3566230} previousReturn=Block{antikytheramechanism:mechanism_frame}[connected_down=false,connected_east=false,connected_north=false,connected_south=false,connected_up=false,connected_west=true,empty=true,facing=north] actual=Block{antikytheramechanism:mechanism_frame}[connected_down=false,connected_east=false,connected_north=false,connected_south=false,connected_up=false,connected_west=false,empty=true,facing=north] destinationTransition=false receiver=450506205 resolved=450506205 sameChunk=true
[10:16:08] [Server thread/WARN] [de.an.AntikytheraMechanism/]: Managed Sable SubLevel 7ca81c71-797f-45f9-8184-40b744b46dac for assembly 2b396860-8315-4562-9ca3-3f86adfef98c was removed (REMOVED)
[10:16:08] [Server thread/ERROR] [de.an.AntikytheraMechanism/]: [HOST-WRITE-DIAG] HEAD pos=BlockPos{x=-9064258, y=-57, z=-3566210} before=Block{minecraft:air} requested=Block{antikytheramechanism:mechanism_frame}[connected_down=false,connected_east=false,connected_north=false,connected_south=false,connected_up=false,connected_west=false,empty=true,facing=north] moving=false destinationTransition=false allowed=true receiver=46191381 resolved=46191381 sameChunk=true containing=ROOT
[10:16:08] [Server thread/WARN] [de.an.AntikytheraMechanism/]: [FREEZE-WATCHDOG] Armed 30s after Mechanism Frame placement at BlockPos{x=-9064258, y=-57, z=-3566210} in minecraft:overworld on thread Server thread (stall threshold=2000ms, generation=108)
[10:16:08] [Server thread/ERROR] [de.an.AntikytheraMechanism/]: [HOST-WRITE-DIAG] RETURN pos=BlockPos{x=-9064258, y=-57, z=-3566210} previousReturn=Block{minecraft:air} actual=Block{antikytheramechanism:mechanism_frame}[connected_down=false,connected_east=false,connected_north=false,connected_south=false,connected_up=false,connected_west=false,empty=true,facing=north] destinationTransition=false receiver=46191381 resolved=46191381 sameChunk=true
[10:16:08] [Server thread/DEBUG] [de.an.AntikytheraMechanism/]: Frame onRemove at BlockPos{x=-9064258, y=-57, z=-3566210} movedByPiston=false relocationJournal=true
[10:16:08] [Server thread/ERROR] [de.an.AntikytheraMechanism/]: [HOST-WRITE-DIAG] HEAD pos=BlockPos{x=-9064252, y=-57, z=-3566209} before=Block{minecraft:air} requested=Block{antikytheramechanism:mechanism_frame}[connected_down=false,connected_east=false,connected_north=false,connected_south=false,connected_up=false,connected_west=false,empty=true,facing=east] moving=false destinationTransition=false allowed=true receiver=1377684087 resolved=1377684087 sameChunk=true containing=ROOT
[10:16:08] [Server thread/ERROR] [de.an.AntikytheraMechanism/]: [HOST-WRITE-DIAG] RETURN pos=BlockPos{x=-9064252, y=-57, z=-3566209} previousReturn=Block{minecraft:air} actual=Block{antikytheramechanism:mechanism_frame}[connected_down=false,connected_east=false,connected_north=false,connected_south=false,connected_up=false,connected_west=false,empty=true,facing=east] destinationTransition=false receiver=1377684087 resolved=1377684087 sameChunk=true
[10:16:08] [Server thread/DEBUG] [de.an.AntikytheraMechanism/]: Staged Sable SubLevel 047b632d-100c-4bd0-9a3a-ae6bc5025295 for content in assembly 2b2d6c57-e252-48cd-8184-22f253dcd580
[10:16:08] [Server thread/WARN] [de.an.AntikytheraMechanism/]: Managed Sable SubLevel 047b632d-100c-4bd0-9a3a-ae6bc5025295 for assembly 2b2d6c57-e252-48cd-8184-22f253dcd580 was removed (REMOVED)
[10:16:08] [Server thread/ERROR] [de.an.AntikytheraMechanism/]: [HOST-WRITE-DIAG] HEAD pos=BlockPos{x=-9064220, y=-57, z=-3566204} before=Block{minecraft:air} requested=Block{antikytheramechanism:mechanism_frame}[connected_down=false,connected_east=false,connected_north=false,connected_south=false,connected_up=false,connected_west=false,empty=true,facing=north] moving=false destinationTransition=false allowed=true receiver=732156747 resolved=732156747 sameChunk=true containing=ROOT
[10:16:08] [Server thread/WARN] [de.an.AntikytheraMechanism/]: [FREEZE-WATCHDOG] Armed 30s after Mechanism Frame placement at BlockPos{x=-9064220, y=-57, z=-3566204} in minecraft:overworld on thread Server thread (stall threshold=2000ms, generation=109)
[10:16:08] [Server thread/ERROR] [de.an.AntikytheraMechanism/]: [HOST-WRITE-DIAG] RETURN pos=BlockPos{x=-9064220, y=-57, z=-3566204} previousReturn=Block{minecraft:air} actual=Block{antikytheramechanism:mechanism_frame}[connected_down=false,connected_east=false,connected_north=false,connected_south=false,connected_up=false,connected_west=false,empty=true,facing=north] destinationTransition=false receiver=732156747 resolved=732156747 sameChunk=true
[10:16:08] [Server thread/ERROR] [de.an.AntikytheraMechanism/]: [HOST-WRITE-DIAG] HEAD pos=BlockPos{x=-9064219, y=-57, z=-3566204} before=Block{minecraft:air} requested=Block{antikytheramechanism:mechanism_frame}[connected_down=false,connected_east=false,connected_north=false,connected_south=false,connected_up=false,connected_west=false,empty=true,facing=north] moving=false destinationTransition=false allowed=true receiver=732156747 resolved=732156747 sameChunk=true containing=ROOT
[10:16:08] [Server thread/WARN] [de.an.AntikytheraMechanism/]: [FREEZE-WATCHDOG] Armed 30s after Mechanism Frame placement at BlockPos{x=-9064219, y=-57, z=-3566204} in minecraft:overworld on thread Server thread (stall threshold=2000ms, generation=110)
[10:16:08] [Server thread/ERROR] [de.an.AntikytheraMechanism/]: [HOST-WRITE-DIAG] RETURN pos=BlockPos{x=-9064219, y=-57, z=-3566204} previousReturn=Block{minecraft:air} actual=Block{antikytheramechanism:mechanism_frame}[connected_down=false,connected_east=false,connected_north=false,connected_south=false,connected_up=false,connected_west=false,empty=true,facing=north] destinationTransition=false receiver=732156747 resolved=732156747 sameChunk=true
[10:16:08] [Server thread/ERROR] [de.an.AntikytheraMechanism/]: [HOST-WRITE-DIAG] HEAD pos=BlockPos{x=-9064220, y=-57, z=-3566204} before=Block{antikytheramechanism:mechanism_frame}[connected_down=false,connected_east=false,connected_north=false,connected_south=false,connected_up=false,connected_west=false,empty=true,facing=north] requested=Block{antikytheramechanism:mechanism_frame}[connected_down=false,connected_east=true,connected_north=false,connected_south=false,connected_up=false,connected_west=false,empty=true,facing=north] moving=false destinationTransition=false allowed=true receiver=732156747 resolved=732156747 sameChunk=true containing=ROOT
[10:16:08] [Server thread/ERROR] [de.an.AntikytheraMechanism/]: [HOST-WRITE-DIAG] RETURN pos=BlockPos{x=-9064220, y=-57, z=-3566204} previousReturn=Block{antikytheramechanism:mechanism_frame}[connected_down=false,connected_east=false,connected_north=false,connected_south=false,connected_up=false,connected_west=false,empty=true,facing=north] actual=Block{antikytheramechanism:mechanism_frame}[connected_down=false,connected_east=true,connected_north=false,connected_south=false,connected_up=false,connected_west=false,empty=true,facing=north] destinationTransition=false receiver=732156747 resolved=732156747 sameChunk=true
[10:16:08] [Server thread/ERROR] [de.an.AntikytheraMechanism/]: [HOST-WRITE-DIAG] HEAD pos=BlockPos{x=-9064219, y=-57, z=-3566204} before=Block{antikytheramechanism:mechanism_frame}[connected_down=false,connected_east=false,connected_north=false,connected_south=false,connected_up=false,connected_west=false,empty=true,facing=north] requested=Block{antikytheramechanism:mechanism_frame}[connected_down=false,connected_east=false,connected_north=false,connected_south=false,connected_up=false,connected_west=true,empty=true,facing=north] moving=false destinationTransition=false allowed=true receiver=732156747 resolved=732156747 sameChunk=true containing=ROOT
[10:16:08] [Server thread/ERROR] [de.an.AntikytheraMechanism/]: [HOST-WRITE-DIAG] RETURN pos=BlockPos{x=-9064219, y=-57, z=-3566204} previousReturn=Block{antikytheramechanism:mechanism_frame}[connected_down=false,connected_east=false,connected_north=false,connected_south=false,connected_up=false,connected_west=false,empty=true,facing=north] actual=Block{antikytheramechanism:mechanism_frame}[connected_down=false,connected_east=false,connected_north=false,connected_south=false,connected_up=false,connected_west=true,empty=true,facing=north] destinationTransition=false receiver=732156747 resolved=732156747 sameChunk=true
[10:16:08] [Server thread/ERROR] [de.an.AntikytheraMechanism/]: [HOST-WRITE-DIAG] HEAD pos=BlockPos{x=-9064218, y=-57, z=-3566204} before=Block{minecraft:air} requested=Block{antikytheramechanism:mechanism_frame}[connected_down=false,connected_east=false,connected_north=false,connected_south=false,connected_up=false,connected_west=false,empty=true,facing=north] moving=false destinationTransition=false allowed=true receiver=732156747 resolved=732156747 sameChunk=true containing=ROOT
[10:16:08] [Server thread/WARN] [de.an.AntikytheraMechanism/]: [FREEZE-WATCHDOG] Armed 30s after Mechanism Frame placement at BlockPos{x=-9064218, y=-57, z=-3566204} in minecraft:overworld on thread Server thread (stall threshold=2000ms, generation=111)
[10:16:08] [Server thread/ERROR] [de.an.AntikytheraMechanism/]: [HOST-WRITE-DIAG] RETURN pos=BlockPos{x=-9064218, y=-57, z=-3566204} previousReturn=Block{minecraft:air} actual=Block{antikytheramechanism:mechanism_frame}[connected_down=false,connected_east=false,connected_north=false,connected_south=false,connected_up=false,connected_west=false,empty=true,facing=north] destinationTransition=false receiver=732156747 resolved=732156747 sameChunk=true
[10:16:08] [Server thread/ERROR] [de.an.AntikytheraMechanism/]: [HOST-WRITE-DIAG] HEAD pos=BlockPos{x=-9064219, y=-57, z=-3566204} before=Block{antikytheramechanism:mechanism_frame}[connected_down=false,connected_east=false,connected_north=false,connected_south=false,connected_up=false,connected_west=true,empty=true,facing=north] requested=Block{antikytheramechanism:mechanism_frame}[connected_down=false,connected_east=true,connected_north=false,connected_south=false,connected_up=false,connected_west=true,empty=true,facing=north] moving=false destinationTransition=false allowed=true receiver=732156747 resolved=732156747 sameChunk=true containing=ROOT
[10:16:08] [Server thread/ERROR] [de.an.AntikytheraMechanism/]: [HOST-WRITE-DIAG] RETURN pos=BlockPos{x=-9064219, y=-57, z=-3566204} previousReturn=Block{antikytheramechanism:mechanism_frame}[connected_down=false,connected_east=false,connected_north=false,connected_south=false,connected_up=false,connected_west=true,empty=true,facing=north] actual=Block{antikytheramechanism:mechanism_frame}[connected_down=false,connected_east=true,connected_north=false,connected_south=false,connected_up=false,connected_west=true,empty=true,facing=north] destinationTransition=false receiver=732156747 resolved=732156747 sameChunk=true
[10:16:08] [Server thread/ERROR] [de.an.AntikytheraMechanism/]: [HOST-WRITE-DIAG] HEAD pos=BlockPos{x=-9064218, y=-57, z=-3566204} before=Block{antikytheramechanism:mechanism_frame}[connected_down=false,connected_east=false,connected_north=false,connected_south=false,connected_up=false,connected_west=false,empty=true,facing=north] requested=Block{antikytheramechanism:mechanism_frame}[connected_down=false,connected_east=false,connected_north=false,connected_south=false,connected_up=false,connected_west=true,empty=true,facing=north] moving=false destinationTransition=false allowed=true receiver=732156747 resolved=732156747 sameChunk=true containing=ROOT
[10:16:08] [Server thread/ERROR] [de.an.AntikytheraMechanism/]: [HOST-WRITE-DIAG] RETURN pos=BlockPos{x=-9064218, y=-57, z=-3566204} previousReturn=Block{antikytheramechanism:mechanism_frame}[connected_down=false,connected_east=false,connected_north=false,connected_south=false,connected_up=false,connected_west=false,empty=true,facing=north] actual=Block{antikytheramechanism:mechanism_frame}[connected_down=false,connected_east=false,connected_north=false,connected_south=false,connected_up=false,connected_west=true,empty=true,facing=north] destinationTransition=false receiver=732156747 resolved=732156747 sameChunk=true
[10:16:08] [Server thread/DEBUG] [de.an.AntikytheraMechanism/]: Staged Sable SubLevel 27ef41e3-a0cd-4db5-b8dc-9376aa63a11d for content in assembly 07487a62-84d6-4477-94e6-a6c2fd876532
[10:16:08] [Server thread/DEBUG] [de.an.AntikytheraMechanism/]: Frame onRemove at BlockPos{x=-9064220, y=-57, z=-3566204} movedByPiston=false relocationJournal=false
[10:16:08] [Server thread/DEBUG] [de.an.AntikytheraMechanism/]: Staged Sable SubLevel 2c81a886-c830-4e88-9c35-49d47d89467e for content in assembly 317672de-7f99-41ae-8b72-cd1ac2e08a8b
[10:16:08] [Server thread/WARN] [de.an.AntikytheraMechanism/]: Managed Sable SubLevel 2c81a886-c830-4e88-9c35-49d47d89467e for assembly 317672de-7f99-41ae-8b72-cd1ac2e08a8b was removed (REMOVED)
[10:16:08] [Server thread/ERROR] [de.an.AntikytheraMechanism/]: [HOST-WRITE-DIAG] HEAD pos=BlockPos{x=-9064218, y=-57, z=-3566204} before=Block{antikytheramechanism:mechanism_frame}[connected_down=false,connected_east=false,connected_north=false,connected_south=false,connected_up=false,connected_west=true,empty=true,facing=north] requested=Block{antikytheramechanism:mechanism_frame}[connected_down=false,connected_east=false,connected_north=false,connected_south=false,connected_up=false,connected_west=true,empty=false,facing=north] moving=false destinationTransition=false allowed=true receiver=732156747 resolved=732156747 sameChunk=true containing=ROOT
[10:16:08] [Server thread/ERROR] [de.an.AntikytheraMechanism/]: [HOST-WRITE-DIAG] RETURN pos=BlockPos{x=-9064218, y=-57, z=-3566204} previousReturn=Block{antikytheramechanism:mechanism_frame}[connected_down=false,connected_east=false,connected_north=false,connected_south=false,connected_up=false,connected_west=true,empty=true,facing=north] actual=Block{antikytheramechanism:mechanism_frame}[connected_down=false,connected_east=false,connected_north=false,connected_south=false,connected_up=false,connected_west=true,empty=false,facing=north] destinationTransition=false receiver=732156747 resolved=732156747 sameChunk=true
[10:16:08] [Server thread/ERROR] [de.an.AntikytheraMechanism/]: [HOST-WRITE-DIAG] HEAD pos=BlockPos{x=-9064219, y=-57, z=-3566204} before=Block{antikytheramechanism:mechanism_frame}[connected_down=false,connected_east=true,connected_north=false,connected_south=false,connected_up=false,connected_west=true,empty=true,facing=north] requested=Block{antikytheramechanism:mechanism_frame}[connected_down=false,connected_east=true,connected_north=false,connected_south=false,connected_up=false,connected_west=true,empty=false,facing=north] moving=false destinationTransition=false allowed=true receiver=732156747 resolved=732156747 sameChunk=true containing=ROOT
[10:16:08] [Server thread/ERROR] [de.an.AntikytheraMechanism/]: [HOST-WRITE-DIAG] RETURN pos=BlockPos{x=-9064219, y=-57, z=-3566204} previousReturn=Block{antikytheramechanism:mechanism_frame}[connected_down=false,connected_east=true,connected_north=false,connected_south=false,connected_up=false,connected_west=true,empty=true,facing=north] actual=Block{antikytheramechanism:mechanism_frame}[connected_down=false,connected_east=true,connected_north=false,connected_south=false,connected_up=false,connected_west=true,empty=false,facing=north] destinationTransition=false receiver=732156747 resolved=732156747 sameChunk=true
[10:16:08] [Server thread/DEBUG] [de.an.AntikytheraMechanism/]: Rebased assembly 07487a62-84d6-4477-94e6-a6c2fd876532 after topology change: stale origin BlockPos{x=-9064220, y=-57, z=-3566204} -> BlockPos{x=-9064219, y=-57, z=-3566204} over 2 retained Frames
[10:16:08] [Server thread/ERROR] [de.an.AntikytheraMechanism/]: [HOST-WRITE-DIAG] HEAD pos=BlockPos{x=-9064219, y=-57, z=-3566204} before=Block{antikytheramechanism:mechanism_frame}[connected_down=false,connected_east=true,connected_north=false,connected_south=false,connected_up=false,connected_west=true,empty=false,facing=north] requested=Block{antikytheramechanism:mechanism_frame}[connected_down=false,connected_east=true,connected_north=false,connected_south=false,connected_up=false,connected_west=false,empty=false,facing=north] moving=false destinationTransition=false allowed=true receiver=732156747 resolved=732156747 sameChunk=true containing=ROOT
[10:16:08] [Server thread/ERROR] [de.an.AntikytheraMechanism/]: [HOST-WRITE-DIAG] RETURN pos=BlockPos{x=-9064219, y=-57, z=-3566204} previousReturn=Block{antikytheramechanism:mechanism_frame}[connected_down=false,connected_east=true,connected_north=false,connected_south=false,connected_up=false,connected_west=true,empty=false,facing=north] actual=Block{antikytheramechanism:mechanism_frame}[connected_down=false,connected_east=true,connected_north=false,connected_south=false,connected_up=false,connected_west=false,empty=false,facing=north] destinationTransition=false receiver=732156747 resolved=732156747 sameChunk=true
[10:16:08] [Server thread/WARN] [de.an.AntikytheraMechanism/]: Managed Sable SubLevel 27ef41e3-a0cd-4db5-b8dc-9376aa63a11d for assembly 07487a62-84d6-4477-94e6-a6c2fd876532 was removed (REMOVED)
[10:16:08] [Server thread/ERROR] [de.an.AntikytheraMechanism/]: [HOST-WRITE-DIAG] HEAD pos=BlockPos{x=-9064180, y=-57, z=-3566209} before=Block{minecraft:air} requested=Block{antikytheramechanism:mechanism_frame}[connected_down=false,connected_east=false,connected_north=false,connected_south=false,connected_up=false,connected_west=false,empty=true,facing=north] moving=false destinationTransition=false allowed=true receiver=1447235289 resolved=1447235289 sameChunk=true containing=ROOT
[10:16:08] [Server thread/WARN] [de.an.AntikytheraMechanism/]: [FREEZE-WATCHDOG] Armed 30s after Mechanism Frame placement at BlockPos{x=-9064180, y=-57, z=-3566209} in minecraft:overworld on thread Server thread (stall threshold=2000ms, generation=112)
[10:16:08] [Server thread/ERROR] [de.an.AntikytheraMechanism/]: [HOST-WRITE-DIAG] RETURN pos=BlockPos{x=-9064180, y=-57, z=-3566209} previousReturn=Block{minecraft:air} actual=Block{antikytheramechanism:mechanism_frame}[connected_down=false,connected_east=false,connected_north=false,connected_south=false,connected_up=false,connected_west=false,empty=true,facing=north] destinationTransition=false receiver=1447235289 resolved=1447235289 sameChunk=true
[10:16:08] [Server thread/ERROR] [de.an.AntikytheraMechanism/]: [DIRECT-AIR-DIAG] AIR_NO_CHILD_BEGIN frame=BlockPos{x=-9064180, y=-57, z=-3566209}
[10:16:08] [Server thread/DEBUG] [de.an.AntikytheraMechanism/]: Frame onRemove at BlockPos{x=-9064180, y=-57, z=-3566209} movedByPiston=false relocationJournal=false
[10:16:08] [Server thread/ERROR] [de.an.AntikytheraMechanism/]: [DIRECT-AIR-DIAG] AIR_NO_CHILD_RETURN changed=true
[10:16:08] [Server thread/ERROR] [de.an.AntikytheraMechanism/]: [HOST-WRITE-DIAG] HEAD pos=BlockPos{x=-9064146, y=-57, z=-3566209} before=Block{minecraft:air} requested=Block{antikytheramechanism:mechanism_frame}[connected_down=false,connected_east=false,connected_north=false,connected_south=false,connected_up=false,connected_west=false,empty=true,facing=north] moving=false destinationTransition=false allowed=true receiver=1674557137 resolved=1674557137 sameChunk=true containing=ROOT
[10:16:08] [Server thread/WARN] [de.an.AntikytheraMechanism/]: [FREEZE-WATCHDOG] Armed 30s after Mechanism Frame placement at BlockPos{x=-9064146, y=-57, z=-3566209} in minecraft:overworld on thread Server thread (stall threshold=2000ms, generation=113)
[10:16:08] [Server thread/ERROR] [de.an.AntikytheraMechanism/]: [HOST-WRITE-DIAG] RETURN pos=BlockPos{x=-9064146, y=-57, z=-3566209} previousReturn=Block{minecraft:air} actual=Block{antikytheramechanism:mechanism_frame}[connected_down=false,connected_east=false,connected_north=false,connected_south=false,connected_up=false,connected_west=false,empty=true,facing=north] destinationTransition=false receiver=1674557137 resolved=1674557137 sameChunk=true
[10:16:08] [Server thread/ERROR] [de.an.AntikytheraMechanism/]: [HOST-WRITE-DIAG] HEAD pos=BlockPos{x=-9064110, y=-58, z=-3566210} before=Block{minecraft:air} requested=Block{antikytheramechanism:mechanism_frame}[connected_down=false,connected_east=false,connected_north=false,connected_south=false,connected_up=false,connected_west=false,empty=true,facing=north] moving=false destinationTransition=false allowed=true receiver=400324653 resolved=400324653 sameChunk=true containing=ROOT
[10:16:08] [Server thread/WARN] [de.an.AntikytheraMechanism/]: [FREEZE-WATCHDOG] Armed 30s after Mechanism Frame placement at BlockPos{x=-9064110, y=-58, z=-3566210} in minecraft:overworld on thread Server thread (stall threshold=2000ms, generation=114)
[10:16:08] [Server thread/ERROR] [de.an.AntikytheraMechanism/]: [HOST-WRITE-DIAG] RETURN pos=BlockPos{x=-9064110, y=-58, z=-3566210} previousReturn=Block{minecraft:air} actual=Block{antikytheramechanism:mechanism_frame}[connected_down=false,connected_east=false,connected_north=false,connected_south=false,connected_up=false,connected_west=false,empty=true,facing=north] destinationTransition=false receiver=400324653 resolved=400324653 sameChunk=true
[10:16:08] [Server thread/DEBUG] [de.an.AntikytheraMechanism/]: Frame onRemove at BlockPos{x=-9064110, y=-58, z=-3566210} movedByPiston=false relocationJournal=true
[10:16:08] [Server thread/ERROR] [de.an.AntikytheraMechanism/]: [HOST-WRITE-DIAG] HEAD pos=BlockPos{x=-9064105, y=-58, z=-3566210} before=Block{minecraft:air} requested=Block{antikytheramechanism:mechanism_frame}[connected_down=false,connected_east=false,connected_north=false,connected_south=false,connected_up=false,connected_west=false,empty=true,facing=south] moving=false destinationTransition=false allowed=true receiver=400324653 resolved=400324653 sameChunk=true containing=ROOT
[10:16:08] [Server thread/ERROR] [de.an.AntikytheraMechanism/]: [HOST-WRITE-DIAG] RETURN pos=BlockPos{x=-9064105, y=-58, z=-3566210} previousReturn=Block{minecraft:air} actual=Block{antikytheramechanism:mechanism_frame}[connected_down=false,connected_east=false,connected_north=false,connected_south=false,connected_up=false,connected_west=false,empty=true,facing=south] destinationTransition=false receiver=400324653 resolved=400324653 sameChunk=true
[10:16:08] [Server thread/ERROR] [de.an.AntikytheraMechanism/]: [HOST-WRITE-DIAG] HEAD pos=BlockPos{x=-9064066, y=-57, z=-3566209} before=Block{minecraft:air} requested=Block{antikytheramechanism:mechanism_frame}[connected_down=false,connected_east=false,connected_north=false,connected_south=false,connected_up=false,connected_west=false,empty=true,facing=north] moving=false destinationTransition=false allowed=true receiver=1141483272 resolved=1141483272 sameChunk=true containing=ROOT
[10:16:08] [Server thread/WARN] [de.an.AntikytheraMechanism/]: [FREEZE-WATCHDOG] Armed 30s after Mechanism Frame placement at BlockPos{x=-9064066, y=-57, z=-3566209} in minecraft:overworld on thread Server thread (stall threshold=2000ms, generation=115)
[10:16:08] [Server thread/ERROR] [de.an.AntikytheraMechanism/]: [HOST-WRITE-DIAG] RETURN pos=BlockPos{x=-9064066, y=-57, z=-3566209} previousReturn=Block{minecraft:air} actual=Block{antikytheramechanism:mechanism_frame}[connected_down=false,connected_east=false,connected_north=false,connected_south=false,connected_up=false,connected_west=false,empty=true,facing=north] destinationTransition=false receiver=1141483272 resolved=1141483272 sameChunk=true
[10:16:08] [Server thread/DEBUG] [de.an.AntikytheraMechanism/]: Staged Sable SubLevel afb729f8-abc5-4f41-a2df-850b0e5b3eac for content in assembly abff4ccd-9e35-48bd-b495-828df59ae0ac
[10:16:08] [Server thread/ERROR] [de.an.AntikytheraMechanism/]: [DIRECT-AIR-DIAG] AIR_EMPTY_CHILD_BEGIN frame=BlockPos{x=-9064066, y=-57, z=-3566209}
[10:16:08] [Server thread/DEBUG] [de.an.AntikytheraMechanism/]: Frame onRemove at BlockPos{x=-9064066, y=-57, z=-3566209} movedByPiston=false relocationJournal=false
[10:16:08] [Server thread/WARN] [de.an.AntikytheraMechanism/]: Managed Sable SubLevel afb729f8-abc5-4f41-a2df-850b0e5b3eac for assembly abff4ccd-9e35-48bd-b495-828df59ae0ac was removed (REMOVED)
[10:16:08] [Server thread/ERROR] [de.an.AntikytheraMechanism/]: [DIRECT-AIR-DIAG] AIR_EMPTY_CHILD_RETURN changed=true
[10:16:08] [Server thread/ERROR] [de.an.AntikytheraMechanism/]: [HOST-WRITE-DIAG] HEAD pos=BlockPos{x=-9064034, y=-57, z=-3566208} before=Block{minecraft:air} requested=Block{antikytheramechanism:mechanism_frame}[connected_down=false,connected_east=false,connected_north=false,connected_south=false,connected_up=false,connected_west=false,empty=true,facing=north] moving=false destinationTransition=false allowed=true receiver=932709057 resolved=932709057 sameChunk=true containing=ROOT
[10:16:08] [Server thread/WARN] [de.an.AntikytheraMechanism/]: [FREEZE-WATCHDOG] Armed 30s after Mechanism Frame placement at BlockPos{x=-9064034, y=-57, z=-3566208} in minecraft:overworld on thread Server thread (stall threshold=2000ms, generation=116)
[10:16:08] [Server thread/ERROR] [de.an.AntikytheraMechanism/]: [HOST-WRITE-DIAG] RETURN pos=BlockPos{x=-9064034, y=-57, z=-3566208} previousReturn=Block{minecraft:air} actual=Block{antikytheramechanism:mechanism_frame}[connected_down=false,connected_east=false,connected_north=false,connected_south=false,connected_up=false,connected_west=false,empty=true,facing=north] destinationTransition=false receiver=932709057 resolved=932709057 sameChunk=true
[10:16:08] [Server thread/DEBUG] [de.an.AntikytheraMechanism/]: Staged Sable SubLevel b5dad31c-214c-410c-adfd-a7afc744452d for content in assembly bf48a264-573e-47c3-bacd-de36a2a73c78
[10:16:08] [Server thread/ERROR] [de.an.AntikytheraMechanism/]: [HOST-WRITE-DIAG] HEAD pos=BlockPos{x=-9064034, y=-57, z=-3566208} before=Block{antikytheramechanism:mechanism_frame}[connected_down=false,connected_east=false,connected_north=false,connected_south=false,connected_up=false,connected_west=false,empty=true,facing=north] requested=Block{antikytheramechanism:mechanism_frame}[connected_down=false,connected_east=false,connected_north=false,connected_south=false,connected_up=false,connected_west=false,empty=false,facing=north] moving=false destinationTransition=false allowed=true receiver=932709057 resolved=932709057 sameChunk=true containing=ROOT
[10:16:08] [Server thread/ERROR] [de.an.AntikytheraMechanism/]: [HOST-WRITE-DIAG] RETURN pos=BlockPos{x=-9064034, y=-57, z=-3566208} previousReturn=Block{antikytheramechanism:mechanism_frame}[connected_down=false,connected_east=false,connected_north=false,connected_south=false,connected_up=false,connected_west=false,empty=true,facing=north] actual=Block{antikytheramechanism:mechanism_frame}[connected_down=false,connected_east=false,connected_north=false,connected_south=false,connected_up=false,connected_west=false,empty=false,facing=north] destinationTransition=false receiver=932709057 resolved=932709057 sameChunk=true
[10:16:08] [Server thread/WARN] [de.an.AntikytheraMechanism/]: Managed Sable SubLevel be3e4498-26c0-49ad-a75a-7254268dc48e for assembly b68cd9ef-7bb1-4ffc-9b42-bf5f83827dcc was removed (REMOVED)
[10:16:08] [Server thread/WARN] [de.an.AntikytheraMechanism/]: Managed Sable SubLevel f278949d-881f-4106-9462-7dcd697f89aa for assembly c0acf321-124e-44b3-aaa2-7142ac365255 was removed (REMOVED)
[10:16:08] [Server thread/WARN] [de.an.AntikytheraMechanism/]: Managed Sable SubLevel ddfb9117-3588-40e0-98e9-dc0d83d0c7b4 for assembly 50fd1b76-edd3-460f-b722-46c475bda3a8 was removed (REMOVED)
[10:16:08] [Server thread/WARN] [de.an.AntikytheraMechanism/]: Managed Sable SubLevel 99f14258-810e-4e35-9a47-28d80f85ad60 for assembly b53fc6e3-9186-4d92-8706-ac150a582cbd was removed (REMOVED)
[10:16:08] [Server thread/WARN] [de.an.AntikytheraMechanism/]: Managed Sable SubLevel b5dad31c-214c-410c-adfd-a7afc744452d for assembly bf48a264-573e-47c3-bacd-de36a2a73c78 was removed (REMOVED)
[10:16:08] [Server thread/INFO] [minecraft/GameTestServer]: [++++++++++++++X++++++++++++++++++++++++++++++++++++++++++++++++++++++++++++++++++++++++]
[10:16:08] [Server thread/INFO] [minecraft/GameTestServer]: ========= 87 GAME TESTS COMPLETE IN 7.857 s ======================
[10:16:08] [Server thread/INFO] [minecraft/GameTestServer]: 1 required tests failed :(
[10:16:08] [Server thread/INFO] [minecraft/GameTestServer]:    - independentframessettleintosameforeignhostsynchronously
[10:16:08] [Server thread/INFO] [minecraft/GameTestServer]: ====================================================
[10:16:08] [Server thread/WARN] [de.an.AntikytheraMechanism/]: [FREEZE-WATCHDOG] Armed 5min shutdown/save window after server/world shutdown and save on thread Server thread (stall threshold=30000ms, generation=117)
[10:16:08] [Server thread/INFO] [minecraft/MinecraftServer]: Stopping server
[10:16:08] [Server thread/INFO] [minecraft/MinecraftServer]: Saving players
[10:16:08] [Server thread/INFO] [minecraft/MinecraftServer]: Saving worlds
[10:16:10] [Server thread/INFO] [minecraft/MinecraftServer]: Saving chunks for level 'ServerLevel[Test Level]'/minecraft:overworld
[10:16:10] [Server thread/INFO] [de.ry.sa.Sable/]: Saving sub-levels for level 'ServerLevel[Test Level]'/minecraft:overworld
[10:16:14] [Server thread/INFO] [minecraft/MinecraftServer]: Saving chunks for level 'ServerLevel[Test Level]'/minecraft:the_end
[10:16:14] [Server thread/INFO] [de.ry.sa.Sable/]: Saving sub-levels for level 'ServerLevel[Test Level]'/minecraft:the_end
[10:16:14] [Server thread/INFO] [minecraft/MinecraftServer]: Saving chunks for level 'ServerLevel[Test Level]'/minecraft:the_nether
[10:16:14] [Server thread/INFO] [de.ry.sa.Sable/]: Saving sub-levels for level 'ServerLevel[Test Level]'/minecraft:the_nether
[10:16:14] [Server thread/DEBUG] [ne.ne.ne.co.CommonHooks/WP]: Gathered mod list to write to world save Test Level
[10:16:14] [Server thread/INFO] [minecraft/MinecraftServer]: ThreadedAnvilChunkStorage (world): All chunks are saved
[10:16:14] [Server thread/INFO] [minecraft/MinecraftServer]: ThreadedAnvilChunkStorage (DIM1): All chunks are saved
[10:16:14] [Server thread/INFO] [minecraft/MinecraftServer]: ThreadedAnvilChunkStorage (DIM-1): All chunks are saved
[10:16:14] [Server thread/INFO] [minecraft/MinecraftServer]: ThreadedAnvilChunkStorage: All dimensions are saved
[10:16:14] [Server thread/DEBUG] [de.an.AntikytheraMechanism/]: Managed Sable SubLevel 787b0114-6b4f-4293-bbe5-18c0ba3c2ca3 for assembly 83ff92d0-d530-4ce8-b879-896c1fe821d1 unloaded normally
[10:16:14] [Server thread/DEBUG] [de.an.AntikytheraMechanism/]: Managed Sable SubLevel 73a5867c-d8ad-4baf-ad12-41e2c008c3c0 for assembly 754a02cc-e43b-4035-adef-0bdb16372736 unloaded normally
[10:16:14] [Server thread/DEBUG] [de.an.AntikytheraMechanism/]: Managed Sable SubLevel 9926ae14-1ce6-4093-ac30-a5a82706e091 for assembly 639aac91-ce1d-4274-8a41-b5f773d27edc unloaded normally
[10:16:14] [Server thread/DEBUG] [de.an.AntikytheraMechanism/]: Managed Sable SubLevel df68488f-3a4e-4659-94dd-0f5a4850f8be for assembly 39fcbfe4-3129-4a1a-a07c-03dee1d59c60 unloaded normally
[10:16:14] [Server thread/DEBUG] [de.an.AntikytheraMechanism/]: Managed Sable SubLevel a43fb539-b635-49a8-82b3-a9b37190dd43 for assembly aa920411-bfff-4e1d-b10e-24c611e743f0 unloaded normally
[10:16:14] [Server thread/DEBUG] [de.an.AntikytheraMechanism/]: Managed Sable SubLevel 90f4ba7b-7fb9-41c1-a319-b89f623c8c4b for assembly 61e0f4be-95f1-47ec-82d8-0ad28f5f35dd unloaded normally
[10:16:14] [Server thread/DEBUG] [de.an.AntikytheraMechanism/]: Managed Sable SubLevel fe3e1bf2-2388-4176-a858-9e36bdf06b81 for assembly c065dfe6-9775-483b-a700-d98c7c999ebd unloaded normally
[10:16:14] [Server thread/DEBUG] [de.an.AntikytheraMechanism/]: Managed Sable SubLevel 1fe5ad93-bbfc-491d-b4ef-c553fe679328 for assembly 3274bd34-708e-4d2c-8a97-b2a3f8b4bfae unloaded normally
[10:16:14] [Server thread/DEBUG] [de.an.AntikytheraMechanism/]: Managed Sable SubLevel d609af53-4fa3-4490-831b-307ac91f7448 for assembly ec809615-d04d-4029-acb6-2cfdad2f5e14 unloaded normally
[10:16:14] [Server thread/DEBUG] [de.an.AntikytheraMechanism/]: Managed Sable SubLevel 83dba49e-7cb4-4f97-93c5-649284858c5e for assembly 2d67e2aa-f618-4a98-b504-0d8c3a2b21c8 unloaded normally
[10:16:14] [Server thread/DEBUG] [de.an.AntikytheraMechanism/]: Managed Sable SubLevel 0ebde617-74bc-4af6-8188-e08a1d4e6b6c for assembly 3de34e09-b91e-44aa-bdb2-fcd6577010c4 unloaded normally
[10:16:14] [Server thread/INFO] [de.an.AntikytheraMechanism/]: [FREEZE-WATCHDOG] Disarmed after server/world shutdown completed (generation=118)
[10:16:14] [Server thread/DEBUG] [ne.ne.fm.co.ConfigTracker/CONFIG]: Unloading configs type SERVER
[10:16:14] [Server thread/INFO] [minecraft/GameTestServer]: Game test server shutting down

> Task :runGameTestServer FAILED
gradle/actions: Writing build results to /home/runner/work/_temp/.gradle-actions/build-results/__run-1787048118037.json

[Incubating] Problems report is available at: file:///home/runner/work/AntikytheraMechanism/AntikytheraMechanism/build/reports/problems/problems-report.html

FAILURE: Build failed with an exception.

* What went wrong:
Execution failed for task ':runGameTestServer'.
> Process 'command '/usr/lib/jvm/temurin-21-jdk-amd64/bin/java'' finished with non-zero exit value 1

* Try:
> Run with --stacktrace option to get the stack trace.
> Run with --info or --debug option to get more log output.
> Run with --scan to generate a Build Scan (powered by Develocity).
> Get more help at https://help.gradle.org.

Deprecated Gradle features were used in this build, making it incompatible with Gradle 10.

You can use '--warning-mode all' to show the individual deprecation warnings and determine if they come from your own scripts or plugins.

For more on this, please refer to https://docs.gradle.org/9.2.1/userguide/command_line_interface.html#sec:command_line_warnings in the Gradle documentation.

BUILD FAILED in 1m 3s
8 actionable tasks: 8 executed
Configuration cache entry stored.
