To honour the JVM settings for this build a single-use Daemon process will be forked. For more on this, please refer to https://docs.gradle.org/9.2.1/userguide/gradle_daemon.html#sec:disabling_the_daemon in the Gradle documentation.
Daemon will be stopped at the end of the build 
Calculating task graph as no cached configuration is available for tasks: runGameTestServer

> Configure project :
Creating Minecraft artifacts without recompilation.

> Task :writeGameTestServerLegacyClasspath
> Task :generateModMetadata
> Task :processResources

> Task :createMinecraftArtifacts
Loaded 131 artifacts from /home/runner/work/AntikytheraMechanism/AntikytheraMechanism/build/tmp/createMinecraftArtifacts/nfrt_artifact_manifest.properties
[1m*** Started working on [4mdownloadJson[0m[0m
 [1m[92m✓[0m Completed [4mdownloadJson[0m in 0.02s
[1m*** Started working on [4mdownloadServer[0m[0m
[1m*** Started working on [4mdownloadClientMappings[0m[0m
[1m*** Started working on [4mdownloadClient[0m[0m
 [1m[92m✓[0m Completed [4mdownloadClient[0m in 0.03s
 [1m[92m✓[0m Completed [4mdownloadServer[0m in 0.03s
 [1m[92m✓[0m Completed [4mdownloadClientMappings[0m in 0.04s
[1m*** Started working on [4mstripClient[0m[0m
 [1m[92m♻[0m Used cache of [4mstripClient[0m in 0.00s
[1m*** Started working on [4mmergeMappings[0m[0m
 [1m[92m♻[0m Used cache of [4mmergeMappings[0m in 0.00s
[1m*** Started working on [4mextractServer[0m[0m
 [1m[92m♻[0m Used cache of [4mextractServer[0m in 0.00s
[1m*** Started working on [4mstripServer[0m[0m
 [1m[92m♻[0m Used cache of [4mstripServer[0m in 0.00s
[1m*** Started working on [4mmerge[0m[0m
 [1m[92m♻[0m Used cache of [4mmerge[0m in 0.00s
[1m*** Started working on [4mrename[0m[0m
 [1m[92m♻[0m Used cache of [4mrename[0m in 0.00s
[1m*** Started working on [4mbinaryPatch[0m[0m
 [1m[92m♻[0m Used cache of [4mbinaryPatch[0m in 0.00s
[1m*** Started working on [4mcopyUnpatchedClasses[0m[0m
 [1m[92m♻[0m Used cache of [4mcopyUnpatchedClasses[0m in 0.00s
[1m*** Started working on [4mapplyDevTransforms[0m[0m
 [1m[92m♻[0m Used cache of [4mapplyDevTransforms[0m in 0.00s
[1m*** Started working on [4mbinaryWithNeoForge[0m[0m
 [1m[92m♻[0m Used cache of [4mbinaryWithNeoForge[0m in 0.00s
Performing periodic cache maintenance on /home/runner/.gradle/caches/neoformruntime
Cleaning intermediate results cache in /home/runner/.gradle/caches/neoformruntime/intermediate_results
 Maximum age: 744h
 Maximum cache size: 10 GiB
 [0;2;3m30 files found[0m
 [0;2;3m219 MiB overall size[0m
 [0;2;3m0 expired keys found[0m
[0;2;3m Deleted 14 outdated lock files
Total runtime: 1.56s


> Task :downloadAssets
Loaded 131 artifacts from /home/runner/work/AntikytheraMechanism/AntikytheraMechanism/build/tmp/downloadAssets/nfrt_artifact_manifest.properties
Downloading asset index 17
Using Minecraft asset root: /home/runner/.gradle/caches/neoformruntime/assets
  ↓ https://piston-meta.mojang.com/v1/packages/84fb63f8ed4091fab26fb68b32f79dfecfae31d9/17.json
100/3888 downloads
200/3888 downloads
300/3888 downloads
400/3888 downloads
500/3888 downloads
600/3888 downloads
700/3888 downloads
800/3888 downloads
900/3888 downloads
1000/3888 downloads
1100/3888 downloads
1200/3888 downloads
1300/3888 downloads
1400/3888 downloads
1500/3888 downloads
1600/3888 downloads
1700/3888 downloads
1800/3888 downloads
1900/3888 downloads
2000/3888 downloads
2100/3888 downloads
2200/3888 downloads
2300/3888 downloads
2400/3888 downloads
2500/3888 downloads
2600/3888 downloads
2700/3888 downloads
2800/3888 downloads
2900/3888 downloads
3000/3888 downloads
3100/3888 downloads
3200/3888 downloads
3300/3888 downloads
3400/3888 downloads
3500/3888 downloads
3600/3888 downloads
3700/3888 downloads
3800/3888 downloads
Downloaded 3888 files with a total size of 783 MiB

> Task :compileJava
Note: Some input files use or override a deprecated API.
Note: Recompile with -Xlint:deprecation for details.

> Task :prepareGameTestServerRun
> Task :classes

> Task :runGameTestServer
WARN StatusConsoleListener Advanced terminal features are not available in this environment
[15:47:59] [main/INFO] [cp.mo.mo.Launcher/MODLAUNCHER]: ModLauncher running: args [--launchTarget, forgeserverdev, --gameDir, ., --fml.fmlVersion, 4.0.42, --fml.mcVersion, 1.21.1, --fml.neoForgeVersion, 21.1.228, --fml.neoFormVersion, 20240808.144430]
[15:47:59] [main/INFO] [cp.mo.mo.Launcher/MODLAUNCHER]: JVM identified as Eclipse Adoptium OpenJDK 64-Bit Server VM 21.0.12+8-LTS
[15:47:59] [main/INFO] [cp.mo.mo.Launcher/MODLAUNCHER]: ModLauncher 11.0.5+main.901c6ea8 starting: java version 21.0.12 by Eclipse Adoptium; OS Linux arch amd64 version 6.17.0-1022-azure
[15:47:59] [main/DEBUG] [cp.mo.mo.LaunchServiceHandler/MODLAUNCHER]: Found launch services [minecraft,forgeclient,forgedatauserdev,testharness,forgeserverdev,forgeserveruserdev,forgejunitdev,forgeclientdev,forgeclientuserdev,forgeserver,forgejunituserdev,forgedatadev]
[15:47:59] [main/DEBUG] [cp.mo.mo.LaunchPluginHandler/MODLAUNCHER]: Found launch plugins: [mixin,slf4jfixer,runtime_enum_extender,accesstransformer,runtimedistcleaner]
[15:47:59] [main/DEBUG] [cp.mo.mo.TransformationServicesHandler/MODLAUNCHER]: Discovering transformation services
[15:47:59] [main/DEBUG] [ne.ne.fm.lo.FMLPaths/CORE]: Path GAMEDIR is /home/runner/work/AntikytheraMechanism/AntikytheraMechanism/run
[15:47:59] [main/DEBUG] [ne.ne.fm.lo.FMLPaths/CORE]: Path MODSDIR is /home/runner/work/AntikytheraMechanism/AntikytheraMechanism/run/mods
[15:47:59] [main/DEBUG] [ne.ne.fm.lo.FMLPaths/CORE]: Path CONFIGDIR is /home/runner/work/AntikytheraMechanism/AntikytheraMechanism/run/config
[15:47:59] [main/DEBUG] [ne.ne.fm.lo.FMLPaths/CORE]: Path FMLCONFIG is /home/runner/work/AntikytheraMechanism/AntikytheraMechanism/run/config/fml.toml
[15:48:00] [main/DEBUG] [ne.ne.fm.lo.ta.CommonLaunchHandler/CORE]: Got mod coordinates antikytheramechanism%%/home/runner/work/AntikytheraMechanism/AntikytheraMechanism/build/classes/java/main:antikytheramechanism%%/home/runner/work/AntikytheraMechanism/AntikytheraMechanism/build/resources/main from env
[15:48:00] [main/DEBUG] [ne.ne.fm.lo.ta.CommonLaunchHandler/CORE]: Found supplied mod coordinates [{antikytheramechanism=[/home/runner/work/AntikytheraMechanism/AntikytheraMechanism/build/classes/java/main, /home/runner/work/AntikytheraMechanism/AntikytheraMechanism/build/resources/main]}]
[15:48:00] [main/DEBUG] [cp.mo.mo.TransformationServicesHandler/MODLAUNCHER]: Found additional transformation services from discovery services: 
[15:48:00] [main/INFO] [ne.ne.fm.lo.ImmediateWindowHandler/]: ImmediateWindowProvider not loading because launch target is forgeserverdev
[15:48:00] [main/DEBUG] [cp.mo.mo.TransformationServicesHandler/MODLAUNCHER]: Found transformer services : [mixin,fml]
[15:48:00] [main/DEBUG] [cp.mo.mo.TransformationServicesHandler/MODLAUNCHER]: Transformation services loading
[15:48:00] [main/DEBUG] [cp.mo.mo.TransformationServiceDecorator/MODLAUNCHER]: Loading service mixin
[15:48:00] [main/DEBUG] [cp.mo.mo.TransformationServiceDecorator/MODLAUNCHER]: Loaded service mixin
[15:48:00] [main/DEBUG] [cp.mo.mo.TransformationServiceDecorator/MODLAUNCHER]: Loading service fml
[15:48:00] [main/DEBUG] [ne.ne.fm.lo.FMLLoader/CORE]: FML 4.0.42 loading
[15:48:00] [main/DEBUG] [ne.ne.fm.lo.FMLLoader/CORE]: FML found ModLauncher version : 11.0.5+main.901c6ea8
[15:48:00] [main/DEBUG] [ne.ne.fm.lo.FMLLoader/CORE]: FML found AccessTransformer version : 10.0.1+139da711
[15:48:00] [main/DEBUG] [ne.ne.fm.lo.FMLLoader/CORE]: FML found EventBus version : null
[15:48:00] [main/DEBUG] [ne.ne.fm.lo.FMLLoader/CORE]: Found Runtime Dist Cleaner
[15:48:00] [main/DEBUG] [cp.mo.mo.TransformationServiceDecorator/MODLAUNCHER]: Loaded service fml
[15:48:00] [main/DEBUG] [cp.mo.mo.TransformationServicesHandler/MODLAUNCHER]: Configuring option handling for services
[15:48:00] [main/DEBUG] [ne.ne.fm.lo.FMLServiceProvider/CORE]: Received command line version data  : VersionInfo[neoForgeVersion=21.1.228, fmlVersion=4.0.42, mcVersion=1.21.1, neoFormVersion=20240808.144430]
[15:48:00] [main/DEBUG] [cp.mo.mo.TransformationServicesHandler/MODLAUNCHER]: Transformation services initializing
[15:48:00] [main/DEBUG] [cp.mo.mo.TransformationServiceDecorator/MODLAUNCHER]: Initializing transformation service mixin
[15:48:00] [main/DEBUG] [mixin/]: MixinService [ModLauncher] was successfully booted in cpw.mods.cl.ModuleClassLoader@1c3a4799
[15:48:00] [main/INFO] [mixin/]: SpongePowered MIXIN Subsystem Version=0.8.7 Source=union:/home/runner/.gradle/caches/modules-2/files-2.1/net.fabricmc/sponge-mixin/0.15.2+mixin.0.8.7/2af2f021d8e02a0220dc27a7a72b4666d66d44ca/sponge-mixin-0.15.2+mixin.0.8.7.jar%2394!/ Service=ModLauncher Env=SERVER
[15:48:00] [main/DEBUG] [mixin/]: Initialising Mixin Platform Manager
[15:48:00] [main/DEBUG] [mixin/]: Adding mixin platform agents for container ModLauncher Root Container(ModLauncher:4f56a0a2)
[15:48:00] [main/DEBUG] [mixin/]: Instancing new MixinPlatformAgentMinecraftForge for ModLauncher Root Container(ModLauncher:4f56a0a2)
[15:48:00] [main/DEBUG] [mixin/]: MixinPlatformAgentMinecraftForge rejected container ModLauncher Root Container(ModLauncher:4f56a0a2)
[15:48:00] [main/DEBUG] [mixin/]: Instancing new MixinPlatformAgentDefault for ModLauncher Root Container(ModLauncher:4f56a0a2)
[15:48:00] [main/DEBUG] [mixin/]: MixinPlatformAgentDefault accepted container ModLauncher Root Container(ModLauncher:4f56a0a2)
[15:48:00] [main/DEBUG] [cp.mo.mo.TransformationServiceDecorator/MODLAUNCHER]: Initialized transformation service mixin
[15:48:00] [main/DEBUG] [cp.mo.mo.TransformationServiceDecorator/MODLAUNCHER]: Initializing transformation service fml
[15:48:00] [main/DEBUG] [ne.ne.fm.lo.FMLServiceProvider/CORE]: Setting up basic FML game directories
[15:48:00] [main/DEBUG] [ne.ne.fm.lo.FMLPaths/CORE]: Path GAMEDIR is /home/runner/work/AntikytheraMechanism/AntikytheraMechanism/run
[15:48:00] [main/DEBUG] [ne.ne.fm.lo.FMLPaths/CORE]: Path MODSDIR is /home/runner/work/AntikytheraMechanism/AntikytheraMechanism/run/mods
[15:48:00] [main/DEBUG] [ne.ne.fm.lo.FMLPaths/CORE]: Path CONFIGDIR is /home/runner/work/AntikytheraMechanism/AntikytheraMechanism/run/config
[15:48:00] [main/DEBUG] [ne.ne.fm.lo.FMLPaths/CORE]: Path FMLCONFIG is /home/runner/work/AntikytheraMechanism/AntikytheraMechanism/run/config/fml.toml
[15:48:00] [main/DEBUG] [ne.ne.fm.lo.FMLServiceProvider/CORE]: Loading configuration
[15:48:00] [main/DEBUG] [ne.ne.fm.lo.FMLServiceProvider/CORE]: Preparing launch handler
[15:48:00] [main/DEBUG] [ne.ne.fm.lo.FMLLoader/CORE]: Using forgeserverdev as launch service
[15:48:00] [main/DEBUG] [cp.mo.mo.TransformationServiceDecorator/MODLAUNCHER]: Initialized transformation service fml
[15:48:00] [main/DEBUG] [cp.mo.mo.TransformationServicesHandler/MODLAUNCHER]: Transformation services begin scanning
[15:48:00] [main/DEBUG] [cp.mo.mo.TransformationServiceDecorator/MODLAUNCHER]: Beginning scan trigger - transformation service mixin
[15:48:00] [main/DEBUG] [cp.mo.mo.TransformationServiceDecorator/MODLAUNCHER]: End scan trigger - transformation service mixin
[15:48:00] [main/DEBUG] [cp.mo.mo.TransformationServiceDecorator/MODLAUNCHER]: Beginning scan trigger - transformation service fml
[15:48:00] [main/DEBUG] [ne.ne.fm.lo.FMLServiceProvider/CORE]: Initiating mod scan
[15:48:00] [main/DEBUG] [ne.ne.fm.lo.ta.CommonLaunchHandler/CORE]: Got mod coordinates antikytheramechanism%%/home/runner/work/AntikytheraMechanism/AntikytheraMechanism/build/classes/java/main:antikytheramechanism%%/home/runner/work/AntikytheraMechanism/AntikytheraMechanism/build/resources/main from env
[15:48:00] [main/DEBUG] [ne.ne.fm.lo.ta.CommonLaunchHandler/CORE]: Found supplied mod coordinates [{antikytheramechanism=[/home/runner/work/AntikytheraMechanism/AntikytheraMechanism/build/classes/java/main, /home/runner/work/AntikytheraMechanism/AntikytheraMechanism/build/resources/main]}]
[15:48:00] [main/DEBUG] [ne.ne.fm.lo.ta.CommonDevLaunchHandler/]: Launching with NeoForge from /home/runner/work/AntikytheraMechanism/AntikytheraMechanism/build/moddev/artifacts/neoforge-21.1.228.jar
[15:48:00] [main/DEBUG] [ne.ne.fm.ut.ServiceLoaderUtil/CORE]: Found 4 implementations of IModFileCandidateLocator:
[15:48:00] [main/DEBUG] [ne.ne.fm.ut.ServiceLoaderUtil/CORE]: 	       0 - [built-in] net.neoforged.fml.loading.moddiscovery.locators.NeoForgeDevProvider from loader-4.0.42.jar
[15:48:00] [main/DEBUG] [ne.ne.fm.ut.ServiceLoaderUtil/CORE]: 	       0 - net.neoforged.fml.loading.moddiscovery.locators.ModsFolderLocator from loader-4.0.42.jar
[15:48:00] [main/DEBUG] [ne.ne.fm.ut.ServiceLoaderUtil/CORE]: 	       0 - net.neoforged.fml.loading.moddiscovery.locators.MavenDirectoryLocator from loader-4.0.42.jar
[15:48:00] [main/DEBUG] [ne.ne.fm.ut.ServiceLoaderUtil/CORE]: 	   -1000 - [built-in] net.neoforged.fml.loading.moddiscovery.locators.UserdevLocator from loader-4.0.42.jar
[15:48:00] [main/DEBUG] [ne.ne.fm.ut.ServiceLoaderUtil/CORE]: Found 2 implementations of IModFileReader:
[15:48:00] [main/DEBUG] [ne.ne.fm.ut.ServiceLoaderUtil/CORE]: 	       0 - net.neoforged.fml.loading.moddiscovery.readers.JarModsDotTomlModFileReader from loader-4.0.42.jar
[15:48:00] [main/DEBUG] [ne.ne.fm.ut.ServiceLoaderUtil/CORE]: 	   -1000 - net.neoforged.fml.loading.moddiscovery.readers.NestedLibraryModReader from loader-4.0.42.jar
[15:48:00] [main/DEBUG] [ne.ne.fm.ut.ServiceLoaderUtil/CORE]: Found 1 implementations of IDependencyLocator:
[15:48:00] [main/DEBUG] [ne.ne.fm.ut.ServiceLoaderUtil/CORE]: 	       0 - net.neoforged.fml.loading.moddiscovery.locators.JarInJarDependencyLocator from loader-4.0.42.jar
[15:48:00] [main/DEBUG] [ne.ne.fm.lo.mo.ModFileInfo/LOADING]: Found valid mod file neoforge-21.1.228.jar with {minecraft} mods - versions {1.21.1}
[15:48:00] [main/DEBUG] [ne.ne.fm.lo.mo.ModFileParser/LOADING]: Considering mod file candidate /home/runner/work/AntikytheraMechanism/AntikytheraMechanism/build/moddev/artifacts/neoforge-21.1.228.jar
[15:48:00] [main/DEBUG] [ne.ne.fm.lo.mo.ModFileInfo/LOADING]: Found valid mod file neoforge-21.1.228.jar with {neoforge} mods - versions {21.1.228}
[15:48:00] [main/DEBUG] [ne.ne.fm.lo.mo.ModListHandler/CORE]: Found mod coordinates from lists: []
[15:48:00] [main/DEBUG] [ne.ne.fm.lo.mo.ModFileParser/LOADING]: Considering mod file candidate /home/runner/work/AntikytheraMechanism/AntikytheraMechanism/build/classes/java/main
[15:48:00] [main/DEBUG] [ne.ne.fm.lo.mo.ModFileInfo/LOADING]: Found valid mod file main with {antikytheramechanism} mods - versions {0.1.0}
[15:48:00] [main/DEBUG] [ne.ne.fm.lo.mo.ModFileParser/LOADING]: Considering mod file candidate /home/runner/work/AntikytheraMechanism/AntikytheraMechanism/build/moddev/artifacts/neoforge-21.1.228.jar
[15:48:00] [main/DEBUG] [ne.ne.fm.lo.mo.ModFileInfo/LOADING]: Found valid mod file neoforge-21.1.228.jar with {neoforge} mods - versions {21.1.228}
[15:48:00] [main/DEBUG] [ne.ne.fm.lo.mo.ModFileParser/LOADING]: Considering mod file candidate /home/runner/.gradle/caches/modules-2/files-2.1/dev.ryanhcode.sable/sable-neoforge-1.21.1/2.0.3/f3ba9a497122ba29d9e94ebe6f9a3a3aaa5fa756/sable-neoforge-1.21.1-2.0.3.jar
[15:48:00] [main/DEBUG] [ne.ne.fm.lo.mo.ModFileInfo/LOADING]: Found valid mod file sable-neoforge-1.21.1-2.0.3.jar with {sable} mods - versions {2.0.3}
[15:48:00] [main/DEBUG] [ne.ne.fm.lo.mo.ModFileParser/LOADING]: Considering mod file candidate /home/runner/.gradle/caches/modules-2/files-2.1/curse.maven/sable-scaling-1607775/8564797/9d0ab34cc09e71fbca4129f725e072bbea03cf1c/sable-scaling-1607775-8564797.jar
[15:48:00] [main/DEBUG] [ne.ne.fm.lo.mo.ModFileInfo/LOADING]: Found valid mod file sable-scaling-1607775-8564797.jar with {sablescale} mods - versions {1.2.0}
[15:48:00] [main/DEBUG] [ne.ne.fm.lo.mo.ModFileParser/LOADING]: Considering mod file candidate /home/runner/.gradle/caches/modules-2/files-2.1/dev.ryanhcode.sable-companion/sable-companion-common-1.21.1/1.6.0/370be7db705926176e05c0215ed676150c45daae/sable-companion-common-1.21.1-1.6.0.jar
[15:48:00] [main/DEBUG] [ne.ne.fm.lo.mo.ModFileInfo/LOADING]: Found valid mod file sable-companion-common-1.21.1-1.6.0.jar with {sablecompanion} mods - versions {1.6.0}
[15:48:00] [main/DEBUG] [ne.ne.fm.lo.mo.ModFileParser/LOADING]: Considering mod file candidate /home/runner/.gradle/caches/modules-2/files-2.1/foundry.veil/veil-neoforge-1.21.1/4.1.4/642ec0bd02213ee087d86eda553d6d79c6a04d2b/veil-neoforge-1.21.1-4.1.4.jar
[15:48:00] [main/DEBUG] [ne.ne.fm.lo.mo.ModFileInfo/LOADING]: Found valid mod file veil-neoforge-1.21.1-4.1.4.jar with {veil} mods - versions {4.1.4}
[15:48:00] [main/DEBUG] [ne.ne.fm.lo.mo.ModDiscoverer/]: Skipping /home/runner/.gradle/caches/modules-2/files-2.1/net.neoforged.fancymodloader/earlydisplay/4.0.42/46555dbfff14e9e052f1f693aed14d542a74e111/earlydisplay-4.0.42.jar because it was already located earlier
[15:48:00] [main/DEBUG] [ne.ne.fm.lo.mo.ModDiscoverer/]: Skipping /home/runner/.gradle/caches/modules-2/files-2.1/net.neoforged.fancymodloader/loader/4.0.42/76e15f98bf676fb44b36c5e776f52a55581ec43a/loader-4.0.42.jar because it was already located earlier
[15:48:00] [main/DEBUG] [ne.ne.fm.lo.mo.ModDiscoverer/]: Skipping /home/runner/.gradle/caches/modules-2/files-2.1/net.neoforged.accesstransformers/at-modlauncher/10.0.1/5aba50202aceead086bc09fbc2751c9f05cb4890/at-modlauncher-10.0.1.jar because it was already located earlier
[15:48:00] [main/DEBUG] [ne.ne.fm.lo.mo.ModDiscoverer/]: Skipping /home/runner/.gradle/caches/modules-2/files-2.1/net.neoforged/accesstransformers/10.0.1/fd83b5725f76eae9115e9355fa1c456a6a441400/accesstransformers-10.0.1.jar because it was already located earlier
[15:48:00] [main/DEBUG] [ne.ne.fm.lo.mo.ModDiscoverer/]: Skipping /home/runner/.gradle/caches/modules-2/files-2.1/net.neoforged/bus/8.0.5/5b2d33285ab5d1554e9798ad98c40d6ea3868bd5/bus-8.0.5.jar because it was already located earlier
[15:48:00] [main/DEBUG] [ne.ne.fm.lo.mo.ModDiscoverer/]: Skipping /home/runner/.gradle/caches/modules-2/files-2.1/net.neoforged/coremods/7.0.3/9147e6f638b4272b3bd5fc8f92ad37802512c6c/coremods-7.0.3.jar because it was already located earlier
[15:48:00] [main/DEBUG] [ne.ne.fm.lo.mo.ModDiscoverer/]: Skipping /home/runner/.gradle/caches/modules-2/files-2.1/cpw.mods/modlauncher/11.0.5/b8f0d49294f733fdb6173931b263553e943dc950/modlauncher-11.0.5.jar because it was already located earlier
[15:48:00] [main/DEBUG] [ne.ne.fm.lo.mo.ModDiscoverer/]: Skipping /home/runner/.gradle/caches/modules-2/files-2.1/net.neoforged/mergetool/2.0.0/52fe1949be64e3303aabaaa21e315f551db9c9f4/mergetool-2.0.0-api.jar because it was already located earlier
[15:48:00] [main/DEBUG] [ne.ne.fm.lo.mo.ModDiscoverer/]: Skipping /home/runner/.gradle/caches/modules-2/files-2.1/com.electronwill.night-config/toml/3.8.3/90b2fd6efcb4a7d5b9810cf78f9d824994d717f2/toml-3.8.3.jar because it was already located earlier
[15:48:00] [main/DEBUG] [ne.ne.fm.lo.mo.ModDiscoverer/]: Skipping /home/runner/.gradle/caches/modules-2/files-2.1/com.electronwill.night-config/core/3.8.3/b442a95f09e349927f5a945ecb594455870fcf4f/core-3.8.3.jar because it was already located earlier
[15:48:00] [main/DEBUG] [ne.ne.fm.lo.mo.ModDiscoverer/]: Skipping /home/runner/.gradle/caches/modules-2/files-2.1/net.neoforged/JarJarSelector/0.4.1/fb3cc7a58af22ad2880adb98af6d518128c47dae/JarJarSelector-0.4.1.jar because it was already located earlier
[15:48:00] [main/DEBUG] [ne.ne.fm.lo.mo.ModDiscoverer/]: Skipping /home/runner/.gradle/caches/modules-2/files-2.1/net.neoforged/JarJarMetadata/0.4.1/f8da03683dc81694556dc3e177c5e3bb77ae6fcb/JarJarMetadata-0.4.1.jar because it was already located earlier
[15:48:00] [main/DEBUG] [ne.ne.fm.lo.mo.ModDiscoverer/]: Skipping /home/runner/.gradle/caches/modules-2/files-2.1/org.apache.maven/maven-artifact/3.8.5/4433f50c07debefaed0553bd0068f4f48d449313/maven-artifact-3.8.5.jar because it was already located earlier
[15:48:00] [main/DEBUG] [ne.ne.fm.lo.mo.ModDiscoverer/]: Skipping /home/runner/.gradle/caches/modules-2/files-2.1/net.jodah/typetools/0.6.3/a01aaa6ddaea9ec07ec4f209487b7a46a526283a/typetools-0.6.3.jar because it was already located earlier
[15:48:00] [main/DEBUG] [ne.ne.fm.lo.mo.ModDiscoverer/]: Skipping /home/runner/.gradle/caches/modules-2/files-2.1/net.minecrell/terminalconsoleappender/1.3.0/b562e9bb61235c9520e26282cdee71f8f802d1fc/terminalconsoleappender-1.3.0.jar because it was already located earlier
[15:48:00] [main/DEBUG] [ne.ne.fm.lo.mo.ModDiscoverer/]: Skipping /home/runner/.gradle/caches/modules-2/files-2.1/net.fabricmc/sponge-mixin/0.15.2+mixin.0.8.7/2af2f021d8e02a0220dc27a7a72b4666d66d44ca/sponge-mixin-0.15.2+mixin.0.8.7.jar because it was already located earlier
[15:48:00] [main/DEBUG] [ne.ne.fm.lo.mo.ModDiscoverer/]: Skipping /home/runner/.gradle/caches/modules-2/files-2.1/org.openjdk.nashorn/nashorn-core/15.4/f67f5ffaa5f5130cf6fb9b133da00c7df3b532a5/nashorn-core-15.4.jar because it was already located earlier
[15:48:00] [main/DEBUG] [ne.ne.fm.lo.mo.ModDiscoverer/]: Skipping /home/runner/.gradle/caches/modules-2/files-2.1/org.apache.commons/commons-lang3/3.14.0/1ed471194b02f2c6cb734a0cd6f6f107c673afae/commons-lang3-3.14.0.jar because it was already located earlier
[15:48:00] [main/DEBUG] [ne.ne.fm.lo.mo.ModDiscoverer/]: Skipping /home/runner/.gradle/caches/modules-2/files-2.1/net.sf.jopt-simple/jopt-simple/5.0.4/4fdac2fbe92dfad86aa6e9301736f6b4342a3f5c/jopt-simple-5.0.4.jar because it was already located earlier
[15:48:00] [main/DEBUG] [ne.ne.fm.lo.mo.ModDiscoverer/]: Skipping /home/runner/.gradle/caches/modules-2/files-2.1/commons-io/commons-io/2.15.1/f11560da189ab563a5c8e351941415430e9304ea/commons-io-2.15.1.jar because it was already located earlier
[15:48:00] [main/DEBUG] [ne.ne.fm.lo.mo.ModDiscoverer/]: Skipping /home/runner/.gradle/caches/modules-2/files-2.1/com.mojang/logging/1.2.7/24cb95ffb0e3433fd6e844c04e68009e504ca1c0/logging-1.2.7.jar because it was already located earlier
[15:48:00] [main/DEBUG] [ne.ne.fm.lo.mo.ModDiscoverer/]: Skipping /home/runner/.gradle/caches/modules-2/files-2.1/org.apache.logging.log4j/log4j-slf4j2-impl/2.22.1/d7e6693c2606cb7e7335047d7bb96dec52db5665/log4j-slf4j2-impl-2.22.1.jar because it was already located earlier
[15:48:00] [main/DEBUG] [ne.ne.fm.lo.mo.ModDiscoverer/]: Skipping /home/runner/.gradle/caches/modules-2/files-2.1/org.apache.logging.log4j/log4j-core/2.22.1/7183a25510a02ad00cc6a95d3b3d2a7d3c5a8dc4/log4j-core-2.22.1.jar because it was already located earlier
[15:48:00] [main/DEBUG] [ne.ne.fm.lo.mo.ModDiscoverer/]: Skipping /home/runner/.gradle/caches/modules-2/files-2.1/org.apache.logging.log4j/log4j-api/2.22.1/bea6fede6328fabafd7e68363161a7ea6605abd1/log4j-api-2.22.1.jar because it was already located earlier
[15:48:00] [main/DEBUG] [ne.ne.fm.lo.mo.ModDiscoverer/]: Skipping /home/runner/.gradle/caches/modules-2/files-2.1/com.google.guava/guava/32.1.2-jre/5e64ec7e056456bef3a4bc4c6fdaef71e8ab6318/guava-32.1.2-jre.jar because it was already located earlier
[15:48:00] [main/DEBUG] [ne.ne.fm.lo.mo.ModDiscoverer/]: Skipping /home/runner/.gradle/caches/modules-2/files-2.1/com.google.code.gson/gson/2.10.1/b3add478d4382b78ea20b1671390a858002feb6c/gson-2.10.1.jar because it was already located earlier
[15:48:00] [main/DEBUG] [ne.ne.fm.lo.mo.ModDiscoverer/]: Skipping /home/runner/.gradle/caches/modules-2/files-2.1/org.slf4j/slf4j-api/2.0.9/7cf2726fdcfbc8610f9a71fb3ed639871f315340/slf4j-api-2.0.9.jar because it was already located earlier
[15:48:00] [main/DEBUG] [ne.ne.fm.lo.mo.ModDiscoverer/]: Skipping /home/runner/.gradle/caches/modules-2/files-2.1/org.antlr/antlr4-runtime/4.13.1/17125bae1d965624e265ef49552f6465a2bfa307/antlr4-runtime-4.13.1.jar because it was already located earlier
[15:48:00] [main/DEBUG] [ne.ne.fm.lo.mo.ModDiscoverer/]: Skipping /home/runner/.gradle/caches/modules-2/files-2.1/net.minecraftforge/srgutils/0.4.15/ca408b131759478f164e010fae0d73997e125fb5/srgutils-0.4.15.jar because it was already located earlier
[15:48:00] [main/DEBUG] [ne.ne.fm.lo.mo.ModDiscoverer/]: Skipping /home/runner/.gradle/caches/modules-2/files-2.1/org.codehaus.plexus/plexus-utils/3.3.0/cf43b5391de623b36fe066a21127baef82c64022/plexus-utils-3.3.0.jar because it was already located earlier
[15:48:00] [main/DEBUG] [ne.ne.fm.lo.mo.ModDiscoverer/]: Skipping /home/runner/.gradle/caches/modules-2/files-2.1/org.jline/jline-reader/3.20.0/8f15415b022a25b473e8e16c28ae913186ffb9c4/jline-reader-3.20.0.jar because it was already located earlier
[15:48:00] [main/DEBUG] [ne.ne.fm.lo.mo.ModDiscoverer/]: Skipping /home/runner/.gradle/caches/modules-2/files-2.1/com.machinezoo.noexception/noexception/1.7.1/b65330c98e38a1f915fa54a6e5eca496505e3f0a/noexception-1.7.1.jar because it was already located earlier
[15:48:00] [main/DEBUG] [ne.ne.fm.lo.mo.ModDiscoverer/]: Skipping /home/runner/.gradle/caches/modules-2/files-2.1/com.github.oshi/oshi-core/6.4.10/b1d8ab82d11d92fd639b56d639f8f46f739dd5fa/oshi-core-6.4.10.jar because it was already located earlier
[15:48:00] [main/DEBUG] [ne.ne.fm.lo.mo.ModDiscoverer/]: Skipping /home/runner/.gradle/caches/modules-2/files-2.1/com.google.guava/failureaccess/1.0.1/1dcf1de382a0bf95a3d8b0849546c88bac1292c9/failureaccess-1.0.1.jar because it was already located earlier
[15:48:00] [main/DEBUG] [ne.ne.fm.lo.mo.ModDiscoverer/]: Skipping /home/runner/.gradle/caches/modules-2/files-2.1/com.mojang/authlib/6.0.54/de8bc95660e1b2fe8793fd427a7a10dcec5b3ea7/authlib-6.0.54.jar because it was already located earlier
[15:48:00] [main/DEBUG] [ne.ne.fm.lo.mo.ModDiscoverer/]: Skipping /home/runner/.gradle/caches/modules-2/files-2.1/com.mojang/brigadier/1.3.10/d15b53a14cf20fdcaa98f731af5dda654452c010/brigadier-1.3.10.jar because it was already located earlier
[15:48:00] [main/DEBUG] [ne.ne.fm.lo.mo.ModDiscoverer/]: Skipping /home/runner/.gradle/caches/modules-2/files-2.1/com.mojang/datafixerupper/8.0.16/67d4de6d7f95d89bcf5862995fb854ebaec02a34/datafixerupper-8.0.16.jar because it was already located earlier
[15:48:00] [main/DEBUG] [ne.ne.fm.lo.mo.ModDiscoverer/]: Skipping /home/runner/.gradle/caches/modules-2/files-2.1/io.netty/netty-buffer/4.1.97.Final/f8f3d8644afa5e6e1a40a3a6aeb9d9aa970ecb4f/netty-buffer-4.1.97.Final.jar because it was already located earlier
[15:48:00] [main/DEBUG] [ne.ne.fm.lo.mo.ModDiscoverer/]: Skipping /home/runner/.gradle/caches/modules-2/files-2.1/io.netty/netty-codec/4.1.97.Final/384ba4d75670befbedb45c4d3b497a93639c206d/netty-codec-4.1.97.Final.jar because it was already located earlier
[15:48:00] [main/DEBUG] [ne.ne.fm.lo.mo.ModDiscoverer/]: Skipping /home/runner/.gradle/caches/modules-2/files-2.1/io.netty/netty-common/4.1.97.Final/7cceacaf11df8dc63f23d0fb58e9d4640fc88404/netty-common-4.1.97.Final.jar because it was already located earlier
[15:48:00] [main/DEBUG] [ne.ne.fm.lo.mo.ModDiscoverer/]: Skipping /home/runner/.gradle/caches/modules-2/files-2.1/io.netty/netty-handler/4.1.97.Final/abb86c6906bf512bf2b797a41cd7d2e8d3cd7c36/netty-handler-4.1.97.Final.jar because it was already located earlier
[15:48:00] [main/DEBUG] [ne.ne.fm.lo.mo.ModDiscoverer/]: Skipping /home/runner/.gradle/caches/modules-2/files-2.1/io.netty/netty-resolver/4.1.97.Final/cec8348108dc76c47cf87c669d514be52c922144/netty-resolver-4.1.97.Final.jar because it was already located earlier
[15:48:00] [main/DEBUG] [ne.ne.fm.lo.mo.ModDiscoverer/]: Skipping /home/runner/.gradle/caches/modules-2/files-2.1/io.netty/netty-transport-classes-epoll/4.1.97.Final/795da37ded759e862457a82d9d92c4d39ce8ecee/netty-transport-classes-epoll-4.1.97.Final.jar because it was already located earlier
[15:48:00] [main/DEBUG] [ne.ne.fm.lo.mo.ModDiscoverer/]: Skipping /home/runner/.gradle/caches/modules-2/files-2.1/io.netty/netty-transport-native-unix-common/4.1.97.Final/d469d84265ab70095b01b40886cabdd433b6e664/netty-transport-native-unix-common-4.1.97.Final.jar because it was already located earlier
[15:48:00] [main/DEBUG] [ne.ne.fm.lo.mo.ModDiscoverer/]: Skipping /home/runner/.gradle/caches/modules-2/files-2.1/io.netty/netty-transport/4.1.97.Final/f37380d23c9bb079bc702910833b2fd532c9abd0/netty-transport-4.1.97.Final.jar because it was already located earlier
[15:48:00] [main/DEBUG] [ne.ne.fm.lo.mo.ModDiscoverer/]: Skipping /home/runner/.gradle/caches/modules-2/files-2.1/it.unimi.dsi/fastutil/8.5.12/c24946d46824bd528054bface3231d2ecb7e95e8/fastutil-8.5.12.jar because it was already located earlier
[15:48:00] [main/DEBUG] [ne.ne.fm.lo.mo.ModDiscoverer/]: Skipping /home/runner/.gradle/caches/modules-2/files-2.1/net.java.dev.jna/jna-platform/5.14.0/28934d48aed814f11e4c584da55c49fa7032b31b/jna-platform-5.14.0.jar because it was already located earlier
[15:48:00] [main/DEBUG] [ne.ne.fm.lo.mo.ModDiscoverer/]: Skipping /home/runner/.gradle/caches/modules-2/files-2.1/net.java.dev.jna/jna/5.14.0/67bf3eaea4f0718cb376a181a629e5f88fa1c9dd/jna-5.14.0.jar because it was already located earlier
[15:48:00] [main/DEBUG] [ne.ne.fm.lo.mo.ModDiscoverer/]: Skipping /home/runner/.gradle/caches/modules-2/files-2.1/org.joml/joml/1.10.5/22566d58af70ad3d72308bab63b8339906deb649/joml-1.10.5.jar because it was already located earlier
[15:48:00] [main/DEBUG] [ne.ne.fm.lo.mo.ModDiscoverer/]: Skipping /home/runner/.gradle/caches/modules-2/files-2.1/org.lz4/lz4-java/1.8.0/4b986a99445e49ea5fbf5d149c4b63f6ed6c6780/lz4-java-1.8.0.jar because it was already located earlier
[15:48:00] [main/DEBUG] [ne.ne.fm.lo.mo.ModDiscoverer/]: Skipping /home/runner/.gradle/caches/modules-2/files-2.1/org.jline/jline-terminal/3.20.0/d0ddcc708ddf527a3454c941b7b9225cc83a15ff/jline-terminal-3.20.0.jar because it was already located earlier
[15:48:00] [main/DEBUG] [ne.ne.fm.lo.mo.ModDiscoverer/]: Skipping /home/runner/.gradle/caches/modules-2/files-2.1/io.netty/netty-transport-native-epoll/4.1.97.Final/5514744c588190ffda076b35a9b8c9f24946a960/netty-transport-native-epoll-4.1.97.Final-linux-aarch_64.jar because it was already located earlier
[15:48:00] [main/DEBUG] [ne.ne.fm.lo.mo.ModDiscoverer/]: Skipping /home/runner/.gradle/caches/modules-2/files-2.1/io.netty/netty-transport-native-epoll/4.1.97.Final/54188f271e388e7f313aea995e82f58ce2cdb809/netty-transport-native-epoll-4.1.97.Final-linux-x86_64.jar because it was already located earlier
[15:48:00] [main/DEBUG] [ne.ne.fm.lo.mo.ModDiscoverer/]: Skipping /home/runner/.gradle/caches/modules-2/files-2.1/com.google.guava/listenablefuture/9999.0-empty-to-avoid-conflict-with-guava/b421526c5f297295adef1c886e5246c39d4ac629/listenablefuture-9999.0-empty-to-avoid-conflict-with-guava.jar because it was already located earlier
[15:48:00] [main/DEBUG] [ne.ne.fm.lo.mo.ModDiscoverer/]: Skipping /home/runner/.gradle/caches/modules-2/files-2.1/com.google.code.findbugs/jsr305/3.0.2/25ea2e8b0c338a877313bd4672d3fe056ea78f0d/jsr305-3.0.2.jar because it was already located earlier
[15:48:00] [main/DEBUG] [ne.ne.fm.lo.mo.ModDiscoverer/]: Skipping /home/runner/.gradle/caches/modules-2/files-2.1/org.checkerframework/checker-qual/3.33.0/de2b60b62da487644fc11f734e73c8b0b431238f/checker-qual-3.33.0.jar because it was already located earlier
[15:48:00] [main/DEBUG] [ne.ne.fm.lo.mo.ModDiscoverer/]: Skipping /home/runner/.gradle/caches/modules-2/files-2.1/com.google.errorprone/error_prone_annotations/2.18.0/89b684257096f548fa39a7df9fdaa409d4d4df91/error_prone_annotations-2.18.0.jar because it was already located earlier
[15:48:00] [main/DEBUG] [ne.ne.fm.lo.mo.ModDiscoverer/]: Skipping /home/runner/.gradle/caches/modules-2/files-2.1/com.google.j2objc/j2objc-annotations/2.8/c85270e307e7b822f1086b93689124b89768e273/j2objc-annotations-2.8.jar because it was already located earlier
[15:48:00] [main/DEBUG] [ne.ne.fm.lo.UniqueModListBuilder/]: Found 2 mods for first modid neoforge, selecting most recent based on version data
[15:48:00] [main/DEBUG] [ne.ne.fm.lo.UniqueModListBuilder/]: Selected file neoforge-21.1.228.jar for modid neoforge with version 21.1.228
[15:48:00] [main/DEBUG] [ne.ne.fm.lo.mo.ModFileParser/LOADING]: Considering mod file candidate 
[15:48:00] [main/DEBUG] [ne.ne.fm.lo.mo.ModFileInfo/LOADING]: Found valid mod file sable-companion-common-1.21.1-1.6.0.jar with {sablecompanion} mods - versions {1.6.0}
[15:48:00] [main/DEBUG] [ne.ne.fm.lo.mo.ModFileParser/LOADING]: Considering mod file candidate 
[15:48:00] [main/DEBUG] [ne.ne.fm.lo.mo.ModFileInfo/LOADING]: Found valid mod file veil-neoforge-1.21.1-4.1.4.jar with {veil} mods - versions {4.1.4}
[15:48:00] [main/DEBUG] [ne.ne.fm.lo.mo.ModFileParser/LOADING]: Considering mod file candidate 
[15:48:00] [main/DEBUG] [ne.ne.fm.lo.mo.ModFileInfo/LOADING]: Found valid mod file veil-neoforge-1.21.1-4.1.4.jar with {veil} mods - versions {4.1.4}
[15:48:00] [main/DEBUG] [ne.ne.fm.lo.mo.ModFileParser/LOADING]: Considering mod file candidate 
[15:48:00] [main/DEBUG] [ne.ne.fm.lo.mo.ModFileInfo/LOADING]: Found valid mod file sable-companion-common-1.21.1-1.6.0.jar with {sablecompanion} mods - versions {1.6.0}
[15:48:00] [main/WARN] [ne.ne.ja.se.JarSelector/]: Attempted to select a dependency jar for JarJar which was passed in as source: veil. Using Mod File: /home/runner/.gradle/caches/modules-2/files-2.1/foundry.veil/veil-neoforge-1.21.1/4.1.4/642ec0bd02213ee087d86eda553d6d79c6a04d2b/veil-neoforge-1.21.1-4.1.4.jar
[15:48:00] [main/WARN] [ne.ne.ja.se.JarSelector/]: Attempted to select a dependency jar for JarJar which was passed in as source: sablecompanion. Using Mod File: /home/runner/.gradle/caches/modules-2/files-2.1/dev.ryanhcode.sable-companion/sable-companion-common-1.21.1/1.6.0/370be7db705926176e05c0215ed676150c45daae/sable-companion-common-1.21.1-1.6.0.jar
[15:48:00] [main/WARN] [ne.ne.ja.se.JarSelector/]: Attempted to select a dependency jar for JarJar which was passed in as source: library:sable_rapier. Using Mod File: /home/runner/.gradle/caches/modules-2/files-2.1/dev.ryanhcode.sable/sable-sable_rapier-1.21.1/2.0.3/a88c0860320890144b6b44c332a2a2db3a61e189/sable-sable_rapier-1.21.1-2.0.3.jar
[15:48:00] [main/INFO] [ne.ne.fm.lo.mo.lo.JarInJarDependencyLocator/]: Found 6 dependencies adding them to mods collection
[15:48:00] [main/INFO] [ne.ne.fm.lo.mo.ModDiscoverer/]: 
     Mod List:
		Name Version (Mod Id)

		Antikythera Mechanism 0.1.0 (antikytheramechanism)
		Minecraft 1.21.1 (minecraft)
		NeoForge 21.1.228 (neoforge)
		Sable 2.0.3 (sable)
		Sable Companion 1.6.0 (sablecompanion)
		Sable Scale 1.2.0 (sablescale)
		Veil 4.1.4 (veil)
[15:48:00] [main/DEBUG] [ne.ne.fm.lo.mo.ModFileInfo/LOADING]: Found valid mod file neoforge-21.1.228.jar with {minecraft} mods - versions {1.21.1}
[15:48:00] [main/DEBUG] [ne.ne.fm.lo.mo.ModFile/LOADING]: Loading mod file /home/runner/work/AntikytheraMechanism/AntikytheraMechanism/build/moddev/artifacts/neoforge-21.1.228.jar with languages [LanguageSpec[languageName=minecraft, acceptedVersions=1]]
[15:48:00] [main/DEBUG] [ne.ne.fm.lo.mo.ModFileParser/LOADING]: Considering mod file candidate /home/runner/.gradle/caches/modules-2/files-2.1/curse.maven/sable-scaling-1607775/8564797/9d0ab34cc09e71fbca4129f725e072bbea03cf1c/sable-scaling-1607775-8564797.jar
[15:48:00] [main/DEBUG] [ne.ne.fm.lo.mo.ModFileInfo/LOADING]: Found valid mod file sable-scaling-1607775-8564797.jar with {sablescale} mods - versions {1.2.0}
[15:48:00] [main/DEBUG] [ne.ne.fm.lo.mo.ModFile/LOADING]: Loading mod file /home/runner/.gradle/caches/modules-2/files-2.1/curse.maven/sable-scaling-1607775/8564797/9d0ab34cc09e71fbca4129f725e072bbea03cf1c/sable-scaling-1607775-8564797.jar with languages [LanguageSpec[languageName=javafml, acceptedVersions=[1,)]]
[15:48:00] [main/DEBUG] [ne.ne.fm.lo.mo.ModFile/LOADING]: Found mixin config MixinConfig[config=sablescale.mixins.json, requiredMods=[]]
[15:48:00] [main/DEBUG] [ne.ne.fm.lo.mo.ModFile/LOADING]: Found mixin config MixinConfig[config=sablescale.flywheel.mixins.json, requiredMods=[]]
[15:48:00] [main/DEBUG] [ne.ne.fm.lo.mo.ModFile/LOADING]: Found mixin config MixinConfig[config=sablescale.simulated.mixins.json, requiredMods=[]]
[15:48:00] [main/DEBUG] [ne.ne.fm.lo.mo.ModFileParser/LOADING]: Considering mod file candidate /home/runner/.gradle/caches/modules-2/files-2.1/foundry.veil/veil-neoforge-1.21.1/4.1.4/642ec0bd02213ee087d86eda553d6d79c6a04d2b/veil-neoforge-1.21.1-4.1.4.jar
[15:48:00] [main/DEBUG] [ne.ne.fm.lo.mo.ModFileInfo/LOADING]: Found valid mod file veil-neoforge-1.21.1-4.1.4.jar with {veil} mods - versions {4.1.4}
[15:48:00] [main/DEBUG] [ne.ne.fm.lo.mo.ModFile/LOADING]: Loading mod file /home/runner/.gradle/caches/modules-2/files-2.1/foundry.veil/veil-neoforge-1.21.1/4.1.4/642ec0bd02213ee087d86eda553d6d79c6a04d2b/veil-neoforge-1.21.1-4.1.4.jar with languages [LanguageSpec[languageName=javafml, acceptedVersions=[4,)]]
[15:48:00] [main/DEBUG] [ne.ne.fm.lo.mo.ModFile/LOADING]: Found mixin config MixinConfig[config=veil.command.mixins.json, requiredMods=[]]
[15:48:00] [main/DEBUG] [ne.ne.fm.lo.mo.ModFile/LOADING]: Found mixin config MixinConfig[config=veil.debug.mixins.json, requiredMods=[]]
[15:48:00] [main/DEBUG] [ne.ne.fm.lo.mo.ModFile/LOADING]: Found mixin config MixinConfig[config=veil.dynamicbuffer.mixins.json, requiredMods=[]]
[15:48:00] [main/DEBUG] [ne.ne.fm.lo.mo.ModFile/LOADING]: Found mixin config MixinConfig[config=veil.fix.mixins.json, requiredMods=[]]
[15:48:00] [main/DEBUG] [ne.ne.fm.lo.mo.ModFile/LOADING]: Found mixin config MixinConfig[config=veil.framebuffer.mixins.json, requiredMods=[]]
[15:48:00] [main/DEBUG] [ne.ne.fm.lo.mo.ModFile/LOADING]: Found mixin config MixinConfig[config=veil.necromancer.mixins.json, requiredMods=[]]
[15:48:00] [main/DEBUG] [ne.ne.fm.lo.mo.ModFile/LOADING]: Found mixin config MixinConfig[config=veil.network.mixins.json, requiredMods=[]]
[15:48:00] [main/DEBUG] [ne.ne.fm.lo.mo.ModFile/LOADING]: Found mixin config MixinConfig[config=veil.performance.mixins.json, requiredMods=[]]
[15:48:00] [main/DEBUG] [ne.ne.fm.lo.mo.ModFile/LOADING]: Found mixin config MixinConfig[config=veil.perspective.mixins.json, requiredMods=[]]
[15:48:00] [main/DEBUG] [ne.ne.fm.lo.mo.ModFile/LOADING]: Found mixin config MixinConfig[config=veil.pipeline.mixins.json, requiredMods=[]]
[15:48:00] [main/DEBUG] [ne.ne.fm.lo.mo.ModFile/LOADING]: Found mixin config MixinConfig[config=veil.quasar.mixins.json, requiredMods=[]]
[15:48:00] [main/DEBUG] [ne.ne.fm.lo.mo.ModFile/LOADING]: Found mixin config MixinConfig[config=veil.registry.mixins.json, requiredMods=[]]
[15:48:00] [main/DEBUG] [ne.ne.fm.lo.mo.ModFile/LOADING]: Found mixin config MixinConfig[config=veil.rendertype.mixins.json, requiredMods=[]]
[15:48:00] [main/DEBUG] [ne.ne.fm.lo.mo.ModFile/LOADING]: Found mixin config MixinConfig[config=veil.resource.mixins.json, requiredMods=[]]
[15:48:00] [main/DEBUG] [ne.ne.fm.lo.mo.ModFile/LOADING]: Found mixin config MixinConfig[config=veil.scheduler.mixins.json, requiredMods=[]]
[15:48:00] [main/DEBUG] [ne.ne.fm.lo.mo.ModFile/LOADING]: Found mixin config MixinConfig[config=veil.shader.mixins.json, requiredMods=[]]
[15:48:00] [main/DEBUG] [ne.ne.fm.lo.mo.ModFile/LOADING]: Found mixin config MixinConfig[config=veil.neoforge.mixins.json, requiredMods=[]]
[15:48:00] [main/DEBUG] [ne.ne.fm.lo.mo.ModFileParser/LOADING]: Considering mod file candidate /home/runner/.gradle/caches/modules-2/files-2.1/dev.ryanhcode.sable/sable-neoforge-1.21.1/2.0.3/f3ba9a497122ba29d9e94ebe6f9a3a3aaa5fa756/sable-neoforge-1.21.1-2.0.3.jar
[15:48:00] [main/DEBUG] [ne.ne.fm.lo.mo.ModFileInfo/LOADING]: Found valid mod file sable-neoforge-1.21.1-2.0.3.jar with {sable} mods - versions {2.0.3}
[15:48:00] [main/DEBUG] [ne.ne.fm.lo.mo.ModFile/LOADING]: Loading mod file /home/runner/.gradle/caches/modules-2/files-2.1/dev.ryanhcode.sable/sable-neoforge-1.21.1/2.0.3/f3ba9a497122ba29d9e94ebe6f9a3a3aaa5fa756/sable-neoforge-1.21.1-2.0.3.jar with languages [LanguageSpec[languageName=javafml, acceptedVersions=[4,)]]
[15:48:00] [main/DEBUG] [ne.ne.fm.lo.mo.ModFile/LOADING]: Found mixin config MixinConfig[config=sable.mixins.json, requiredMods=[]]
[15:48:00] [main/DEBUG] [ne.ne.fm.lo.mo.ModFile/LOADING]: Found mixin config MixinConfig[config=sable-neoforge.mixins.json, requiredMods=[]]
[15:48:00] [main/DEBUG] [ne.ne.fm.lo.mo.ModFileParser/LOADING]: Considering mod file candidate /home/runner/work/AntikytheraMechanism/AntikytheraMechanism/build/classes/java/main
[15:48:00] [main/DEBUG] [ne.ne.fm.lo.mo.ModFileInfo/LOADING]: Found valid mod file main with {antikytheramechanism} mods - versions {0.1.0}
[15:48:00] [main/DEBUG] [ne.ne.fm.lo.mo.ModFile/LOADING]: Loading mod file /home/runner/work/AntikytheraMechanism/AntikytheraMechanism/build/classes/java/main with languages [LanguageSpec[languageName=javafml, acceptedVersions=[1,)]]
[15:48:00] [main/DEBUG] [ne.ne.fm.lo.mo.ModFile/LOADING]: Found mixin config MixinConfig[config=antikytheramechanism.mixins.json, requiredMods=[]]
[15:48:00] [main/DEBUG] [ne.ne.fm.lo.mo.ModFile/LOADING]: Found mixin config MixinConfig[config=antikytheramechanism.client.mixins.json, requiredMods=[]]
[15:48:00] [main/DEBUG] [ne.ne.fm.lo.mo.ModFileParser/LOADING]: Considering mod file candidate /home/runner/.gradle/caches/modules-2/files-2.1/dev.ryanhcode.sable-companion/sable-companion-common-1.21.1/1.6.0/370be7db705926176e05c0215ed676150c45daae/sable-companion-common-1.21.1-1.6.0.jar
[15:48:00] [main/DEBUG] [ne.ne.fm.lo.mo.ModFileInfo/LOADING]: Found valid mod file sable-companion-common-1.21.1-1.6.0.jar with {sablecompanion} mods - versions {1.6.0}
[15:48:00] [main/DEBUG] [ne.ne.fm.lo.mo.ModFile/LOADING]: Loading mod file /home/runner/.gradle/caches/modules-2/files-2.1/dev.ryanhcode.sable-companion/sable-companion-common-1.21.1/1.6.0/370be7db705926176e05c0215ed676150c45daae/sable-companion-common-1.21.1-1.6.0.jar with languages [LanguageSpec[languageName=javafml, acceptedVersions=[4,)]]
[15:48:00] [main/DEBUG] [ne.ne.fm.lo.mo.ModFileParser/LOADING]: Considering mod file candidate /home/runner/work/AntikytheraMechanism/AntikytheraMechanism/build/moddev/artifacts/neoforge-21.1.228.jar
[15:48:00] [main/DEBUG] [ne.ne.fm.lo.mo.ModFileInfo/LOADING]: Found valid mod file neoforge-21.1.228.jar with {neoforge} mods - versions {21.1.228}
[15:48:00] [main/DEBUG] [ne.ne.fm.lo.mo.ModFile/LOADING]: Loading mod file /home/runner/work/AntikytheraMechanism/AntikytheraMechanism/build/moddev/artifacts/neoforge-21.1.228.jar with languages [LanguageSpec[languageName=javafml, acceptedVersions=[3,]]]
[15:48:00] [main/DEBUG] [ne.ne.fm.lo.mo.ModFile/LOADING]: Found mixin config MixinConfig[config=neoforge.mixins.json, requiredMods=[]]
[15:48:00] [main/DEBUG] [ne.ne.fm.lo.mo.ModFile/LOADING]: Loading mod file /home/runner/.gradle/caches/modules-2/files-2.1/dev.ryanhcode.sable/sable-sable_rapier-1.21.1/2.0.3/a88c0860320890144b6b44c332a2a2db3a61e189/sable-sable_rapier-1.21.1-2.0.3.jar with languages []
[15:48:00] [main/DEBUG] [ne.ne.fm.lo.mo.ModFile/LOADING]: Loading mod file  with languages []
[15:48:00] [main/DEBUG] [ne.ne.fm.lo.mo.ModFile/LOADING]: Loading mod file  with languages []
[15:48:00] [main/DEBUG] [cp.mo.mo.TransformationServiceDecorator/MODLAUNCHER]: End scan trigger - transformation service fml
[15:48:00] [main/DEBUG] [ne.ne.fm.ut.ServiceLoaderUtil/CORE]: Found 3 implementations of IModLanguageLoader:
[15:48:00] [main/DEBUG] [ne.ne.fm.ut.ServiceLoaderUtil/CORE]: 	net.neoforged.fml.javafmlmod.FMLJavaModLanguageProvider from loader-4.0.42.jar
[15:48:00] [main/DEBUG] [ne.ne.fm.ut.ServiceLoaderUtil/CORE]: 	net.neoforged.fml.lowcodemod.LowCodeModLanguageProvider from loader-4.0.42.jar
[15:48:00] [main/DEBUG] [ne.ne.fm.ut.ServiceLoaderUtil/CORE]: 	net.neoforged.fml.mclanguageprovider.MinecraftModLanguageProvider from loader-4.0.42.jar
[15:48:00] [main/DEBUG] [ne.ne.fm.lo.LanguageProviderLoader/CORE]: Found language provider javafml, version 4.0.42
[15:48:00] [main/DEBUG] [ne.ne.fm.lo.LanguageProviderLoader/CORE]: Found language provider lowcodefml, version 4.0.42
[15:48:00] [main/DEBUG] [ne.ne.fm.lo.LanguageProviderLoader/CORE]: Found language provider minecraft, version 4.0.42
[15:48:00] [main/DEBUG] [ne.ne.fm.lo.ModSorter/]: Configured system mods: [minecraft, neoforge]
[15:48:00] [main/DEBUG] [ne.ne.fm.lo.ModSorter/]: Found system mod: minecraft
[15:48:00] [main/DEBUG] [ne.ne.fm.lo.ModSorter/]: Found system mod: neoforge
[15:48:00] [main/DEBUG] [ne.ne.fm.lo.ModSorter/LOADING]: Found 21 mod requirements (12 mandatory, 9 optional)
[15:48:00] [main/DEBUG] [ne.ne.fm.lo.ModSorter/LOADING]: Found 0 mod requirements missing (0 mandatory, 0 optional)
[15:48:00] [main/DEBUG] [mixin/]: Adding mixin platform agents for container net.neoforged.fml.loading.mixin.FMLMixinContainerHandle@13047d7d
[15:48:00] [main/DEBUG] [mixin/]: Instancing new MixinPlatformAgentMinecraftForge for net.neoforged.fml.loading.mixin.FMLMixinContainerHandle@13047d7d
[15:48:00] [main/DEBUG] [mixin/]: MixinPlatformAgentMinecraftForge rejected container net.neoforged.fml.loading.mixin.FMLMixinContainerHandle@13047d7d
[15:48:00] [main/DEBUG] [mixin/]: Instancing new MixinPlatformAgentDefault for net.neoforged.fml.loading.mixin.FMLMixinContainerHandle@13047d7d
[15:48:00] [main/DEBUG] [mixin/]: MixinPlatformAgentDefault accepted container net.neoforged.fml.loading.mixin.FMLMixinContainerHandle@13047d7d
[15:48:00] [main/DEBUG] [mixin/]: Instancing new FMLMixinPlatformAgent for net.neoforged.fml.loading.mixin.FMLMixinContainerHandle@13047d7d
[15:48:00] [main/DEBUG] [mixin/]: FMLMixinPlatformAgent accepted container net.neoforged.fml.loading.mixin.FMLMixinContainerHandle@13047d7d
[15:48:00] [main/DEBUG] [cp.mo.mo.TransformationServicesHandler/MODLAUNCHER]: Transformation services loading transformers
[15:48:00] [main/DEBUG] [cp.mo.mo.TransformationServiceDecorator/MODLAUNCHER]: Initializing transformers for transformation service mixin
[15:48:00] [main/DEBUG] [cp.mo.mo.TransformationServiceDecorator/MODLAUNCHER]: Initialized transformers for transformation service mixin
[15:48:00] [main/DEBUG] [cp.mo.mo.TransformationServiceDecorator/MODLAUNCHER]: Initializing transformers for transformation service fml
[15:48:00] [main/DEBUG] [ne.ne.fm.lo.FMLServiceProvider/LOADING]: Loading coremod transformers
[15:48:00] [main/DEBUG] [ne.ne.fm.lo.FMLServiceProvider/CORE]: Not loading coremod script-engine since no mod requested it
[15:48:00] [main/DEBUG] [ne.ne.fm.ut.ServiceLoaderUtil/CORE]: Found 1 implementations of ICoreMod:
[15:48:00] [main/DEBUG] [ne.ne.fm.ut.ServiceLoaderUtil/CORE]: 	net.neoforged.neoforge.coremods.NeoForgeCoreMod from neoforge-21.1.228.jar > net.neoforged.neoforge-coremods-21.1.228.jar
[15:48:00] [main/DEBUG] [ne.ne.fm.lo.FMLServiceProvider/CORE]: Adding [Target[className=net.minecraft.world.level.biome.Biome, elementName=, elementDescriptor=, targetType=cpw.mods.modlauncher.api.TargetType@3d2ee678]] transformer from core-mod net.neoforged.neoforge.coremods.NeoForgeCoreMod@770b3be0 in neoforge-21.1.228.jar > net.neoforged.neoforge-coremods-21.1.228.jar
[15:48:00] [main/DEBUG] [ne.ne.fm.lo.FMLServiceProvider/CORE]: Adding [Target[className=net.minecraft.world.level.levelgen.structure.Structure, elementName=, elementDescriptor=, targetType=cpw.mods.modlauncher.api.TargetType@3d2ee678]] transformer from core-mod net.neoforged.neoforge.coremods.NeoForgeCoreMod@770b3be0 in neoforge-21.1.228.jar > net.neoforged.neoforge-coremods-21.1.228.jar
[15:48:00] [main/DEBUG] [ne.ne.fm.lo.FMLServiceProvider/CORE]: Adding [Target[className=net.minecraft.world.level.block.FlowerPotBlock, elementName=, elementDescriptor=, targetType=cpw.mods.modlauncher.api.TargetType@3d2ee678]] transformer from core-mod net.neoforged.neoforge.coremods.NeoForgeCoreMod@770b3be0 in neoforge-21.1.228.jar > net.neoforged.neoforge-coremods-21.1.228.jar
[15:48:00] [main/DEBUG] [ne.ne.fm.lo.FMLServiceProvider/CORE]: Adding [Target[className=net/minecraft/world/entity/monster/Evoker$EvokerSummonSpellGoal, elementName=, elementDescriptor=, targetType=cpw.mods.modlauncher.api.TargetType@3d2ee678], Target[className=net/minecraft/world/level/levelgen/structure/structures/OceanMonumentPieces$OceanMonumentPiece, elementName=, elementDescriptor=, targetType=cpw.mods.modlauncher.api.TargetType@3d2ee678], Target[className=net/minecraft/world/entity/animal/frog/Tadpole, elementName=, elementDescriptor=, targetType=cpw.mods.modlauncher.api.TargetType@3d2ee678], Target[className=net/minecraft/server/commands/RaidCommand, elementName=, elementDescriptor=, targetType=cpw.mods.modlauncher.api.TargetType@3d2ee678], Target[className=net/minecraft/world/entity/EntityType, elementName=, elementDescriptor=, targetType=cpw.mods.modlauncher.api.TargetType@3d2ee678], Target[className=net/minecraft/world/entity/animal/horse/SkeletonTrapGoal, elementName=, elementDescriptor=, targetType=cpw.mods.modlauncher.api.TargetType@3d2ee678], Target[className=net/minecraft/world/entity/monster/ZombieVillager, elementName=, elementDescriptor=, targetType=cpw.mods.modlauncher.api.TargetType@3d2ee678], Target[className=net/minecraft/world/level/NaturalSpawner, elementName=, elementDescriptor=, targetType=cpw.mods.modlauncher.api.TargetType@3d2ee678], Target[className=net/minecraft/world/entity/raid/Raid, elementName=, elementDescriptor=, targetType=cpw.mods.modlauncher.api.TargetType@3d2ee678], Target[className=net/minecraft/world/entity/monster/Zombie, elementName=, elementDescriptor=, targetType=cpw.mods.modlauncher.api.TargetType@3d2ee678], Target[className=net/minecraft/world/entity/monster/Spider, elementName=, elementDescriptor=, targetType=cpw.mods.modlauncher.api.TargetType@3d2ee678], Target[className=net/minecraft/server/commands/SummonCommand, elementName=, elementDescriptor=, targetType=cpw.mods.modlauncher.api.TargetType@3d2ee678], Target[className=net/minecraft/world/level/levelgen/structure/structures/WoodlandMansionPieces$WoodlandMansionPiece, elementName=, elementDescriptor=, targetType=cpw.mods.modlauncher.api.TargetType@3d2ee678], Target[className=net/minecraft/world/level/levelgen/PhantomSpawner, elementName=, elementDescriptor=, targetType=cpw.mods.modlauncher.api.TargetType@3d2ee678], Target[className=net/minecraft/world/entity/ai/village/VillageSiege, elementName=, elementDescriptor=, targetType=cpw.mods.modlauncher.api.TargetType@3d2ee678], Target[className=net/minecraft/world/entity/npc/CatSpawner, elementName=, elementDescriptor=, targetType=cpw.mods.modlauncher.api.TargetType@3d2ee678], Target[className=net/minecraft/world/entity/monster/Strider, elementName=, elementDescriptor=, targetType=cpw.mods.modlauncher.api.TargetType@3d2ee678], Target[className=net/minecraft/world/level/levelgen/structure/templatesystem/StructureTemplate, elementName=, elementDescriptor=, targetType=cpw.mods.modlauncher.api.TargetType@3d2ee678], Target[className=net/minecraft/world/entity/npc/Villager, elementName=, elementDescriptor=, targetType=cpw.mods.modlauncher.api.TargetType@3d2ee678], Target[className=net/minecraft/world/level/levelgen/structure/structures/SwampHutPiece, elementName=, elementDescriptor=, targetType=cpw.mods.modlauncher.api.TargetType@3d2ee678], Target[className=net/minecraft/world/level/levelgen/PatrolSpawner, elementName=, elementDescriptor=, targetType=cpw.mods.modlauncher.api.TargetType@3d2ee678], Target[className=net/minecraft/world/level/levelgen/structure/structures/OceanRuinPieces$OceanRuinPiece, elementName=, elementDescriptor=, targetType=cpw.mods.modlauncher.api.TargetType@3d2ee678]] transformer from core-mod net.neoforged.neoforge.coremods.NeoForgeCoreMod@770b3be0 in neoforge-21.1.228.jar > net.neoforged.neoforge-coremods-21.1.228.jar
[15:48:00] [main/DEBUG] [cp.mo.mo.TransformStore/MODLAUNCHER]: Adding transformer net.neoforged.neoforge.coremods.ReplaceFieldWithGetterAccess@3104351d to Target : cpw.mods.modlauncher.api.TargetType@3d2ee678 {Lnet/minecraft/world/level/biome/Biome;} {} {V}
[15:48:00] [main/DEBUG] [cp.mo.mo.TransformStore/MODLAUNCHER]: Adding transformer net.neoforged.neoforge.coremods.ReplaceFieldWithGetterAccess@48b22fd4 to Target : cpw.mods.modlauncher.api.TargetType@3d2ee678 {Lnet/minecraft/world/level/levelgen/structure/Structure;} {} {V}
[15:48:00] [main/DEBUG] [cp.mo.mo.TransformStore/MODLAUNCHER]: Adding transformer net.neoforged.neoforge.coremods.ReplaceFieldWithGetterAccess@6a9d5dff to Target : cpw.mods.modlauncher.api.TargetType@3d2ee678 {Lnet/minecraft/world/level/block/FlowerPotBlock;} {} {V}
[15:48:00] [main/DEBUG] [cp.mo.mo.TransformStore/MODLAUNCHER]: Adding transformer net.neoforged.neoforge.coremods.MethodRedirector@3b08f438 to Target : cpw.mods.modlauncher.api.TargetType@3d2ee678 {Lnet/minecraft/world/entity/monster/Evoker$EvokerSummonSpellGoal;} {} {V}
[15:48:00] [main/DEBUG] [cp.mo.mo.TransformStore/MODLAUNCHER]: Adding transformer net.neoforged.neoforge.coremods.MethodRedirector@3b08f438 to Target : cpw.mods.modlauncher.api.TargetType@3d2ee678 {Lnet/minecraft/world/level/levelgen/structure/structures/OceanMonumentPieces$OceanMonumentPiece;} {} {V}
[15:48:00] [main/DEBUG] [cp.mo.mo.TransformStore/MODLAUNCHER]: Adding transformer net.neoforged.neoforge.coremods.MethodRedirector@3b08f438 to Target : cpw.mods.modlauncher.api.TargetType@3d2ee678 {Lnet/minecraft/world/entity/animal/frog/Tadpole;} {} {V}
[15:48:00] [main/DEBUG] [cp.mo.mo.TransformStore/MODLAUNCHER]: Adding transformer net.neoforged.neoforge.coremods.MethodRedirector@3b08f438 to Target : cpw.mods.modlauncher.api.TargetType@3d2ee678 {Lnet/minecraft/server/commands/RaidCommand;} {} {V}
[15:48:00] [main/DEBUG] [cp.mo.mo.TransformStore/MODLAUNCHER]: Adding transformer net.neoforged.neoforge.coremods.MethodRedirector@3b08f438 to Target : cpw.mods.modlauncher.api.TargetType@3d2ee678 {Lnet/minecraft/world/entity/EntityType;} {} {V}
[15:48:00] [main/DEBUG] [cp.mo.mo.TransformStore/MODLAUNCHER]: Adding transformer net.neoforged.neoforge.coremods.MethodRedirector@3b08f438 to Target : cpw.mods.modlauncher.api.TargetType@3d2ee678 {Lnet/minecraft/world/entity/animal/horse/SkeletonTrapGoal;} {} {V}
[15:48:00] [main/DEBUG] [cp.mo.mo.TransformStore/MODLAUNCHER]: Adding transformer net.neoforged.neoforge.coremods.MethodRedirector@3b08f438 to Target : cpw.mods.modlauncher.api.TargetType@3d2ee678 {Lnet/minecraft/world/entity/monster/ZombieVillager;} {} {V}
[15:48:00] [main/DEBUG] [cp.mo.mo.TransformStore/MODLAUNCHER]: Adding transformer net.neoforged.neoforge.coremods.MethodRedirector@3b08f438 to Target : cpw.mods.modlauncher.api.TargetType@3d2ee678 {Lnet/minecraft/world/level/NaturalSpawner;} {} {V}
[15:48:00] [main/DEBUG] [cp.mo.mo.TransformStore/MODLAUNCHER]: Adding transformer net.neoforged.neoforge.coremods.MethodRedirector@3b08f438 to Target : cpw.mods.modlauncher.api.TargetType@3d2ee678 {Lnet/minecraft/world/entity/raid/Raid;} {} {V}
[15:48:00] [main/DEBUG] [cp.mo.mo.TransformStore/MODLAUNCHER]: Adding transformer net.neoforged.neoforge.coremods.MethodRedirector@3b08f438 to Target : cpw.mods.modlauncher.api.TargetType@3d2ee678 {Lnet/minecraft/world/entity/monster/Zombie;} {} {V}
[15:48:00] [main/DEBUG] [cp.mo.mo.TransformStore/MODLAUNCHER]: Adding transformer net.neoforged.neoforge.coremods.MethodRedirector@3b08f438 to Target : cpw.mods.modlauncher.api.TargetType@3d2ee678 {Lnet/minecraft/world/entity/monster/Spider;} {} {V}
[15:48:00] [main/DEBUG] [cp.mo.mo.TransformStore/MODLAUNCHER]: Adding transformer net.neoforged.neoforge.coremods.MethodRedirector@3b08f438 to Target : cpw.mods.modlauncher.api.TargetType@3d2ee678 {Lnet/minecraft/server/commands/SummonCommand;} {} {V}
[15:48:00] [main/DEBUG] [cp.mo.mo.TransformStore/MODLAUNCHER]: Adding transformer net.neoforged.neoforge.coremods.MethodRedirector@3b08f438 to Target : cpw.mods.modlauncher.api.TargetType@3d2ee678 {Lnet/minecraft/world/level/levelgen/structure/structures/WoodlandMansionPieces$WoodlandMansionPiece;} {} {V}
[15:48:00] [main/DEBUG] [cp.mo.mo.TransformStore/MODLAUNCHER]: Adding transformer net.neoforged.neoforge.coremods.MethodRedirector@3b08f438 to Target : cpw.mods.modlauncher.api.TargetType@3d2ee678 {Lnet/minecraft/world/level/levelgen/PhantomSpawner;} {} {V}
[15:48:00] [main/DEBUG] [cp.mo.mo.TransformStore/MODLAUNCHER]: Adding transformer net.neoforged.neoforge.coremods.MethodRedirector@3b08f438 to Target : cpw.mods.modlauncher.api.TargetType@3d2ee678 {Lnet/minecraft/world/entity/ai/village/VillageSiege;} {} {V}
[15:48:00] [main/DEBUG] [cp.mo.mo.TransformStore/MODLAUNCHER]: Adding transformer net.neoforged.neoforge.coremods.MethodRedirector@3b08f438 to Target : cpw.mods.modlauncher.api.TargetType@3d2ee678 {Lnet/minecraft/world/entity/npc/CatSpawner;} {} {V}
[15:48:00] [main/DEBUG] [cp.mo.mo.TransformStore/MODLAUNCHER]: Adding transformer net.neoforged.neoforge.coremods.MethodRedirector@3b08f438 to Target : cpw.mods.modlauncher.api.TargetType@3d2ee678 {Lnet/minecraft/world/entity/monster/Strider;} {} {V}
[15:48:00] [main/DEBUG] [cp.mo.mo.TransformStore/MODLAUNCHER]: Adding transformer net.neoforged.neoforge.coremods.MethodRedirector@3b08f438 to Target : cpw.mods.modlauncher.api.TargetType@3d2ee678 {Lnet/minecraft/world/level/levelgen/structure/templatesystem/StructureTemplate;} {} {V}
[15:48:00] [main/DEBUG] [cp.mo.mo.TransformStore/MODLAUNCHER]: Adding transformer net.neoforged.neoforge.coremods.MethodRedirector@3b08f438 to Target : cpw.mods.modlauncher.api.TargetType@3d2ee678 {Lnet/minecraft/world/entity/npc/Villager;} {} {V}
[15:48:00] [main/DEBUG] [cp.mo.mo.TransformStore/MODLAUNCHER]: Adding transformer net.neoforged.neoforge.coremods.MethodRedirector@3b08f438 to Target : cpw.mods.modlauncher.api.TargetType@3d2ee678 {Lnet/minecraft/world/level/levelgen/structure/structures/SwampHutPiece;} {} {V}
[15:48:00] [main/DEBUG] [cp.mo.mo.TransformStore/MODLAUNCHER]: Adding transformer net.neoforged.neoforge.coremods.MethodRedirector@3b08f438 to Target : cpw.mods.modlauncher.api.TargetType@3d2ee678 {Lnet/minecraft/world/level/levelgen/PatrolSpawner;} {} {V}
[15:48:00] [main/DEBUG] [cp.mo.mo.TransformStore/MODLAUNCHER]: Adding transformer net.neoforged.neoforge.coremods.MethodRedirector@3b08f438 to Target : cpw.mods.modlauncher.api.TargetType@3d2ee678 {Lnet/minecraft/world/level/levelgen/structure/structures/OceanRuinPieces$OceanRuinPiece;} {} {V}
[15:48:00] [main/DEBUG] [cp.mo.mo.TransformationServiceDecorator/MODLAUNCHER]: Initialized transformers for transformation service fml
[15:48:01] [main/DEBUG] [mixin/]: Processing prepare() for PlatformAgent[MixinPlatformAgentDefault:ModLauncher Root Container(ModLauncher:4f56a0a2)]
[15:48:01] [main/DEBUG] [mixin/]: Processing prepare() for PlatformAgent[MixinPlatformAgentDefault:net.neoforged.fml.loading.mixin.FMLMixinContainerHandle@13047d7d]
[15:48:01] [main/DEBUG] [mixin/]: Processing prepare() for PlatformAgent[FMLMixinPlatformAgent:null]
[15:48:01] [main/DEBUG] [mixin/]: Compatibility level JAVA_21 specified by veil.command.mixins.json is higher than the maximum level supported by this version of mixin (JAVA_13).
[15:48:01] [main/INFO] [mixin/]: Compatibility level set to JAVA_21
[15:48:01] [main/DEBUG] [mixin/]: Processing launch tasks for PlatformAgent[MixinPlatformAgentDefault:ModLauncher Root Container(ModLauncher:4f56a0a2)]
[15:48:01] [main/DEBUG] [mixin/]: Adding mixin platform agents for container SecureJarResource(mixin_synthetic)
[15:48:01] [main/DEBUG] [mixin/]: Instancing new MixinPlatformAgentMinecraftForge for SecureJarResource(mixin_synthetic)
[15:48:01] [main/DEBUG] [mixin/]: MixinPlatformAgentMinecraftForge rejected container SecureJarResource(mixin_synthetic)
[15:48:01] [main/DEBUG] [mixin/]: Instancing new MixinPlatformAgentDefault for SecureJarResource(mixin_synthetic)
[15:48:01] [main/DEBUG] [mixin/]: MixinPlatformAgentDefault accepted container SecureJarResource(mixin_synthetic)
[15:48:01] [main/DEBUG] [mixin/]: Instancing new FMLMixinPlatformAgent for SecureJarResource(mixin_synthetic)
[15:48:01] [main/DEBUG] [mixin/]: FMLMixinPlatformAgent rejected container SecureJarResource(mixin_synthetic)
[15:48:01] [main/DEBUG] [mixin/]: Processing prepare() for PlatformAgent[MixinPlatformAgentDefault:SecureJarResource(mixin_synthetic)]
[15:48:01] [main/DEBUG] [mixin/]: Adding mixin platform agents for container SecureJarResource(minecraft)
[15:48:01] [main/DEBUG] [mixin/]: Instancing new MixinPlatformAgentMinecraftForge for SecureJarResource(minecraft)
[15:48:01] [main/DEBUG] [mixin/]: MixinPlatformAgentMinecraftForge rejected container SecureJarResource(minecraft)
[15:48:01] [main/DEBUG] [mixin/]: Instancing new MixinPlatformAgentDefault for SecureJarResource(minecraft)
[15:48:01] [main/DEBUG] [mixin/]: MixinPlatformAgentDefault accepted container SecureJarResource(minecraft)
[15:48:01] [main/DEBUG] [mixin/]: Instancing new FMLMixinPlatformAgent for SecureJarResource(minecraft)
[15:48:01] [main/DEBUG] [mixin/]: FMLMixinPlatformAgent rejected container SecureJarResource(minecraft)
[15:48:01] [main/DEBUG] [mixin/]: Processing prepare() for PlatformAgent[MixinPlatformAgentDefault:SecureJarResource(minecraft)]
[15:48:01] [main/DEBUG] [mixin/]: Adding mixin platform agents for container SecureJarResource(veil)
[15:48:01] [main/DEBUG] [mixin/]: Instancing new MixinPlatformAgentMinecraftForge for SecureJarResource(veil)
[15:48:01] [main/DEBUG] [mixin/]: MixinPlatformAgentMinecraftForge rejected container SecureJarResource(veil)
[15:48:01] [main/DEBUG] [mixin/]: Instancing new MixinPlatformAgentDefault for SecureJarResource(veil)
[15:48:01] [main/DEBUG] [mixin/]: MixinPlatformAgentDefault accepted container SecureJarResource(veil)
[15:48:01] [main/DEBUG] [mixin/]: Instancing new FMLMixinPlatformAgent for SecureJarResource(veil)
[15:48:01] [main/DEBUG] [mixin/]: FMLMixinPlatformAgent rejected container SecureJarResource(veil)
[15:48:01] [main/DEBUG] [mixin/]: Processing prepare() for PlatformAgent[MixinPlatformAgentDefault:SecureJarResource(veil)]
[15:48:01] [main/DEBUG] [mixin/]: Adding mixin platform agents for container SecureJarResource(sablecompanion)
[15:48:01] [main/DEBUG] [mixin/]: Instancing new MixinPlatformAgentMinecraftForge for SecureJarResource(sablecompanion)
[15:48:01] [main/DEBUG] [mixin/]: MixinPlatformAgentMinecraftForge rejected container SecureJarResource(sablecompanion)
[15:48:01] [main/DEBUG] [mixin/]: Instancing new MixinPlatformAgentDefault for SecureJarResource(sablecompanion)
[15:48:01] [main/DEBUG] [mixin/]: MixinPlatformAgentDefault accepted container SecureJarResource(sablecompanion)
[15:48:01] [main/DEBUG] [mixin/]: Instancing new FMLMixinPlatformAgent for SecureJarResource(sablecompanion)
[15:48:01] [main/DEBUG] [mixin/]: FMLMixinPlatformAgent rejected container SecureJarResource(sablecompanion)
[15:48:01] [main/DEBUG] [mixin/]: Processing prepare() for PlatformAgent[MixinPlatformAgentDefault:SecureJarResource(sablecompanion)]
[15:48:01] [main/DEBUG] [mixin/]: Adding mixin platform agents for container SecureJarResource(sable)
[15:48:01] [main/DEBUG] [mixin/]: Instancing new MixinPlatformAgentMinecraftForge for SecureJarResource(sable)
[15:48:01] [main/DEBUG] [mixin/]: MixinPlatformAgentMinecraftForge rejected container SecureJarResource(sable)
[15:48:01] [main/DEBUG] [mixin/]: Instancing new MixinPlatformAgentDefault for SecureJarResource(sable)
[15:48:01] [main/DEBUG] [mixin/]: MixinPlatformAgentDefault accepted container SecureJarResource(sable)
[15:48:01] [main/DEBUG] [mixin/]: Instancing new FMLMixinPlatformAgent for SecureJarResource(sable)
[15:48:01] [main/DEBUG] [mixin/]: FMLMixinPlatformAgent rejected container SecureJarResource(sable)
[15:48:01] [main/DEBUG] [mixin/]: Processing prepare() for PlatformAgent[MixinPlatformAgentDefault:SecureJarResource(sable)]
[15:48:01] [main/DEBUG] [mixin/]: Adding mixin platform agents for container SecureJarResource(sablescale)
[15:48:01] [main/DEBUG] [mixin/]: Instancing new MixinPlatformAgentMinecraftForge for SecureJarResource(sablescale)
[15:48:01] [main/DEBUG] [mixin/]: MixinPlatformAgentMinecraftForge rejected container SecureJarResource(sablescale)
[15:48:01] [main/DEBUG] [mixin/]: Instancing new MixinPlatformAgentDefault for SecureJarResource(sablescale)
[15:48:01] [main/DEBUG] [mixin/]: MixinPlatformAgentDefault accepted container SecureJarResource(sablescale)
[15:48:01] [main/DEBUG] [mixin/]: Instancing new FMLMixinPlatformAgent for SecureJarResource(sablescale)
[15:48:01] [main/DEBUG] [mixin/]: FMLMixinPlatformAgent rejected container SecureJarResource(sablescale)
[15:48:01] [main/DEBUG] [mixin/]: Processing prepare() for PlatformAgent[MixinPlatformAgentDefault:SecureJarResource(sablescale)]
[15:48:01] [main/DEBUG] [mixin/]: Adding mixin platform agents for container SecureJarResource(antikytheramechanism)
[15:48:01] [main/DEBUG] [mixin/]: Instancing new MixinPlatformAgentMinecraftForge for SecureJarResource(antikytheramechanism)
[15:48:01] [main/DEBUG] [mixin/]: MixinPlatformAgentMinecraftForge rejected container SecureJarResource(antikytheramechanism)
[15:48:01] [main/DEBUG] [mixin/]: Instancing new MixinPlatformAgentDefault for SecureJarResource(antikytheramechanism)
[15:48:01] [main/DEBUG] [mixin/]: MixinPlatformAgentDefault accepted container SecureJarResource(antikytheramechanism)
[15:48:01] [main/DEBUG] [mixin/]: Instancing new FMLMixinPlatformAgent for SecureJarResource(antikytheramechanism)
[15:48:01] [main/DEBUG] [mixin/]: FMLMixinPlatformAgent rejected container SecureJarResource(antikytheramechanism)
[15:48:01] [main/DEBUG] [mixin/]: Processing prepare() for PlatformAgent[MixinPlatformAgentDefault:SecureJarResource(antikytheramechanism)]
[15:48:01] [main/DEBUG] [mixin/]: Adding mixin platform agents for container SecureJarResource(sable_rapier)
[15:48:01] [main/DEBUG] [mixin/]: Instancing new MixinPlatformAgentMinecraftForge for SecureJarResource(sable_rapier)
[15:48:01] [main/DEBUG] [mixin/]: MixinPlatformAgentMinecraftForge rejected container SecureJarResource(sable_rapier)
[15:48:01] [main/DEBUG] [mixin/]: Instancing new MixinPlatformAgentDefault for SecureJarResource(sable_rapier)
[15:48:01] [main/DEBUG] [mixin/]: MixinPlatformAgentDefault accepted container SecureJarResource(sable_rapier)
[15:48:01] [main/DEBUG] [mixin/]: Instancing new FMLMixinPlatformAgent for SecureJarResource(sable_rapier)
[15:48:01] [main/DEBUG] [mixin/]: FMLMixinPlatformAgent rejected container SecureJarResource(sable_rapier)
[15:48:01] [main/DEBUG] [mixin/]: Processing prepare() for PlatformAgent[MixinPlatformAgentDefault:SecureJarResource(sable_rapier)]
[15:48:01] [main/DEBUG] [mixin/]: Adding mixin platform agents for container SecureJarResource(mixinsquared.neoforge)
[15:48:01] [main/DEBUG] [mixin/]: Instancing new MixinPlatformAgentMinecraftForge for SecureJarResource(mixinsquared.neoforge)
[15:48:01] [main/DEBUG] [mixin/]: MixinPlatformAgentMinecraftForge rejected container SecureJarResource(mixinsquared.neoforge)
[15:48:01] [main/DEBUG] [mixin/]: Instancing new MixinPlatformAgentDefault for SecureJarResource(mixinsquared.neoforge)
[15:48:01] [main/DEBUG] [mixin/]: MixinPlatformAgentDefault accepted container SecureJarResource(mixinsquared.neoforge)
[15:48:01] [main/DEBUG] [mixin/]: Instancing new FMLMixinPlatformAgent for SecureJarResource(mixinsquared.neoforge)
[15:48:01] [main/DEBUG] [mixin/]: FMLMixinPlatformAgent rejected container SecureJarResource(mixinsquared.neoforge)
[15:48:01] [main/DEBUG] [mixin/]: Processing prepare() for PlatformAgent[MixinPlatformAgentDefault:SecureJarResource(mixinsquared.neoforge)]
[15:48:01] [main/DEBUG] [mixin/]: Registering mixin config: mixinsquared.init.mixins.json source=SecureJarResource(mixinsquared.neoforge)
[15:48:01] [main/DEBUG] [mixin/]: Adding mixin platform agents for container SecureJarResource(mixinextras.neoforge)
[15:48:01] [main/DEBUG] [mixin/]: Instancing new MixinPlatformAgentMinecraftForge for SecureJarResource(mixinextras.neoforge)
[15:48:01] [main/DEBUG] [mixin/]: MixinPlatformAgentMinecraftForge rejected container SecureJarResource(mixinextras.neoforge)
[15:48:01] [main/DEBUG] [mixin/]: Instancing new MixinPlatformAgentDefault for SecureJarResource(mixinextras.neoforge)
[15:48:01] [main/DEBUG] [mixin/]: MixinPlatformAgentDefault accepted container SecureJarResource(mixinextras.neoforge)
[15:48:01] [main/DEBUG] [mixin/]: Instancing new FMLMixinPlatformAgent for SecureJarResource(mixinextras.neoforge)
[15:48:01] [main/DEBUG] [mixin/]: FMLMixinPlatformAgent rejected container SecureJarResource(mixinextras.neoforge)
[15:48:01] [main/DEBUG] [mixin/]: Processing prepare() for PlatformAgent[MixinPlatformAgentDefault:SecureJarResource(mixinextras.neoforge)]
[15:48:01] [main/DEBUG] [mixin/]: Registering mixin config: mixinextras.init.mixins.json source=SecureJarResource(mixinextras.neoforge)
[15:48:01] [main/DEBUG] [mixin/]: inject() running with 12 agents
[15:48:01] [main/DEBUG] [mixin/]: Processing inject() for PlatformAgent[MixinPlatformAgentDefault:ModLauncher Root Container(ModLauncher:4f56a0a2)]
[15:48:01] [main/DEBUG] [mixin/]: Processing inject() for PlatformAgent[MixinPlatformAgentDefault:net.neoforged.fml.loading.mixin.FMLMixinContainerHandle@13047d7d]
[15:48:01] [main/DEBUG] [mixin/]: Processing inject() for PlatformAgent[FMLMixinPlatformAgent:null]
[15:48:01] [main/DEBUG] [mixin/]: Processing inject() for PlatformAgent[MixinPlatformAgentDefault:SecureJarResource(mixin_synthetic)]
[15:48:01] [main/DEBUG] [mixin/]: Processing inject() for PlatformAgent[MixinPlatformAgentDefault:SecureJarResource(minecraft)]
[15:48:01] [main/DEBUG] [mixin/]: Processing inject() for PlatformAgent[MixinPlatformAgentDefault:SecureJarResource(veil)]
[15:48:01] [main/DEBUG] [mixin/]: Processing inject() for PlatformAgent[MixinPlatformAgentDefault:SecureJarResource(sablecompanion)]
[15:48:01] [main/DEBUG] [mixin/]: Processing inject() for PlatformAgent[MixinPlatformAgentDefault:SecureJarResource(sable)]
[15:48:01] [main/DEBUG] [mixin/]: Processing inject() for PlatformAgent[MixinPlatformAgentDefault:SecureJarResource(sablescale)]
[15:48:01] [main/DEBUG] [mixin/]: Processing inject() for PlatformAgent[MixinPlatformAgentDefault:SecureJarResource(antikytheramechanism)]
[15:48:01] [main/DEBUG] [mixin/]: Processing inject() for PlatformAgent[MixinPlatformAgentDefault:SecureJarResource(sable_rapier)]
[15:48:01] [main/DEBUG] [mixin/]: Processing inject() for PlatformAgent[MixinPlatformAgentDefault:SecureJarResource(mixinsquared.neoforge)]
[15:48:01] [main/DEBUG] [mixin/]: Processing inject() for PlatformAgent[MixinPlatformAgentDefault:SecureJarResource(mixinextras.neoforge)]
[15:48:01] [main/INFO] [cp.mo.mo.LaunchServiceHandler/MODLAUNCHER]: Launching target 'forgeserverdev' with arguments [--gameDir, .]
[15:48:01] [main/DEBUG] [mixin/]: Preparing mixins for MixinEnvironment[DEFAULT]
[15:48:01] [main/DEBUG] [mixin/]: Selecting config veil.command.mixins.json
[15:48:01] [main/DEBUG] [mixin/]: Selecting config veil.debug.mixins.json
[15:48:01] [main/DEBUG] [mixin/]: Selecting config veil.dynamicbuffer.mixins.json
[15:48:01] [main/DEBUG] [mixin/]: Selecting config veil.fix.mixins.json
[15:48:01] [main/DEBUG] [mixin/]: Selecting config veil.framebuffer.mixins.json
[15:48:01] [main/DEBUG] [mixin/]: Selecting config veil.necromancer.mixins.json
[15:48:01] [main/DEBUG] [mixin/]: Selecting config veil.network.mixins.json
[15:48:01] [main/DEBUG] [mixin/]: Selecting config veil.performance.mixins.json
[15:48:01] [main/DEBUG] [mixin/]: Selecting config veil.perspective.mixins.json
[15:48:01] [main/DEBUG] [mixin/]: Selecting config veil.pipeline.mixins.json
[15:48:01] [main/DEBUG] [mixin/]: Selecting config veil.quasar.mixins.json
[15:48:01] [main/DEBUG] [mixin/]: Selecting config veil.registry.mixins.json
[15:48:01] [main/DEBUG] [mixin/]: Selecting config veil.rendertype.mixins.json
[15:48:01] [main/DEBUG] [mixin/]: Selecting config veil.resource.mixins.json
[15:48:01] [main/DEBUG] [mixin/]: Selecting config veil.scheduler.mixins.json
[15:48:01] [main/DEBUG] [mixin/]: Selecting config veil.shader.mixins.json
[15:48:01] [main/DEBUG] [mixin/]: Selecting config veil.neoforge.mixins.json
[15:48:01] [main/DEBUG] [mixin/]: Selecting config neoforge.mixins.json
[15:48:01] [main/DEBUG] [mixin/]: Selecting config sable.mixins.json
[15:48:01] [main/INFO] [de.ry.sa.mi.AbstractSableMixinPlugin/]: Using Vanilla renderer mixins
[15:48:01] [main/DEBUG] [mixin/]: Selecting config sable-neoforge.mixins.json
[15:48:01] [main/INFO] [de.ry.sa.mi.AbstractSableMixinPlugin/]: Using Vanilla renderer mixins
[15:48:01] [main/DEBUG] [mixin/]: Selecting config sablescale.mixins.json
[15:48:01] [main/DEBUG] [mixin/]: Selecting config sablescale.flywheel.mixins.json
[15:48:01] [main/INFO] [de.sa.co.RequiredModsMixinPlugin/]: [Sable Scale] patch 'Flywheel sub-level scaling' dormant - missing one of sable, flywheel; skipping its mixins.
[15:48:01] [main/DEBUG] [mixin/]: Selecting config sablescale.simulated.mixins.json
[15:48:01] [main/INFO] [de.sa.co.RequiredModsMixinPlugin/]: [Sable Scale] patch 'Create Simulated sub-level scaling' dormant - missing one of sable, simulated; skipping its mixins.
[15:48:01] [main/DEBUG] [mixin/]: Selecting config antikytheramechanism.mixins.json
[15:48:01] [main/DEBUG] [mixin/]: Selecting config antikytheramechanism.client.mixins.json
[15:48:01] [main/DEBUG] [mixin/]: Selecting config mixinsquared.init.mixins.json
[15:48:01] [main/DEBUG] [mixin/]: Registering new target selector for @mixinsquared:handler with com.bawnorton.mixinsquared.selector.DynamicSelectorHandler
[15:48:01] [main/DEBUG] [mixin/]: Selecting config mixinextras.init.mixins.json
[15:48:01] [main/DEBUG] [MixinExtras|Service/]: com.llamalad7.mixinextras.service.MixinExtrasServiceImpl(version=0.5.3) is taking over from null
[15:48:01] [main/DEBUG] [mixin/]: Registering new injector for @Inject with org.spongepowered.asm.mixin.injection.struct.CallbackInjectionInfo
[15:48:01] [main/DEBUG] [mixin/]: Registering new injector for @ModifyArg with org.spongepowered.asm.mixin.injection.struct.ModifyArgInjectionInfo
[15:48:01] [main/DEBUG] [mixin/]: Registering new injector for @ModifyArgs with org.spongepowered.asm.mixin.injection.struct.ModifyArgsInjectionInfo
[15:48:01] [main/DEBUG] [mixin/]: Registering new injector for @Redirect with org.spongepowered.asm.mixin.injection.struct.RedirectInjectionInfo
[15:48:01] [main/DEBUG] [mixin/]: Registering new injector for @ModifyVariable with org.spongepowered.asm.mixin.injection.struct.ModifyVariableInjectionInfo
[15:48:01] [main/DEBUG] [mixin/]: Registering new injector for @ModifyConstant with org.spongepowered.asm.mixin.injection.struct.ModifyConstantInjectionInfo
[15:48:01] [main/DEBUG] [mixin/]: Preparing veil.command.mixins.json (1)
[15:48:01] [main/DEBUG] [mixin/]: Preparing veil.debug.mixins.json (15)
[15:48:01] [main/DEBUG] [mixin/]: Preparing veil.dynamicbuffer.mixins.json (5)
[15:48:01] [main/DEBUG] [mixin/]: Preparing veil.fix.mixins.json (3)
[15:48:01] [main/DEBUG] [mixin/]: Preparing veil.framebuffer.mixins.json (1)
[15:48:01] [main/DEBUG] [mixin/]: Preparing veil.necromancer.mixins.json (2)
[15:48:01] [main/DEBUG] [mixin/]: Preparing veil.network.mixins.json (3)
[15:48:01] [main/DEBUG] [mixin/]: Preparing veil.performance.mixins.json (4)
[15:48:01] [main/DEBUG] [mixin/]: Preparing veil.perspective.mixins.json (3)
[15:48:01] [main/DEBUG] [mixin/]: Preparing veil.pipeline.mixins.json (19)
[15:48:01] [main/DEBUG] [mixin/]: Preparing veil.quasar.mixins.json (2)
[15:48:01] [main/DEBUG] [mixin/]: Preparing veil.registry.mixins.json (1)
[15:48:01] [main/DEBUG] [mixin/]: Preparing veil.rendertype.mixins.json (6)
[15:48:01] [main/DEBUG] [mixin/]: Preparing veil.resource.mixins.json (6)
[15:48:01] [main/DEBUG] [mixin/]: Preparing veil.scheduler.mixins.json (1)
[15:48:01] [main/DEBUG] [mixin/]: Preparing veil.shader.mixins.json (4)
[15:48:01] [main/DEBUG] [mixin/]: Preparing veil.neoforge.mixins.json (34)
[15:48:01] [main/DEBUG] [mixin/]: Preparing neoforge.mixins.json (2)
[15:48:01] [main/DEBUG] [mixin/]: Preparing sable.mixins.json (215)
[15:48:01] [main/ERROR] [ne.ne.fm.co.as.RuntimeDistCleaner/DISTXFORM]: Attempted to load class net/minecraft/client/multiplayer/ClientLevel for invalid dist DEDICATED_SERVER
[15:48:01] [main/WARN] [mixin/]: Error loading class: net/minecraft/client/multiplayer/ClientLevel (java.lang.RuntimeException: Attempted to load class net/minecraft/client/multiplayer/ClientLevel for invalid dist DEDICATED_SERVER)
[15:48:01] [main/DEBUG] [mixin/]: Skipping virtual target net.minecraft.client.multiplayer.ClientLevel for sable.mixins.json:entity.entity_aabb_lookup.LevelsMixin from mod sable
[15:48:01] [main/ERROR] [ne.ne.fm.co.as.RuntimeDistCleaner/DISTXFORM]: Attempted to load class net/minecraft/client/multiplayer/ClientLevel for invalid dist DEDICATED_SERVER
[15:48:01] [main/WARN] [mixin/]: Error loading class: net/minecraft/client/multiplayer/ClientLevel (java.lang.RuntimeException: Attempted to load class net/minecraft/client/multiplayer/ClientLevel for invalid dist DEDICATED_SERVER)
[15:48:01] [main/DEBUG] [mixin/]: Skipping virtual target net.minecraft.client.multiplayer.ClientLevel for sable.mixins.json:plot.LevelsMixin from mod sable
[15:48:01] [main/ERROR] [ne.ne.fm.co.as.RuntimeDistCleaner/DISTXFORM]: Attempted to load class net/minecraft/client/multiplayer/ClientLevel for invalid dist DEDICATED_SERVER
[15:48:01] [main/WARN] [mixin/]: Error loading class: net/minecraft/client/multiplayer/ClientLevel (java.lang.RuntimeException: Attempted to load class net/minecraft/client/multiplayer/ClientLevel for invalid dist DEDICATED_SERVER)
[15:48:01] [main/DEBUG] [mixin/]: Skipping virtual target net.minecraft.client.multiplayer.ClientLevel for sable.mixins.json:water_occlusion.LevelsMixin from mod sable
[15:48:01] [main/DEBUG] [mixin/]: Preparing sable-neoforge.mixins.json (158)
[15:48:01] [main/DEBUG] [mixin/]: Preparing sablescale.mixins.json (25)
[15:48:01] [main/DEBUG] [mixin/]: Preparing sablescale.flywheel.mixins.json (1)
[15:48:01] [main/DEBUG] [mixin/]: Preparing sablescale.simulated.mixins.json (3)
[15:48:01] [main/DEBUG] [mixin/]: Preparing antikytheramechanism.mixins.json (51)
[15:48:01] [main/DEBUG] [mixin/]: Preparing antikytheramechanism.client.mixins.json (17)
[15:48:01] [main/DEBUG] [mixin/]: Preparing mixinsquared.init.mixins.json (0)
[15:48:01] [main/DEBUG] [mixin/]: Preparing mixinextras.init.mixins.json (0)
[15:48:02] [main/DEBUG] [mixin/]: Inner class foundry/veil/mixin/resource/ResourceVanillaPackResourcesMixin$1 in foundry/veil/mixin/resource/ResourceVanillaPackResourcesMixin on net/minecraft/server/packs/VanillaPackResources gets unique name net/minecraft/server/packs/VanillaPackResources$Anonymous$8e1fc108796a4fcf9624364683711287
[15:48:02] [main/DEBUG] [mixin/]: Inner class foundry/veil/forge/mixin/resources/PathPackResourcesMixin$1 in foundry/veil/forge/mixin/resources/PathPackResourcesMixin on net/minecraft/server/packs/PathPackResources gets unique name net/minecraft/server/packs/PathPackResources$Anonymous$04927883c23f454c81630e7e77eea68b
[15:48:02] [main/ERROR] [ne.ne.fm.co.as.RuntimeDistCleaner/DISTXFORM]: Attempted to load class net/minecraft/client/multiplayer/ClientLevel for invalid dist DEDICATED_SERVER
[15:48:02] [main/WARN] [mixin/]: Error loading class: net/minecraft/client/multiplayer/ClientLevel (java.lang.RuntimeException: Attempted to load class net/minecraft/client/multiplayer/ClientLevel for invalid dist DEDICATED_SERVER)
[15:48:02] [main/ERROR] [ne.ne.fm.co.as.RuntimeDistCleaner/DISTXFORM]: Attempted to load class net/minecraft/client/multiplayer/ClientLevel for invalid dist DEDICATED_SERVER
[15:48:02] [main/WARN] [mixin/]: Error loading class: net/minecraft/client/multiplayer/ClientLevel (java.lang.RuntimeException: Attempted to load class net/minecraft/client/multiplayer/ClientLevel for invalid dist DEDICATED_SERVER)
[15:48:02] [main/ERROR] [ne.ne.fm.co.as.RuntimeDistCleaner/DISTXFORM]: Attempted to load class net/minecraft/client/multiplayer/ClientLevel for invalid dist DEDICATED_SERVER
[15:48:02] [main/WARN] [mixin/]: Error loading class: net/minecraft/client/multiplayer/ClientLevel (java.lang.RuntimeException: Attempted to load class net/minecraft/client/multiplayer/ClientLevel for invalid dist DEDICATED_SERVER)
[15:48:02] [main/ERROR] [ne.ne.fm.co.as.RuntimeDistCleaner/DISTXFORM]: Attempted to load class net/minecraft/client/multiplayer/ClientLevel for invalid dist DEDICATED_SERVER
[15:48:02] [main/WARN] [mixin/]: Error loading class: net/minecraft/client/multiplayer/ClientLevel (java.lang.RuntimeException: Attempted to load class net/minecraft/client/multiplayer/ClientLevel for invalid dist DEDICATED_SERVER)
[15:48:02] [main/DEBUG] [mixin/]: Inner class dev/ryanhcode/sable/mixin/udp/ConnectionMixin$2 in dev/ryanhcode/sable/mixin/udp/ConnectionMixin on net/minecraft/network/Connection gets unique name net/minecraft/network/Connection$Anonymous$59ab4c3f2efc4570aacd985c21e0bc9a
[15:48:02] [main/DEBUG] [mixin/]: Inner class dev/ryanhcode/sable/mixin/udp/ConnectionMixin$1 in dev/ryanhcode/sable/mixin/udp/ConnectionMixin on net/minecraft/network/Connection gets unique name net/minecraft/network/Connection$Anonymous$39bdf626087c4b5d87404d4b729fda02
[15:48:02] [main/DEBUG] [mixin/]: Inner class dev/ryanhcode/sable/mixin/udp/ServerConnectionListenerMixin$2 in dev/ryanhcode/sable/mixin/udp/ServerConnectionListenerMixin on net/minecraft/server/network/ServerConnectionListener gets unique name net/minecraft/server/network/ServerConnectionListener$Anonymous$9fe3bbd835c243d89ee122b580fbfc03
[15:48:02] [main/DEBUG] [mixin/]: Inner class dev/ryanhcode/sable/mixin/udp/ServerConnectionListenerMixin$1 in dev/ryanhcode/sable/mixin/udp/ServerConnectionListenerMixin on net/minecraft/server/network/ServerConnectionListener gets unique name net/minecraft/server/network/ServerConnectionListener$Anonymous$82178d8050ce4b92a7988dfff85037f8
[15:48:02] [main/ERROR] [ne.ne.fm.co.as.RuntimeDistCleaner/DISTXFORM]: Attempted to load class net/minecraft/client/multiplayer/ClientLevel for invalid dist DEDICATED_SERVER
[15:48:02] [main/WARN] [mixin/]: Error loading class: net/minecraft/client/multiplayer/ClientLevel (java.lang.RuntimeException: Attempted to load class net/minecraft/client/multiplayer/ClientLevel for invalid dist DEDICATED_SERVER)
[15:48:02] [main/ERROR] [ne.ne.fm.co.as.RuntimeDistCleaner/DISTXFORM]: Attempted to load class net/minecraft/client/multiplayer/ClientLevel for invalid dist DEDICATED_SERVER
[15:48:02] [main/WARN] [mixin/]: Error loading class: net/minecraft/client/multiplayer/ClientLevel (java.lang.RuntimeException: Attempted to load class net/minecraft/client/multiplayer/ClientLevel for invalid dist DEDICATED_SERVER)
[15:48:02] [main/DEBUG] [mixin/]: Prepared 198 mixins in 0.889 sec (4.5ms avg) (0ms load, 0ms transform, 0ms plugin)
[15:48:02] [main/DEBUG] [io.ne.ut.in.lo.InternalLoggerFactory/]: Using SLF4J as the default logging framework
[15:48:02] [main/DEBUG] [io.ne.ut.ResourceLeakDetector/]: -Dio.netty.leakDetection.level: simple
[15:48:02] [main/DEBUG] [io.ne.ut.ResourceLeakDetector/]: -Dio.netty.leakDetection.targetRecords: 4
[15:48:02] [main/DEBUG] [os.ut.FileUtil/]: No oshi.properties file found from ClassLoader cpw.mods.modlauncher.TransformingClassLoader@49798e84
[15:48:02] [main/DEBUG] [os.ut.FileUtil/]: Reading file /proc/self/auxv
[15:48:02] [main/DEBUG] [os.ut.FileUtil/]: Reading file /proc/self/auxv
[15:48:02] [main/DEBUG] [os.ut.FileUtil/]: Reading file /proc/stat
[15:48:02] [main/DEBUG] [os.ut.FileUtil/]: Reading file /sys/devices/system/cpu/cpu0/topology/core_id
[15:48:02] [main/DEBUG] [os.ut.FileUtil/]: Reading file /sys/devices/system/cpu/cpu0/topology/core_id
[15:48:02] [main/DEBUG] [os.ut.FileUtil/]: Reading file /sys/devices/system/cpu/cpu0/topology/physical_package_id
[15:48:02] [main/DEBUG] [os.ut.FileUtil/]: Reading file /sys/devices/system/cpu/cpu0/topology/physical_package_id
[15:48:02] [main/DEBUG] [os.ut.FileUtil/]: Reading file /sys/devices/system/cpu/cpu0/cpu_capacity
[15:48:02] [main/DEBUG] [os.ut.FileUtil/]: Reading file /sys/devices/system/cpu/cpu0/cpu_capacity
[15:48:02] [main/DEBUG] [os.ut.FileUtil/]: Reading file /sys/devices/system/cpu/cpu0/cache/index2/level
[15:48:02] [main/DEBUG] [os.ut.FileUtil/]: Reading file /sys/devices/system/cpu/cpu0/cache/index2/level
[15:48:02] [main/DEBUG] [os.ut.FileUtil/]: Reading file /sys/devices/system/cpu/cpu0/cache/index2/type
[15:48:02] [main/DEBUG] [os.ut.FileUtil/]: Reading file /sys/devices/system/cpu/cpu0/cache/index2/type
[15:48:02] [main/DEBUG] [os.ut.FileUtil/]: Reading file /sys/devices/system/cpu/cpu0/cache/index2/ways_of_associativity
[15:48:02] [main/DEBUG] [os.ut.FileUtil/]: Reading file /sys/devices/system/cpu/cpu0/cache/index2/ways_of_associativity
[15:48:02] [main/DEBUG] [os.ut.FileUtil/]: Reading file /sys/devices/system/cpu/cpu0/cache/index2/coherency_line_size
[15:48:02] [main/DEBUG] [os.ut.FileUtil/]: Reading file /sys/devices/system/cpu/cpu0/cache/index2/coherency_line_size
[15:48:02] [main/DEBUG] [os.ut.FileUtil/]: Reading file /sys/devices/system/cpu/cpu0/cache/index2/size
[15:48:02] [main/DEBUG] [os.ut.FileUtil/]: Reading file /sys/devices/system/cpu/cpu0/cache/index2/size
[15:48:02] [main/DEBUG] [os.ut.FileUtil/]: Reading file /sys/devices/system/cpu/cpu0/cache/index0/level
[15:48:02] [main/DEBUG] [os.ut.FileUtil/]: Reading file /sys/devices/system/cpu/cpu0/cache/index0/level
[15:48:02] [main/DEBUG] [os.ut.FileUtil/]: Reading file /sys/devices/system/cpu/cpu0/cache/index0/type
[15:48:02] [main/DEBUG] [os.ut.FileUtil/]: Reading file /sys/devices/system/cpu/cpu0/cache/index0/type
[15:48:02] [main/DEBUG] [os.ut.FileUtil/]: Reading file /sys/devices/system/cpu/cpu0/cache/index0/ways_of_associativity
[15:48:02] [main/DEBUG] [os.ut.FileUtil/]: Reading file /sys/devices/system/cpu/cpu0/cache/index0/ways_of_associativity
[15:48:02] [main/DEBUG] [os.ut.FileUtil/]: Reading file /sys/devices/system/cpu/cpu0/cache/index0/coherency_line_size
[15:48:02] [main/DEBUG] [os.ut.FileUtil/]: Reading file /sys/devices/system/cpu/cpu0/cache/index0/coherency_line_size
[15:48:02] [main/DEBUG] [os.ut.FileUtil/]: Reading file /sys/devices/system/cpu/cpu0/cache/index0/size
[15:48:02] [main/DEBUG] [os.ut.FileUtil/]: Reading file /sys/devices/system/cpu/cpu0/cache/index0/size
[15:48:02] [main/DEBUG] [os.ut.FileUtil/]: Reading file /sys/devices/system/cpu/cpu0/cache/index3/level
[15:48:02] [main/DEBUG] [os.ut.FileUtil/]: Reading file /sys/devices/system/cpu/cpu0/cache/index3/level
[15:48:02] [main/DEBUG] [os.ut.FileUtil/]: Reading file /sys/devices/system/cpu/cpu0/cache/index3/type
[15:48:02] [main/DEBUG] [os.ut.FileUtil/]: Reading file /sys/devices/system/cpu/cpu0/cache/index3/type
[15:48:02] [main/DEBUG] [os.ut.FileUtil/]: Reading file /sys/devices/system/cpu/cpu0/cache/index3/ways_of_associativity
[15:48:02] [main/DEBUG] [os.ut.FileUtil/]: Reading file /sys/devices/system/cpu/cpu0/cache/index3/ways_of_associativity
[15:48:02] [main/DEBUG] [os.ut.FileUtil/]: Reading file /sys/devices/system/cpu/cpu0/cache/index3/coherency_line_size
[15:48:02] [main/DEBUG] [os.ut.FileUtil/]: Reading file /sys/devices/system/cpu/cpu0/cache/index3/coherency_line_size
[15:48:02] [main/DEBUG] [os.ut.FileUtil/]: Reading file /sys/devices/system/cpu/cpu0/cache/index3/size
[15:48:02] [main/DEBUG] [os.ut.FileUtil/]: Reading file /sys/devices/system/cpu/cpu0/cache/index3/size
[15:48:02] [main/DEBUG] [os.ut.FileUtil/]: Reading file /sys/devices/system/cpu/cpu0/cache/index1/level
[15:48:02] [main/DEBUG] [os.ut.FileUtil/]: Reading file /sys/devices/system/cpu/cpu0/cache/index1/level
[15:48:02] [main/DEBUG] [os.ut.FileUtil/]: Reading file /sys/devices/system/cpu/cpu0/cache/index1/type
[15:48:02] [main/DEBUG] [os.ut.FileUtil/]: Reading file /sys/devices/system/cpu/cpu0/cache/index1/type
[15:48:02] [main/DEBUG] [os.ut.FileUtil/]: Reading file /sys/devices/system/cpu/cpu0/cache/index1/ways_of_associativity
[15:48:02] [main/DEBUG] [os.ut.FileUtil/]: Reading file /sys/devices/system/cpu/cpu0/cache/index1/ways_of_associativity
[15:48:02] [main/DEBUG] [os.ut.FileUtil/]: Reading file /sys/devices/system/cpu/cpu0/cache/index1/coherency_line_size
[15:48:02] [main/DEBUG] [os.ut.FileUtil/]: Reading file /sys/devices/system/cpu/cpu0/cache/index1/coherency_line_size
[15:48:02] [main/DEBUG] [os.ut.FileUtil/]: Reading file /sys/devices/system/cpu/cpu0/cache/index1/size
[15:48:02] [main/DEBUG] [os.ut.FileUtil/]: Reading file /sys/devices/system/cpu/cpu0/cache/index1/size
[15:48:02] [main/DEBUG] [os.ut.FileUtil/]: Reading file /sys/devices/system/cpu/cpu1/topology/core_id
[15:48:02] [main/DEBUG] [os.ut.FileUtil/]: Reading file /sys/devices/system/cpu/cpu1/topology/core_id
[15:48:02] [main/DEBUG] [os.ut.FileUtil/]: Reading file /sys/devices/system/cpu/cpu1/topology/physical_package_id
[15:48:02] [main/DEBUG] [os.ut.FileUtil/]: Reading file /sys/devices/system/cpu/cpu1/topology/physical_package_id
[15:48:02] [main/DEBUG] [os.ut.FileUtil/]: Reading file /sys/devices/system/cpu/cpu1/cpu_capacity
[15:48:02] [main/DEBUG] [os.ut.FileUtil/]: Reading file /sys/devices/system/cpu/cpu1/cpu_capacity
[15:48:02] [main/DEBUG] [os.ut.FileUtil/]: Reading file /sys/devices/system/cpu/cpu1/cache/index2/level
[15:48:02] [main/DEBUG] [os.ut.FileUtil/]: Reading file /sys/devices/system/cpu/cpu1/cache/index2/level
[15:48:02] [main/DEBUG] [os.ut.FileUtil/]: Reading file /sys/devices/system/cpu/cpu1/cache/index2/type
[15:48:02] [main/DEBUG] [os.ut.FileUtil/]: Reading file /sys/devices/system/cpu/cpu1/cache/index2/type
[15:48:02] [main/DEBUG] [os.ut.FileUtil/]: Reading file /sys/devices/system/cpu/cpu1/cache/index2/ways_of_associativity
[15:48:02] [main/DEBUG] [os.ut.FileUtil/]: Reading file /sys/devices/system/cpu/cpu1/cache/index2/ways_of_associativity
[15:48:02] [main/DEBUG] [os.ut.FileUtil/]: Reading file /sys/devices/system/cpu/cpu1/cache/index2/coherency_line_size
[15:48:02] [main/DEBUG] [os.ut.FileUtil/]: Reading file /sys/devices/system/cpu/cpu1/cache/index2/coherency_line_size
[15:48:02] [main/DEBUG] [os.ut.FileUtil/]: Reading file /sys/devices/system/cpu/cpu1/cache/index2/size
[15:48:02] [main/DEBUG] [os.ut.FileUtil/]: Reading file /sys/devices/system/cpu/cpu1/cache/index2/size
[15:48:02] [main/DEBUG] [os.ut.FileUtil/]: Reading file /sys/devices/system/cpu/cpu1/cache/index0/level
[15:48:02] [main/DEBUG] [os.ut.FileUtil/]: Reading file /sys/devices/system/cpu/cpu1/cache/index0/level
[15:48:02] [main/DEBUG] [os.ut.FileUtil/]: Reading file /sys/devices/system/cpu/cpu1/cache/index0/type
[15:48:02] [main/DEBUG] [os.ut.FileUtil/]: Reading file /sys/devices/system/cpu/cpu1/cache/index0/type
[15:48:02] [main/DEBUG] [os.ut.FileUtil/]: Reading file /sys/devices/system/cpu/cpu1/cache/index0/ways_of_associativity
[15:48:02] [main/DEBUG] [os.ut.FileUtil/]: Reading file /sys/devices/system/cpu/cpu1/cache/index0/ways_of_associativity
[15:48:02] [main/DEBUG] [os.ut.FileUtil/]: Reading file /sys/devices/system/cpu/cpu1/cache/index0/coherency_line_size
[15:48:02] [main/DEBUG] [os.ut.FileUtil/]: Reading file /sys/devices/system/cpu/cpu1/cache/index0/coherency_line_size
[15:48:02] [main/DEBUG] [os.ut.FileUtil/]: Reading file /sys/devices/system/cpu/cpu1/cache/index0/size
[15:48:02] [main/DEBUG] [os.ut.FileUtil/]: Reading file /sys/devices/system/cpu/cpu1/cache/index0/size
[15:48:02] [main/DEBUG] [os.ut.FileUtil/]: Reading file /sys/devices/system/cpu/cpu1/cache/index3/level
[15:48:02] [main/DEBUG] [os.ut.FileUtil/]: Reading file /sys/devices/system/cpu/cpu1/cache/index3/level
[15:48:02] [main/DEBUG] [os.ut.FileUtil/]: Reading file /sys/devices/system/cpu/cpu1/cache/index3/type
[15:48:02] [main/DEBUG] [os.ut.FileUtil/]: Reading file /sys/devices/system/cpu/cpu1/cache/index3/type
[15:48:02] [main/DEBUG] [os.ut.FileUtil/]: Reading file /sys/devices/system/cpu/cpu1/cache/index3/ways_of_associativity
[15:48:02] [main/DEBUG] [os.ut.FileUtil/]: Reading file /sys/devices/system/cpu/cpu1/cache/index3/ways_of_associativity
[15:48:02] [main/DEBUG] [os.ut.FileUtil/]: Reading file /sys/devices/system/cpu/cpu1/cache/index3/coherency_line_size
[15:48:02] [main/DEBUG] [os.ut.FileUtil/]: Reading file /sys/devices/system/cpu/cpu1/cache/index3/coherency_line_size
[15:48:02] [main/DEBUG] [os.ut.FileUtil/]: Reading file /sys/devices/system/cpu/cpu1/cache/index3/size
[15:48:02] [main/DEBUG] [os.ut.FileUtil/]: Reading file /sys/devices/system/cpu/cpu1/cache/index3/size
[15:48:02] [main/DEBUG] [os.ut.FileUtil/]: Reading file /sys/devices/system/cpu/cpu1/cache/index1/level
[15:48:02] [main/DEBUG] [os.ut.FileUtil/]: Reading file /sys/devices/system/cpu/cpu1/cache/index1/level
[15:48:02] [main/DEBUG] [os.ut.FileUtil/]: Reading file /sys/devices/system/cpu/cpu1/cache/index1/type
[15:48:02] [main/DEBUG] [os.ut.FileUtil/]: Reading file /sys/devices/system/cpu/cpu1/cache/index1/type
[15:48:02] [main/DEBUG] [os.ut.FileUtil/]: Reading file /sys/devices/system/cpu/cpu1/cache/index1/ways_of_associativity
[15:48:02] [main/DEBUG] [os.ut.FileUtil/]: Reading file /sys/devices/system/cpu/cpu1/cache/index1/ways_of_associativity
[15:48:02] [main/DEBUG] [os.ut.FileUtil/]: Reading file /sys/devices/system/cpu/cpu1/cache/index1/coherency_line_size
[15:48:02] [main/DEBUG] [os.ut.FileUtil/]: Reading file /sys/devices/system/cpu/cpu1/cache/index1/coherency_line_size
[15:48:02] [main/DEBUG] [os.ut.FileUtil/]: Reading file /sys/devices/system/cpu/cpu1/cache/index1/size
[15:48:02] [main/DEBUG] [os.ut.FileUtil/]: Reading file /sys/devices/system/cpu/cpu1/cache/index1/size
[15:48:02] [main/DEBUG] [os.ut.FileUtil/]: Reading file /sys/devices/system/cpu/cpu2/topology/core_id
[15:48:02] [main/DEBUG] [os.ut.FileUtil/]: Reading file /sys/devices/system/cpu/cpu2/topology/core_id
[15:48:02] [main/DEBUG] [os.ut.FileUtil/]: Reading file /sys/devices/system/cpu/cpu2/topology/physical_package_id
[15:48:02] [main/DEBUG] [os.ut.FileUtil/]: Reading file /sys/devices/system/cpu/cpu2/topology/physical_package_id
[15:48:02] [main/DEBUG] [os.ut.FileUtil/]: Reading file /sys/devices/system/cpu/cpu2/cpu_capacity
[15:48:02] [main/DEBUG] [os.ut.FileUtil/]: Reading file /sys/devices/system/cpu/cpu2/cpu_capacity
[15:48:02] [main/DEBUG] [os.ut.FileUtil/]: Reading file /sys/devices/system/cpu/cpu2/cache/index2/level
[15:48:02] [main/DEBUG] [os.ut.FileUtil/]: Reading file /sys/devices/system/cpu/cpu2/cache/index2/level
[15:48:02] [main/DEBUG] [os.ut.FileUtil/]: Reading file /sys/devices/system/cpu/cpu2/cache/index2/type
[15:48:02] [main/DEBUG] [os.ut.FileUtil/]: Reading file /sys/devices/system/cpu/cpu2/cache/index2/type
[15:48:02] [main/DEBUG] [os.ut.FileUtil/]: Reading file /sys/devices/system/cpu/cpu2/cache/index2/ways_of_associativity
[15:48:02] [main/DEBUG] [os.ut.FileUtil/]: Reading file /sys/devices/system/cpu/cpu2/cache/index2/ways_of_associativity
[15:48:02] [main/DEBUG] [os.ut.FileUtil/]: Reading file /sys/devices/system/cpu/cpu2/cache/index2/coherency_line_size
[15:48:02] [main/DEBUG] [os.ut.FileUtil/]: Reading file /sys/devices/system/cpu/cpu2/cache/index2/coherency_line_size
[15:48:02] [main/DEBUG] [os.ut.FileUtil/]: Reading file /sys/devices/system/cpu/cpu2/cache/index2/size
[15:48:02] [main/DEBUG] [os.ut.FileUtil/]: Reading file /sys/devices/system/cpu/cpu2/cache/index2/size
[15:48:02] [main/DEBUG] [os.ut.FileUtil/]: Reading file /sys/devices/system/cpu/cpu2/cache/index0/level
[15:48:02] [main/DEBUG] [os.ut.FileUtil/]: Reading file /sys/devices/system/cpu/cpu2/cache/index0/level
[15:48:02] [main/DEBUG] [os.ut.FileUtil/]: Reading file /sys/devices/system/cpu/cpu2/cache/index0/type
[15:48:02] [main/DEBUG] [os.ut.FileUtil/]: Reading file /sys/devices/system/cpu/cpu2/cache/index0/type
[15:48:02] [main/DEBUG] [os.ut.FileUtil/]: Reading file /sys/devices/system/cpu/cpu2/cache/index0/ways_of_associativity
[15:48:02] [main/DEBUG] [os.ut.FileUtil/]: Reading file /sys/devices/system/cpu/cpu2/cache/index0/ways_of_associativity
[15:48:02] [main/DEBUG] [os.ut.FileUtil/]: Reading file /sys/devices/system/cpu/cpu2/cache/index0/coherency_line_size
[15:48:02] [main/DEBUG] [os.ut.FileUtil/]: Reading file /sys/devices/system/cpu/cpu2/cache/index0/coherency_line_size
[15:48:02] [main/DEBUG] [os.ut.FileUtil/]: Reading file /sys/devices/system/cpu/cpu2/cache/index0/size
[15:48:02] [main/DEBUG] [os.ut.FileUtil/]: Reading file /sys/devices/system/cpu/cpu2/cache/index0/size
[15:48:02] [main/DEBUG] [os.ut.FileUtil/]: Reading file /sys/devices/system/cpu/cpu2/cache/index3/level
[15:48:02] [main/DEBUG] [os.ut.FileUtil/]: Reading file /sys/devices/system/cpu/cpu2/cache/index3/level
[15:48:02] [main/DEBUG] [os.ut.FileUtil/]: Reading file /sys/devices/system/cpu/cpu2/cache/index3/type
[15:48:02] [main/DEBUG] [os.ut.FileUtil/]: Reading file /sys/devices/system/cpu/cpu2/cache/index3/type
[15:48:02] [main/DEBUG] [os.ut.FileUtil/]: Reading file /sys/devices/system/cpu/cpu2/cache/index3/ways_of_associativity
[15:48:02] [main/DEBUG] [os.ut.FileUtil/]: Reading file /sys/devices/system/cpu/cpu2/cache/index3/ways_of_associativity
[15:48:02] [main/DEBUG] [os.ut.FileUtil/]: Reading file /sys/devices/system/cpu/cpu2/cache/index3/coherency_line_size
[15:48:02] [main/DEBUG] [os.ut.FileUtil/]: Reading file /sys/devices/system/cpu/cpu2/cache/index3/coherency_line_size
[15:48:02] [main/DEBUG] [os.ut.FileUtil/]: Reading file /sys/devices/system/cpu/cpu2/cache/index3/size
[15:48:02] [main/DEBUG] [os.ut.FileUtil/]: Reading file /sys/devices/system/cpu/cpu2/cache/index3/size
[15:48:02] [main/DEBUG] [os.ut.FileUtil/]: Reading file /sys/devices/system/cpu/cpu2/cache/index1/level
[15:48:02] [main/DEBUG] [os.ut.FileUtil/]: Reading file /sys/devices/system/cpu/cpu2/cache/index1/level
[15:48:02] [main/DEBUG] [os.ut.FileUtil/]: Reading file /sys/devices/system/cpu/cpu2/cache/index1/type
[15:48:02] [main/DEBUG] [os.ut.FileUtil/]: Reading file /sys/devices/system/cpu/cpu2/cache/index1/type
[15:48:02] [main/DEBUG] [os.ut.FileUtil/]: Reading file /sys/devices/system/cpu/cpu2/cache/index1/ways_of_associativity
[15:48:02] [main/DEBUG] [os.ut.FileUtil/]: Reading file /sys/devices/system/cpu/cpu2/cache/index1/ways_of_associativity
[15:48:02] [main/DEBUG] [os.ut.FileUtil/]: Reading file /sys/devices/system/cpu/cpu2/cache/index1/coherency_line_size
[15:48:02] [main/DEBUG] [os.ut.FileUtil/]: Reading file /sys/devices/system/cpu/cpu2/cache/index1/coherency_line_size
[15:48:02] [main/DEBUG] [os.ut.FileUtil/]: Reading file /sys/devices/system/cpu/cpu2/cache/index1/size
[15:48:02] [main/DEBUG] [os.ut.FileUtil/]: Reading file /sys/devices/system/cpu/cpu2/cache/index1/size
[15:48:02] [main/DEBUG] [os.ut.FileUtil/]: Reading file /sys/devices/system/cpu/cpu3/topology/core_id
[15:48:02] [main/DEBUG] [os.ut.FileUtil/]: Reading file /sys/devices/system/cpu/cpu3/topology/core_id
[15:48:02] [main/DEBUG] [os.ut.FileUtil/]: Reading file /sys/devices/system/cpu/cpu3/topology/physical_package_id
[15:48:02] [main/DEBUG] [os.ut.FileUtil/]: Reading file /sys/devices/system/cpu/cpu3/topology/physical_package_id
[15:48:02] [main/DEBUG] [os.ut.FileUtil/]: Reading file /sys/devices/system/cpu/cpu3/cpu_capacity
[15:48:02] [main/DEBUG] [os.ut.FileUtil/]: Reading file /sys/devices/system/cpu/cpu3/cpu_capacity
[15:48:02] [main/DEBUG] [os.ut.FileUtil/]: Reading file /sys/devices/system/cpu/cpu3/cache/index2/level
[15:48:02] [main/DEBUG] [os.ut.FileUtil/]: Reading file /sys/devices/system/cpu/cpu3/cache/index2/level
[15:48:02] [main/DEBUG] [os.ut.FileUtil/]: Reading file /sys/devices/system/cpu/cpu3/cache/index2/type
[15:48:02] [main/DEBUG] [os.ut.FileUtil/]: Reading file /sys/devices/system/cpu/cpu3/cache/index2/type
[15:48:02] [main/DEBUG] [os.ut.FileUtil/]: Reading file /sys/devices/system/cpu/cpu3/cache/index2/ways_of_associativity
[15:48:02] [main/DEBUG] [os.ut.FileUtil/]: Reading file /sys/devices/system/cpu/cpu3/cache/index2/ways_of_associativity
[15:48:02] [main/DEBUG] [os.ut.FileUtil/]: Reading file /sys/devices/system/cpu/cpu3/cache/index2/coherency_line_size
[15:48:02] [main/DEBUG] [os.ut.FileUtil/]: Reading file /sys/devices/system/cpu/cpu3/cache/index2/coherency_line_size
[15:48:02] [main/DEBUG] [os.ut.FileUtil/]: Reading file /sys/devices/system/cpu/cpu3/cache/index2/size
[15:48:02] [main/DEBUG] [os.ut.FileUtil/]: Reading file /sys/devices/system/cpu/cpu3/cache/index2/size
[15:48:02] [main/DEBUG] [os.ut.FileUtil/]: Reading file /sys/devices/system/cpu/cpu3/cache/index0/level
[15:48:02] [main/DEBUG] [os.ut.FileUtil/]: Reading file /sys/devices/system/cpu/cpu3/cache/index0/level
[15:48:02] [main/DEBUG] [os.ut.FileUtil/]: Reading file /sys/devices/system/cpu/cpu3/cache/index0/type
[15:48:02] [main/DEBUG] [os.ut.FileUtil/]: Reading file /sys/devices/system/cpu/cpu3/cache/index0/type
[15:48:02] [main/DEBUG] [os.ut.FileUtil/]: Reading file /sys/devices/system/cpu/cpu3/cache/index0/ways_of_associativity
[15:48:02] [main/DEBUG] [os.ut.FileUtil/]: Reading file /sys/devices/system/cpu/cpu3/cache/index0/ways_of_associativity
[15:48:02] [main/DEBUG] [os.ut.FileUtil/]: Reading file /sys/devices/system/cpu/cpu3/cache/index0/coherency_line_size
[15:48:02] [main/DEBUG] [os.ut.FileUtil/]: Reading file /sys/devices/system/cpu/cpu3/cache/index0/coherency_line_size
[15:48:02] [main/DEBUG] [os.ut.FileUtil/]: Reading file /sys/devices/system/cpu/cpu3/cache/index0/size
[15:48:02] [main/DEBUG] [os.ut.FileUtil/]: Reading file /sys/devices/system/cpu/cpu3/cache/index0/size
[15:48:02] [main/DEBUG] [os.ut.FileUtil/]: Reading file /sys/devices/system/cpu/cpu3/cache/index3/level
[15:48:02] [main/DEBUG] [os.ut.FileUtil/]: Reading file /sys/devices/system/cpu/cpu3/cache/index3/level
[15:48:02] [main/DEBUG] [os.ut.FileUtil/]: Reading file /sys/devices/system/cpu/cpu3/cache/index3/type
[15:48:02] [main/DEBUG] [os.ut.FileUtil/]: Reading file /sys/devices/system/cpu/cpu3/cache/index3/type
[15:48:02] [main/DEBUG] [os.ut.FileUtil/]: Reading file /sys/devices/system/cpu/cpu3/cache/index3/ways_of_associativity
[15:48:02] [main/DEBUG] [os.ut.FileUtil/]: Reading file /sys/devices/system/cpu/cpu3/cache/index3/ways_of_associativity
[15:48:02] [main/DEBUG] [os.ut.FileUtil/]: Reading file /sys/devices/system/cpu/cpu3/cache/index3/coherency_line_size
[15:48:02] [main/DEBUG] [os.ut.FileUtil/]: Reading file /sys/devices/system/cpu/cpu3/cache/index3/coherency_line_size
[15:48:02] [main/DEBUG] [os.ut.FileUtil/]: Reading file /sys/devices/system/cpu/cpu3/cache/index3/size
[15:48:02] [main/DEBUG] [os.ut.FileUtil/]: Reading file /sys/devices/system/cpu/cpu3/cache/index3/size
[15:48:02] [main/DEBUG] [os.ut.FileUtil/]: Reading file /sys/devices/system/cpu/cpu3/cache/index1/level
[15:48:02] [main/DEBUG] [os.ut.FileUtil/]: Reading file /sys/devices/system/cpu/cpu3/cache/index1/level
[15:48:02] [main/DEBUG] [os.ut.FileUtil/]: Reading file /sys/devices/system/cpu/cpu3/cache/index1/type
[15:48:02] [main/DEBUG] [os.ut.FileUtil/]: Reading file /sys/devices/system/cpu/cpu3/cache/index1/type
[15:48:02] [main/DEBUG] [os.ut.FileUtil/]: Reading file /sys/devices/system/cpu/cpu3/cache/index1/ways_of_associativity
[15:48:02] [main/DEBUG] [os.ut.FileUtil/]: Reading file /sys/devices/system/cpu/cpu3/cache/index1/ways_of_associativity
[15:48:02] [main/DEBUG] [os.ut.FileUtil/]: Reading file /sys/devices/system/cpu/cpu3/cache/index1/coherency_line_size
[15:48:02] [main/DEBUG] [os.ut.FileUtil/]: Reading file /sys/devices/system/cpu/cpu3/cache/index1/coherency_line_size
[15:48:02] [main/DEBUG] [os.ut.FileUtil/]: Reading file /sys/devices/system/cpu/cpu3/cache/index1/size
[15:48:02] [main/DEBUG] [os.ut.FileUtil/]: Reading file /sys/devices/system/cpu/cpu3/cache/index1/size
[15:48:02] [main/DEBUG] [os.ut.FileUtil/]: Reading file /proc/cpuinfo
[15:48:02] [main/DEBUG] [os.ut.FileUtil/]: Reading file /proc/self/auxv
[15:48:02] [main/DEBUG] [os.ut.FileUtil/]: No oshi.architecture.properties file found from ClassLoader cpw.mods.modlauncher.TransformingClassLoader@49798e84
[15:48:02] [main/DEBUG] [os.ut.FileUtil/]: Reading file /proc/meminfo
[15:48:02] [main/DEBUG] [os.ut.FileUtil/]: Reading file /proc/meminfo
[15:48:02] [main/INFO] [MixinExtras|Service/]: Initializing MixinExtras via com.llamalad7.mixinextras.service.MixinExtrasServiceImpl(version=0.5.3).
[15:48:02] [main/DEBUG] [mixin/]: Registering new injector for @SugarWrapper with com.llamalad7.mixinextras.sugar.impl.SugarWrapperInjectionInfo
[15:48:02] [main/DEBUG] [mixin/]: Registering new injector for @FactoryRedirectWrapper with com.llamalad7.mixinextras.wrapper.factory.FactoryRedirectWrapperInjectionInfo
[15:48:02] [main/DEBUG] [mixin/]: Registering new injector for @ExpressionInjectorWrapper with com.llamalad7.mixinextras.expression.impl.wrapper.ExpressionInjectorWrapperInjectionInfo
[15:48:02] [main/DEBUG] [mixin/]: Mixing MappedRegistryAccessor from neoforge.mixins.json into net.minecraft.core.MappedRegistry
[15:48:02] [main/DEBUG] [mixin/]: Mixing RegistriesMixin from veil.neoforge.mixins.json into net.minecraft.core.registries.Registries
[15:48:02] [main/DEBUG] [mixin/]: veil.neoforge.mixins.json:RegistriesMixin from mod veil->@Inject::veilElementsPath(Lnet/minecraft/resources/ResourceKey;Lorg/spongepowered/asm/mixin/injection/callback/CallbackInfoReturnable;)V does use it's CallbackInfoReturnable
[15:48:02] [main/DEBUG] [mixin/]: veil.neoforge.mixins.json:RegistriesMixin from mod veil->@Inject::veilTagsPath(Lnet/minecraft/resources/ResourceKey;Lorg/spongepowered/asm/mixin/injection/callback/CallbackInfoReturnable;)V does use it's CallbackInfoReturnable
[15:48:02] [main/DEBUG] [mixin/]: Mixing command.ArgumentTypeInfosMixin from sable.mixins.json into net.minecraft.commands.synchronization.ArgumentTypeInfos
[15:48:02] [main/DEBUG] [mixin/]: sable.mixins.json:command.ArgumentTypeInfosMixin from mod sable->@Inject::sable$bootstrap(Lnet/minecraft/core/Registry;Lorg/spongepowered/asm/mixin/injection/callback/CallbackInfoReturnable;)V doesn't use it's CallbackInfoReturnable
[15:48:02] [main/DEBUG] [mixin/]: Mixing entity.entity_kicking.BlockMixin from sable.mixins.json into net.minecraft.world.level.block.Block
[15:48:02] [main/DEBUG] [mixin/]: Renaming synthetic method lambda$sable$popResourceFromFace$0(Lnet/minecraft/world/level/Level;DDDLnet/minecraft/world/item/ItemStack;Ldev/ryanhcode/sable/sublevel/SubLevel;)Lnet/minecraft/world/entity/item/ItemEntity; to mdf5665a$sable$lambda$sable$popResourceFromFace$0$0 in sable.mixins.json:entity.entity_kicking.BlockMixin from mod sable
[15:48:02] [main/DEBUG] [mixin/]: Mixing entity.entity_rotations_and_riding.BlockMixin from sable.mixins.json into net.minecraft.world.level.block.Block
[15:48:03] [main/DEBUG] [mixin/]: Mixing BlockReadOnlyProjectedShellMixin from antikytheramechanism.mixins.json into net.minecraft.world.level.block.Block
[15:48:03] [main/DEBUG] [mixin/]: sable.mixins.json:entity.entity_kicking.BlockMixin from mod sable->@Inject::sable$popResourceFromFace(Lnet/minecraft/world/level/Level;Lnet/minecraft/core/BlockPos;Lnet/minecraft/world/item/ItemStack;Lorg/spongepowered/asm/mixin/injection/callback/CallbackInfo;DDDD)V does use it's CallbackInfo
[15:48:03] [main/DEBUG] [mixin/]: antikytheramechanism.mixins.json:BlockReadOnlyProjectedShellMixin from mod antikytheramechanism->@Inject::antikytheramechanism$skipProjectedShellDrop(Lnet/minecraft/world/level/Level;Lnet/minecraft/core/BlockPos;Lnet/minecraft/world/item/ItemStack;Lorg/spongepowered/asm/mixin/injection/callback/CallbackInfo;)V does use it's CallbackInfo
[15:48:03] [main/DEBUG] [mixin/]: Mixing BlockStateManagedVirtualEnvironmentMixin from antikytheramechanism.mixins.json into net.minecraft.world.level.block.state.BlockBehaviour$BlockStateBase
[15:48:03] [main/DEBUG] [mixin/]: Renaming synthetic method lambda$antikytheramechanism$projectSupportForRandomTick$8(Lcom/llamalad7/mixinextras/injector/wrapoperation/Operation;Lnet/minecraft/server/level/ServerLevel;Lnet/minecraft/core/BlockPos;Lnet/minecraft/util/RandomSource;)Ljava/lang/Void; to mdf5665a$antikytheramechanism$lambda$antikytheramechanism$projectSupportForRandomTick$8$0 in antikytheramechanism.mixins.json:BlockStateManagedVirtualEnvironmentMixin from mod antikytheramechanism
[15:48:03] [main/DEBUG] [mixin/]: Renaming synthetic method lambda$antikytheramechanism$projectSupportForScheduledTick$7(Lcom/llamalad7/mixinextras/injector/wrapoperation/Operation;Lnet/minecraft/server/level/ServerLevel;Lnet/minecraft/core/BlockPos;Lnet/minecraft/util/RandomSource;)Ljava/lang/Void; to mdf5665a$antikytheramechanism$lambda$antikytheramechanism$projectSupportForScheduledTick$7$1 in antikytheramechanism.mixins.json:BlockStateManagedVirtualEnvironmentMixin from mod antikytheramechanism
[15:48:03] [main/DEBUG] [mixin/]: Renaming synthetic method lambda$antikytheramechanism$projectBoundaryForBlockEvent$6(Lcom/llamalad7/mixinextras/injector/wrapoperation/Operation;Lnet/minecraft/world/level/Level;Lnet/minecraft/core/BlockPos;II)Ljava/lang/Boolean; to mdf5665a$antikytheramechanism$lambda$antikytheramechanism$projectBoundaryForBlockEvent$6$2 in antikytheramechanism.mixins.json:BlockStateManagedVirtualEnvironmentMixin from mod antikytheramechanism
[15:48:03] [main/DEBUG] [mixin/]: Renaming synthetic method lambda$antikytheramechanism$projectSupportForIndirectShapeUpdates$5(Lcom/llamalad7/mixinextras/injector/wrapoperation/Operation;Lnet/minecraft/world/level/LevelAccessor;Lnet/minecraft/core/BlockPos;II)Ljava/lang/Void; to mdf5665a$antikytheramechanism$lambda$antikytheramechanism$projectSupportForIndirectShapeUpdates$5$3 in antikytheramechanism.mixins.json:BlockStateManagedVirtualEnvironmentMixin from mod antikytheramechanism
[15:48:03] [main/DEBUG] [mixin/]: Renaming synthetic method lambda$antikytheramechanism$projectSupportForOnPlace$4(Lcom/llamalad7/mixinextras/injector/wrapoperation/Operation;Lnet/minecraft/world/level/Level;Lnet/minecraft/core/BlockPos;Lnet/minecraft/world/level/block/state/BlockState;Z)Ljava/lang/Void; to mdf5665a$antikytheramechanism$lambda$antikytheramechanism$projectSupportForOnPlace$4$4 in antikytheramechanism.mixins.json:BlockStateManagedVirtualEnvironmentMixin from mod antikytheramechanism
[15:48:03] [main/DEBUG] [mixin/]: Renaming synthetic method lambda$antikytheramechanism$projectSupportForNeighborChanged$3(Lcom/llamalad7/mixinextras/injector/wrapoperation/Operation;Lnet/minecraft/world/level/Level;Lnet/minecraft/core/BlockPos;Lnet/minecraft/world/level/block/Block;Lnet/minecraft/core/BlockPos;Z)Ljava/lang/Void; to mdf5665a$antikytheramechanism$lambda$antikytheramechanism$projectSupportForNeighborChanged$3$5 in antikytheramechanism.mixins.json:BlockStateManagedVirtualEnvironmentMixin from mod antikytheramechanism
[15:48:03] [main/DEBUG] [mixin/]: Renaming synthetic method lambda$antikytheramechanism$projectSupportForUpdateShape$2(Lcom/llamalad7/mixinextras/injector/wrapoperation/Operation;Lnet/minecraft/core/Direction;Lnet/minecraft/world/level/block/state/BlockState;Lnet/minecraft/world/level/LevelAccessor;Lnet/minecraft/core/BlockPos;Lnet/minecraft/core/BlockPos;)Lnet/minecraft/world/level/block/state/BlockState; to mdf5665a$antikytheramechanism$lambda$antikytheramechanism$projectSupportForUpdateShape$2$6 in antikytheramechanism.mixins.json:BlockStateManagedVirtualEnvironmentMixin from mod antikytheramechanism
[15:48:03] [main/DEBUG] [mixin/]: Renaming synthetic method lambda$antikytheramechanism$projectSupportForCanSurvive$1(Lcom/llamalad7/mixinextras/injector/wrapoperation/Operation;Lnet/minecraft/world/level/LevelReader;Lnet/minecraft/core/BlockPos;)Ljava/lang/Boolean; to mdf5665a$antikytheramechanism$lambda$antikytheramechanism$projectSupportForCanSurvive$1$7 in antikytheramechanism.mixins.json:BlockStateManagedVirtualEnvironmentMixin from mod antikytheramechanism
[15:48:03] [main/DEBUG] [mixin/]: Renaming synthetic method lambda$antikytheramechanism$withLifecycleEnvironment$0(Ljava/lang/Runnable;)Ljava/lang/Object; to mdf5665a$antikytheramechanism$lambda$antikytheramechanism$withLifecycleEnvironment$0$8 in antikytheramechanism.mixins.json:BlockStateManagedVirtualEnvironmentMixin from mod antikytheramechanism
[15:48:03] [main/DEBUG] [mixin/]: Mixing block_properties.BlockStateMixin from sable.mixins.json into net.minecraft.world.level.block.state.BlockState
[15:48:03] [main/DEBUG] [mixin/]: Mixing clip_overwrite.BlockGetterMixin from sable.mixins.json into net.minecraft.world.level.BlockGetter
[15:48:03] [main/DEBUG] [mixin/]: Renaming synthetic method lambda$originalClip$1(Lnet/minecraft/world/level/ClipContext;)Lnet/minecraft/world/phys/BlockHitResult; to mdf5665a$sable$lambda$originalClip$1$0 in sable.mixins.json:clip_overwrite.BlockGetterMixin from mod sable
[15:48:03] [main/DEBUG] [mixin/]: Renaming synthetic method lambda$originalClip$0(Lnet/minecraft/world/level/BlockGetter;Lnet/minecraft/world/level/ClipContext;Lnet/minecraft/core/BlockPos;)Lnet/minecraft/world/phys/BlockHitResult; to mdf5665a$sable$lambda$originalClip$0$1 in sable.mixins.json:clip_overwrite.BlockGetterMixin from mod sable
[15:48:03] [main/DEBUG] [mixin/]: Mixing BlockGetterClipScaleMixin from sablescale.mixins.json into net.minecraft.world.level.BlockGetter
[15:48:03] [main/DEBUG] [mixin/]: Renaming synthetic method lambda$sablescale$originalClip$1(Lnet/minecraft/world/level/ClipContext;)Lnet/minecraft/world/phys/BlockHitResult; to mdf5665a$sablescale$lambda$sablescale$originalClip$1$2 in sablescale.mixins.json:BlockGetterClipScaleMixin from mod sablescale
[15:48:03] [main/DEBUG] [mixin/]: Renaming synthetic method lambda$sablescale$originalClip$0(Lnet/minecraft/world/level/BlockGetter;Lnet/minecraft/world/level/ClipContext;Lnet/minecraft/core/BlockPos;)Lnet/minecraft/world/phys/BlockHitResult; to mdf5665a$sablescale$lambda$sablescale$originalClip$0$3 in sablescale.mixins.json:BlockGetterClipScaleMixin from mod sablescale
[15:48:03] [main/DEBUG] [mixin/]: Mixing block_placement.EntityGetterMixin from sable.mixins.json into net.minecraft.world.level.EntityGetter
[15:48:03] [main/DEBUG] [mixin/]: Mixing plot.lighting.BlockAndTintGetterMixin from sable.mixins.json into net.minecraft.world.level.BlockAndTintGetter
[15:48:03] [main/DEBUG] [mixin/]: Mixing SignalGetterRedstoneBoundaryMixin from antikytheramechanism.mixins.json into net.minecraft.world.level.SignalGetter
[15:48:03] [main/DEBUG] [mixin/]: antikytheramechanism.mixins.json:SignalGetterRedstoneBoundaryMixin from mod antikytheramechanism->@Inject::antikytheramechanism$bridgeProjectedWeakSignal(Lnet/minecraft/core/BlockPos;Lnet/minecraft/core/Direction;Lorg/spongepowered/asm/mixin/injection/callback/CallbackInfoReturnable;)V does use it's CallbackInfoReturnable
[15:48:03] [main/DEBUG] [mixin/]: antikytheramechanism.mixins.json:SignalGetterRedstoneBoundaryMixin from mod antikytheramechanism->@Inject::antikytheramechanism$bridgeProjectedDirectSignal(Lnet/minecraft/core/BlockPos;Lnet/minecraft/core/Direction;Lorg/spongepowered/asm/mixin/injection/callback/CallbackInfoReturnable;)V does use it's CallbackInfoReturnable
[15:48:03] [main/DEBUG] [mixin/]: Mixing entity.entity_swimming.EntityMixin from sable-neoforge.mixins.json into net.minecraft.world.entity.Entity
[15:48:03] [main/DEBUG] [mixin/]: Renaming synthetic method lambda$updateFluidHeightAndDoFluidPushing$2(Lnet/neoforged/neoforge/fluids/FluidType;Ldev/ryanhcode/sable/neoforge/mixinhelper/entity/SableInterimCalculation;)V to mdf5665a$sable$lambda$updateFluidHeightAndDoFluidPushing$2$0 in sable-neoforge.mixins.json:entity.entity_swimming.EntityMixin from mod sable
[15:48:03] [main/DEBUG] [mixin/]: Renaming synthetic method lambda$updateFluidHeightAndDoFluidPushing$1(Ljava/lang/Object;)Ldev/ryanhcode/sable/neoforge/mixinhelper/entity/SableInterimCalculation; to mdf5665a$sable$lambda$updateFluidHeightAndDoFluidPushing$1$1 in sable-neoforge.mixins.json:entity.entity_swimming.EntityMixin from mod sable
[15:48:03] [main/DEBUG] [mixin/]: Renaming synthetic method lambda$updateFluidHeightAndDoFluidPushing$0(Ljava/lang/Object;)Ldev/ryanhcode/sable/neoforge/mixinhelper/entity/SableInterimCalculation; to mdf5665a$sable$lambda$updateFluidHeightAndDoFluidPushing$0$2 in sable-neoforge.mixins.json:entity.entity_swimming.EntityMixin from mod sable
[15:48:03] [main/DEBUG] [mixin/]: Mixing clip_overwrite.EntityMixin from sable.mixins.json into net.minecraft.world.entity.Entity
[15:48:03] [main/DEBUG] [mixin/]: Mixing death_message.EntityMixin from sable.mixins.json into net.minecraft.world.entity.Entity
[15:48:03] [main/DEBUG] [mixin/]: Mixing entity.entities_in_blocks.EntityMixin from sable.mixins.json into net.minecraft.world.entity.Entity
[15:48:03] [main/DEBUG] [mixin/]: Mixing entity.entities_stick_sublevels.EntityMixin from sable.mixins.json into net.minecraft.world.entity.Entity
[15:48:03] [main/DEBUG] [mixin/]: Mixing entity.entities_stick_sublevels.effects.EntityMixin from sable.mixins.json into net.minecraft.world.entity.Entity
[15:48:03] [main/DEBUG] [mixin/]: Mixing entity.entity_collision.EntityMixin from sable.mixins.json into net.minecraft.world.entity.Entity
[15:48:03] [main/DEBUG] [mixin/]: Mixing entity.entity_rotations_and_riding.EntityMixin from sable.mixins.json into net.minecraft.world.entity.Entity
[15:48:03] [main/DEBUG] [mixin/]: Mixing extension.EntityMixin from sable.mixins.json into net.minecraft.world.entity.Entity
[15:48:03] [main/DEBUG] [mixin/]: Mixing interaction_distance.EntityMixin from sable.mixins.json into net.minecraft.world.entity.Entity
[15:48:03] [main/DEBUG] [mixin/]: Mixing portal.EntityMixin from sable.mixins.json into net.minecraft.world.entity.Entity
[15:48:03] [main/DEBUG] [mixin/]: Mixing tracking_points.EntityMixin from sable.mixins.json into net.minecraft.world.entity.Entity
[15:48:03] [main/DEBUG] [mixin/]: Mixing water_occlusion.EntityMixin from sable.mixins.json into net.minecraft.world.entity.Entity
[15:48:03] [main/DEBUG] [mixin/]: Mixing entity.entity_sublevel_collision.EntityMixin from sable.mixins.json into net.minecraft.world.entity.Entity
[15:48:03] [main/DEBUG] [mixin/]: sable-neoforge.mixins.json:entity.entity_swimming.EntityMixin from mod sable->@Inject::sable$subLevelFluidOnEyes(Lorg/spongepowered/asm/mixin/injection/callback/CallbackInfo;)V doesn't use it's CallbackInfo
[15:48:03] [main/DEBUG] [mixin/]: sable-neoforge.mixins.json:entity.entity_swimming.EntityMixin from mod sable->@Inject::sable$subLevelFluidOnEyes(Lorg/spongepowered/asm/mixin/injection/callback/CallbackInfo;)V has 0 override(s) in child classes
[15:48:03] [main/DEBUG] [mixin/]: sable-neoforge.mixins.json:entity.entity_swimming.EntityMixin from mod sable->@Inject::sable$subLevelFluidOnEyes(Lorg/spongepowered/asm/mixin/injection/callback/CallbackInfo;)V won't be passed a CallbackInfo as a result
[15:48:03] [main/DEBUG] [mixin/]: sable.mixins.json:death_message.EntityMixin from mod sable->@Inject::sable$updateLastSubLevelId(Lorg/spongepowered/asm/mixin/injection/callback/CallbackInfo;)V doesn't use it's CallbackInfo
[15:48:03] [main/DEBUG] [mixin/]: sable.mixins.json:death_message.EntityMixin from mod sable->@Inject::sable$updateLastSubLevelId(Lorg/spongepowered/asm/mixin/injection/callback/CallbackInfo;)V has 0 override(s) in child classes
[15:48:03] [main/DEBUG] [mixin/]: sable.mixins.json:death_message.EntityMixin from mod sable->@Inject::sable$updateLastSubLevelId(Lorg/spongepowered/asm/mixin/injection/callback/CallbackInfo;)V won't be passed a CallbackInfo as a result
[15:48:03] [main/DEBUG] [mixin/]: sable.mixins.json:entity.entities_in_blocks.EntityMixin from mod sable->@Inject::checkInsideBlocks(Lorg/spongepowered/asm/mixin/injection/callback/CallbackInfo;)V doesn't use it's CallbackInfo
[15:48:03] [main/DEBUG] [mixin/]: sable.mixins.json:entity.entities_in_blocks.EntityMixin from mod sable->@Inject::checkInsideBlocks(Lorg/spongepowered/asm/mixin/injection/callback/CallbackInfo;)V has 0 override(s) in child classes
[15:48:03] [main/DEBUG] [mixin/]: sable.mixins.json:entity.entities_in_blocks.EntityMixin from mod sable->@Inject::checkInsideBlocks(Lorg/spongepowered/asm/mixin/injection/callback/CallbackInfo;)V won't be passed a CallbackInfo as a result
[15:48:03] [main/DEBUG] [mixin/]: sable.mixins.json:entity.entities_stick_sublevels.EntityMixin from mod sable->@Inject::sable$updateSubLevelPosition(Lorg/spongepowered/asm/mixin/injection/callback/CallbackInfo;)V doesn't use it's CallbackInfo
[15:48:03] [main/DEBUG] [mixin/]: sable.mixins.json:entity.entities_stick_sublevels.EntityMixin from mod sable->@Inject::sable$updateSubLevelPosition(Lorg/spongepowered/asm/mixin/injection/callback/CallbackInfo;)V has 0 override(s) in child classes
[15:48:03] [main/DEBUG] [mixin/]: sable.mixins.json:entity.entities_stick_sublevels.EntityMixin from mod sable->@Inject::sable$updateSubLevelPosition(Lorg/spongepowered/asm/mixin/injection/callback/CallbackInfo;)V won't be passed a CallbackInfo as a result
[15:48:03] [main/DEBUG] [mixin/]: sable.mixins.json:entity.entities_stick_sublevels.EntityMixin from mod sable->@Inject::sable$recreateFromPacket(Lnet/minecraft/network/protocol/game/ClientboundAddEntityPacket;Lorg/spongepowered/asm/mixin/injection/callback/CallbackInfo;)V doesn't use it's CallbackInfo
[15:48:03] [main/DEBUG] [mixin/]: sable.mixins.json:entity.entities_stick_sublevels.EntityMixin from mod sable->@Inject::sable$recreateFromPacket(Lnet/minecraft/network/protocol/game/ClientboundAddEntityPacket;Lorg/spongepowered/asm/mixin/injection/callback/CallbackInfo;)V has 0 override(s) in child classes
[15:48:03] [main/DEBUG] [mixin/]: sable.mixins.json:entity.entities_stick_sublevels.EntityMixin from mod sable->@Inject::sable$recreateFromPacket(Lnet/minecraft/network/protocol/game/ClientboundAddEntityPacket;Lorg/spongepowered/asm/mixin/injection/callback/CallbackInfo;)V won't be passed a CallbackInfo as a result
[15:48:03] [main/DEBUG] [mixin/]: sable.mixins.json:entity.entities_stick_sublevels.effects.EntityMixin from mod sable->@Inject::sable$spawnSprintParticle(Lorg/spongepowered/asm/mixin/injection/callback/CallbackInfo;)V doesn't use it's CallbackInfo
[15:48:03] [main/DEBUG] [mixin/]: sable.mixins.json:entity.entities_stick_sublevels.effects.EntityMixin from mod sable->@Inject::sable$spawnSprintParticle(Lorg/spongepowered/asm/mixin/injection/callback/CallbackInfo;)V has 0 override(s) in child classes
[15:48:03] [main/DEBUG] [mixin/]: sable.mixins.json:entity.entities_stick_sublevels.effects.EntityMixin from mod sable->@Inject::sable$spawnSprintParticle(Lorg/spongepowered/asm/mixin/injection/callback/CallbackInfo;)V won't be passed a CallbackInfo as a result
[15:48:03] [main/DEBUG] [mixin/]: sable.mixins.json:entity.entities_stick_sublevels.effects.EntityMixin from mod sable->@Inject::sable$preGetOnPos(FLorg/spongepowered/asm/mixin/injection/callback/CallbackInfoReturnable;)V does use it's CallbackInfoReturnable
[15:48:03] [main/DEBUG] [mixin/]: sable.mixins.json:entity.entity_rotations_and_riding.EntityMixin from mod sable->@Inject::moveRelative(FLnet/minecraft/world/phys/Vec3;Lorg/spongepowered/asm/mixin/injection/callback/CallbackInfo;)V does use it's CallbackInfo
[15:48:03] [main/DEBUG] [mixin/]: sable.mixins.json:entity.entity_rotations_and_riding.EntityMixin from mod sable->@Inject::sable$onRidingTick(Lorg/spongepowered/asm/mixin/injection/callback/CallbackInfo;)V doesn't use it's CallbackInfo
[15:48:03] [main/DEBUG] [mixin/]: sable.mixins.json:entity.entity_rotations_and_riding.EntityMixin from mod sable->@Inject::sable$onRidingTick(Lorg/spongepowered/asm/mixin/injection/callback/CallbackInfo;)V has 0 override(s) in child classes
[15:48:03] [main/DEBUG] [mixin/]: sable.mixins.json:entity.entity_rotations_and_riding.EntityMixin from mod sable->@Inject::sable$onRidingTick(Lorg/spongepowered/asm/mixin/injection/callback/CallbackInfo;)V won't be passed a CallbackInfo as a result
[15:48:03] [main/DEBUG] [mixin/]: sable.mixins.json:entity.entity_rotations_and_riding.EntityMixin from mod sable->@Inject::sable$onPositionRider(Lnet/minecraft/world/entity/Entity;Lorg/spongepowered/asm/mixin/injection/callback/CallbackInfo;)V doesn't use it's CallbackInfo
[15:48:03] [main/DEBUG] [mixin/]: sable.mixins.json:entity.entity_rotations_and_riding.EntityMixin from mod sable->@Inject::sable$onPositionRider(Lnet/minecraft/world/entity/Entity;Lorg/spongepowered/asm/mixin/injection/callback/CallbackInfo;)V has 0 override(s) in child classes
[15:48:03] [main/DEBUG] [mixin/]: sable.mixins.json:entity.entity_rotations_and_riding.EntityMixin from mod sable->@Inject::sable$onPositionRider(Lnet/minecraft/world/entity/Entity;Lorg/spongepowered/asm/mixin/injection/callback/CallbackInfo;)V won't be passed a CallbackInfo as a result
[15:48:03] [main/DEBUG] [mixin/]: sable.mixins.json:tracking_points.EntityMixin from mod sable->@Inject::sable$load(Lnet/minecraft/nbt/CompoundTag;Lorg/spongepowered/asm/mixin/injection/callback/CallbackInfo;)V doesn't use it's CallbackInfo
[15:48:03] [main/DEBUG] [mixin/]: sable.mixins.json:tracking_points.EntityMixin from mod sable->@Inject::sable$load(Lnet/minecraft/nbt/CompoundTag;Lorg/spongepowered/asm/mixin/injection/callback/CallbackInfo;)V has 0 override(s) in child classes
[15:48:03] [main/DEBUG] [mixin/]: sable.mixins.json:tracking_points.EntityMixin from mod sable->@Inject::sable$load(Lnet/minecraft/nbt/CompoundTag;Lorg/spongepowered/asm/mixin/injection/callback/CallbackInfo;)V won't be passed a CallbackInfo as a result
[15:48:03] [main/DEBUG] [mixin/]: sable.mixins.json:water_occlusion.EntityMixin from mod sable->@Inject::sable$updateFluidHeightAndDoFluidPushing(Lnet/minecraft/tags/TagKey;DLorg/spongepowered/asm/mixin/injection/callback/CallbackInfoReturnable;)V does use it's CallbackInfoReturnable
[15:48:03] [main/DEBUG] [mixin/]: sable.mixins.json:entity.entity_sublevel_collision.EntityMixin from mod sable->@Inject::sable$moveInject(Lnet/minecraft/world/entity/MoverType;Lnet/minecraft/world/phys/Vec3;Lorg/spongepowered/asm/mixin/injection/callback/CallbackInfo;)V doesn't use it's CallbackInfo
[15:48:03] [main/DEBUG] [mixin/]: sable.mixins.json:entity.entity_sublevel_collision.EntityMixin from mod sable->@Inject::sable$moveInject(Lnet/minecraft/world/entity/MoverType;Lnet/minecraft/world/phys/Vec3;Lorg/spongepowered/asm/mixin/injection/callback/CallbackInfo;)V has 0 override(s) in child classes
[15:48:03] [main/DEBUG] [mixin/]: sable.mixins.json:entity.entity_sublevel_collision.EntityMixin from mod sable->@Inject::sable$moveInject(Lnet/minecraft/world/entity/MoverType;Lnet/minecraft/world/phys/Vec3;Lorg/spongepowered/asm/mixin/injection/callback/CallbackInfo;)V won't be passed a CallbackInfo as a result
[15:48:03] [main/DEBUG] [mixin/]: sable.mixins.json:entity.entity_sublevel_collision.EntityMixin from mod sable->@Inject::sable$tickInject(Lorg/spongepowered/asm/mixin/injection/callback/CallbackInfo;)V doesn't use it's CallbackInfo
[15:48:03] [main/DEBUG] [mixin/]: sable.mixins.json:entity.entity_sublevel_collision.EntityMixin from mod sable->@Inject::sable$tickInject(Lorg/spongepowered/asm/mixin/injection/callback/CallbackInfo;)V has 0 override(s) in child classes
[15:48:03] [main/DEBUG] [mixin/]: sable.mixins.json:entity.entity_sublevel_collision.EntityMixin from mod sable->@Inject::sable$tickInject(Lorg/spongepowered/asm/mixin/injection/callback/CallbackInfo;)V won't be passed a CallbackInfo as a result
[15:48:03] [main/DEBUG] [mixin/]: Mixing PlayerReachScaleMixin from sablescale.mixins.json into net.minecraft.world.entity.player.Player
[15:48:03] [main/DEBUG] [mixin/]: Mixing entity.entity_rotations_and_riding.PlayerMixin from sable.mixins.json into net.minecraft.world.entity.player.Player
[15:48:03] [main/DEBUG] [mixin/]: Mixing entity.entity_sublevel_collision.PlayerMixin from sable.mixins.json into net.minecraft.world.entity.player.Player
[15:48:03] [main/DEBUG] [mixin/]: Mixing interaction_distance.PlayerMixin from sable.mixins.json into net.minecraft.world.entity.player.Player
[15:48:03] [main/DEBUG] [mixin/]: Mixing player_freezing.PlayerMixin from sable.mixins.json into net.minecraft.world.entity.player.Player
[15:48:03] [main/DEBUG] [mixin/]: sablescale.mixins.json:PlayerReachScaleMixin from mod sablescale->@Inject::sablescale$scaledReach(Lnet/minecraft/core/BlockPos;DLorg/spongepowered/asm/mixin/injection/callback/CallbackInfoReturnable;)V does use it's CallbackInfoReturnable
[15:48:03] [main/DEBUG] [mixin/]: sable.mixins.json:entity.entity_rotations_and_riding.PlayerMixin from mod sable->@Inject::sable$storeUpDeltaMovement(Lnet/minecraft/world/phys/Vec3;Lorg/spongepowered/asm/mixin/injection/callback/CallbackInfo;)V doesn't use it's CallbackInfo
[15:48:03] [main/DEBUG] [mixin/]: sable.mixins.json:entity.entity_rotations_and_riding.PlayerMixin from mod sable->@Inject::sable$storeUpDeltaMovement(Lnet/minecraft/world/phys/Vec3;Lorg/spongepowered/asm/mixin/injection/callback/CallbackInfo;)V has 0 override(s) in child classes
[15:48:03] [main/DEBUG] [mixin/]: sable.mixins.json:entity.entity_rotations_and_riding.PlayerMixin from mod sable->@Inject::sable$storeUpDeltaMovement(Lnet/minecraft/world/phys/Vec3;Lorg/spongepowered/asm/mixin/injection/callback/CallbackInfo;)V won't be passed a CallbackInfo as a result
[15:48:03] [main/DEBUG] [mixin/]: sable.mixins.json:entity.entity_sublevel_collision.PlayerMixin from mod sable->@Inject::sable$maybeBackOffFromEdge(Lnet/minecraft/world/phys/Vec3;Lnet/minecraft/world/entity/MoverType;Lorg/spongepowered/asm/mixin/injection/callback/CallbackInfoReturnable;)V does use it's CallbackInfoReturnable
[15:48:03] [main/DEBUG] [mixin/]: sable.mixins.json:interaction_distance.PlayerMixin from mod sable->@Inject::sable$canInteractWithBlock(Lnet/minecraft/core/BlockPos;DLorg/spongepowered/asm/mixin/injection/callback/CallbackInfoReturnable;)V does use it's CallbackInfoReturnable
[15:48:03] [main/DEBUG] [mixin/]: sable.mixins.json:interaction_distance.PlayerMixin from mod sable->@Inject::sable$canInteractWithEntity(Lnet/minecraft/world/phys/AABB;DLorg/spongepowered/asm/mixin/injection/callback/CallbackInfoReturnable;)V does use it's CallbackInfoReturnable
[15:48:03] [main/DEBUG] [mixin/]: sable.mixins.json:player_freezing.PlayerMixin from mod sable->@Inject::sable$preFrozenTick(Lorg/spongepowered/asm/mixin/injection/callback/CallbackInfo;)V doesn't use it's CallbackInfo
[15:48:03] [main/DEBUG] [mixin/]: sable.mixins.json:player_freezing.PlayerMixin from mod sable->@Inject::sable$preFrozenTick(Lorg/spongepowered/asm/mixin/injection/callback/CallbackInfo;)V has 0 override(s) in child classes
[15:48:03] [main/DEBUG] [mixin/]: sable.mixins.json:player_freezing.PlayerMixin from mod sable->@Inject::sable$preFrozenTick(Lorg/spongepowered/asm/mixin/injection/callback/CallbackInfo;)V won't be passed a CallbackInfo as a result
[15:48:03] [main/DEBUG] [mixin/]: Mixing climbing_sub_levels.LivingEntityMixin from sable.mixins.json into net.minecraft.world.entity.LivingEntity
[15:48:03] [main/DEBUG] [mixin/]: Mixing entity.entities_stick_sublevels.LivingEntityMixin from sable.mixins.json into net.minecraft.world.entity.LivingEntity
[15:48:03] [main/DEBUG] [mixin/]: Mixing entity.entities_stick_sublevels.effects.LivingEntityMixin from sable.mixins.json into net.minecraft.world.entity.LivingEntity
[15:48:03] [main/DEBUG] [mixin/]: Mixing entity.entity_rotations_and_riding.LivingEntityMixin from sable.mixins.json into net.minecraft.world.entity.LivingEntity
[15:48:03] [main/DEBUG] [mixin/]: Mixing entity.entity_sublevel_collision.LivingEntityMixin from sable.mixins.json into net.minecraft.world.entity.LivingEntity
[15:48:03] [main/DEBUG] [mixin/]: Mixing respawn_point.sleeping.LivingEntityMixin from sable.mixins.json into net.minecraft.world.entity.LivingEntity
[15:48:03] [main/DEBUG] [mixin/]: Mixing entities_stick_sublevels.effects.LivingEntityMixin from sable-neoforge.mixins.json into net.minecraft.world.entity.LivingEntity
[15:48:03] [main/DEBUG] [mixin/]: sable.mixins.json:entity.entities_stick_sublevels.LivingEntityMixin from mod sable->@Inject::sable$updateRotLerp(Lorg/spongepowered/asm/mixin/injection/callback/CallbackInfo;)V doesn't use it's CallbackInfo
[15:48:03] [main/DEBUG] [mixin/]: sable.mixins.json:entity.entities_stick_sublevels.LivingEntityMixin from mod sable->@Inject::sable$updateRotLerp(Lorg/spongepowered/asm/mixin/injection/callback/CallbackInfo;)V has 0 override(s) in child classes
[15:48:03] [main/DEBUG] [mixin/]: sable.mixins.json:entity.entities_stick_sublevels.LivingEntityMixin from mod sable->@Inject::sable$updateRotLerp(Lorg/spongepowered/asm/mixin/injection/callback/CallbackInfo;)V won't be passed a CallbackInfo as a result
[15:48:03] [main/DEBUG] [mixin/]: sable.mixins.json:entity.entities_stick_sublevels.LivingEntityMixin from mod sable->@Inject::sable$updatePlotPosition(Lorg/spongepowered/asm/mixin/injection/callback/CallbackInfo;)V doesn't use it's CallbackInfo
[15:48:03] [main/DEBUG] [mixin/]: sable.mixins.json:entity.entities_stick_sublevels.LivingEntityMixin from mod sable->@Inject::sable$updatePlotPosition(Lorg/spongepowered/asm/mixin/injection/callback/CallbackInfo;)V has 0 override(s) in child classes
[15:48:03] [main/DEBUG] [mixin/]: sable.mixins.json:entity.entities_stick_sublevels.LivingEntityMixin from mod sable->@Inject::sable$updatePlotPosition(Lorg/spongepowered/asm/mixin/injection/callback/CallbackInfo;)V won't be passed a CallbackInfo as a result
[15:48:03] [main/DEBUG] [mixin/]: sable.mixins.json:entity.entities_stick_sublevels.LivingEntityMixin from mod sable->@Inject::sable$recreateFromPacket(Lnet/minecraft/network/protocol/game/ClientboundAddEntityPacket;Lorg/spongepowered/asm/mixin/injection/callback/CallbackInfo;)V doesn't use it's CallbackInfo
[15:48:03] [main/DEBUG] [mixin/]: sable.mixins.json:entity.entities_stick_sublevels.LivingEntityMixin from mod sable->@Inject::sable$recreateFromPacket(Lnet/minecraft/network/protocol/game/ClientboundAddEntityPacket;Lorg/spongepowered/asm/mixin/injection/callback/CallbackInfo;)V has 0 override(s) in child classes
[15:48:03] [main/DEBUG] [mixin/]: sable.mixins.json:entity.entities_stick_sublevels.LivingEntityMixin from mod sable->@Inject::sable$recreateFromPacket(Lnet/minecraft/network/protocol/game/ClientboundAddEntityPacket;Lorg/spongepowered/asm/mixin/injection/callback/CallbackInfo;)V won't be passed a CallbackInfo as a result
[15:48:03] [main/DEBUG] [mixin/]: sable.mixins.json:entity.entity_rotations_and_riding.LivingEntityMixin from mod sable->@Inject::sable$jumpFromGround(Lorg/spongepowered/asm/mixin/injection/callback/CallbackInfo;)V does use it's CallbackInfo
[15:48:03] [main/DEBUG] [mixin/]: sable.mixins.json:entity.entity_sublevel_collision.LivingEntityMixin from mod sable->@Inject::sable$beforeAnimation(Lnet/minecraft/world/phys/Vec3;Lorg/spongepowered/asm/mixin/injection/callback/CallbackInfo;)V doesn't use it's CallbackInfo
[15:48:03] [main/DEBUG] [mixin/]: sable.mixins.json:entity.entity_sublevel_collision.LivingEntityMixin from mod sable->@Inject::sable$beforeAnimation(Lnet/minecraft/world/phys/Vec3;Lorg/spongepowered/asm/mixin/injection/callback/CallbackInfo;)V has 0 override(s) in child classes
[15:48:03] [main/DEBUG] [mixin/]: sable.mixins.json:entity.entity_sublevel_collision.LivingEntityMixin from mod sable->@Inject::sable$beforeAnimation(Lnet/minecraft/world/phys/Vec3;Lorg/spongepowered/asm/mixin/injection/callback/CallbackInfo;)V won't be passed a CallbackInfo as a result
[15:48:03] [main/DEBUG] [mixin/]: sable-neoforge.mixins.json:entities_stick_sublevels.effects.LivingEntityMixin from mod sable->@Inject::playBlockFallSound(Lorg/spongepowered/asm/mixin/injection/callback/CallbackInfo;)V doesn't use it's CallbackInfo
[15:48:03] [main/DEBUG] [mixin/]: sable-neoforge.mixins.json:entities_stick_sublevels.effects.LivingEntityMixin from mod sable->@Inject::playBlockFallSound(Lorg/spongepowered/asm/mixin/injection/callback/CallbackInfo;)V has 0 override(s) in child classes
[15:48:03] [main/DEBUG] [mixin/]: sable-neoforge.mixins.json:entities_stick_sublevels.effects.LivingEntityMixin from mod sable->@Inject::playBlockFallSound(Lorg/spongepowered/asm/mixin/injection/callback/CallbackInfo;)V won't be passed a CallbackInfo as a result
[15:48:03] [main/DEBUG] [mixin/]: Mixing entity.entity_sublevel_collision.LevelMixin from sable.mixins.json into net.minecraft.world.level.Level
[15:48:03] [main/DEBUG] [mixin/]: Mixing world_border.LevelMixin from sable.mixins.json into net.minecraft.world.level.Level
[15:48:03] [main/DEBUG] [mixin/]: Mixing LevelFrameRemovalPreflightMixin from antikytheramechanism.mixins.json into net.minecraft.world.level.Level
[15:48:03] [main/DEBUG] [mixin/]: Mixing LevelMiniWorldEnvironmentMixin from antikytheramechanism.mixins.json into net.minecraft.world.level.Level
[15:48:03] [main/DEBUG] [mixin/]: sable.mixins.json:world_border.LevelMixin from mod sable->@Inject::sable$initializeWorldBorder(Lnet/minecraft/world/level/storage/WritableLevelData;Lnet/minecraft/resources/ResourceKey;Lnet/minecraft/core/RegistryAccess;Lnet/minecraft/core/Holder;Ljava/util/function/Supplier;ZZJILorg/spongepowered/asm/mixin/injection/callback/CallbackInfo;)V doesn't use it's CallbackInfo
[15:48:03] [main/DEBUG] [mixin/]: sable.mixins.json:world_border.LevelMixin from mod sable->@Inject::sable$initializeWorldBorder(Lnet/minecraft/world/level/storage/WritableLevelData;Lnet/minecraft/resources/ResourceKey;Lnet/minecraft/core/RegistryAccess;Lnet/minecraft/core/Holder;Ljava/util/function/Supplier;ZZJILorg/spongepowered/asm/mixin/injection/callback/CallbackInfo;)V has 0 override(s) in child classes
[15:48:03] [main/DEBUG] [mixin/]: sable.mixins.json:world_border.LevelMixin from mod sable->@Inject::sable$initializeWorldBorder(Lnet/minecraft/world/level/storage/WritableLevelData;Lnet/minecraft/resources/ResourceKey;Lnet/minecraft/core/RegistryAccess;Lnet/minecraft/core/Holder;Ljava/util/function/Supplier;ZZJILorg/spongepowered/asm/mixin/injection/callback/CallbackInfo;)V won't be passed a CallbackInfo as a result
[15:48:03] [main/DEBUG] [mixin/]: antikytheramechanism.mixins.json:LevelFrameRemovalPreflightMixin from mod antikytheramechanism->@Inject::antikytheramechanism$evacuateFrameBeforeChunkWrite(Lnet/minecraft/core/BlockPos;Lnet/minecraft/world/level/block/state/BlockState;IILorg/spongepowered/asm/mixin/injection/callback/CallbackInfoReturnable;)V does use it's CallbackInfoReturnable
[15:48:03] [main/DEBUG] [mixin/]: antikytheramechanism.mixins.json:LevelMiniWorldEnvironmentMixin from mod antikytheramechanism->@Inject::antikytheramechanism$projectParentEnvironment(Lnet/minecraft/core/BlockPos;Lorg/spongepowered/asm/mixin/injection/callback/CallbackInfoReturnable;)V does use it's CallbackInfoReturnable
[15:48:03] [main/DEBUG] [mixin/]: antikytheramechanism.mixins.json:LevelMiniWorldEnvironmentMixin from mod antikytheramechanism->@Inject::antikytheramechanism$refuseProjectedShellDestroy(Lnet/minecraft/core/BlockPos;ZLnet/minecraft/world/entity/Entity;ILorg/spongepowered/asm/mixin/injection/callback/CallbackInfoReturnable;)V does use it's CallbackInfoReturnable
[15:48:03] [main/DEBUG] [mixin/]: Mixing NetworkServerLevelMixin from veil.network.mixins.json into net.minecraft.server.level.ServerLevel
[15:48:03] [main/DEBUG] [mixin/]: Mixing block_decal_render.ServerLevelMixin from sable.mixins.json into net.minecraft.server.level.ServerLevel
[15:48:03] [main/DEBUG] [mixin/]: Mixing entity.entity_aabb_lookup.LevelsMixin from sable.mixins.json into net.minecraft.server.level.ServerLevel
[15:48:03] [main/ERROR] [ne.ne.fm.co.as.RuntimeDistCleaner/DISTXFORM]: Attempted to load class net/minecraft/client/multiplayer/ClientLevel for invalid dist DEDICATED_SERVER
[15:48:03] [main/WARN] [mixin/]: Error loading class: net/minecraft/client/multiplayer/ClientLevel (java.lang.RuntimeException: Attempted to load class net/minecraft/client/multiplayer/ClientLevel for invalid dist DEDICATED_SERVER)
[15:48:03] [main/DEBUG] [mixin/]: Mixing entity.entity_kicking.ServerLevelMixin from sable.mixins.json into net.minecraft.server.level.ServerLevel
[15:48:03] [main/DEBUG] [mixin/]: Mixing entity.server_entities_tick.ServerLevelMixin from sable.mixins.json into net.minecraft.server.level.ServerLevel
[15:48:03] [main/DEBUG] [mixin/]: Mixing explosion.ServerLevelMixin from sable.mixins.json into net.minecraft.server.level.ServerLevel
[15:48:03] [main/DEBUG] [mixin/]: Mixing particle.ServerLevelMixin from sable.mixins.json into net.minecraft.server.level.ServerLevel
[15:48:03] [main/DEBUG] [mixin/]: Mixing physics.ServerLevelMixin from sable.mixins.json into net.minecraft.server.level.ServerLevel
[15:48:03] [main/DEBUG] [mixin/]: Mixing plot.LevelsMixin from sable.mixins.json into net.minecraft.server.level.ServerLevel
[15:48:03] [main/ERROR] [ne.ne.fm.co.as.RuntimeDistCleaner/DISTXFORM]: Attempted to load class net/minecraft/client/multiplayer/ClientLevel for invalid dist DEDICATED_SERVER
[15:48:03] [main/WARN] [mixin/]: Error loading class: net/minecraft/client/multiplayer/ClientLevel (java.lang.RuntimeException: Attempted to load class net/minecraft/client/multiplayer/ClientLevel for invalid dist DEDICATED_SERVER)
[15:48:03] [main/DEBUG] [mixin/]: Mixing plot.ServerLevelMixin from sable.mixins.json into net.minecraft.server.level.ServerLevel
[15:48:03] [main/DEBUG] [mixin/]: Mixing water_occlusion.LevelsMixin from sable.mixins.json into net.minecraft.server.level.ServerLevel
[15:48:03] [main/ERROR] [ne.ne.fm.co.as.RuntimeDistCleaner/DISTXFORM]: Attempted to load class net/minecraft/client/multiplayer/ClientLevel for invalid dist DEDICATED_SERVER
[15:48:03] [main/WARN] [mixin/]: Error loading class: net/minecraft/client/multiplayer/ClientLevel (java.lang.RuntimeException: Attempted to load class net/minecraft/client/multiplayer/ClientLevel for invalid dist DEDICATED_SERVER)
[15:48:03] [main/DEBUG] [mixin/]: Mixing ServerLevelRedstoneBoundaryUpdateCenterMixin from antikytheramechanism.mixins.json into net.minecraft.server.level.ServerLevel
[15:48:03] [main/DEBUG] [mixin/]: sable.mixins.json:entity.entity_aabb_lookup.LevelsMixin from mod sable->@Inject::sable$postGetEntities(Lorg/spongepowered/asm/mixin/injection/callback/CallbackInfoReturnable;)V does use it's CallbackInfoReturnable
[15:48:03] [main/DEBUG] [mixin/]: sable.mixins.json:entity.entity_kicking.ServerLevelMixin from mod sable->@Inject::sable$kickEntity(Lnet/minecraft/world/entity/Entity;Lorg/spongepowered/asm/mixin/injection/callback/CallbackInfoReturnable;)V doesn't use it's CallbackInfoReturnable
[15:48:03] [main/DEBUG] [mixin/]: sable.mixins.json:entity.entity_kicking.ServerLevelMixin from mod sable->@Inject::sable$kickEntity(Lnet/minecraft/world/entity/Entity;Lorg/spongepowered/asm/mixin/injection/callback/CallbackInfoReturnable;)V has 0 override(s) in child classes
[15:48:03] [main/DEBUG] [mixin/]: sable.mixins.json:entity.entity_kicking.ServerLevelMixin from mod sable->@Inject::sable$kickEntity(Lnet/minecraft/world/entity/Entity;Lorg/spongepowered/asm/mixin/injection/callback/CallbackInfoReturnable;)V won't be passed a CallbackInfoReturnable as a result
[15:48:03] [main/DEBUG] [mixin/]: sable.mixins.json:plot.ServerLevelMixin from mod sable->@Inject::sable$init(Lorg/spongepowered/asm/mixin/injection/callback/CallbackInfo;)V doesn't use it's CallbackInfo
[15:48:03] [main/DEBUG] [mixin/]: sable.mixins.json:plot.ServerLevelMixin from mod sable->@Inject::sable$init(Lorg/spongepowered/asm/mixin/injection/callback/CallbackInfo;)V has 0 override(s) in child classes
[15:48:03] [main/DEBUG] [mixin/]: sable.mixins.json:plot.ServerLevelMixin from mod sable->@Inject::sable$init(Lorg/spongepowered/asm/mixin/injection/callback/CallbackInfo;)V won't be passed a CallbackInfo as a result
[15:48:03] [main/DEBUG] [mixin/]: sable.mixins.json:plot.ServerLevelMixin from mod sable->@Inject::sable$saveSubLevels(Lnet/minecraft/util/ProgressListener;ZZLorg/spongepowered/asm/mixin/injection/callback/CallbackInfo;)V doesn't use it's CallbackInfo
[15:48:03] [main/DEBUG] [mixin/]: sable.mixins.json:plot.ServerLevelMixin from mod sable->@Inject::sable$saveSubLevels(Lnet/minecraft/util/ProgressListener;ZZLorg/spongepowered/asm/mixin/injection/callback/CallbackInfo;)V has 0 override(s) in child classes
[15:48:03] [main/DEBUG] [mixin/]: sable.mixins.json:plot.ServerLevelMixin from mod sable->@Inject::sable$saveSubLevels(Lnet/minecraft/util/ProgressListener;ZZLorg/spongepowered/asm/mixin/injection/callback/CallbackInfo;)V won't be passed a CallbackInfo as a result
[15:48:03] [main/DEBUG] [mixin/]: sable.mixins.json:plot.ServerLevelMixin from mod sable->@Inject::sable$tickPlotContainer(Ljava/util/function/BooleanSupplier;Lorg/spongepowered/asm/mixin/injection/callback/CallbackInfo;)V doesn't use it's CallbackInfo
[15:48:03] [main/DEBUG] [mixin/]: sable.mixins.json:plot.ServerLevelMixin from mod sable->@Inject::sable$tickPlotContainer(Ljava/util/function/BooleanSupplier;Lorg/spongepowered/asm/mixin/injection/callback/CallbackInfo;)V has 0 override(s) in child classes
[15:48:03] [main/DEBUG] [mixin/]: sable.mixins.json:plot.ServerLevelMixin from mod sable->@Inject::sable$tickPlotContainer(Ljava/util/function/BooleanSupplier;Lorg/spongepowered/asm/mixin/injection/callback/CallbackInfo;)V won't be passed a CallbackInfo as a result
[15:48:03] [main/DEBUG] [mixin/]: sable.mixins.json:plot.ServerLevelMixin from mod sable->@Inject::sable$shouldTickBlocksAt(JLorg/spongepowered/asm/mixin/injection/callback/CallbackInfoReturnable;)V does use it's CallbackInfoReturnable
[15:48:03] [main/DEBUG] [mixin/]: sable.mixins.json:plot.ServerLevelMixin from mod sable->@Inject::sable$isNaturalSpawningAllowed(Lnet/minecraft/world/level/ChunkPos;Lorg/spongepowered/asm/mixin/injection/callback/CallbackInfoReturnable;)V does use it's CallbackInfoReturnable
[15:48:03] [main/DEBUG] [mixin/]: sable.mixins.json:plot.ServerLevelMixin from mod sable->@Inject::sable$close(Lorg/spongepowered/asm/mixin/injection/callback/CallbackInfo;)V doesn't use it's CallbackInfo
[15:48:03] [main/DEBUG] [mixin/]: sable.mixins.json:plot.ServerLevelMixin from mod sable->@Inject::sable$close(Lorg/spongepowered/asm/mixin/injection/callback/CallbackInfo;)V has 0 override(s) in child classes
[15:48:03] [main/DEBUG] [mixin/]: sable.mixins.json:plot.ServerLevelMixin from mod sable->@Inject::sable$close(Lorg/spongepowered/asm/mixin/injection/callback/CallbackInfo;)V won't be passed a CallbackInfo as a result
[15:48:03] [main/DEBUG] [mixin/]: antikytheramechanism.mixins.json:ServerLevelRedstoneBoundaryUpdateCenterMixin from mod antikytheramechanism->@Inject::antikytheramechanism$mirrorRedstoneBoundaryUpdateCenter(Lnet/minecraft/core/BlockPos;Lnet/minecraft/world/level/block/Block;Lorg/spongepowered/asm/mixin/injection/callback/CallbackInfo;)V doesn't use it's CallbackInfo
[15:48:03] [main/DEBUG] [mixin/]: antikytheramechanism.mixins.json:ServerLevelRedstoneBoundaryUpdateCenterMixin from mod antikytheramechanism->@Inject::antikytheramechanism$mirrorRedstoneBoundaryUpdateCenter(Lnet/minecraft/core/BlockPos;Lnet/minecraft/world/level/block/Block;Lorg/spongepowered/asm/mixin/injection/callback/CallbackInfo;)V has 0 override(s) in child classes
[15:48:03] [main/DEBUG] [mixin/]: antikytheramechanism.mixins.json:ServerLevelRedstoneBoundaryUpdateCenterMixin from mod antikytheramechanism->@Inject::antikytheramechanism$mirrorRedstoneBoundaryUpdateCenter(Lnet/minecraft/core/BlockPos;Lnet/minecraft/world/level/block/Block;Lorg/spongepowered/asm/mixin/injection/callback/CallbackInfo;)V won't be passed a CallbackInfo as a result
[15:48:03] [main/DEBUG] [mixin/]: Mixing entity.entity_sublevel_collision.ItemEntityMixin from sable.mixins.json into net.minecraft.world.entity.item.ItemEntity
[15:48:03] [main/DEBUG] [mixin/]: Mixing voxel_shape_iteration.DiscreteVoxelShapeAccessor from sable.mixins.json into net.minecraft.world.phys.shapes.DiscreteVoxelShape
[15:48:03] [main/DEBUG] [mixin/]: Mixing voxel_shape_iteration.BitSetDiscreteVoxelShapeAccessor from sable.mixins.json into net.minecraft.world.phys.shapes.BitSetDiscreteVoxelShape
[15:48:03] [main/DEBUG] [mixin/]: Mixing voxel_shape_iteration.VoxelShapeMixin from sable.mixins.json into net.minecraft.world.phys.shapes.VoxelShape
[15:48:04] [main/DEBUG] [mixin/]: Mixing DispenserBlockContextMixin from antikytheramechanism.mixins.json into net.minecraft.world.level.block.DispenserBlock
[15:48:04] [main/DEBUG] [mixin/]: Mixing impact.TntBlockMixin from sable.mixins.json into net.minecraft.world.level.block.TntBlock
[15:48:04] [main/DEBUG] [mixin/]: Mixing RedStoneWireBlockAccessor from antikytheramechanism.mixins.json into net.minecraft.world.level.block.RedStoneWireBlock
[15:48:04] [main/DEBUG] [mixin/]: Mixing portal.NetherPortalBlockMixin from sable.mixins.json into net.minecraft.world.level.block.NetherPortalBlock
[15:48:04] [main/DEBUG] [mixin/]: Mixing prevent_overgrowth.VineBlockMixin from sable.mixins.json into net.minecraft.world.level.block.VineBlock
[15:48:04] [main/DEBUG] [mixin/]: Mixing impact.BellBlockMixin from sable.mixins.json into net.minecraft.world.level.block.BellBlock
[15:48:04] [main/DEBUG] [mixin/]: Mixing impact.BeehiveBlockMixin from sable.mixins.json into net.minecraft.world.level.block.BeehiveBlock
[15:48:04] [main/DEBUG] [mixin/]: Mixing PistonBaseBlockMechanismFrameMixin from antikytheramechanism.mixins.json into net.minecraft.world.level.block.piston.PistonBaseBlock
[15:48:04] [main/DEBUG] [mixin/]: Mixing entity.entity_rotations_and_riding.EntityTypeMixin from sable.mixins.json into net.minecraft.world.entity.EntityType
[15:48:04] [main/DEBUG] [mixin/]: sable.mixins.json:entity.entity_rotations_and_riding.EntityTypeMixin from mod sable->@Inject::sable$startRidingEntity(Lnet/minecraft/nbt/CompoundTag;Lnet/minecraft/world/level/Level;Ljava/util/function/Function;Lnet/minecraft/world/entity/Entity;Lorg/spongepowered/asm/mixin/injection/callback/CallbackInfoReturnable;)V doesn't use it's CallbackInfoReturnable
[15:48:04] [main/DEBUG] [mixin/]: Mixing water_occlusion.WaterFluidMixin from sable.mixins.json into net.minecraft.world.level.material.WaterFluid
[15:48:04] [main/DEBUG] [mixin/]: Mixing fluids_on_sub_levels.FlowingFluidMixin from sable.mixins.json into net.minecraft.world.level.material.FlowingFluid
[15:48:04] [main/DEBUG] [mixin/]: sable.mixins.json:fluids_on_sub_levels.FlowingFluidMixin from mod sable->@Inject::sable$canSpreadTo(Lnet/minecraft/world/level/BlockGetter;Lnet/minecraft/core/BlockPos;Lnet/minecraft/world/level/block/state/BlockState;Lnet/minecraft/core/Direction;Lnet/minecraft/core/BlockPos;Lnet/minecraft/world/level/block/state/BlockState;Lnet/minecraft/world/level/material/FluidState;Lnet/minecraft/world/level/material/Fluid;Lorg/spongepowered/asm/mixin/injection/callback/CallbackInfoReturnable;)V does use it's CallbackInfoReturnable
[15:48:04] [main/DEBUG] [mixin/]: Mixing entity.falling_block.FallingBlockEntityMixin from sable.mixins.json into net.minecraft.world.entity.item.FallingBlockEntity
[15:48:04] [main/DEBUG] [mixin/]: sable.mixins.json:entity.falling_block.FallingBlockEntityMixin from mod sable->@Inject::sable$beforeOnGroundCheck(Lorg/spongepowered/asm/mixin/injection/callback/CallbackInfo;)V doesn't use it's CallbackInfo
[15:48:04] [main/DEBUG] [mixin/]: sable.mixins.json:entity.falling_block.FallingBlockEntityMixin from mod sable->@Inject::sable$beforeOnGroundCheck(Lorg/spongepowered/asm/mixin/injection/callback/CallbackInfo;)V has 0 override(s) in child classes
[15:48:04] [main/DEBUG] [mixin/]: sable.mixins.json:entity.falling_block.FallingBlockEntityMixin from mod sable->@Inject::sable$beforeOnGroundCheck(Lorg/spongepowered/asm/mixin/injection/callback/CallbackInfo;)V won't be passed a CallbackInfo as a result
[15:48:04] [main/DEBUG] [mixin/]: Mixing PistonMovingBlockEntityAssemblyMixin from antikytheramechanism.mixins.json into net.minecraft.world.level.block.piston.PistonMovingBlockEntity
[15:48:04] [main/DEBUG] [mixin/]: antikytheramechanism.mixins.json:PistonMovingBlockEntityAssemblyMixin from mod antikytheramechanism->@Inject::antikytheramechanism$followAssemblyPose(Lnet/minecraft/world/level/Level;Lnet/minecraft/core/BlockPos;Lnet/minecraft/world/level/block/state/BlockState;Lnet/minecraft/world/level/block/piston/PistonMovingBlockEntity;Lorg/spongepowered/asm/mixin/injection/callback/CallbackInfo;)V doesn't use it's CallbackInfo
[15:48:04] [main/DEBUG] [mixin/]: antikytheramechanism.mixins.json:PistonMovingBlockEntityAssemblyMixin from mod antikytheramechanism->@Inject::antikytheramechanism$finishInterruptedCarrier(Lorg/spongepowered/asm/mixin/injection/callback/CallbackInfo;)V doesn't use it's CallbackInfo
[15:48:04] [main/DEBUG] [mixin/]: antikytheramechanism.mixins.json:PistonMovingBlockEntityAssemblyMixin from mod antikytheramechanism->@Inject::antikytheramechanism$finishInterruptedCarrier(Lorg/spongepowered/asm/mixin/injection/callback/CallbackInfo;)V has 0 override(s) in child classes
[15:48:04] [main/DEBUG] [mixin/]: antikytheramechanism.mixins.json:PistonMovingBlockEntityAssemblyMixin from mod antikytheramechanism->@Inject::antikytheramechanism$finishInterruptedCarrier(Lorg/spongepowered/asm/mixin/injection/callback/CallbackInfo;)V won't be passed a CallbackInfo as a result
[15:48:04] [main/DEBUG] [mixin/]: Mixing entity.sublevels_block_sky.SubLevelsBlockSkyMixin from sable.mixins.json into net.minecraft.world.entity.Mob
[15:48:04] [main/DEBUG] [mixin/]: Mixing entity.entity_leashing.LeashableMixin from sable.mixins.json into net.minecraft.world.entity.Leashable
[15:48:04] [main/DEBUG] [mixin/]: Mixing entity.tnt_jumps.PrimedTntMixin from sable.mixins.json into net.minecraft.world.entity.item.PrimedTnt
[15:48:04] [main/DEBUG] [mixin/]: sable.mixins.json:entity.tnt_jumps.PrimedTntMixin from mod sable->@Inject::sable$setTntJump(Lnet/minecraft/world/level/Level;DDDLnet/minecraft/world/entity/LivingEntity;Lorg/spongepowered/asm/mixin/injection/callback/CallbackInfo;)V doesn't use it's CallbackInfo
[15:48:04] [main/DEBUG] [mixin/]: sable.mixins.json:entity.tnt_jumps.PrimedTntMixin from mod sable->@Inject::sable$setTntJump(Lnet/minecraft/world/level/Level;DDDLnet/minecraft/world/entity/LivingEntity;Lorg/spongepowered/asm/mixin/injection/callback/CallbackInfo;)V has 0 override(s) in child classes
[15:48:04] [main/DEBUG] [mixin/]: sable.mixins.json:entity.tnt_jumps.PrimedTntMixin from mod sable->@Inject::sable$setTntJump(Lnet/minecraft/world/level/Level;DDDLnet/minecraft/world/entity/LivingEntity;Lorg/spongepowered/asm/mixin/injection/callback/CallbackInfo;)V won't be passed a CallbackInfo as a result
[15:48:04] [main/DEBUG] [mixin/]: Mixing BlockEntityTypeAccessor from neoforge.mixins.json into net.minecraft.world.level.block.entity.BlockEntityType
[15:48:04] [main/DEBUG] [mixin/]: Mixing assembly.AbstractFurnaceBlockEntityMixin from sable.mixins.json into net.minecraft.world.level.block.entity.AbstractFurnaceBlockEntity
[15:48:04] [main/DEBUG] [mixin/]: Mixing sign_interaction.SignBlockEntityMixin from sable.mixins.json into net.minecraft.world.level.block.entity.SignBlockEntity
[15:48:04] [main/DEBUG] [mixin/]: Mixing entity.arrows_hit_blocks.AbstractArrowMixin from sable.mixins.json into net.minecraft.world.entity.projectile.AbstractArrow
[15:48:04] [main/DEBUG] [mixin/]: sable.mixins.json:entity.arrows_hit_blocks.AbstractArrowMixin from mod sable->@Inject::sable$startFalling(Lorg/spongepowered/asm/mixin/injection/callback/CallbackInfo;)V doesn't use it's CallbackInfo
[15:48:04] [main/DEBUG] [mixin/]: sable.mixins.json:entity.arrows_hit_blocks.AbstractArrowMixin from mod sable->@Inject::sable$startFalling(Lorg/spongepowered/asm/mixin/injection/callback/CallbackInfo;)V has 0 override(s) in child classes
[15:48:04] [main/DEBUG] [mixin/]: sable.mixins.json:entity.arrows_hit_blocks.AbstractArrowMixin from mod sable->@Inject::sable$startFalling(Lorg/spongepowered/asm/mixin/injection/callback/CallbackInfo;)V won't be passed a CallbackInfo as a result
[15:48:04] [main/DEBUG] [mixin/]: Mixing entity.projectile.ProjectileMixin from sable.mixins.json into net.minecraft.world.entity.projectile.Projectile
[15:48:04] [main/DEBUG] [mixin/]: sable.mixins.json:entity.projectile.ProjectileMixin from mod sable->@Inject::sable$shootFromRotation(Lnet/minecraft/world/entity/Entity;FFFFFLorg/spongepowered/asm/mixin/injection/callback/CallbackInfo;)V doesn't use it's CallbackInfo
[15:48:04] [main/DEBUG] [mixin/]: sable.mixins.json:entity.projectile.ProjectileMixin from mod sable->@Inject::sable$shootFromRotation(Lnet/minecraft/world/entity/Entity;FFFFFLorg/spongepowered/asm/mixin/injection/callback/CallbackInfo;)V has 0 override(s) in child classes
[15:48:04] [main/DEBUG] [mixin/]: sable.mixins.json:entity.projectile.ProjectileMixin from mod sable->@Inject::sable$shootFromRotation(Lnet/minecraft/world/entity/Entity;FFFFFLorg/spongepowered/asm/mixin/injection/callback/CallbackInfo;)V won't be passed a CallbackInfo as a result
[15:48:04] [main/DEBUG] [mixin/]: Mixing enchanting_table.EnchantingTableBlockEntityMixin from sable.mixins.json into net.minecraft.world.level.block.entity.EnchantingTableBlockEntity
[15:48:04] [main/DEBUG] [mixin/]: Mixing ItemStackMiniPlacementMixin from antikytheramechanism.mixins.json into net.minecraft.world.item.ItemStack
[15:48:04] [main/DEBUG] [mixin/]: Renaming synthetic method lambda$runTrackedBlockUse$4(Lnet/minecraft/world/item/BlockItem;Lnet/minecraft/world/item/context/UseOnContext;Lnet/minecraft/world/item/context/BlockPlaceContext;)Lnet/minecraft/world/InteractionResult; to mdf5665a$antikytheramechanism$lambda$runTrackedBlockUse$4$0 in antikytheramechanism.mixins.json:ItemStackMiniPlacementMixin from mod antikytheramechanism
[15:48:04] [main/DEBUG] [mixin/]: Renaming synthetic method lambda$runTrackedBlockUse$3(Lnet/minecraft/world/item/BlockItem;Lnet/minecraft/world/item/context/UseOnContext;Lnet/minecraft/world/item/context/BlockPlaceContext;)Lnet/minecraft/world/InteractionResult; to mdf5665a$antikytheramechanism$lambda$runTrackedBlockUse$3$1 in antikytheramechanism.mixins.json:ItemStackMiniPlacementMixin from mod antikytheramechanism
[15:48:04] [main/DEBUG] [mixin/]: Renaming synthetic method lambda$antikytheramechanism$trackPlacementHelpers$2(Lcom/llamalad7/mixinextras/injector/wrapoperation/Operation;Lnet/minecraft/world/item/context/UseOnContext;)Lnet/minecraft/world/InteractionResult; to mdf5665a$antikytheramechanism$lambda$antikytheramechanism$trackPlacementHelpers$2$2 in antikytheramechanism.mixins.json:ItemStackMiniPlacementMixin from mod antikytheramechanism
[15:48:04] [main/DEBUG] [mixin/]: Renaming synthetic method lambda$antikytheramechanism$routeAndTrackMiniPlacement$1(Lnet/minecraft/world/item/context/UseOnContext;Lcom/llamalad7/mixinextras/injector/wrapoperation/Operation;Lnet/minecraft/world/item/BlockItem;)Lnet/minecraft/world/InteractionResult; to mdf5665a$antikytheramechanism$lambda$antikytheramechanism$routeAndTrackMiniPlacement$1$3 in antikytheramechanism.mixins.json:ItemStackMiniPlacementMixin from mod antikytheramechanism
[15:48:04] [main/DEBUG] [mixin/]: Renaming synthetic method lambda$antikytheramechanism$routeAndTrackMiniPlacement$0(Lnet/minecraft/world/item/BlockItem;Lnet/minecraft/world/item/context/UseOnContext;)Lnet/minecraft/world/InteractionResult; to mdf5665a$antikytheramechanism$lambda$antikytheramechanism$routeAndTrackMiniPlacement$0$4 in antikytheramechanism.mixins.json:ItemStackMiniPlacementMixin from mod antikytheramechanism
[15:48:04] [main/DEBUG] [mixin/]: Mixing prevent_freezing.BiomeMixin from sable.mixins.json into net.minecraft.world.level.biome.Biome
[15:48:04] [main/DEBUG] [mixin/]: Renaming synthetic method lambda$sable$preventFreezing$0(Lnet/minecraft/world/level/Level;Lnet/minecraft/core/BlockPos;)Z to mdf5665a$sable$lambda$sable$preventFreezing$0$0 in sable.mixins.json:prevent_freezing.BiomeMixin from mod sable
[15:48:05] [main/DEBUG] [mixin/]: Mixing entity.entity_collision.CollisionContextMixin from sable.mixins.json into net.minecraft.world.phys.shapes.CollisionContext
[15:48:05] [main/DEBUG] [mixin/]: Mixing NetworkServerPlayerMixin from veil.network.mixins.json into net.minecraft.server.level.ServerPlayer
[15:48:05] [main/DEBUG] [mixin/]: Mixing entity.entities_stick_sublevels.player.ServerPlayerMixin from sable.mixins.json into net.minecraft.server.level.ServerPlayer
[15:48:05] [main/DEBUG] [mixin/]: Mixing entity.entity_rotations_and_riding.ServerPlayerMixin from sable.mixins.json into net.minecraft.server.level.ServerPlayer
[15:48:05] [main/DEBUG] [mixin/]: Mixing entity.teleport_players.ServerPlayerMixin from sable.mixins.json into net.minecraft.server.level.ServerPlayer
[15:48:05] [main/DEBUG] [mixin/]: Mixing player_freezing.ServerPlayerMixin from sable.mixins.json into net.minecraft.server.level.ServerPlayer
[15:48:05] [main/DEBUG] [mixin/]: Mixing respawn_point.ServerPlayerMixin from sable.mixins.json into net.minecraft.server.level.ServerPlayer
[15:48:05] [main/DEBUG] [mixin/]: Mixing respawn_point.sleeping.ServerPlayerMixin from sable.mixins.json into net.minecraft.server.level.ServerPlayer
[15:48:05] [main/DEBUG] [mixin/]: Mixing tracking_points.ServerPlayerMixin from sable.mixins.json into net.minecraft.server.level.ServerPlayer
[15:48:05] [main/DEBUG] [mixin/]: sable.mixins.json:entity.entities_stick_sublevels.player.ServerPlayerMixin from mod sable->@Inject::tick(Lorg/spongepowered/asm/mixin/injection/callback/CallbackInfo;)V doesn't use it's CallbackInfo
[15:48:05] [main/DEBUG] [mixin/]: sable.mixins.json:entity.entities_stick_sublevels.player.ServerPlayerMixin from mod sable->@Inject::tick(Lorg/spongepowered/asm/mixin/injection/callback/CallbackInfo;)V has 0 override(s) in child classes
[15:48:05] [main/DEBUG] [mixin/]: sable.mixins.json:entity.entities_stick_sublevels.player.ServerPlayerMixin from mod sable->@Inject::tick(Lorg/spongepowered/asm/mixin/injection/callback/CallbackInfo;)V won't be passed a CallbackInfo as a result
[15:48:05] [main/DEBUG] [mixin/]: sable.mixins.json:player_freezing.ServerPlayerMixin from mod sable->@Inject::setSable$frozenToSubLevel(Lorg/spongepowered/asm/mixin/injection/callback/CallbackInfo;)V doesn't use it's CallbackInfo
[15:48:05] [main/DEBUG] [mixin/]: sable.mixins.json:player_freezing.ServerPlayerMixin from mod sable->@Inject::setSable$frozenToSubLevel(Lorg/spongepowered/asm/mixin/injection/callback/CallbackInfo;)V has 0 override(s) in child classes
[15:48:05] [main/DEBUG] [mixin/]: sable.mixins.json:player_freezing.ServerPlayerMixin from mod sable->@Inject::setSable$frozenToSubLevel(Lorg/spongepowered/asm/mixin/injection/callback/CallbackInfo;)V won't be passed a CallbackInfo as a result
[15:48:05] [main/DEBUG] [mixin/]: sable.mixins.json:respawn_point.ServerPlayerMixin from mod sable->@Inject::sable$setRespawnPosition(Lnet/minecraft/resources/ResourceKey;Lnet/minecraft/core/BlockPos;FZZLorg/spongepowered/asm/mixin/injection/callback/CallbackInfo;)V does use it's CallbackInfo
[15:48:05] [main/DEBUG] [mixin/]: sable.mixins.json:respawn_point.ServerPlayerMixin from mod sable->@Inject::sable$addRespawnPoint(Lnet/minecraft/nbt/CompoundTag;Lorg/spongepowered/asm/mixin/injection/callback/CallbackInfo;)V doesn't use it's CallbackInfo
[15:48:05] [main/DEBUG] [mixin/]: sable.mixins.json:respawn_point.ServerPlayerMixin from mod sable->@Inject::sable$addRespawnPoint(Lnet/minecraft/nbt/CompoundTag;Lorg/spongepowered/asm/mixin/injection/callback/CallbackInfo;)V has 0 override(s) in child classes
[15:48:05] [main/DEBUG] [mixin/]: sable.mixins.json:respawn_point.ServerPlayerMixin from mod sable->@Inject::sable$addRespawnPoint(Lnet/minecraft/nbt/CompoundTag;Lorg/spongepowered/asm/mixin/injection/callback/CallbackInfo;)V won't be passed a CallbackInfo as a result
[15:48:05] [main/DEBUG] [mixin/]: sable.mixins.json:respawn_point.ServerPlayerMixin from mod sable->@Inject::sable$readRespawnPoint(Lnet/minecraft/nbt/CompoundTag;Lorg/spongepowered/asm/mixin/injection/callback/CallbackInfo;)V doesn't use it's CallbackInfo
[15:48:05] [main/DEBUG] [mixin/]: sable.mixins.json:respawn_point.ServerPlayerMixin from mod sable->@Inject::sable$readRespawnPoint(Lnet/minecraft/nbt/CompoundTag;Lorg/spongepowered/asm/mixin/injection/callback/CallbackInfo;)V has 0 override(s) in child classes
[15:48:05] [main/DEBUG] [mixin/]: sable.mixins.json:respawn_point.ServerPlayerMixin from mod sable->@Inject::sable$readRespawnPoint(Lnet/minecraft/nbt/CompoundTag;Lorg/spongepowered/asm/mixin/injection/callback/CallbackInfo;)V won't be passed a CallbackInfo as a result
[15:48:05] [main/DEBUG] [mixin/]: sable.mixins.json:tracking_points.ServerPlayerMixin from mod sable->@Inject::addAdditionalSaveData(Lnet/minecraft/nbt/CompoundTag;Lorg/spongepowered/asm/mixin/injection/callback/CallbackInfo;)V doesn't use it's CallbackInfo
[15:48:05] [main/DEBUG] [mixin/]: sable.mixins.json:tracking_points.ServerPlayerMixin from mod sable->@Inject::addAdditionalSaveData(Lnet/minecraft/nbt/CompoundTag;Lorg/spongepowered/asm/mixin/injection/callback/CallbackInfo;)V has 0 override(s) in child classes
[15:48:05] [main/DEBUG] [mixin/]: sable.mixins.json:tracking_points.ServerPlayerMixin from mod sable->@Inject::addAdditionalSaveData(Lnet/minecraft/nbt/CompoundTag;Lorg/spongepowered/asm/mixin/injection/callback/CallbackInfo;)V won't be passed a CallbackInfo as a result
[15:48:05] [main/DEBUG] [mixin/]: Mixing punching.ItemInvoker from sable.mixins.json into net.minecraft.world.item.Item
[15:48:05] [main/DEBUG] [mixin/]: Renaming @Invoker method sable$getPlayerPOVHitResult(Lnet/minecraft/world/level/Level;Lnet/minecraft/world/entity/player/Player;Lnet/minecraft/world/level/ClipContext$Fluid;)Lnet/minecraft/world/phys/BlockHitResult; to getPlayerPOVHitResult$sable_$md$f5665a$0 in sable.mixins.json:punching.ItemInvoker from mod sable
[15:48:05] [main/DEBUG] [mixin/]: Mixing BlockItemMiniEnvironmentMixin from antikytheramechanism.mixins.json into net.minecraft.world.item.BlockItem
[15:48:05] [main/DEBUG] [mixin/]: Renaming synthetic method lambda$antikytheramechanism$readVirtualSupportForSurvival$2(Lcom/llamalad7/mixinextras/injector/wrapoperation/Operation;Lnet/minecraft/world/item/context/BlockPlaceContext;Lnet/minecraft/world/level/block/state/BlockState;)Ljava/lang/Boolean; to mdf5665a$antikytheramechanism$lambda$antikytheramechanism$readVirtualSupportForSurvival$2$0 in antikytheramechanism.mixins.json:BlockItemMiniEnvironmentMixin from mod antikytheramechanism
[15:48:05] [main/DEBUG] [mixin/]: Renaming synthetic method lambda$antikytheramechanism$readVirtualSupportForPlacementState$1(Lcom/llamalad7/mixinextras/injector/wrapoperation/Operation;Lnet/minecraft/world/item/context/BlockPlaceContext;)Lnet/minecraft/world/level/block/state/BlockState; to mdf5665a$antikytheramechanism$lambda$antikytheramechanism$readVirtualSupportForPlacementState$1$1 in antikytheramechanism.mixins.json:BlockItemMiniEnvironmentMixin from mod antikytheramechanism
[15:48:05] [main/DEBUG] [mixin/]: Renaming synthetic method lambda$antikytheramechanism$readVirtualBoundaryDuringSetPlacedBy$0(Lcom/llamalad7/mixinextras/injector/wrapoperation/Operation;Lnet/minecraft/world/level/block/Block;Lnet/minecraft/world/level/Level;Lnet/minecraft/core/BlockPos;Lnet/minecraft/world/level/block/state/BlockState;Lnet/minecraft/world/entity/LivingEntity;Lnet/minecraft/world/item/ItemStack;)Ljava/lang/Void; to mdf5665a$antikytheramechanism$lambda$antikytheramechanism$readVirtualBoundaryDuringSetPlacedBy$0$2 in antikytheramechanism.mixins.json:BlockItemMiniEnvironmentMixin from mod antikytheramechanism
[15:48:05] [main/DEBUG] [mixin/]: Mixing BucketItemMiniFluidPolicyMixin from antikytheramechanism.mixins.json into net.minecraft.world.item.BucketItem
[15:48:05] [main/DEBUG] [mixin/]: antikytheramechanism.mixins.json:BucketItemMiniFluidPolicyMixin from mod antikytheramechanism->@Inject::antikytheramechanism$rejectDeniedMiniFluid(Lnet/minecraft/world/entity/player/Player;Lnet/minecraft/world/level/Level;Lnet/minecraft/core/BlockPos;Lnet/minecraft/world/phys/BlockHitResult;Lnet/minecraft/world/item/ItemStack;Lorg/spongepowered/asm/mixin/injection/callback/CallbackInfoReturnable;)V does use it's CallbackInfoReturnable
[15:48:05] [main/DEBUG] [io.ne.ut.in.PlatformDependent0/]: -Dio.netty.noUnsafe: false
[15:48:05] [main/DEBUG] [io.ne.ut.in.PlatformDependent0/]: Java version: 21
[15:48:05] [main/DEBUG] [io.ne.ut.in.PlatformDependent0/]: sun.misc.Unsafe.theUnsafe: available
[15:48:05] [main/DEBUG] [io.ne.ut.in.PlatformDependent0/]: sun.misc.Unsafe.copyMemory: available
[15:48:05] [main/DEBUG] [io.ne.ut.in.PlatformDependent0/]: sun.misc.Unsafe.storeFence: available
[15:48:05] [main/DEBUG] [io.ne.ut.in.PlatformDependent0/]: java.nio.Buffer.address: available
[15:48:05] [main/DEBUG] [io.ne.ut.in.PlatformDependent0/]: direct buffer constructor: unavailable: Reflective setAccessible(true) disabled
[15:48:05] [main/DEBUG] [io.ne.ut.in.PlatformDependent0/]: java.nio.Bits.unaligned: available, true
[15:48:05] [main/DEBUG] [io.ne.ut.in.PlatformDependent0/]: jdk.internal.misc.Unsafe.allocateUninitializedArray(int): unavailable: class io.netty.util.internal.PlatformDependent0$7 (in module io.netty.common) cannot access class jdk.internal.misc.Unsafe (in module java.base) because module java.base does not export jdk.internal.misc to module io.netty.common
[15:48:05] [main/DEBUG] [io.ne.ut.in.PlatformDependent0/]: java.nio.DirectByteBuffer.<init>(long, {int,long}): unavailable
[15:48:05] [main/DEBUG] [io.ne.ut.in.PlatformDependent/]: sun.misc.Unsafe: available
[15:48:05] [main/DEBUG] [io.ne.ut.in.PlatformDependent/]: maxDirectMemory: 4192206848 bytes (maybe)
[15:48:05] [main/DEBUG] [io.ne.ut.in.PlatformDependent/]: -Dio.netty.tmpdir: /tmp (java.io.tmpdir)
[15:48:05] [main/DEBUG] [io.ne.ut.in.PlatformDependent/]: -Dio.netty.bitMode: 64 (sun.arch.data.model)
[15:48:05] [main/DEBUG] [io.ne.ut.in.PlatformDependent/]: -Dio.netty.maxDirectMemory: -1 bytes
[15:48:05] [main/DEBUG] [io.ne.ut.in.PlatformDependent/]: -Dio.netty.uninitializedArrayAllocationThreshold: -1
[15:48:05] [main/DEBUG] [io.ne.ut.in.CleanerJava9/]: java.nio.ByteBuffer.cleaner(): available
[15:48:05] [main/DEBUG] [io.ne.ut.in.PlatformDependent/]: -Dio.netty.noPreferDirect: false
[15:48:05] [main/DEBUG] [mixin/]: Mixing world_border.WorldBorderMixin from sable.mixins.json into net.minecraft.world.level.border.WorldBorder
[15:48:05] [main/DEBUG] [mixin/]: sable.mixins.json:world_border.WorldBorderMixin from mod sable->@Inject::sable$isWithinBounds(DDDLorg/spongepowered/asm/mixin/injection/callback/CallbackInfoReturnable;)V does use it's CallbackInfoReturnable
[15:48:05] [main/DEBUG] [mixin/]: sable.mixins.json:world_border.WorldBorderMixin from mod sable->@Inject::sable$clampToBounds(DDDLorg/spongepowered/asm/mixin/injection/callback/CallbackInfoReturnable;)V does use it's CallbackInfoReturnable
[15:48:05] [main/DEBUG] [mixin/]: sable.mixins.json:world_border.WorldBorderMixin from mod sable->@Inject::sable$isInsideCloseToBorder(Lnet/minecraft/world/entity/Entity;Lnet/minecraft/world/phys/AABB;Lorg/spongepowered/asm/mixin/injection/callback/CallbackInfoReturnable;)V does use it's CallbackInfoReturnable
[15:48:05] [main/DEBUG] [mixin/]: Mixing NeighborUpdaterReadOnlyShellMixin from antikytheramechanism.mixins.json into net.minecraft.world.level.redstone.NeighborUpdater
[15:48:05] [main/DEBUG] [mixin/]: antikytheramechanism.mixins.json:NeighborUpdaterReadOnlyShellMixin from mod antikytheramechanism->@Inject::antikytheramechanism$skipProjectedShellNeighborLifecycle(Lnet/minecraft/world/level/Level;Lnet/minecraft/world/level/block/state/BlockState;Lnet/minecraft/core/BlockPos;Lnet/minecraft/world/level/block/Block;Lnet/minecraft/core/BlockPos;ZLorg/spongepowered/asm/mixin/injection/callback/CallbackInfo;)V does use it's CallbackInfo
[15:48:05] [main/DEBUG] [mixin/]: antikytheramechanism.mixins.json:NeighborUpdaterReadOnlyShellMixin from mod antikytheramechanism->@Inject::antikytheramechanism$skipProjectedShellShapeLifecycle(Lnet/minecraft/world/level/LevelAccessor;Lnet/minecraft/core/Direction;Lnet/minecraft/world/level/block/state/BlockState;Lnet/minecraft/core/BlockPos;Lnet/minecraft/core/BlockPos;IILorg/spongepowered/asm/mixin/injection/callback/CallbackInfo;)V does use it's CallbackInfo
[15:48:05] [main/DEBUG] [mixin/]: Mixing plot.LevelChunkMixin from sable.mixins.json into net.minecraft.world.level.chunk.LevelChunk
[15:48:05] [main/DEBUG] [mixin/]: Mixing plot.lighting.LevelChunkMixin from sable.mixins.json into net.minecraft.world.level.chunk.LevelChunk
[15:48:05] [main/DEBUG] [mixin/]: Mixing LevelChunkFrameMaskMixin from antikytheramechanism.mixins.json into net.minecraft.world.level.chunk.LevelChunk
[15:48:05] [main/DEBUG] [mixin/]: sable.mixins.json:plot.LevelChunkMixin from mod sable->@Inject::sable$preSetBlockState(Lnet/minecraft/core/BlockPos;Lnet/minecraft/world/level/block/state/BlockState;ZLorg/spongepowered/asm/mixin/injection/callback/CallbackInfoReturnable;)V doesn't use it's CallbackInfoReturnable
[15:48:05] [main/DEBUG] [mixin/]: sable.mixins.json:plot.LevelChunkMixin from mod sable->@Inject::sable$preSetBlockState(Lnet/minecraft/core/BlockPos;Lnet/minecraft/world/level/block/state/BlockState;ZLorg/spongepowered/asm/mixin/injection/callback/CallbackInfoReturnable;)V has 0 override(s) in child classes
[15:48:05] [main/DEBUG] [mixin/]: sable.mixins.json:plot.LevelChunkMixin from mod sable->@Inject::sable$preSetBlockState(Lnet/minecraft/core/BlockPos;Lnet/minecraft/world/level/block/state/BlockState;ZLorg/spongepowered/asm/mixin/injection/callback/CallbackInfoReturnable;)V won't be passed a CallbackInfoReturnable as a result
[15:48:05] [main/DEBUG] [mixin/]: sable.mixins.json:plot.LevelChunkMixin from mod sable->@Inject::sable$postSetBlockState(Lnet/minecraft/core/BlockPos;Lnet/minecraft/world/level/block/state/BlockState;ZLorg/spongepowered/asm/mixin/injection/callback/CallbackInfoReturnable;)V doesn't use it's CallbackInfoReturnable
[15:48:05] [main/DEBUG] [mixin/]: sable.mixins.json:plot.LevelChunkMixin from mod sable->@Inject::sable$postSetBlockState(Lnet/minecraft/core/BlockPos;Lnet/minecraft/world/level/block/state/BlockState;ZLorg/spongepowered/asm/mixin/injection/callback/CallbackInfoReturnable;)V has 0 override(s) in child classes
[15:48:05] [main/DEBUG] [mixin/]: sable.mixins.json:plot.LevelChunkMixin from mod sable->@Inject::sable$postSetBlockState(Lnet/minecraft/core/BlockPos;Lnet/minecraft/world/level/block/state/BlockState;ZLorg/spongepowered/asm/mixin/injection/callback/CallbackInfoReturnable;)V won't be passed a CallbackInfoReturnable as a result
[15:48:05] [main/DEBUG] [mixin/]: sable.mixins.json:plot.LevelChunkMixin from mod sable->@Inject::sable$postSetBlockState(Lnet/minecraft/core/BlockPos;Lnet/minecraft/world/level/block/state/BlockState;ZLorg/spongepowered/asm/mixin/injection/callback/CallbackInfoReturnable;)V doesn't use it's CallbackInfoReturnable
[15:48:05] [main/DEBUG] [mixin/]: sable.mixins.json:plot.LevelChunkMixin from mod sable->@Inject::sable$postSetBlockState(Lnet/minecraft/core/BlockPos;Lnet/minecraft/world/level/block/state/BlockState;ZLorg/spongepowered/asm/mixin/injection/callback/CallbackInfoReturnable;)V has 0 override(s) in child classes
[15:48:05] [main/DEBUG] [mixin/]: sable.mixins.json:plot.LevelChunkMixin from mod sable->@Inject::sable$postSetBlockState(Lnet/minecraft/core/BlockPos;Lnet/minecraft/world/level/block/state/BlockState;ZLorg/spongepowered/asm/mixin/injection/callback/CallbackInfoReturnable;)V won't be passed a CallbackInfoReturnable as a result
[15:48:05] [main/DEBUG] [mixin/]: sable.mixins.json:plot.LevelChunkMixin from mod sable->@Inject::sable$postSetBlockState(Lnet/minecraft/core/BlockPos;Lnet/minecraft/world/level/block/state/BlockState;ZLorg/spongepowered/asm/mixin/injection/callback/CallbackInfoReturnable;)V doesn't use it's CallbackInfoReturnable
[15:48:05] [main/DEBUG] [mixin/]: sable.mixins.json:plot.LevelChunkMixin from mod sable->@Inject::sable$postSetBlockState(Lnet/minecraft/core/BlockPos;Lnet/minecraft/world/level/block/state/BlockState;ZLorg/spongepowered/asm/mixin/injection/callback/CallbackInfoReturnable;)V has 0 override(s) in child classes
[15:48:05] [main/DEBUG] [mixin/]: sable.mixins.json:plot.LevelChunkMixin from mod sable->@Inject::sable$postSetBlockState(Lnet/minecraft/core/BlockPos;Lnet/minecraft/world/level/block/state/BlockState;ZLorg/spongepowered/asm/mixin/injection/callback/CallbackInfoReturnable;)V won't be passed a CallbackInfoReturnable as a result
[15:48:05] [main/DEBUG] [mixin/]: sable.mixins.json:plot.LevelChunkMixin from mod sable->@Inject::sable$postSetBlockState(Lnet/minecraft/core/BlockPos;Lnet/minecraft/world/level/block/state/BlockState;ZLorg/spongepowered/asm/mixin/injection/callback/CallbackInfoReturnable;)V doesn't use it's CallbackInfoReturnable
[15:48:05] [main/DEBUG] [mixin/]: sable.mixins.json:plot.LevelChunkMixin from mod sable->@Inject::sable$postSetBlockState(Lnet/minecraft/core/BlockPos;Lnet/minecraft/world/level/block/state/BlockState;ZLorg/spongepowered/asm/mixin/injection/callback/CallbackInfoReturnable;)V has 0 override(s) in child classes
[15:48:05] [main/DEBUG] [mixin/]: sable.mixins.json:plot.LevelChunkMixin from mod sable->@Inject::sable$postSetBlockState(Lnet/minecraft/core/BlockPos;Lnet/minecraft/world/level/block/state/BlockState;ZLorg/spongepowered/asm/mixin/injection/callback/CallbackInfoReturnable;)V won't be passed a CallbackInfoReturnable as a result
[15:48:05] [main/DEBUG] [mixin/]: antikytheramechanism.mixins.json:LevelChunkFrameMaskMixin from mod antikytheramechanism->@Inject::antikytheramechanism$enforceFrameMask(Lnet/minecraft/core/BlockPos;Lnet/minecraft/world/level/block/state/BlockState;ZLorg/spongepowered/asm/mixin/injection/callback/CallbackInfoReturnable;)V does use it's CallbackInfoReturnable
[15:48:05] [main/DEBUG] [mixin/]: antikytheramechanism.mixins.json:LevelChunkFrameMaskMixin from mod antikytheramechanism->@Inject::antikytheramechanism$refreshManagedWorldState(Lnet/minecraft/core/BlockPos;Lnet/minecraft/world/level/block/state/BlockState;ZLorg/spongepowered/asm/mixin/injection/callback/CallbackInfoReturnable;)V does use it's CallbackInfoReturnable
[15:48:05] [main/DEBUG] [mixin/]: antikytheramechanism.mixins.json:LevelChunkFrameMaskMixin from mod antikytheramechanism->@Inject::antikytheramechanism$refreshManagedWorldState(Lnet/minecraft/core/BlockPos;Lnet/minecraft/world/level/block/state/BlockState;ZLorg/spongepowered/asm/mixin/injection/callback/CallbackInfoReturnable;)V does use it's CallbackInfoReturnable
[15:48:05] [main/DEBUG] [mixin/]: antikytheramechanism.mixins.json:LevelChunkFrameMaskMixin from mod antikytheramechanism->@Inject::antikytheramechanism$refreshManagedWorldState(Lnet/minecraft/core/BlockPos;Lnet/minecraft/world/level/block/state/BlockState;ZLorg/spongepowered/asm/mixin/injection/callback/CallbackInfoReturnable;)V does use it's CallbackInfoReturnable
[15:48:05] [main/DEBUG] [mixin/]: antikytheramechanism.mixins.json:LevelChunkFrameMaskMixin from mod antikytheramechanism->@Inject::antikytheramechanism$refreshManagedWorldState(Lnet/minecraft/core/BlockPos;Lnet/minecraft/world/level/block/state/BlockState;ZLorg/spongepowered/asm/mixin/injection/callback/CallbackInfoReturnable;)V does use it's CallbackInfoReturnable
[15:48:05] [main/DEBUG] [mixin/]: Mixing block_placement.BlockPlaceContextMixin from sable.mixins.json into net.minecraft.world.item.context.BlockPlaceContext
[15:48:05] [main/DEBUG] [mixin/]: sable.mixins.json:block_placement.BlockPlaceContextMixin from mod sable->@Inject::sable$canPlace(Lorg/spongepowered/asm/mixin/injection/callback/CallbackInfoReturnable;)V does use it's CallbackInfoReturnable
[15:48:05] [main/DEBUG] [mixin/]: Mixing block_placement.UseOnContextMixin from sable.mixins.json into net.minecraft.world.item.context.UseOnContext
[15:48:05] [main/DEBUG] [mixin/]: sable.mixins.json:block_placement.UseOnContextMixin from mod sable->@Inject::sable$getHorizontalDirection(Lorg/spongepowered/asm/mixin/injection/callback/CallbackInfoReturnable;)V does use it's CallbackInfoReturnable
[15:48:05] [main/DEBUG] [mixin/]: sable.mixins.json:block_placement.UseOnContextMixin from mod sable->@Inject::sable$getRotation(Lorg/spongepowered/asm/mixin/injection/callback/CallbackInfoReturnable;)V does use it's CallbackInfoReturnable
[15:48:05] [main/DEBUG] [mixin/]: Mixing explosion.ExplosionMixin from sable.mixins.json into net.minecraft.world.level.Explosion
[15:48:06] [main/DEBUG] [mixin/]: sable.mixins.json:explosion.ExplosionMixin from mod sable->@Inject::sable$preExplode(Lorg/spongepowered/asm/mixin/injection/callback/CallbackInfo;)V doesn't use it's CallbackInfo
[15:48:06] [main/DEBUG] [mixin/]: sable.mixins.json:explosion.ExplosionMixin from mod sable->@Inject::sable$preExplode(Lorg/spongepowered/asm/mixin/injection/callback/CallbackInfo;)V has 0 override(s) in child classes
[15:48:06] [main/DEBUG] [mixin/]: sable.mixins.json:explosion.ExplosionMixin from mod sable->@Inject::sable$preExplode(Lorg/spongepowered/asm/mixin/injection/callback/CallbackInfo;)V won't be passed a CallbackInfo as a result
[15:48:06] [main/DEBUG] [mixin/]: sable.mixins.json:explosion.ExplosionMixin from mod sable->@Inject::sable$redirectBlockExplosionResistance(Lorg/spongepowered/asm/mixin/injection/callback/CallbackInfo;Ljava/util/Set;IIIIDDDDFDDDFLnet/minecraft/core/BlockPos;Lnet/minecraft/world/level/block/state/BlockState;Lnet/minecraft/world/level/material/FluidState;)V doesn't use it's CallbackInfo
[15:48:06] [main/DEBUG] [mixin/]: sable.mixins.json:explosion.ExplosionMixin from mod sable->@Inject::sable$redirectBlockExplosionResistance(Lorg/spongepowered/asm/mixin/injection/callback/CallbackInfo;Ljava/util/Set;IIIIDDDDFDDDFLnet/minecraft/core/BlockPos;Lnet/minecraft/world/level/block/state/BlockState;Lnet/minecraft/world/level/material/FluidState;)V has 0 override(s) in child classes
[15:48:06] [main/DEBUG] [mixin/]: sable.mixins.json:explosion.ExplosionMixin from mod sable->@Inject::sable$redirectBlockExplosionResistance(Lorg/spongepowered/asm/mixin/injection/callback/CallbackInfo;Ljava/util/Set;IIIIDDDDFDDDFLnet/minecraft/core/BlockPos;Lnet/minecraft/world/level/block/state/BlockState;Lnet/minecraft/world/level/material/FluidState;)V won't be passed a CallbackInfo as a result
[15:48:06] [main/DEBUG] [mixin/]: Mixing clip_overwrite.HitResultMixin from sable.mixins.json into net.minecraft.world.phys.HitResult
[15:48:06] [main/DEBUG] [mixin/]: Mixing entity.entity_sublevel_collision.AbstractMinecartMixin from sable.mixins.json into net.minecraft.world.entity.vehicle.AbstractMinecart
[15:48:06] [main/DEBUG] [mixin/]: sable.mixins.json:entity.entity_sublevel_collision.AbstractMinecartMixin from mod sable->@Inject::sable$postTick(Lorg/spongepowered/asm/mixin/injection/callback/CallbackInfo;)V doesn't use it's CallbackInfo
[15:48:06] [main/DEBUG] [mixin/]: sable.mixins.json:entity.entity_sublevel_collision.AbstractMinecartMixin from mod sable->@Inject::sable$postTick(Lorg/spongepowered/asm/mixin/injection/callback/CallbackInfo;)V has 0 override(s) in child classes
[15:48:06] [main/DEBUG] [mixin/]: sable.mixins.json:entity.entity_sublevel_collision.AbstractMinecartMixin from mod sable->@Inject::sable$postTick(Lorg/spongepowered/asm/mixin/injection/callback/CallbackInfo;)V won't be passed a CallbackInfo as a result
[15:48:06] [main/DEBUG] [mixin/]: Mixing entity.entity_pathfinding.PathNavigationMixin from sable.mixins.json into net.minecraft.world.entity.ai.navigation.PathNavigation
[15:48:06] [main/DEBUG] [mixin/]: sable.mixins.json:entity.entity_pathfinding.PathNavigationMixin from mod sable->@Inject::sable$createPath(Ljava/util/Set;IZIFLorg/spongepowered/asm/mixin/injection/callback/CallbackInfoReturnable;)V does use it's CallbackInfoReturnable
[15:48:06] [main/DEBUG] [mixin/]: Mixing entity.entity_pathfinding.GroundPathNavigationMixin from sable.mixins.json into net.minecraft.world.entity.ai.navigation.GroundPathNavigation
[15:48:06] [main/DEBUG] [mixin/]: Mixing entity.sublevels_block_sky.SubLevelsBlockSkyMixin from sable.mixins.json into net.minecraft.world.entity.ai.navigation.GroundPathNavigation
[15:48:06] [main/DEBUG] [mixin/]: sable.mixins.json:entity.entity_pathfinding.GroundPathNavigationMixin from mod sable->@Inject::sable$createPath(Lnet/minecraft/world/entity/Entity;ILorg/spongepowered/asm/mixin/injection/callback/CallbackInfoReturnable;)V does use it's CallbackInfoReturnable
[15:48:06] [main/DEBUG] [mixin/]: Mixing entity.sublevels_block_sky.SubLevelsBlockSkyMixin from sable.mixins.json into net.minecraft.world.entity.ai.goal.FleeSunGoal
[15:48:06] [main/DEBUG] [mixin/]: Mixing entity.tamed_teleport.TamableAnimalMixin from sable.mixins.json into net.minecraft.world.entity.TamableAnimal
[15:48:06] [main/DEBUG] [mixin/]: Mixing entity.trident.ThrownTridentMixin from sable.mixins.json into net.minecraft.world.entity.projectile.ThrownTrident
[15:48:06] [main/DEBUG] [mixin/]: sable.mixins.json:entity.trident.ThrownTridentMixin from mod sable->@Inject::sable$startReturning(Lorg/spongepowered/asm/mixin/injection/callback/CallbackInfo;)V doesn't use it's CallbackInfo
[15:48:06] [main/DEBUG] [mixin/]: sable.mixins.json:entity.trident.ThrownTridentMixin from mod sable->@Inject::sable$startReturning(Lorg/spongepowered/asm/mixin/injection/callback/CallbackInfo;)V has 0 override(s) in child classes
[15:48:06] [main/DEBUG] [mixin/]: sable.mixins.json:entity.trident.ThrownTridentMixin from mod sable->@Inject::sable$startReturning(Lorg/spongepowered/asm/mixin/injection/callback/CallbackInfo;)V won't be passed a CallbackInfo as a result
[15:48:06] [main/DEBUG] [mixin/]: Mixing entity.entity_ai.EatBlockGoalMixin from sable.mixins.json into net.minecraft.world.entity.ai.goal.EatBlockGoal
[15:48:07] [main/DEBUG] [mixin/]: Mixing recoil.ProjectileDispenseBehaviorMixin from sable.mixins.json into net.minecraft.core.dispenser.ProjectileDispenseBehavior
[15:48:07] [main/DEBUG] [mixin/]: sable.mixins.json:recoil.ProjectileDispenseBehaviorMixin from mod sable->@Inject::sable$applyRecoil(Lnet/minecraft/core/dispenser/BlockSource;Lnet/minecraft/world/item/ItemStack;Lorg/spongepowered/asm/mixin/injection/callback/CallbackInfoReturnable;)V doesn't use it's CallbackInfoReturnable
[15:48:07] [main/DEBUG] [mixin/]: sable.mixins.json:recoil.ProjectileDispenseBehaviorMixin from mod sable->@Inject::sable$applyRecoil(Lnet/minecraft/core/dispenser/BlockSource;Lnet/minecraft/world/item/ItemStack;Lorg/spongepowered/asm/mixin/injection/callback/CallbackInfoReturnable;)V has 0 override(s) in child classes
[15:48:07] [main/DEBUG] [mixin/]: sable.mixins.json:recoil.ProjectileDispenseBehaviorMixin from mod sable->@Inject::sable$applyRecoil(Lnet/minecraft/core/dispenser/BlockSource;Lnet/minecraft/world/item/ItemStack;Lorg/spongepowered/asm/mixin/injection/callback/CallbackInfoReturnable;)V won't be passed a CallbackInfoReturnable as a result
[15:48:07] [main/DEBUG] [mixin/]: Mixing NetworkMinecraftServerMixin from veil.network.mixins.json into net.minecraft.server.MinecraftServer
[15:48:07] [main/DEBUG] [mixin/]: Mixing MinecraftServerMixin from veil.scheduler.mixins.json into net.minecraft.server.MinecraftServer
[15:48:07] [main/DEBUG] [mixin/]: Mixing udp.MinecraftServerMixin from sable.mixins.json into net.minecraft.server.MinecraftServer
[15:48:07] [main/DEBUG] [mixin/]: veil.scheduler.mixins.json:MinecraftServerMixin from mod veil->@Inject::stopServer(Lorg/spongepowered/asm/mixin/injection/callback/CallbackInfo;)V doesn't use it's CallbackInfo
[15:48:07] [main/DEBUG] [mixin/]: veil.scheduler.mixins.json:MinecraftServerMixin from mod veil->@Inject::stopServer(Lorg/spongepowered/asm/mixin/injection/callback/CallbackInfo;)V has 0 override(s) in child classes
[15:48:07] [main/DEBUG] [mixin/]: veil.scheduler.mixins.json:MinecraftServerMixin from mod veil->@Inject::stopServer(Lorg/spongepowered/asm/mixin/injection/callback/CallbackInfo;)V won't be passed a CallbackInfo as a result
[15:48:07] [main/DEBUG] [mixin/]: sable.mixins.json:udp.MinecraftServerMixin from mod sable->@Inject::sable$keepUdpSocketsAlive(Ljava/util/function/BooleanSupplier;Lorg/spongepowered/asm/mixin/injection/callback/CallbackInfo;)V doesn't use it's CallbackInfo
[15:48:07] [main/DEBUG] [mixin/]: sable.mixins.json:udp.MinecraftServerMixin from mod sable->@Inject::sable$keepUdpSocketsAlive(Ljava/util/function/BooleanSupplier;Lorg/spongepowered/asm/mixin/injection/callback/CallbackInfo;)V has 0 override(s) in child classes
[15:48:07] [main/DEBUG] [mixin/]: sable.mixins.json:udp.MinecraftServerMixin from mod sable->@Inject::sable$keepUdpSocketsAlive(Ljava/util/function/BooleanSupplier;Lorg/spongepowered/asm/mixin/injection/callback/CallbackInfo;)V won't be passed a CallbackInfo as a result
[15:48:07] [main/DEBUG] [mixin/]: Mixing level_accelerator.ServerChunkCacheAccessor from sable.mixins.json into net.minecraft.server.level.ServerChunkCache
[15:48:07] [main/DEBUG] [mixin/]: Mixing plot.ServerChunkCacheMixin from sable.mixins.json into net.minecraft.server.level.ServerChunkCache
[15:48:08] [main/DEBUG] [mixin/]: Mixing ServerChunkCacheAccessor from antikytheramechanism.mixins.json into net.minecraft.server.level.ServerChunkCache
[15:48:08] [main/DEBUG] [mixin/]: sable.mixins.json:plot.ServerChunkCacheMixin from mod sable->@Inject::init(Lnet/minecraft/server/level/ServerLevel;Lnet/minecraft/world/level/storage/LevelStorageSource$LevelStorageAccess;Lcom/mojang/datafixers/DataFixer;Lnet/minecraft/world/level/levelgen/structure/templatesystem/StructureTemplateManager;Ljava/util/concurrent/Executor;Lnet/minecraft/world/level/chunk/ChunkGenerator;IIZLnet/minecraft/server/level/progress/ChunkProgressListener;Lnet/minecraft/world/level/entity/ChunkStatusUpdateListener;Ljava/util/function/Supplier;Lorg/spongepowered/asm/mixin/injection/callback/CallbackInfo;)V doesn't use it's CallbackInfo
[15:48:08] [main/DEBUG] [mixin/]: sable.mixins.json:plot.ServerChunkCacheMixin from mod sable->@Inject::init(Lnet/minecraft/server/level/ServerLevel;Lnet/minecraft/world/level/storage/LevelStorageSource$LevelStorageAccess;Lcom/mojang/datafixers/DataFixer;Lnet/minecraft/world/level/levelgen/structure/templatesystem/StructureTemplateManager;Ljava/util/concurrent/Executor;Lnet/minecraft/world/level/chunk/ChunkGenerator;IIZLnet/minecraft/server/level/progress/ChunkProgressListener;Lnet/minecraft/world/level/entity/ChunkStatusUpdateListener;Ljava/util/function/Supplier;Lorg/spongepowered/asm/mixin/injection/callback/CallbackInfo;)V has 0 override(s) in child classes
[15:48:08] [main/DEBUG] [mixin/]: sable.mixins.json:plot.ServerChunkCacheMixin from mod sable->@Inject::init(Lnet/minecraft/server/level/ServerLevel;Lnet/minecraft/world/level/storage/LevelStorageSource$LevelStorageAccess;Lcom/mojang/datafixers/DataFixer;Lnet/minecraft/world/level/levelgen/structure/templatesystem/StructureTemplateManager;Ljava/util/concurrent/Executor;Lnet/minecraft/world/level/chunk/ChunkGenerator;IIZLnet/minecraft/server/level/progress/ChunkProgressListener;Lnet/minecraft/world/level/entity/ChunkStatusUpdateListener;Ljava/util/function/Supplier;Lorg/spongepowered/asm/mixin/injection/callback/CallbackInfo;)V won't be passed a CallbackInfo as a result
[15:48:08] [main/DEBUG] [mixin/]: sable.mixins.json:plot.ServerChunkCacheMixin from mod sable->@Inject::getChunkNow(IILorg/spongepowered/asm/mixin/injection/callback/CallbackInfoReturnable;)V does use it's CallbackInfoReturnable
[15:48:08] [main/DEBUG] [mixin/]: sable.mixins.json:plot.ServerChunkCacheMixin from mod sable->@Inject::getChunkFutureMainThread(IILnet/minecraft/world/level/chunk/status/ChunkStatus;ZLorg/spongepowered/asm/mixin/injection/callback/CallbackInfoReturnable;)V does use it's CallbackInfoReturnable
[15:48:08] [main/DEBUG] [mixin/]: sable.mixins.json:plot.ServerChunkCacheMixin from mod sable->@Inject::hasChunk(IILorg/spongepowered/asm/mixin/injection/callback/CallbackInfoReturnable;)V does use it's CallbackInfoReturnable
[15:48:08] [main/DEBUG] [mixin/]: sable.mixins.json:plot.ServerChunkCacheMixin from mod sable->@Inject::getChunkForLighting(IILorg/spongepowered/asm/mixin/injection/callback/CallbackInfoReturnable;)V does use it's CallbackInfoReturnable
[15:48:08] [main/DEBUG] [mixin/]: sable.mixins.json:plot.ServerChunkCacheMixin from mod sable->@Inject::isPositionTicking(JLorg/spongepowered/asm/mixin/injection/callback/CallbackInfoReturnable;)V does use it's CallbackInfoReturnable
[15:48:08] [main/DEBUG] [mixin/]: sable.mixins.json:plot.ServerChunkCacheMixin from mod sable->@Inject::getFullChunk(JLjava/util/function/Consumer;Lorg/spongepowered/asm/mixin/injection/callback/CallbackInfo;)V does use it's CallbackInfo
[15:48:08] [main/DEBUG] [mixin/]: sable.mixins.json:plot.ServerChunkCacheMixin from mod sable->@Inject::blockChanged(Lnet/minecraft/core/BlockPos;Lorg/spongepowered/asm/mixin/injection/callback/CallbackInfo;)V does use it's CallbackInfo
[15:48:08] [main/DEBUG] [mixin/]: sable.mixins.json:plot.ServerChunkCacheMixin from mod sable->@Inject::getVisibleChunkIfPresent(JLorg/spongepowered/asm/mixin/injection/callback/CallbackInfoReturnable;)V does use it's CallbackInfoReturnable
[15:48:08] [main/DEBUG] [mixin/]: sable.mixins.json:plot.ServerChunkCacheMixin from mod sable->@Inject::addRegionTicket(Lnet/minecraft/server/level/TicketType;Lnet/minecraft/world/level/ChunkPos;ILjava/lang/Object;Lorg/spongepowered/asm/mixin/injection/callback/CallbackInfo;)V does use it's CallbackInfo
[15:48:08] [main/DEBUG] [mixin/]: Mixing command.ExecuteCommandMixin from sable.mixins.json into net.minecraft.server.commands.ExecuteCommand
[15:48:08] [main/DEBUG] [mixin/]: Renaming synthetic method lambda$sable$then$2(Lcom/mojang/brigadier/context/CommandContext;)Ljava/util/Collection; to mdf5665a$sable$lambda$sable$then$2$0 in sable.mixins.json:command.ExecuteCommandMixin from mod sable
[15:48:08] [main/DEBUG] [mixin/]: Renaming synthetic method lambda$sable$then$1(Lcom/mojang/brigadier/context/CommandContext;)Ljava/util/Collection; to mdf5665a$sable$lambda$sable$then$1$1 in sable.mixins.json:command.ExecuteCommandMixin from mod sable
[15:48:08] [main/DEBUG] [mixin/]: Renaming synthetic method lambda$sable$then$0(Lcom/mojang/brigadier/context/CommandContext;)Ljava/util/Collection; to mdf5665a$sable$lambda$sable$then$0$2 in sable.mixins.json:command.ExecuteCommandMixin from mod sable
[15:48:08] [main/DEBUG] [mixin/]: Mixing command.DataCommandsMixin from sable.mixins.json into net.minecraft.server.commands.data.DataCommands
[15:48:08] [main/DEBUG] [mixin/]: Mixing game_test.TestCommandMixin from sable.mixins.json into net.minecraft.gametest.framework.TestCommand
[15:48:08] [main/DEBUG] [mixin/]: sable.mixins.json:game_test.TestCommandMixin from mod sable->@Inject::resetGameTestInfo(Lnet/minecraft/gametest/framework/GameTestInfo;Lorg/spongepowered/asm/mixin/injection/callback/CallbackInfoReturnable;)V doesn't use it's CallbackInfoReturnable
[15:48:08] [main/WARN] [minecraft/Commands]: Ambiguity between arguments [teleport, location] and [teleport, destination] with inputs: [0.1 -0.5 .9, 0 0 0]
[15:48:08] [main/WARN] [minecraft/Commands]: Ambiguity between arguments [teleport, location] and [teleport, targets] with inputs: [0.1 -0.5 .9, 0 0 0]
[15:48:08] [main/WARN] [minecraft/Commands]: Ambiguity between arguments [teleport, destination] and [teleport, targets] with inputs: [Player, 0123, @e, dd12be42-52a9-4a91-a8a1-11c01849e498]
[15:48:08] [main/WARN] [minecraft/Commands]: Ambiguity between arguments [teleport, targets] and [teleport, destination] with inputs: [Player, 0123, dd12be42-52a9-4a91-a8a1-11c01849e498]
[15:48:08] [main/WARN] [minecraft/Commands]: Ambiguity between arguments [teleport, targets, location] and [teleport, targets, destination] with inputs: [0.1 -0.5 .9, 0 0 0]
[15:48:08] [main/DEBUG] [ne.ne.fm.ModWorkManager/LOADING]: Using 4 threads for parallel mod-loading
[15:48:08] [main/DEBUG] [ne.ne.fm.ja.FMLModContainer/LOADING]: Creating FMLModContainer instance for [foundry.veil.forge.VeilForge]
[15:48:08] [main/DEBUG] [ne.ne.fm.ja.FMLModContainer/LOADING]: Creating FMLModContainer instance for []
[15:48:08] [main/DEBUG] [ne.ne.fm.ja.FMLModContainer/LOADING]: Creating FMLModContainer instance for [net.neoforged.neoforge.common.NeoForgeMod]
[15:48:08] [main/DEBUG] [ne.ne.fm.ja.FMLModContainer/LOADING]: Creating FMLModContainer instance for [dev.ryanhcode.sable.neoforge.SableNeoForge]
[15:48:08] [main/DEBUG] [ne.ne.fm.ja.FMLModContainer/LOADING]: Creating FMLModContainer instance for [dev.sablescale.SableScale]
[15:48:08] [main/DEBUG] [ne.ne.fm.ja.FMLModContainer/LOADING]: Creating FMLModContainer instance for [dev.antikytheramechanism.AntikytheraMechanism]
[15:48:08] [modloading-worker-0/INFO] [Veil/]: Veil is initializing.
[15:48:08] [modloading-worker-0/DEBUG] [ne.ne.fm.ja.AutomaticEventSubscriber/LOADING]: Attempting to inject @EventBusSubscriber classes into the eventbus for sablecompanion
[15:48:08] [modloading-worker-0/DEBUG] [mixin/]: Mixing DeferredRegisterMixin from veil.neoforge.mixins.json into net.neoforged.neoforge.registries.DeferredRegister
[15:48:08] [modloading-worker-0/DEBUG] [mixin/]: Renaming synthetic method lambda$register$0(Ljava/util/function/Function;Lnet/minecraft/resources/ResourceLocation;)Ljava/lang/Object; to mdf5665a$veil$lambda$register$0$0 in veil.neoforge.mixins.json:DeferredRegisterMixin from mod veil
[15:48:08] [modloading-worker-0/DEBUG] [ne.ne.ne.in.ve.ne.NeoForgeVersion/CORE]: Found NeoForge version 21.1.228
[15:48:08] [modloading-worker-0/DEBUG] [ne.ne.ne.in.ve.ne.NeoForgeVersion/CORE]: Found FML version 4.0.42
[15:48:08] [modloading-worker-0/INFO] [ne.ne.ne.co.NeoForgeMod/NEOFORGE-MOD]: NeoForge mod loading, version 21.1.228, for MC 1.21.1
[15:48:08] [modloading-worker-0/DEBUG] [ne.ne.fm.ja.AutomaticEventSubscriber/LOADING]: Attempting to inject @EventBusSubscriber classes into the eventbus for veil
[15:48:08] [modloading-worker-0/DEBUG] [ne.ne.fm.ja.AutomaticEventSubscriber/LOADING]: Scanning class foundry.veil.forge.VeilForgeEvents for @SubscribeEvent-annotated methods
[15:48:08] [modloading-worker-0/DEBUG] [ne.ne.fm.ja.AutomaticEventSubscriber/]: Subscribing @EventBusSubscriber class Lfoundry/veil/forge/VeilForgeEvents; to the game event bus
[15:48:08] [modloading-worker-0/DEBUG] [ne.ne.fm.co.ConfigTracker/CONFIG]: Config file neoforge-client.toml for neoforge tracking
[15:48:08] [modloading-worker-0/DEBUG] [ne.ne.fm.co.ConfigTracker/CONFIG]: Config file neoforge-server.toml for neoforge tracking
[15:48:08] [modloading-worker-0/DEBUG] [ne.ne.fm.co.ConfigTracker/CONFIG]: Config file neoforge-common.toml for neoforge tracking
[15:48:08] [modloading-worker-0/DEBUG] [mixin/]: Mixing SableBufferUtilsMixin from sablescale.mixins.json into dev.ryanhcode.sable.util.SableBufferUtils
[15:48:08] [modloading-worker-0/DEBUG] [mixin/]: sablescale.mixins.json:SableBufferUtilsMixin from mod sablescale->@Inject::sablescale$writeScale(Lio/netty/buffer/ByteBuf;Ldev/ryanhcode/sable/companion/math/Pose3dc;Lorg/spongepowered/asm/mixin/injection/callback/CallbackInfo;)V doesn't use it's CallbackInfo
[15:48:08] [modloading-worker-0/DEBUG] [mixin/]: sablescale.mixins.json:SableBufferUtilsMixin from mod sablescale->@Inject::sablescale$readScale(Lio/netty/buffer/ByteBuf;Ldev/ryanhcode/sable/companion/math/Pose3d;Lorg/spongepowered/asm/mixin/injection/callback/CallbackInfoReturnable;)V doesn't use it's CallbackInfoReturnable
[15:48:08] [modloading-worker-0/DEBUG] [mixin/]: Mixing PunchStrengthMassScaleMixin from sablescale.mixins.json into dev.ryanhcode.sable.network.packets.tcp.ServerboundPunchSubLevelPacket
[15:48:08] [modloading-worker-0/DEBUG] [mixin/]: Mixing ServerboundPunchSubLevelPacketHostedMiniMixin from antikytheramechanism.mixins.json into dev.ryanhcode.sable.network.packets.tcp.ServerboundPunchSubLevelPacket
[15:48:08] [modloading-worker-0/DEBUG] [mixin/]: sablescale.mixins.json:PunchStrengthMassScaleMixin from mod sablescale->@Inject::sablescale$scaledPunchStrength(Ldev/ryanhcode/sable/sublevel/ServerSubLevel;Lorg/joml/Vector3dc;Lorg/joml/Vector3dc;Lorg/spongepowered/asm/mixin/injection/callback/CallbackInfoReturnable;)V does use it's CallbackInfoReturnable
[15:48:08] [modloading-worker-0/INFO] [de.ry.sa.Sable/]: Sable loaded!
[15:48:08] [modloading-worker-0/DEBUG] [mixin/]: Mixing SelectorMassScaleMixin from sablescale.mixins.json into dev.ryanhcode.sable.command.argument.SubLevelSelectorModifiers
[15:48:08] [modloading-worker-0/DEBUG] [mixin/]: Mixing ServerSubLevelFrameGraphMixin from antikytheramechanism.mixins.json into dev.ryanhcode.sable.sublevel.ServerSubLevel
[15:48:08] [modloading-worker-0/DEBUG] [mixin/]: Mixing ServerSubLevelMiniPhysicsMixin from antikytheramechanism.mixins.json into dev.ryanhcode.sable.sublevel.ServerSubLevel
[15:48:08] [modloading-worker-0/DEBUG] [mixin/]: Mixing ServerSubLevelManagedEmptyBoundsMixin from antikytheramechanism.mixins.json into dev.ryanhcode.sable.sublevel.ServerSubLevel
[15:48:08] [modloading-worker-0/DEBUG] [mixin/]: Mixing ServerSubLevelStructuralMassMixin from antikytheramechanism.mixins.json into dev.ryanhcode.sable.sublevel.ServerSubLevel
[15:48:08] [modloading-worker-0/DEBUG] [mixin/]: antikytheramechanism.mixins.json:ServerSubLevelManagedEmptyBoundsMixin from mod antikytheramechanism->@Inject::antikytheramechanism$preserveManagedEmptyAssembly(Lorg/spongepowered/asm/mixin/injection/callback/CallbackInfo;)V does use it's CallbackInfo
[15:48:08] [modloading-worker-0/DEBUG] [mixin/]: antikytheramechanism.mixins.json:ServerSubLevelStructuralMassMixin from mod antikytheramechanism->@Inject::antikytheramechanism$addStructuralMass(Lorg/spongepowered/asm/mixin/injection/callback/CallbackInfo;)V doesn't use it's CallbackInfo
[15:48:08] [modloading-worker-0/DEBUG] [mixin/]: antikytheramechanism.mixins.json:ServerSubLevelStructuralMassMixin from mod antikytheramechanism->@Inject::antikytheramechanism$addStructuralMass(Lorg/spongepowered/asm/mixin/injection/callback/CallbackInfo;)V has 0 override(s) in child classes
[15:48:08] [modloading-worker-0/DEBUG] [mixin/]: antikytheramechanism.mixins.json:ServerSubLevelStructuralMassMixin from mod antikytheramechanism->@Inject::antikytheramechanism$addStructuralMass(Lorg/spongepowered/asm/mixin/injection/callback/CallbackInfo;)V won't be passed a CallbackInfo as a result
[15:48:08] [modloading-worker-0/DEBUG] [mixin/]: Mixing SubLevelManagedEmptyGlobalBoundsMixin from antikytheramechanism.mixins.json into dev.ryanhcode.sable.sublevel.SubLevel
[15:48:08] [modloading-worker-0/DEBUG] [mixin/]: antikytheramechanism.mixins.json:SubLevelManagedEmptyGlobalBoundsMixin from mod antikytheramechanism->@Inject::antikytheramechanism$keepManagedEmptyBoundsFinite(Lorg/spongepowered/asm/mixin/injection/callback/CallbackInfo;)V does use it's CallbackInfo
[15:48:08] [modloading-worker-0/DEBUG] [ne.ne.fm.ja.AutomaticEventSubscriber/LOADING]: Attempting to inject @EventBusSubscriber classes into the eventbus for neoforge
[15:48:08] [modloading-worker-0/DEBUG] [ne.ne.fm.ja.AutomaticEventSubscriber/LOADING]: Scanning class net.neoforged.neoforge.network.filters.GenericPacketSplitter for @SubscribeEvent-annotated methods
[15:48:08] [modloading-worker-0/DEBUG] [ne.ne.fm.co.ConfigTracker/CONFIG]: Config file sable-common.toml for sable tracking
[15:48:08] [modloading-worker-0/DEBUG] [ne.ne.fm.ja.AutomaticEventSubscriber/LOADING]: Attempting to inject @EventBusSubscriber classes into the eventbus for sable
[15:48:08] [modloading-worker-0/INFO] [de.sa.SableScale/]: [Sable Scale] loaded - sub-level scaling ACTIVE.
[15:48:08] [modloading-worker-0/DEBUG] [ne.ne.fm.ja.AutomaticEventSubscriber/LOADING]: Attempting to inject @EventBusSubscriber classes into the eventbus for sablescale
[15:48:08] [modloading-worker-0/DEBUG] [mixin/]: Mixing MechanismFrameDeferredRemovalMixin from antikytheramechanism.mixins.json into dev.antikytheramechanism.frame.MechanismFrameBlock
[15:48:08] [modloading-worker-0/DEBUG] [io.ne.bu.AbstractByteBuf/]: -Dio.netty.buffer.checkAccessible: true
[15:48:08] [modloading-worker-0/DEBUG] [io.ne.bu.AbstractByteBuf/]: -Dio.netty.buffer.checkBounds: true
[15:48:08] [modloading-worker-0/DEBUG] [io.ne.ut.ResourceLeakDetectorFactory/]: Loaded default ResourceLeakDetector: io.netty.util.ResourceLeakDetector@1b09f233
[15:48:08] [modloading-worker-0/DEBUG] [de.an.AntikytheraMechanism/]: Create is absent; Create compatibility remains unloaded
[15:48:08] [modloading-worker-0/DEBUG] [ne.ne.fm.co.ConfigTracker/CONFIG]: Config file antikytheramechanism-common.toml for antikytheramechanism tracking
[15:48:08] [modloading-worker-0/INFO] [de.an.AntikytheraMechanism/]: Antikythera Mechanism initialized
[15:48:08] [modloading-worker-0/DEBUG] [io.ne.ut.in.InternalThreadLocalMap/]: -Dio.netty.threadLocalMap.stringBuilder.initialSize: 1024
[15:48:08] [modloading-worker-0/DEBUG] [io.ne.ut.in.InternalThreadLocalMap/]: -Dio.netty.threadLocalMap.stringBuilder.maxSize: 4096
[15:48:08] [modloading-worker-0/DEBUG] [ne.ne.fm.ja.AutomaticEventSubscriber/LOADING]: Attempting to inject @EventBusSubscriber classes into the eventbus for antikytheramechanism
[15:48:08] [modloading-worker-0/DEBUG] [io.ne.bu.PooledByteBufAllocator/]: -Dio.netty.allocator.numHeapArenas: 8
[15:48:08] [modloading-worker-0/DEBUG] [io.ne.bu.PooledByteBufAllocator/]: -Dio.netty.allocator.numDirectArenas: 8
[15:48:08] [modloading-worker-0/DEBUG] [io.ne.bu.PooledByteBufAllocator/]: -Dio.netty.allocator.pageSize: 8192
[15:48:08] [modloading-worker-0/DEBUG] [io.ne.bu.PooledByteBufAllocator/]: -Dio.netty.allocator.maxOrder: 9
[15:48:08] [modloading-worker-0/DEBUG] [io.ne.bu.PooledByteBufAllocator/]: -Dio.netty.allocator.chunkSize: 4194304
[15:48:08] [modloading-worker-0/DEBUG] [io.ne.bu.PooledByteBufAllocator/]: -Dio.netty.allocator.smallCacheSize: 256
[15:48:08] [modloading-worker-0/DEBUG] [io.ne.bu.PooledByteBufAllocator/]: -Dio.netty.allocator.normalCacheSize: 64
[15:48:08] [modloading-worker-0/DEBUG] [io.ne.bu.PooledByteBufAllocator/]: -Dio.netty.allocator.maxCachedBufferCapacity: 32768
[15:48:08] [modloading-worker-0/DEBUG] [io.ne.bu.PooledByteBufAllocator/]: -Dio.netty.allocator.cacheTrimInterval: 8192
[15:48:08] [modloading-worker-0/DEBUG] [io.ne.bu.PooledByteBufAllocator/]: -Dio.netty.allocator.cacheTrimIntervalMillis: 0
[15:48:08] [modloading-worker-0/DEBUG] [io.ne.bu.PooledByteBufAllocator/]: -Dio.netty.allocator.useCacheForAllThreads: false
[15:48:08] [modloading-worker-0/DEBUG] [io.ne.bu.PooledByteBufAllocator/]: -Dio.netty.allocator.maxCachedByteBuffersPerChunk: 1023
[15:48:08] [modloading-worker-0/DEBUG] [io.ne.bu.ByteBufUtil/]: -Dio.netty.allocator.type: pooled
[15:48:08] [modloading-worker-0/DEBUG] [io.ne.bu.ByteBufUtil/]: -Dio.netty.threadLocalDirectBufferSize: 0
[15:48:08] [modloading-worker-0/DEBUG] [io.ne.bu.ByteBufUtil/]: -Dio.netty.maxThreadLocalCharBufferSize: 16384
[15:48:08] [modloading-worker-0/DEBUG] [mixin/]: Mixing udp.ConnectionMixin from sable.mixins.json into net.minecraft.network.Connection
[15:48:08] [modloading-worker-0/DEBUG] [mixin/]: Renaming synthetic method lambda$sable$onDisconnect$0(Lio/netty/util/concurrent/Future;)V to mdf5665a$sable$lambda$sable$onDisconnect$0$0 in sable.mixins.json:udp.ConnectionMixin from mod sable
[15:48:08] [modloading-worker-0/DEBUG] [mixin/]: sable.mixins.json:udp.ConnectionMixin from mod sable->@Inject::sable$onDisconnect(Lnet/minecraft/network/DisconnectionDetails;Lorg/spongepowered/asm/mixin/injection/callback/CallbackInfo;)V doesn't use it's CallbackInfo
[15:48:08] [modloading-worker-0/DEBUG] [mixin/]: sable.mixins.json:udp.ConnectionMixin from mod sable->@Inject::sable$onDisconnect(Lnet/minecraft/network/DisconnectionDetails;Lorg/spongepowered/asm/mixin/injection/callback/CallbackInfo;)V has 0 override(s) in child classes
[15:48:08] [modloading-worker-0/DEBUG] [mixin/]: sable.mixins.json:udp.ConnectionMixin from mod sable->@Inject::sable$onDisconnect(Lnet/minecraft/network/DisconnectionDetails;Lorg/spongepowered/asm/mixin/injection/callback/CallbackInfo;)V won't be passed a CallbackInfo as a result
[15:48:08] [modloading-worker-0/DEBUG] [mixin/]: sable.mixins.json:udp.ConnectionMixin from mod sable->@Inject::sable$connect(Ljava/net/InetSocketAddress;ZLnet/minecraft/network/Connection;Lorg/spongepowered/asm/mixin/injection/callback/CallbackInfoReturnable;)V doesn't use it's CallbackInfoReturnable
[15:48:08] [modloading-worker-0/DEBUG] [mixin/]: sable.mixins.json:udp.ConnectionMixin from mod sable->@Inject::sable$connectToLocalServer(Ljava/net/SocketAddress;Lorg/spongepowered/asm/mixin/injection/callback/CallbackInfoReturnable;)V doesn't use it's CallbackInfoReturnable
[15:48:08] [modloading-worker-0/DEBUG] [ne.ne.fm.ja.AutomaticEventSubscriber/]: Subscribing @EventBusSubscriber class Lnet/neoforged/neoforge/network/filters/GenericPacketSplitter; to the mod event bus of mod neoforge
[15:48:08] [modloading-worker-0/DEBUG] [ne.ne.fm.ja.AutomaticEventSubscriber/LOADING]: Scanning class net.neoforged.neoforge.network.NetworkInitialization for @SubscribeEvent-annotated methods
[15:48:08] [modloading-worker-0/DEBUG] [ne.ne.fm.ja.AutomaticEventSubscriber/]: Subscribing @EventBusSubscriber class Lnet/neoforged/neoforge/network/NetworkInitialization; to the mod event bus of mod neoforge
[15:48:08] [modloading-worker-0/DEBUG] [ne.ne.fm.ja.AutomaticEventSubscriber/LOADING]: Scanning class net.neoforged.neoforge.network.ConfigurationInitialization for @SubscribeEvent-annotated methods
[15:48:08] [modloading-worker-0/DEBUG] [ne.ne.fm.ja.AutomaticEventSubscriber/]: Subscribing @EventBusSubscriber class Lnet/neoforged/neoforge/network/ConfigurationInitialization; to the mod event bus of mod neoforge
[15:48:08] [modloading-worker-0/DEBUG] [ne.ne.fm.ja.AutomaticEventSubscriber/LOADING]: Scanning class net.neoforged.neoforge.common.MonsterRoomHooks for @SubscribeEvent-annotated methods
[15:48:08] [modloading-worker-0/DEBUG] [ne.ne.fm.ja.AutomaticEventSubscriber/]: Subscribing @EventBusSubscriber class Lnet/neoforged/neoforge/common/MonsterRoomHooks; to the game event bus
[15:48:08] [modloading-worker-0/DEBUG] [ne.ne.fm.ja.AutomaticEventSubscriber/LOADING]: Scanning class net.neoforged.neoforge.common.DeferredSpawnEggItem$CommonHandler for @SubscribeEvent-annotated methods
[15:48:08] [modloading-worker-0/DEBUG] [ne.ne.fm.ja.AutomaticEventSubscriber/]: Subscribing @EventBusSubscriber class Lnet/neoforged/neoforge/common/DeferredSpawnEggItem$CommonHandler; to the mod event bus of mod neoforge
[15:48:08] [modloading-worker-0/DEBUG] [ne.ne.fm.ja.AutomaticEventSubscriber/LOADING]: Scanning class net.neoforged.neoforge.attachment.AttachmentSync for @SubscribeEvent-annotated methods
[15:48:08] [modloading-worker-0/DEBUG] [ne.ne.fm.ja.AutomaticEventSubscriber/]: Subscribing @EventBusSubscriber class Lnet/neoforged/neoforge/attachment/AttachmentSync; to the game event bus
[15:48:08] [modloading-worker-0/DEBUG] [ne.ne.fm.ja.AutomaticEventSubscriber/LOADING]: Scanning class net.neoforged.neoforge.attachment.AttachmentInternals for @SubscribeEvent-annotated methods
[15:48:08] [modloading-worker-0/DEBUG] [ne.ne.fm.ja.AutomaticEventSubscriber/]: Subscribing @EventBusSubscriber class Lnet/neoforged/neoforge/attachment/AttachmentInternals; to the game event bus
[15:48:08] [modloading-sync-worker/DEBUG] [mixin/]: Mixing accessor.RegistryDataAccessor from veil.registry.mixins.json into net.minecraft.resources.RegistryDataLoader$RegistryData
[15:48:08] [modloading-sync-worker/DEBUG] [ne.ne.fm.co.ConfigTracker/CONFIG]: Loading configs type COMMON
[15:48:08] [modloading-sync-worker/DEBUG] [ne.ne.ne.co.NeoForgeConfig/FORGEMOD]: Loaded NeoForge config file neoforge-common.toml
[15:48:08] [modloading-sync-worker/DEBUG] [ne.ne.fm.co.ConfigTracker/CONFIG]: Loaded TOML config file /home/runner/work/AntikytheraMechanism/AntikytheraMechanism/run/config/neoforge-common.toml
[15:48:08] [modloading-sync-worker/DEBUG] [ne.ne.fm.co.ConfigTracker/CONFIG]: Watching TOML config file /home/runner/work/AntikytheraMechanism/AntikytheraMechanism/run/config/neoforge-common.toml for changes
[15:48:08] [modloading-sync-worker/DEBUG] [ne.ne.fm.co.ConfigTracker/CONFIG]: Loaded TOML config file /home/runner/work/AntikytheraMechanism/AntikytheraMechanism/run/config/sable-common.toml
[15:48:08] [modloading-sync-worker/DEBUG] [ne.ne.fm.co.ConfigTracker/CONFIG]: Watching TOML config file /home/runner/work/AntikytheraMechanism/AntikytheraMechanism/run/config/sable-common.toml for changes
[15:48:08] [modloading-sync-worker/DEBUG] [ne.ne.ne.co.ModConfigSpec/CORE]: List on key deny is deemed to need correction, as it is null, not a list, or the wrong size.
[15:48:08] [modloading-sync-worker/DEBUG] [ne.ne.ne.co.ModConfigSpec/CORE]: List on key allow is deemed to need correction, as it is null, not a list, or the wrong size.
[15:48:08] [modloading-sync-worker/DEBUG] [ne.ne.fm.co.ConfigTracker/CONFIG]: Loaded TOML config file /home/runner/work/AntikytheraMechanism/AntikytheraMechanism/run/config/antikytheramechanism-common.toml
[15:48:08] [modloading-sync-worker/DEBUG] [ne.ne.fm.co.ConfigTracker/CONFIG]: Watching TOML config file /home/runner/work/AntikytheraMechanism/AntikytheraMechanism/run/config/antikytheramechanism-common.toml for changes
[15:48:08] [modloading-sync-worker/DEBUG] [ne.ne.fm.DeferredWorkQueue/LOADING]: Dispatching synchronous work for work queue Common setup: 1 jobs
[15:48:08] [modloading-sync-worker/DEBUG] [ne.ne.fm.DeferredWorkQueue/LOADING]: Synchronous work queue completed in 1.275 ms
[15:48:08] [main/ERROR] [minecraft/Settings]: Failed to load properties from file: server.properties
java.nio.file.NoSuchFileException: server.properties
	at java.base/sun.nio.fs.UnixException.translateToIOException(UnixException.java:92) ~[?:?] {}
	at java.base/sun.nio.fs.UnixException.rethrowAsIOException(UnixException.java:106) ~[?:?] {}
	at java.base/sun.nio.fs.UnixException.rethrowAsIOException(UnixException.java:111) ~[?:?] {}
	at java.base/sun.nio.fs.UnixFileSystemProvider.newByteChannel(UnixFileSystemProvider.java:261) ~[?:?] {}
	at java.base/java.nio.file.Files.newByteChannel(Files.java:380) ~[?:?] {}
	at java.base/java.nio.file.Files.newByteChannel(Files.java:432) ~[?:?] {}
	at java.base/java.nio.file.spi.FileSystemProvider.newInputStream(FileSystemProvider.java:420) ~[?:?] {}
	at java.base/java.nio.file.Files.newInputStream(Files.java:160) ~[?:?] {}
	at TRANSFORMER/minecraft@1.21.1/net.minecraft.server.dedicated.Settings.loadFromFile(Settings.java:38) ~[neoforge-21.1.228.jar%23125!/:?] {re:classloading}
	at TRANSFORMER/minecraft@1.21.1/net.minecraft.server.dedicated.DedicatedServerProperties.fromFile(DedicatedServerProperties.java:132) ~[neoforge-21.1.228.jar%23125!/:?] {re:classloading}
	at TRANSFORMER/minecraft@1.21.1/net.minecraft.server.dedicated.DedicatedServerSettings.<init>(DedicatedServerSettings.java:12) ~[neoforge-21.1.228.jar%23125!/:?] {re:classloading}
	at TRANSFORMER/minecraft@1.21.1/net.minecraft.server.Main.main(Main.java:125) ~[neoforge-21.1.228.jar%23125!/:?] {re:classloading}
	at java.base/jdk.internal.reflect.DirectMethodHandleAccessor.invoke(DirectMethodHandleAccessor.java:103) ~[?:?] {}
	at java.base/java.lang.reflect.Method.invoke(Method.java:580) ~[?:?] {}
	at MC-BOOTSTRAP/fml_loader@4.0.42/net.neoforged.fml.loading.targets.CommonLaunchHandler.runTarget(CommonLaunchHandler.java:136) ~[loader-4.0.42.jar%23102!/:4.0] {}
	at MC-BOOTSTRAP/fml_loader@4.0.42/net.neoforged.fml.loading.targets.CommonLaunchHandler.serverService(CommonLaunchHandler.java:128) ~[loader-4.0.42.jar%23102!/:4.0] {}
	at MC-BOOTSTRAP/fml_loader@4.0.42/net.neoforged.fml.loading.targets.NeoForgeServerDevLaunchHandler.runService(NeoForgeServerDevLaunchHandler.java:23) ~[loader-4.0.42.jar%23102!/:4.0] {}
	at MC-BOOTSTRAP/fml_loader@4.0.42/net.neoforged.fml.loading.targets.CommonLaunchHandler.lambda$launchService$4(CommonLaunchHandler.java:118) ~[loader-4.0.42.jar%23102!/:4.0] {}
	at MC-BOOTSTRAP/cpw.mods.modlauncher@11.0.5/cpw.mods.modlauncher.LaunchServiceHandlerDecorator.launch(LaunchServiceHandlerDecorator.java:30) [modlauncher-11.0.5.jar%2382!/:?] {}
	at MC-BOOTSTRAP/cpw.mods.modlauncher@11.0.5/cpw.mods.modlauncher.LaunchServiceHandler.launch(LaunchServiceHandler.java:53) [modlauncher-11.0.5.jar%2382!/:?] {}
	at MC-BOOTSTRAP/cpw.mods.modlauncher@11.0.5/cpw.mods.modlauncher.LaunchServiceHandler.launch(LaunchServiceHandler.java:71) [modlauncher-11.0.5.jar%2382!/:?] {}
	at MC-BOOTSTRAP/cpw.mods.modlauncher@11.0.5/cpw.mods.modlauncher.Launcher.run(Launcher.java:103) [modlauncher-11.0.5.jar%2382!/:?] {}
	at MC-BOOTSTRAP/cpw.mods.modlauncher@11.0.5/cpw.mods.modlauncher.Launcher.main(Launcher.java:74) [modlauncher-11.0.5.jar%2382!/:?] {}
	at MC-BOOTSTRAP/cpw.mods.modlauncher@11.0.5/cpw.mods.modlauncher.BootstrapLaunchConsumer.accept(BootstrapLaunchConsumer.java:26) [modlauncher-11.0.5.jar%2382!/:?] {}
	at MC-BOOTSTRAP/cpw.mods.modlauncher@11.0.5/cpw.mods.modlauncher.BootstrapLaunchConsumer.accept(BootstrapLaunchConsumer.java:23) [modlauncher-11.0.5.jar%2382!/:?] {}
	at cpw.mods.bootstraplauncher@2.0.2/cpw.mods.bootstraplauncher.BootstrapLauncher.run(BootstrapLauncher.java:210) [bootstraplauncher-2.0.2.jar:?] {}
	at cpw.mods.bootstraplauncher@2.0.2/cpw.mods.bootstraplauncher.BootstrapLauncher.main(BootstrapLauncher.java:69) [bootstraplauncher-2.0.2.jar:?] {}
	at java.base/jdk.internal.reflect.DirectMethodHandleAccessor.invoke(DirectMethodHandleAccessor.java:103) ~[?:?] {}
	at java.base/java.lang.reflect.Method.invoke(Method.java:580) ~[?:?] {}
	at net.neoforged.devlaunch.Main.main(Main.java:57) [DevLaunch-1.0.2.jar:?] {}
[15:48:08] [main/INFO] [mojang/YggdrasilAuthenticationService]: Environment: Environment[sessionHost=https://sessionserver.mojang.com, servicesHost=https://api.minecraftservices.com, name=PROD]
[15:48:09] [main/DEBUG] [mixin/]: Mixing ResourceVanillaPackResourcesMixin from veil.resource.mixins.json into net.minecraft.server.packs.VanillaPackResources
[15:48:09] [main/WARN] [minecraft/VanillaPackResourcesBuilder]: Assets URL 'union:/home/runner/work/AntikytheraMechanism/AntikytheraMechanism/build/moddev/artifacts/neoforge-21.1.228.jar%23125!/assets/.mcassetsroot' uses unexpected schema
[15:48:09] [main/WARN] [minecraft/VanillaPackResourcesBuilder]: Assets URL 'union:/home/runner/work/AntikytheraMechanism/AntikytheraMechanism/build/moddev/artifacts/neoforge-21.1.228.jar%23125!/data/.mcassetsroot' uses unexpected schema
[15:48:09] [main/INFO] [ne.ne.ne.ga.GameTestHooks/]: Enabled Gametest Namespaces: [antikytheramechanism]
[15:48:09] [main/DEBUG] [mixin/]: Mixing MechanismAssemblyManagerAccessor from antikytheramechanism.mixins.json into dev.antikytheramechanism.assembly.MechanismAssemblyManager
[15:48:09] [main/DEBUG] [mixin/]: Mixing MechanismAssemblyOriginInvariantMixin from antikytheramechanism.mixins.json into dev.antikytheramechanism.assembly.MechanismAssemblyManager
[15:48:09] [main/DEBUG] [mixin/]: Mixing MechanismAssemblyManagerDeferredRemovalMixin from antikytheramechanism.mixins.json into dev.antikytheramechanism.assembly.MechanismAssemblyManager
[15:48:09] [main/DEBUG] [mixin/]: antikytheramechanism.mixins.json:MechanismAssemblyOriginInvariantMixin from mod antikytheramechanism->@Inject::antikytheramechanism$repairRetainedOrigin(Lnet/minecraft/server/level/ServerLevel;Ldev/antikytheramechanism/assembly/MechanismAssembly;Lorg/spongepowered/asm/mixin/injection/callback/CallbackInfo;)V doesn't use it's CallbackInfo
[15:48:09] [main/DEBUG] [mixin/]: antikytheramechanism.mixins.json:MechanismAssemblyOriginInvariantMixin from mod antikytheramechanism->@Inject::antikytheramechanism$repairRetainedOrigin(Lnet/minecraft/server/level/ServerLevel;Ldev/antikytheramechanism/assembly/MechanismAssembly;Lorg/spongepowered/asm/mixin/injection/callback/CallbackInfo;)V doesn't use it's CallbackInfo
[15:48:09] [main/DEBUG] [mixin/]: antikytheramechanism.mixins.json:MechanismAssemblyOriginInvariantMixin from mod antikytheramechanism->@Inject::antikytheramechanism$repairRetainedOrigin(Lnet/minecraft/server/level/ServerLevel;Ldev/antikytheramechanism/assembly/MechanismAssembly;Lorg/spongepowered/asm/mixin/injection/callback/CallbackInfo;)V doesn't use it's CallbackInfo
[15:48:09] [main/DEBUG] [mixin/]: antikytheramechanism.mixins.json:MechanismAssemblyOriginInvariantMixin from mod antikytheramechanism->@Inject::antikytheramechanism$repairRetainedOrigin(Lnet/minecraft/server/level/ServerLevel;Ldev/antikytheramechanism/assembly/MechanismAssembly;Lorg/spongepowered/asm/mixin/injection/callback/CallbackInfo;)V doesn't use it's CallbackInfo
[15:48:09] [main/DEBUG] [mixin/]: antikytheramechanism.mixins.json:MechanismAssemblyManagerDeferredRemovalMixin from mod antikytheramechanism->@Inject::antikytheramechanism$processDeferredFrameRemovals(Lnet/minecraft/server/level/ServerLevel;Lorg/spongepowered/asm/mixin/injection/callback/CallbackInfo;)V doesn't use it's CallbackInfo
[15:48:09] [main/DEBUG] [mixin/]: Mixing game_test.StructureUtilsMixin from sable.mixins.json into net.minecraft.gametest.framework.StructureUtils
[15:48:09] [main/DEBUG] [mixin/]: sable.mixins.json:game_test.StructureUtilsMixin from mod sable->@Inject::clearSpaceForStructure(Lnet/minecraft/world/level/levelgen/structure/BoundingBox;Lnet/minecraft/server/level/ServerLevel;Lorg/spongepowered/asm/mixin/injection/callback/CallbackInfo;)V doesn't use it's CallbackInfo
[15:48:09] [main/DEBUG] [mixin/]: Mixing player_freezing.PlayerListMixin from sable.mixins.json into net.minecraft.server.players.PlayerList
[15:48:09] [main/DEBUG] [mixin/]: Mixing plot.PlayerListMixin from sable.mixins.json into net.minecraft.server.players.PlayerList
[15:48:09] [main/DEBUG] [mixin/]: Mixing udp.PlayerListMixin from sable.mixins.json into net.minecraft.server.players.PlayerList
[15:48:09] [main/DEBUG] [mixin/]: sable.mixins.json:player_freezing.PlayerListMixin from mod sable->@Inject::sable$player(Lnet/minecraft/network/Connection;Lnet/minecraft/server/level/ServerPlayer;Lnet/minecraft/server/network/CommonListenerCookie;Lorg/spongepowered/asm/mixin/injection/callback/CallbackInfo;)V doesn't use it's CallbackInfo
[15:48:09] [main/DEBUG] [mixin/]: sable.mixins.json:player_freezing.PlayerListMixin from mod sable->@Inject::sable$player(Lnet/minecraft/network/Connection;Lnet/minecraft/server/level/ServerPlayer;Lnet/minecraft/server/network/CommonListenerCookie;Lorg/spongepowered/asm/mixin/injection/callback/CallbackInfo;)V has 0 override(s) in child classes
[15:48:09] [main/DEBUG] [mixin/]: sable.mixins.json:player_freezing.PlayerListMixin from mod sable->@Inject::sable$player(Lnet/minecraft/network/Connection;Lnet/minecraft/server/level/ServerPlayer;Lnet/minecraft/server/network/CommonListenerCookie;Lorg/spongepowered/asm/mixin/injection/callback/CallbackInfo;)V won't be passed a CallbackInfo as a result
[15:48:09] [main/DEBUG] [mixin/]: sable.mixins.json:player_freezing.PlayerListMixin from mod sable->@Inject::sable$respawn(Lnet/minecraft/server/level/ServerPlayer;ZLnet/minecraft/world/entity/Entity$RemovalReason;Lorg/spongepowered/asm/mixin/injection/callback/CallbackInfoReturnable;)V does use it's CallbackInfoReturnable
[15:48:09] [main/DEBUG] [mixin/]: sable.mixins.json:udp.PlayerListMixin from mod sable->@Inject::onPlayerJoin(Lnet/minecraft/network/Connection;Lnet/minecraft/server/level/ServerPlayer;Lnet/minecraft/server/network/CommonListenerCookie;Lorg/spongepowered/asm/mixin/injection/callback/CallbackInfo;)V doesn't use it's CallbackInfo
[15:48:09] [main/DEBUG] [mixin/]: sable.mixins.json:udp.PlayerListMixin from mod sable->@Inject::onPlayerJoin(Lnet/minecraft/network/Connection;Lnet/minecraft/server/level/ServerPlayer;Lnet/minecraft/server/network/CommonListenerCookie;Lorg/spongepowered/asm/mixin/injection/callback/CallbackInfo;)V has 0 override(s) in child classes
[15:48:09] [main/DEBUG] [mixin/]: sable.mixins.json:udp.PlayerListMixin from mod sable->@Inject::onPlayerJoin(Lnet/minecraft/network/Connection;Lnet/minecraft/server/level/ServerPlayer;Lnet/minecraft/server/network/CommonListenerCookie;Lorg/spongepowered/asm/mixin/injection/callback/CallbackInfo;)V won't be passed a CallbackInfo as a result
[15:48:09] [main/DEBUG] [mixin/]: Mixing resources.PathPackResourcesMixin from veil.neoforge.mixins.json into net.minecraft.server.packs.PathPackResources
[15:48:10] [Worker-Main-1/DEBUG] [mixin/]: Mixing SableInfoMassScaleMixin from sablescale.mixins.json into dev.ryanhcode.sable.command.SableCommand
[15:48:10] [Worker-Main-1/DEBUG] [mixin/]: Mixing SimpleReloadInstanceMixin from veil.debug.mixins.json into net.minecraft.server.packs.resources.SimpleReloadInstance
[15:48:10] [main/INFO] [minecraft/RecipeManager]: Loaded 1292 recipes
[15:48:10] [main/INFO] [minecraft/AdvancementTree]: Loaded 1400 advancements
[15:48:10] [main/DEBUG] [mixin/]: Mixing udp.ServerConnectionListenerMixin from sable.mixins.json into net.minecraft.server.network.ServerConnectionListener
[15:48:10] [main/DEBUG] [mixin/]: sable.mixins.json:udp.ServerConnectionListenerMixin from mod sable->@Inject::sable$startTcpServerListener(Ljava/net/InetAddress;ILorg/spongepowered/asm/mixin/injection/callback/CallbackInfo;)V doesn't use it's CallbackInfo
[15:48:10] [main/DEBUG] [mixin/]: sable.mixins.json:udp.ServerConnectionListenerMixin from mod sable->@Inject::sable$startTcpServerListener(Ljava/net/InetAddress;ILorg/spongepowered/asm/mixin/injection/callback/CallbackInfo;)V has 0 override(s) in child classes
[15:48:10] [main/DEBUG] [mixin/]: sable.mixins.json:udp.ServerConnectionListenerMixin from mod sable->@Inject::sable$startTcpServerListener(Ljava/net/InetAddress;ILorg/spongepowered/asm/mixin/injection/callback/CallbackInfo;)V won't be passed a CallbackInfo as a result
[15:48:10] [main/DEBUG] [mixin/]: sable.mixins.json:udp.ServerConnectionListenerMixin from mod sable->@Inject::sable$startMemoryChannel(Lorg/spongepowered/asm/mixin/injection/callback/CallbackInfoReturnable;)V doesn't use it's CallbackInfoReturnable
[15:48:10] [main/DEBUG] [mixin/]: sable.mixins.json:udp.ServerConnectionListenerMixin from mod sable->@Inject::sable$startMemoryChannel(Lorg/spongepowered/asm/mixin/injection/callback/CallbackInfoReturnable;)V has 0 override(s) in child classes
[15:48:10] [main/DEBUG] [mixin/]: sable.mixins.json:udp.ServerConnectionListenerMixin from mod sable->@Inject::sable$startMemoryChannel(Lorg/spongepowered/asm/mixin/injection/callback/CallbackInfoReturnable;)V won't be passed a CallbackInfoReturnable as a result
[15:48:10] [main/DEBUG] [mixin/]: sable.mixins.json:udp.ServerConnectionListenerMixin from mod sable->@Inject::sable$stop(Lorg/spongepowered/asm/mixin/injection/callback/CallbackInfo;)V doesn't use it's CallbackInfo
[15:48:10] [main/DEBUG] [mixin/]: sable.mixins.json:udp.ServerConnectionListenerMixin from mod sable->@Inject::sable$stop(Lorg/spongepowered/asm/mixin/injection/callback/CallbackInfo;)V has 0 override(s) in child classes
[15:48:10] [main/DEBUG] [mixin/]: sable.mixins.json:udp.ServerConnectionListenerMixin from mod sable->@Inject::sable$stop(Lorg/spongepowered/asm/mixin/injection/callback/CallbackInfo;)V won't be passed a CallbackInfo as a result
[15:48:10] [Server thread/DEBUG] [ne.ne.fm.co.ConfigTracker/CONFIG]: Loading configs type SERVER
[15:48:10] [Server thread/DEBUG] [ne.ne.ne.co.NeoForgeConfig/FORGEMOD]: Loaded NeoForge config file neoforge-server.toml
[15:48:10] [Server thread/DEBUG] [ne.ne.fm.co.ConfigTracker/CONFIG]: Loaded TOML config file /home/runner/work/AntikytheraMechanism/AntikytheraMechanism/run/config/neoforge-server.toml
[15:48:10] [Server thread/DEBUG] [ne.ne.fm.co.ConfigTracker/CONFIG]: Watching TOML config file /home/runner/work/AntikytheraMechanism/AntikytheraMechanism/run/config/neoforge-server.toml for changes
[15:48:10] [Server thread/WARN] [de.an.AntikytheraMechanism/]: [FREEZE-WATCHDOG] Armed 3min bootstrap window after server/world bootstrap on thread Server thread (stall threshold=20000ms, generation=1)
[15:48:10] [Server thread/INFO] [de.ry.sa.Sable/]: Creating physics pipeline for ResourceKey[minecraft:dimension / minecraft:overworld] using RapierPhysicsPipelineProvider
[15:48:10] [Server thread/DEBUG] [mixin/]: Mixing RapierPhysicsPipelineMixin from sablescale.mixins.json into dev.ryanhcode.sable.physics.impl.rapier.RapierPhysicsPipeline
[15:48:10] [Server thread/DEBUG] [mixin/]: Mixing RapierActuatorForceScaleMixin from sablescale.mixins.json into dev.ryanhcode.sable.physics.impl.rapier.RapierPhysicsPipeline
[15:48:10] [Server thread/DEBUG] [mixin/]: Mixing RapierConstraintScaleMixin from sablescale.mixins.json into dev.ryanhcode.sable.physics.impl.rapier.RapierPhysicsPipeline
[15:48:10] [Server thread/DEBUG] [mixin/]: sablescale.mixins.json:RapierPhysicsPipelineMixin from mod sablescale->@Inject::sablescale$register(Lnet/minecraft/server/level/ServerLevel;Lorg/spongepowered/asm/mixin/injection/callback/CallbackInfo;)V doesn't use it's CallbackInfo
[15:48:10] [Server thread/DEBUG] [mixin/]: sablescale.mixins.json:RapierPhysicsPipelineMixin from mod sablescale->@Inject::sablescale$register(Lnet/minecraft/server/level/ServerLevel;Lorg/spongepowered/asm/mixin/injection/callback/CallbackInfo;)V has 0 override(s) in child classes
[15:48:10] [Server thread/DEBUG] [mixin/]: sablescale.mixins.json:RapierPhysicsPipelineMixin from mod sablescale->@Inject::sablescale$register(Lnet/minecraft/server/level/ServerLevel;Lorg/spongepowered/asm/mixin/injection/callback/CallbackInfo;)V won't be passed a CallbackInfo as a result
[15:48:10] [Server thread/DEBUG] [mixin/]: sablescale.mixins.json:RapierPhysicsPipelineMixin from mod sablescale->@Inject::sablescale$correctWaterDrag(Lorg/spongepowered/asm/mixin/injection/callback/CallbackInfo;)V doesn't use it's CallbackInfo
[15:48:10] [Server thread/DEBUG] [mixin/]: sablescale.mixins.json:RapierPhysicsPipelineMixin from mod sablescale->@Inject::sablescale$correctWaterDrag(Lorg/spongepowered/asm/mixin/injection/callback/CallbackInfo;)V has 0 override(s) in child classes
[15:48:10] [Server thread/DEBUG] [mixin/]: sablescale.mixins.json:RapierPhysicsPipelineMixin from mod sablescale->@Inject::sablescale$correctWaterDrag(Lorg/spongepowered/asm/mixin/injection/callback/CallbackInfo;)V won't be passed a CallbackInfo as a result
[15:48:10] [Server thread/DEBUG] [mixin/]: sablescale.mixins.json:RapierPhysicsPipelineMixin from mod sablescale->@Inject::sablescale$speedCeiling(DLorg/spongepowered/asm/mixin/injection/callback/CallbackInfo;)V doesn't use it's CallbackInfo
[15:48:10] [Server thread/DEBUG] [mixin/]: sablescale.mixins.json:RapierPhysicsPipelineMixin from mod sablescale->@Inject::sablescale$speedCeiling(DLorg/spongepowered/asm/mixin/injection/callback/CallbackInfo;)V has 0 override(s) in child classes
[15:48:10] [Server thread/DEBUG] [mixin/]: sablescale.mixins.json:RapierPhysicsPipelineMixin from mod sablescale->@Inject::sablescale$speedCeiling(DLorg/spongepowered/asm/mixin/injection/callback/CallbackInfo;)V won't be passed a CallbackInfo as a result
[15:48:10] [Server thread/DEBUG] [mixin/]: sablescale.mixins.json:RapierPhysicsPipelineMixin from mod sablescale->@Inject::sablescale$interceptSectionAdd(Lnet/minecraft/world/level/chunk/LevelChunkSection;IIIZLorg/spongepowered/asm/mixin/injection/callback/CallbackInfo;)V does use it's CallbackInfo
[15:48:10] [Server thread/DEBUG] [mixin/]: sablescale.mixins.json:RapierPhysicsPipelineMixin from mod sablescale->@Inject::sablescale$interceptSectionRemove(IIILorg/spongepowered/asm/mixin/injection/callback/CallbackInfo;)V does use it's CallbackInfo
[15:48:10] [Server thread/DEBUG] [mixin/]: sablescale.mixins.json:RapierPhysicsPipelineMixin from mod sablescale->@Inject::sablescale$interceptBlockChange(Lnet/minecraft/core/SectionPos;Lnet/minecraft/world/level/chunk/LevelChunkSection;IIILnet/minecraft/world/level/block/state/BlockState;Lnet/minecraft/world/level/block/state/BlockState;Lorg/spongepowered/asm/mixin/injection/callback/CallbackInfo;)V does use it's CallbackInfo
[15:48:10] [Server thread/DEBUG] [mixin/]: sablescale.mixins.json:RapierPhysicsPipelineMixin from mod sablescale->@Inject::sablescale$onBodyAdded(Ldev/ryanhcode/sable/sublevel/ServerSubLevel;Ldev/ryanhcode/sable/companion/math/Pose3dc;Lorg/spongepowered/asm/mixin/injection/callback/CallbackInfo;)V doesn't use it's CallbackInfo
[15:48:10] [Server thread/DEBUG] [mixin/]: sablescale.mixins.json:RapierPhysicsPipelineMixin from mod sablescale->@Inject::sablescale$onBodyAdded(Ldev/ryanhcode/sable/sublevel/ServerSubLevel;Ldev/ryanhcode/sable/companion/math/Pose3dc;Lorg/spongepowered/asm/mixin/injection/callback/CallbackInfo;)V has 0 override(s) in child classes
[15:48:10] [Server thread/DEBUG] [mixin/]: sablescale.mixins.json:RapierPhysicsPipelineMixin from mod sablescale->@Inject::sablescale$onBodyAdded(Ldev/ryanhcode/sable/sublevel/ServerSubLevel;Ldev/ryanhcode/sable/companion/math/Pose3dc;Lorg/spongepowered/asm/mixin/injection/callback/CallbackInfo;)V won't be passed a CallbackInfo as a result
[15:48:10] [Server thread/DEBUG] [mixin/]: sablescale.mixins.json:RapierPhysicsPipelineMixin from mod sablescale->@Inject::sablescale$onBodyRemoved(Ldev/ryanhcode/sable/sublevel/ServerSubLevel;Lorg/spongepowered/asm/mixin/injection/callback/CallbackInfo;)V doesn't use it's CallbackInfo
[15:48:10] [Server thread/DEBUG] [mixin/]: sablescale.mixins.json:RapierPhysicsPipelineMixin from mod sablescale->@Inject::sablescale$onBodyRemoved(Ldev/ryanhcode/sable/sublevel/ServerSubLevel;Lorg/spongepowered/asm/mixin/injection/callback/CallbackInfo;)V has 0 override(s) in child classes
[15:48:10] [Server thread/DEBUG] [mixin/]: sablescale.mixins.json:RapierPhysicsPipelineMixin from mod sablescale->@Inject::sablescale$onBodyRemoved(Ldev/ryanhcode/sable/sublevel/ServerSubLevel;Lorg/spongepowered/asm/mixin/injection/callback/CallbackInfo;)V won't be passed a CallbackInfo as a result
[15:48:10] [Server thread/DEBUG] [mixin/]: Mixing LevelAcceleratorSableMoveRoutingMixin from antikytheramechanism.mixins.json into dev.ryanhcode.sable.util.LevelAccelerator
[15:48:10] [Server thread/DEBUG] [mixin/]: antikytheramechanism.mixins.json:LevelAcceleratorSableMoveRoutingMixin from mod antikytheramechanism->@Inject::antikytheramechanism$routeMovedPlotChunk(IILorg/spongepowered/asm/mixin/injection/callback/CallbackInfoReturnable;)V does use it's CallbackInfoReturnable
[15:48:10] [Server thread/DEBUG] [mixin/]: Mixing ScaledCollidersManagedEmptyBoundsMixin from antikytheramechanism.mixins.json into dev.sablescale.scale.ScaledColliders
[15:48:10] [Server thread/DEBUG] [mixin/]: antikytheramechanism.mixins.json:ScaledCollidersManagedEmptyBoundsMixin from mod antikytheramechanism->@Inject::antikytheramechanism$finiteManagedEmptyBounds(Ldev/ryanhcode/sable/sublevel/ServerSubLevel;Lorg/spongepowered/asm/mixin/injection/callback/CallbackInfoReturnable;)V does use it's CallbackInfoReturnable
[15:48:10] [Server thread/DEBUG] [mixin/]: Mixing Rapier3DAccessor from sablescale.mixins.json into dev.ryanhcode.sable.physics.impl.rapier.Rapier3D
[15:48:10] [Server thread/DEBUG] [mixin/]: Renaming @Invoker method sablescale$addChunk(JIII[IZI)V to addChunk$sablescale_$md$f5665a$0 in sablescale.mixins.json:Rapier3DAccessor from mod sablescale
[15:48:10] [Server thread/DEBUG] [mixin/]: Renaming @Invoker method sablescale$removeChunk(JIIIZ)V to removeChunk$sablescale_$md$f5665a$1 in sablescale.mixins.json:Rapier3DAccessor from mod sablescale
[15:48:10] [Server thread/DEBUG] [mixin/]: Renaming @Invoker method sablescale$setLocalBounds(JIIIIIII)V to setLocalBounds$sablescale_$md$f5665a$2 in sablescale.mixins.json:Rapier3DAccessor from mod sablescale
[15:48:10] [Server thread/DEBUG] [mixin/]: Renaming @Invoker method sablescale$setMassProperties(JID[D[D)V to setMassProperties$sablescale_$md$f5665a$3 in sablescale.mixins.json:Rapier3DAccessor from mod sablescale
[15:48:10] [Server thread/DEBUG] [mixin/]: Renaming @Invoker method sablescale$setMassPropertiesFrom(JILdev/ryanhcode/sable/api/physics/mass/MassData;)V to setMassPropertiesFrom$sablescale_$md$f5665a$4 in sablescale.mixins.json:Rapier3DAccessor from mod sablescale
[15:48:10] [Server thread/DEBUG] [mixin/]: Renaming @Invoker method sablescale$applyForceAndTorque(JIDDDDDDZ)V to applyForceAndTorque$sablescale_$md$f5665a$5 in sablescale.mixins.json:Rapier3DAccessor from mod sablescale
[15:48:10] [Server thread/DEBUG] [mixin/]: Renaming @Invoker method sablescale$applyForce(JIDDDDDDZ)V to applyForce$sablescale_$md$f5665a$6 in sablescale.mixins.json:Rapier3DAccessor from mod sablescale
[15:48:10] [Server thread/DEBUG] [mixin/]: Renaming @Invoker method sablescale$setConstraintFrame(JJIDDDDDDD)V to setConstraintFrame$sablescale_$md$f5665a$7 in sablescale.mixins.json:Rapier3DAccessor from mod sablescale
[15:48:10] [Server thread/DEBUG] [mixin/]: Renaming @Invoker method sablescale$isConstraintValid(JJ)Z to isConstraintValid$sablescale_$md$f5665a$8 in sablescale.mixins.json:Rapier3DAccessor from mod sablescale
[15:48:10] [Server thread/DEBUG] [mixin/]: Renaming @Invoker method sablescale$addLinearAngularVelocities(JIDDDDDDZ)V to addLinearAngularVelocities$sablescale_$md$f5665a$9 in sablescale.mixins.json:Rapier3DAccessor from mod sablescale
[15:48:10] [Server thread/DEBUG] [mixin/]: Mixing Rapier3DInvoker from antikytheramechanism.mixins.json into dev.ryanhcode.sable.physics.impl.rapier.Rapier3D
[15:48:10] [Server thread/DEBUG] [mixin/]: Renaming @Invoker method antikytheramechanism$getSceneHandle(Lnet/minecraft/server/level/ServerLevel;)J to getSceneHandle$antikytheramechanism_$md$f5665a$a in antikytheramechanism.mixins.json:Rapier3DInvoker from mod antikytheramechanism
[15:48:10] [Server thread/DEBUG] [mixin/]: Renaming @Invoker method antikytheramechanism$newVoxelCollider(DDDZLdev/ryanhcode/sable/api/physics/callback/BlockSubLevelCollisionCallback;)I to newVoxelCollider$antikytheramechanism_$md$f5665a$b in antikytheramechanism.mixins.json:Rapier3DInvoker from mod antikytheramechanism
[15:48:10] [Server thread/DEBUG] [mixin/]: Renaming @Invoker method antikytheramechanism$addVoxelColliderBox(I[D)V to addVoxelColliderBox$antikytheramechanism_$md$f5665a$c in antikytheramechanism.mixins.json:Rapier3DInvoker from mod antikytheramechanism
[15:48:10] [Server thread/DEBUG] [mixin/]: Renaming @Invoker method antikytheramechanism$createKinematicContraption(JII[D)V to createKinematicContraption$antikytheramechanism_$md$f5665a$d in antikytheramechanism.mixins.json:Rapier3DInvoker from mod antikytheramechanism
[15:48:10] [Server thread/DEBUG] [mixin/]: Renaming @Invoker method antikytheramechanism$removeKinematicContraption(JI)V to removeKinematicContraption$antikytheramechanism_$md$f5665a$e in antikytheramechanism.mixins.json:Rapier3DInvoker from mod antikytheramechanism
[15:48:10] [Server thread/DEBUG] [mixin/]: Renaming @Invoker method antikytheramechanism$setKinematicContraptionTransform(JI[D[D[D)V to setKinematicContraptionTransform$antikytheramechanism_$md$f5665a$f in antikytheramechanism.mixins.json:Rapier3DInvoker from mod antikytheramechanism
[15:48:10] [Server thread/DEBUG] [mixin/]: Renaming @Invoker method antikytheramechanism$addKinematicContraptionChunkSection(JIIII[I)V to addKinematicContraptionChunkSection$antikytheramechanism_$md$f5665a$10 in antikytheramechanism.mixins.json:Rapier3DInvoker from mod antikytheramechanism
[15:48:10] [Server thread/DEBUG] [mixin/]: Renaming @Invoker method antikytheramechanism$setLocalBounds(JIIIIIII)V to setLocalBounds$antikytheramechanism_$md$f5665a$11 in antikytheramechanism.mixins.json:Rapier3DInvoker from mod antikytheramechanism
[2026-08-18T15:48:11.053830819Z] [[32mINFO[0m] (sable_rapier) Rapier scene initialized
[15:48:11] [Server thread/ERROR] [de.ry.sa.Sable/]: Failed to apply tag physics properties. Unknown block: create:flywheel
[15:48:11] [Server thread/DEBUG] [mixin/]: Mixing LevelTicksAccessor from antikytheramechanism.mixins.json into net.minecraft.world.ticks.LevelTicks
[15:48:11] [Server thread/DEBUG] [mixin/]: Mixing plot.serialization.LevelChunkTicksMixin from sable.mixins.json into net.minecraft.world.ticks.LevelChunkTicks
[15:48:11] [Server thread/DEBUG] [mixin/]: Mixing entity.entity_unloading.PersistentEntitySectionManagerMixin from sable.mixins.json into net.minecraft.world.level.entity.PersistentEntitySectionManager
[15:48:11] [Server thread/DEBUG] [mixin/]: sable.mixins.json:entity.entity_unloading.PersistentEntitySectionManagerMixin from mod sable->@Inject::processChunkUnload(JLorg/spongepowered/asm/mixin/injection/callback/CallbackInfoReturnable;)V doesn't use it's CallbackInfoReturnable
[15:48:11] [Server thread/DEBUG] [mixin/]: sable.mixins.json:entity.entity_unloading.PersistentEntitySectionManagerMixin from mod sable->@Inject::processChunkUnload(JLorg/spongepowered/asm/mixin/injection/callback/CallbackInfoReturnable;)V has 0 override(s) in child classes
[15:48:11] [Server thread/DEBUG] [mixin/]: sable.mixins.json:entity.entity_unloading.PersistentEntitySectionManagerMixin from mod sable->@Inject::processChunkUnload(JLorg/spongepowered/asm/mixin/injection/callback/CallbackInfoReturnable;)V won't be passed a CallbackInfoReturnable as a result
[15:48:11] [Server thread/DEBUG] [mixin/]: Mixing entity.server_entities_tick.ChunkMapMixin from sable.mixins.json into net.minecraft.server.level.ChunkMap
[15:48:11] [Server thread/DEBUG] [mixin/]: Mixing plot.ChunkMapMixin from sable.mixins.json into net.minecraft.server.level.ChunkMap
[15:48:11] [Server thread/DEBUG] [mixin/]: Renaming synthetic method lambda$sable$hasWork$0(Lnet/minecraft/server/level/ChunkHolder;)Z to mdf5665a$sable$lambda$sable$hasWork$0$0 in sable.mixins.json:plot.ChunkMapMixin from mod sable
[15:48:11] [Server thread/DEBUG] [mixin/]: Mixing plot.serialization.ChunkMapMixin from sable.mixins.json into net.minecraft.server.level.ChunkMap
[15:48:11] [Server thread/DEBUG] [mixin/]: sable.mixins.json:plot.ChunkMapMixin from mod sable->@Inject::sable$getPlayers(Lnet/minecraft/world/level/ChunkPos;ZLorg/spongepowered/asm/mixin/injection/callback/CallbackInfoReturnable;)V does use it's CallbackInfoReturnable
[15:48:11] [Server thread/DEBUG] [mixin/]: sable.mixins.json:plot.ChunkMapMixin from mod sable->@Inject::sable$saveChunkIfNeeded(Lnet/minecraft/server/level/ChunkHolder;Lorg/spongepowered/asm/mixin/injection/callback/CallbackInfoReturnable;)V does use it's CallbackInfoReturnable
[15:48:11] [Server thread/DEBUG] [mixin/]: sable.mixins.json:plot.ChunkMapMixin from mod sable->@Inject::sable$isChunkTracked(Lnet/minecraft/server/level/ServerPlayer;IILorg/spongepowered/asm/mixin/injection/callback/CallbackInfoReturnable;)V does use it's CallbackInfoReturnable
[15:48:11] [Server thread/DEBUG] [mixin/]: sable.mixins.json:plot.ChunkMapMixin from mod sable->@Inject::sable$anyPlayerCloseEnoughForSpawning(Lnet/minecraft/world/level/ChunkPos;Lorg/spongepowered/asm/mixin/injection/callback/CallbackInfoReturnable;)V does use it's CallbackInfoReturnable
[15:48:11] [Server thread/DEBUG] [mixin/]: sable.mixins.json:plot.serialization.ChunkMapMixin from mod sable->@Inject::sable$init(Lnet/minecraft/server/level/ServerLevel;Lnet/minecraft/world/level/storage/LevelStorageSource$LevelStorageAccess;Lcom/mojang/datafixers/DataFixer;Lnet/minecraft/world/level/levelgen/structure/templatesystem/StructureTemplateManager;Ljava/util/concurrent/Executor;Lnet/minecraft/util/thread/BlockableEventLoop;Lnet/minecraft/world/level/chunk/LightChunkGetter;Lnet/minecraft/world/level/chunk/ChunkGenerator;Lnet/minecraft/server/level/progress/ChunkProgressListener;Lnet/minecraft/world/level/entity/ChunkStatusUpdateListener;Ljava/util/function/Supplier;IZLorg/spongepowered/asm/mixin/injection/callback/CallbackInfo;)V doesn't use it's CallbackInfo
[15:48:11] [Server thread/DEBUG] [mixin/]: sable.mixins.json:plot.serialization.ChunkMapMixin from mod sable->@Inject::sable$init(Lnet/minecraft/server/level/ServerLevel;Lnet/minecraft/world/level/storage/LevelStorageSource$LevelStorageAccess;Lcom/mojang/datafixers/DataFixer;Lnet/minecraft/world/level/levelgen/structure/templatesystem/StructureTemplateManager;Ljava/util/concurrent/Executor;Lnet/minecraft/util/thread/BlockableEventLoop;Lnet/minecraft/world/level/chunk/LightChunkGetter;Lnet/minecraft/world/level/chunk/ChunkGenerator;Lnet/minecraft/server/level/progress/ChunkProgressListener;Lnet/minecraft/world/level/entity/ChunkStatusUpdateListener;Ljava/util/function/Supplier;IZLorg/spongepowered/asm/mixin/injection/callback/CallbackInfo;)V has 0 override(s) in child classes
[15:48:11] [Server thread/DEBUG] [mixin/]: sable.mixins.json:plot.serialization.ChunkMapMixin from mod sable->@Inject::sable$init(Lnet/minecraft/server/level/ServerLevel;Lnet/minecraft/world/level/storage/LevelStorageSource$LevelStorageAccess;Lcom/mojang/datafixers/DataFixer;Lnet/minecraft/world/level/levelgen/structure/templatesystem/StructureTemplateManager;Ljava/util/concurrent/Executor;Lnet/minecraft/util/thread/BlockableEventLoop;Lnet/minecraft/world/level/chunk/LightChunkGetter;Lnet/minecraft/world/level/chunk/ChunkGenerator;Lnet/minecraft/server/level/progress/ChunkProgressListener;Lnet/minecraft/world/level/entity/ChunkStatusUpdateListener;Ljava/util/function/Supplier;IZLorg/spongepowered/asm/mixin/injection/callback/CallbackInfo;)V won't be passed a CallbackInfo as a result
[15:48:11] [Server thread/DEBUG] [mixin/]: sable.mixins.json:plot.serialization.ChunkMapMixin from mod sable->@Inject::sable$onStatusChange(Lnet/minecraft/world/level/ChunkPos;Lnet/minecraft/server/level/FullChunkStatus;Lorg/spongepowered/asm/mixin/injection/callback/CallbackInfo;)V doesn't use it's CallbackInfo
[15:48:11] [Server thread/DEBUG] [mixin/]: sable.mixins.json:plot.serialization.ChunkMapMixin from mod sable->@Inject::sable$onStatusChange(Lnet/minecraft/world/level/ChunkPos;Lnet/minecraft/server/level/FullChunkStatus;Lorg/spongepowered/asm/mixin/injection/callback/CallbackInfo;)V has 0 override(s) in child classes
[15:48:11] [Server thread/DEBUG] [mixin/]: sable.mixins.json:plot.serialization.ChunkMapMixin from mod sable->@Inject::sable$onStatusChange(Lnet/minecraft/world/level/ChunkPos;Lnet/minecraft/server/level/FullChunkStatus;Lorg/spongepowered/asm/mixin/injection/callback/CallbackInfo;)V won't be passed a CallbackInfo as a result
[15:48:11] [Server thread/DEBUG] [mixin/]: Mixing chunk_container_replacement.LevelChunkSectionMixin from sable.mixins.json into net.minecraft.world.level.chunk.LevelChunkSection
[15:48:11] [Server thread/DEBUG] [mixin/]: Mixing sculk_vibrations.GameEventDispatcherMixin from sable.mixins.json into net.minecraft.world.level.gameevent.GameEventDispatcher
[15:48:11] [Server thread/DEBUG] [mixin/]: Renaming synthetic method lambda$sable$visitShipListeners$0(Ldev/ryanhcode/sable/companion/math/BoundingBox3dc;Lcom/llamalad7/mixinextras/sugar/ref/LocalRef;Ldev/ryanhcode/sable/companion/math/BoundingBox3i;Lcom/llamalad7/mixinextras/injector/wrapoperation/Operation;Lnet/minecraft/core/Holder;Lnet/minecraft/world/phys/Vec3;Lnet/minecraft/world/level/gameevent/GameEvent$Context;Ldev/ryanhcode/sable/sublevel/SubLevel;)V to mdf5665a$sable$lambda$sable$visitShipListeners$0$0 in sable.mixins.json:sculk_vibrations.GameEventDispatcherMixin from mod sable
[15:48:11] [Server thread/DEBUG] [mixin/]: sable.mixins.json:sculk_vibrations.GameEventDispatcherMixin from mod sable->@Inject::sable$useBBIntersection(Lnet/minecraft/core/Holder;Lnet/minecraft/world/phys/Vec3;Lnet/minecraft/world/level/gameevent/GameEvent$Context;Lorg/spongepowered/asm/mixin/injection/callback/CallbackInfo;)V doesn't use it's CallbackInfo
[15:48:11] [Server thread/DEBUG] [mixin/]: sable.mixins.json:sculk_vibrations.GameEventDispatcherMixin from mod sable->@Inject::sable$useBBIntersection(Lnet/minecraft/core/Holder;Lnet/minecraft/world/phys/Vec3;Lnet/minecraft/world/level/gameevent/GameEvent$Context;Lorg/spongepowered/asm/mixin/injection/callback/CallbackInfo;)V has 0 override(s) in child classes
[15:48:11] [Server thread/DEBUG] [mixin/]: sable.mixins.json:sculk_vibrations.GameEventDispatcherMixin from mod sable->@Inject::sable$useBBIntersection(Lnet/minecraft/core/Holder;Lnet/minecraft/world/phys/Vec3;Lnet/minecraft/world/level/gameevent/GameEvent$Context;Lorg/spongepowered/asm/mixin/injection/callback/CallbackInfo;)V won't be passed a CallbackInfo as a result
[15:48:11] [Server thread/INFO] [de.ry.sa.Sable/]: Creating physics pipeline for ResourceKey[minecraft:dimension / minecraft:the_end] using RapierPhysicsPipelineProvider
[2026-08-18T15:48:11.542851925Z] [[32mINFO[0m] (sable_rapier) Rapier scene initialized
[15:48:11] [Server thread/ERROR] [de.ry.sa.Sable/]: Failed to apply tag physics properties. Unknown block: create:flywheel
[15:48:11] [Server thread/INFO] [de.ry.sa.Sable/]: Creating physics pipeline for ResourceKey[minecraft:dimension / minecraft:the_nether] using RapierPhysicsPipelineProvider
[2026-08-18T15:48:11.584508006Z] [[32mINFO[0m] (sable_rapier) Rapier scene initialized
[15:48:11] [Server thread/ERROR] [de.ry.sa.Sable/]: Failed to apply tag physics properties. Unknown block: create:flywheel
[15:48:11] [Server thread/INFO] [minecraft/MinecraftServer]: Preparing start region for dimension minecraft:overworld
[15:48:11] [worldgen/INFO] [minecraft/LoggerChunkProgressListener]: Preparing spawn area: 2%
[15:48:11] [Server thread/INFO] [minecraft/LoggerChunkProgressListener]: Time elapsed: 248 ms
[15:48:11] [Server thread/DEBUG] [mixin/]: Mixing game_test.GameTestInfoMixin from sable.mixins.json into net.minecraft.gametest.framework.GameTestInfo
[15:48:11] [Server thread/DEBUG] [mixin/]: sable.mixins.json:game_test.GameTestInfoMixin from mod sable->@Inject::removeSublevels(Lorg/spongepowered/asm/mixin/injection/callback/CallbackInfo;)V doesn't use it's CallbackInfo
[15:48:11] [Server thread/DEBUG] [mixin/]: sable.mixins.json:game_test.GameTestInfoMixin from mod sable->@Inject::removeSublevels(Lorg/spongepowered/asm/mixin/injection/callback/CallbackInfo;)V has 0 override(s) in child classes
[15:48:11] [Server thread/DEBUG] [mixin/]: sable.mixins.json:game_test.GameTestInfoMixin from mod sable->@Inject::removeSublevels(Lorg/spongepowered/asm/mixin/injection/callback/CallbackInfo;)V won't be passed a CallbackInfo as a result
[15:48:11] [Server thread/INFO] [minecraft/GameTestServer]: Started game test server
[15:48:11] [Server thread/DEBUG] [ne.ne.ne.se.LanguageHook/]: Loaded 8 language files for en_us
[15:48:11] [Server thread/INFO] [ne.ne.ne.se.pe.PermissionAPI/]: Successfully initialized permission handler neoforge:default_handler
[15:48:11] [Server thread/INFO] [minecraft/GameTestServer]: 84 tests are now running at position -9217478, -59, 12704042!
[15:48:12] [Server thread/DEBUG] [mixin/]: Mixing PhysicsBlockPropertyHelperFrameMassMixin from antikytheramechanism.mixins.json into dev.ryanhcode.sable.physics.config.block_properties.PhysicsBlockPropertyHelper
[15:48:12] [Server thread/DEBUG] [mixin/]: antikytheramechanism.mixins.json:PhysicsBlockPropertyHelperFrameMassMixin from mod antikytheramechanism->@Inject::antikytheramechanism$useManagedFrameMass(Lnet/minecraft/world/level/BlockGetter;Lnet/minecraft/core/BlockPos;Lnet/minecraft/world/level/block/state/BlockState;Lorg/spongepowered/asm/mixin/injection/callback/CallbackInfoReturnable;)V does use it's CallbackInfoReturnable
[15:48:14] [Server thread/INFO] [minecraft/GameTestRunner]: Running test batch 'defaultBatch:0' (50 tests)...
[15:48:14] [Server thread/WARN] [minecraft/MinecraftServer]: Can't keep up! Is the server overloaded? Running 2203ms or 44 ticks behind
[15:48:14] [Server thread/INFO] [minecraft/GameTestServer]: [                                                                                    ]
[15:48:14] [Server thread/WARN] [de.an.AntikytheraMechanism/]: [FREEZE-WATCHDOG] Armed 30s after Mechanism Frame placement at BlockPos{x=-9217476, y=-57, z=12704044} in minecraft:overworld on thread Server thread (stall threshold=2000ms, generation=2)
[15:48:14] [Server thread/DEBUG] [mixin/]: Mixing FloatingBlockControllerAccessor from antikytheramechanism.mixins.json into dev.ryanhcode.sable.physics.floating_block.FloatingBlockController
[15:48:14] [Server thread/DEBUG] [mixin/]: Mixing FloatingBlockControllerHostedMiniMixin from antikytheramechanism.mixins.json into dev.ryanhcode.sable.physics.floating_block.FloatingBlockController
[15:48:14] [Server thread/DEBUG] [mixin/]: antikytheramechanism.mixins.json:FloatingBlockControllerHostedMiniMixin from mod antikytheramechanism->@Inject::antikytheramechanism$wakeForHostedMiniMaterials(Lorg/spongepowered/asm/mixin/injection/callback/CallbackInfoReturnable;)V does use it's CallbackInfoReturnable
[15:48:14] [Server thread/DEBUG] [mixin/]: antikytheramechanism.mixins.json:FloatingBlockControllerHostedMiniMixin from mod antikytheramechanism->@Inject::antikytheramechanism$wakeForHostedMiniMaterials(Lorg/spongepowered/asm/mixin/injection/callback/CallbackInfoReturnable;)V does use it's CallbackInfoReturnable
[15:48:14] [Server thread/DEBUG] [mixin/]: antikytheramechanism.mixins.json:FloatingBlockControllerHostedMiniMixin from mod antikytheramechanism->@Inject::antikytheramechanism$wakeForHostedMiniMaterials(Lorg/spongepowered/asm/mixin/injection/callback/CallbackInfoReturnable;)V does use it's CallbackInfoReturnable
[15:48:14] [Server thread/DEBUG] [mixin/]: antikytheramechanism.mixins.json:FloatingBlockControllerHostedMiniMixin from mod antikytheramechanism->@Inject::antikytheramechanism$appendHostedMiniMaterials(DDLorg/joml/Vector3dc;Lorg/joml/Vector3dc;Lorg/joml/Vector3d;Lorg/joml/Vector3d;Lorg/spongepowered/asm/mixin/injection/callback/CallbackInfo;)V doesn't use it's CallbackInfo
[15:48:14] [Server thread/DEBUG] [mixin/]: antikytheramechanism.mixins.json:FloatingBlockControllerHostedMiniMixin from mod antikytheramechanism->@Inject::antikytheramechanism$appendHostedMiniMaterials(DDLorg/joml/Vector3dc;Lorg/joml/Vector3dc;Lorg/joml/Vector3d;Lorg/joml/Vector3d;Lorg/spongepowered/asm/mixin/injection/callback/CallbackInfo;)V has 0 override(s) in child classes
[15:48:14] [Server thread/DEBUG] [mixin/]: antikytheramechanism.mixins.json:FloatingBlockControllerHostedMiniMixin from mod antikytheramechanism->@Inject::antikytheramechanism$appendHostedMiniMaterials(DDLorg/joml/Vector3dc;Lorg/joml/Vector3dc;Lorg/joml/Vector3d;Lorg/joml/Vector3d;Lorg/spongepowered/asm/mixin/injection/callback/CallbackInfo;)V won't be passed a CallbackInfo as a result
[15:48:14] [Server thread/DEBUG] [mixin/]: antikytheramechanism.mixins.json:FloatingBlockControllerHostedMiniMixin from mod antikytheramechanism->@Inject::antikytheramechanism$clearHostedMiniMaterialCache(DDLorg/joml/Vector3dc;Lorg/joml/Vector3dc;Lorg/joml/Vector3d;Lorg/joml/Vector3d;Lorg/spongepowered/asm/mixin/injection/callback/CallbackInfo;)V doesn't use it's CallbackInfo
[15:48:14] [Server thread/DEBUG] [mixin/]: antikytheramechanism.mixins.json:FloatingBlockControllerHostedMiniMixin from mod antikytheramechanism->@Inject::antikytheramechanism$clearHostedMiniMaterialCache(DDLorg/joml/Vector3dc;Lorg/joml/Vector3dc;Lorg/joml/Vector3d;Lorg/joml/Vector3d;Lorg/spongepowered/asm/mixin/injection/callback/CallbackInfo;)V has 0 override(s) in child classes
[15:48:14] [Server thread/DEBUG] [mixin/]: antikytheramechanism.mixins.json:FloatingBlockControllerHostedMiniMixin from mod antikytheramechanism->@Inject::antikytheramechanism$clearHostedMiniMaterialCache(DDLorg/joml/Vector3dc;Lorg/joml/Vector3dc;Lorg/joml/Vector3d;Lorg/joml/Vector3d;Lorg/spongepowered/asm/mixin/injection/callback/CallbackInfo;)V won't be passed a CallbackInfo as a result
[15:48:14] [Server thread/DEBUG] [mixin/]: antikytheramechanism.mixins.json:FloatingBlockControllerHostedMiniMixin from mod antikytheramechanism->@Inject::antikytheramechanism$clearHostedMiniMaterialCache(DDLorg/joml/Vector3dc;Lorg/joml/Vector3dc;Lorg/joml/Vector3d;Lorg/joml/Vector3d;Lorg/spongepowered/asm/mixin/injection/callback/CallbackInfo;)V doesn't use it's CallbackInfo
[15:48:14] [Server thread/DEBUG] [mixin/]: antikytheramechanism.mixins.json:FloatingBlockControllerHostedMiniMixin from mod antikytheramechanism->@Inject::antikytheramechanism$clearHostedMiniMaterialCache(DDLorg/joml/Vector3dc;Lorg/joml/Vector3dc;Lorg/joml/Vector3d;Lorg/joml/Vector3d;Lorg/spongepowered/asm/mixin/injection/callback/CallbackInfo;)V has 0 override(s) in child classes
[15:48:14] [Server thread/DEBUG] [mixin/]: antikytheramechanism.mixins.json:FloatingBlockControllerHostedMiniMixin from mod antikytheramechanism->@Inject::antikytheramechanism$clearHostedMiniMaterialCache(DDLorg/joml/Vector3dc;Lorg/joml/Vector3dc;Lorg/joml/Vector3d;Lorg/joml/Vector3d;Lorg/spongepowered/asm/mixin/injection/callback/CallbackInfo;)V won't be passed a CallbackInfo as a result
[15:48:14] [Server thread/DEBUG] [mixin/]: Mixing MergedMassTrackerMixin from sablescale.mixins.json into dev.ryanhcode.sable.api.physics.mass.MergedMassTracker
[15:48:14] [Server thread/DEBUG] [mixin/]: Mixing MergedMassTrackerHostedMiniMixin from antikytheramechanism.mixins.json into dev.ryanhcode.sable.api.physics.mass.MergedMassTracker
[15:48:14] [Server thread/DEBUG] [mixin/]: antikytheramechanism.mixins.json:MergedMassTrackerHostedMiniMixin from mod antikytheramechanism->@Inject::antikytheramechanism$mergeHostedMiniMass(FLorg/spongepowered/asm/mixin/injection/callback/CallbackInfo;)V doesn't use it's CallbackInfo
[15:48:14] [Server thread/DEBUG] [mixin/]: antikytheramechanism.mixins.json:MergedMassTrackerHostedMiniMixin from mod antikytheramechanism->@Inject::antikytheramechanism$mergeHostedMiniMass(FLorg/spongepowered/asm/mixin/injection/callback/CallbackInfo;)V has 0 override(s) in child classes
[15:48:14] [Server thread/DEBUG] [mixin/]: antikytheramechanism.mixins.json:MergedMassTrackerHostedMiniMixin from mod antikytheramechanism->@Inject::antikytheramechanism$mergeHostedMiniMass(FLorg/spongepowered/asm/mixin/injection/callback/CallbackInfo;)V won't be passed a CallbackInfo as a result
[15:48:14] [Server thread/DEBUG] [de.an.AntikytheraMechanism/]: Staged Sable SubLevel 443952ea-a150-40a5-9950-c6d2f63d5f21 for content in assembly 6e4fadaf-9aaa-4b2a-97be-af10e31ea889
[15:48:14] [Server thread/DEBUG] [de.an.AntikytheraMechanism/]: Staged Sable SubLevel 46eb7326-b566-4a02-ac4f-b24001c189a3 for content in assembly df73537d-b9dc-4b6f-913f-2afab0ce2a6a
[15:48:14] [Server thread/WARN] [de.an.AntikytheraMechanism/]: Managed Sable SubLevel 46eb7326-b566-4a02-ac4f-b24001c189a3 for assembly df73537d-b9dc-4b6f-913f-2afab0ce2a6a was removed (REMOVED)
[15:48:14] [Server thread/WARN] [de.an.AntikytheraMechanism/]: Managed Sable SubLevel 443952ea-a150-40a5-9950-c6d2f63d5f21 for assembly 6e4fadaf-9aaa-4b2a-97be-af10e31ea889 was removed (REMOVED)
[15:48:14] [Server thread/WARN] [de.an.AntikytheraMechanism/]: [FREEZE-WATCHDOG] Armed 30s after Mechanism Frame placement at BlockPos{x=-9217438, y=-57, z=12704047} in minecraft:overworld on thread Server thread (stall threshold=2000ms, generation=3)
[15:48:14] [Server thread/WARN] [de.an.AntikytheraMechanism/]: [FREEZE-WATCHDOG] Armed 30s after Mechanism Frame placement at BlockPos{x=-9217437, y=-57, z=12704047} in minecraft:overworld on thread Server thread (stall threshold=2000ms, generation=4)
[15:48:14] [Server thread/WARN] [de.an.AntikytheraMechanism/]: [FREEZE-WATCHDOG] Armed 30s after Mechanism Frame placement at BlockPos{x=-9217436, y=-57, z=12704047} in minecraft:overworld on thread Server thread (stall threshold=2000ms, generation=5)
[15:48:14] [Server thread/DEBUG] [de.an.AntikytheraMechanism/]: Staged Sable SubLevel c40720b1-9ee8-4ede-9cd3-1649559836b5 for content in assembly dadaf82b-34c0-4e99-a8cc-6a0bd1ea3f57
[15:48:14] [Server thread/DEBUG] [de.an.AntikytheraMechanism/]: Frame onRemove at BlockPos{x=-9217438, y=-57, z=12704047} movedByPiston=false relocationJournal=false
[15:48:14] [Server thread/ERROR] [de.an.AntikytheraMechanism/]: Assembly lifecycle listener antikytheramechanism:gametest_origin_rebase_outbound_before rejected beforeAssemblyTransfer
[15:48:14] [Server thread/ERROR] [de.an.AntikytheraMechanism/]: Locked assembly dadaf82b-34c0-4e99-a8cc-6a0bd1ea3f57 after stale-origin repair failed: staging the retained payload for origin rebase rolled back. Its existing assembly and physical payload were retained.
[15:48:14] [Server thread/DEBUG] [mixin/]: Mixing sculk_vibrations.EuclideanGameEventListenerRegistryMixin from sable.mixins.json into net.minecraft.world.level.gameevent.EuclideanGameEventListenerRegistry
[15:48:14] [Server thread/WARN] [de.an.AntikytheraMechanism/]: Managed Sable SubLevel c40720b1-9ee8-4ede-9cd3-1649559836b5 for assembly dadaf82b-34c0-4e99-a8cc-6a0bd1ea3f57 was removed (REMOVED)
[15:48:14] [Server thread/WARN] [de.an.AntikytheraMechanism/]: [FREEZE-WATCHDOG] Armed 30s after Mechanism Frame placement at BlockPos{x=-9217363, y=-57, z=12704046} in minecraft:overworld on thread Server thread (stall threshold=2000ms, generation=6)
[15:48:14] [Server thread/DEBUG] [de.an.AntikytheraMechanism/]: Staged Sable SubLevel c4b85637-3ca8-4ed2-a370-749add5886fe for content in assembly a7da3d64-e330-4b91-a452-0abeba2cdbea
[15:48:14] [Server thread/WARN] [de.an.AntikytheraMechanism/]: Managed Sable SubLevel c4b85637-3ca8-4ed2-a370-749add5886fe for assembly a7da3d64-e330-4b91-a452-0abeba2cdbea was removed (REMOVED)
[15:48:14] [Server thread/WARN] [de.an.AntikytheraMechanism/]: [FREEZE-WATCHDOG] Armed 30s after Mechanism Frame placement at BlockPos{x=-9217290, y=-57, z=12704047} in minecraft:overworld on thread Server thread (stall threshold=2000ms, generation=7)
[15:48:14] [Server thread/WARN] [de.an.AntikytheraMechanism/]: [FREEZE-WATCHDOG] Armed 30s after Mechanism Frame placement at BlockPos{x=-9217289, y=-57, z=12704047} in minecraft:overworld on thread Server thread (stall threshold=2000ms, generation=8)
[15:48:14] [Server thread/WARN] [de.an.AntikytheraMechanism/]: [FREEZE-WATCHDOG] Armed 30s after Mechanism Frame placement at BlockPos{x=-9217288, y=-57, z=12704047} in minecraft:overworld on thread Server thread (stall threshold=2000ms, generation=9)
[15:48:14] [Server thread/DEBUG] [de.an.AntikytheraMechanism/]: Staged Sable SubLevel 2d41198d-ca07-4874-8fb9-80b2e2769b8a for content in assembly 00859fc9-06a0-4762-85fb-901babaaf3fd
[15:48:14] [Server thread/DEBUG] [de.an.AntikytheraMechanism/]: Frame onRemove at BlockPos{x=-9217290, y=-57, z=12704047} movedByPiston=false relocationJournal=false
[15:48:14] [Server thread/DEBUG] [de.an.AntikytheraMechanism/]: Staged Sable SubLevel 6ef43c61-943c-4bda-8a57-672276c860d1 for content in assembly 5e5ea643-e1f0-410e-a031-54b5c64d350e
[15:48:14] [Server thread/DEBUG] [mixin/]: Mixing SubLevelAssemblyHelperScaleMixin from sablescale.mixins.json into dev.ryanhcode.sable.api.SubLevelAssemblyHelper
[15:48:14] [Server thread/DEBUG] [mixin/]: Mixing SubLevelAssemblyMoveContextMixin from antikytheramechanism.mixins.json into dev.ryanhcode.sable.api.SubLevelAssemblyHelper
[15:48:14] [Server thread/ERROR] [de.an.AntikytheraMechanism/]: Assembly lifecycle listener antikytheramechanism:gametest_origin_rebase_outbound_rolled_back rejected afterAssemblyTransfer
[15:48:14] [Server thread/WARN] [de.an.AntikytheraMechanism/]: Managed Sable SubLevel 6ef43c61-943c-4bda-8a57-672276c860d1 for assembly 5e5ea643-e1f0-410e-a031-54b5c64d350e was removed (REMOVED)
[15:48:14] [Server thread/ERROR] [de.an.AntikytheraMechanism/]: Locked assembly 00859fc9-06a0-4762-85fb-901babaaf3fd after stale-origin repair failed: staging the retained payload for origin rebase rolled back. Its existing assembly and physical payload were retained.
[15:48:14] [Server thread/WARN] [de.an.AntikytheraMechanism/]: Managed Sable SubLevel 2d41198d-ca07-4874-8fb9-80b2e2769b8a for assembly 00859fc9-06a0-4762-85fb-901babaaf3fd was removed (REMOVED)
[15:48:14] [Server thread/WARN] [de.an.AntikytheraMechanism/]: [FREEZE-WATCHDOG] Armed 30s after Mechanism Frame placement at BlockPos{x=-9217253, y=-57, z=12704045} in minecraft:overworld on thread Server thread (stall threshold=2000ms, generation=10)
[15:48:14] [Server thread/DEBUG] [de.an.AntikytheraMechanism/]: Staged Sable SubLevel 30b2e7df-10d7-47a0-a30a-83ce2cdedb25 for content in assembly 4ce00311-783a-4f7c-9504-be3a0661aa67
[15:48:14] [Server thread/DEBUG] [de.an.AntikytheraMechanism/]: Frame onRemove at BlockPos{x=-9217253, y=-57, z=12704045} movedByPiston=true relocationJournal=true
[15:48:14] [Server thread/DEBUG] [de.an.AntikytheraMechanism/]: Adopted complete Sable relocation for assembly 4ce00311-783a-4f7c-9504-be3a0661aa67 by BlockPos{x=29698285, y=185, z=7779035} into host FOREIGN
[15:48:14] [Server thread/DEBUG] [mixin/]: Mixing entity.entity_tracking.TrackedEntityMixin from sable.mixins.json into net.minecraft.server.level.ChunkMap$TrackedEntity
[15:48:14] [Server thread/DEBUG] [mixin/]: Mixing entity.entities_stick_sublevels.ServerEntityMixin from sable.mixins.json into net.minecraft.server.level.ServerEntity
[15:48:14] [Server thread/DEBUG] [mixin/]: Mixing entity.entity_rotations_and_riding.ServerEntityMixin from sable.mixins.json into net.minecraft.server.level.ServerEntity
[15:48:14] [Server thread/DEBUG] [mixin/]: sable.mixins.json:entity.entities_stick_sublevels.ServerEntityMixin from mod sable->@Inject::sable$pre(Lorg/spongepowered/asm/mixin/injection/callback/CallbackInfo;)V doesn't use it's CallbackInfo
[15:48:14] [Server thread/DEBUG] [mixin/]: sable.mixins.json:entity.entities_stick_sublevels.ServerEntityMixin from mod sable->@Inject::sable$pre(Lorg/spongepowered/asm/mixin/injection/callback/CallbackInfo;)V has 0 override(s) in child classes
[15:48:14] [Server thread/DEBUG] [mixin/]: sable.mixins.json:entity.entities_stick_sublevels.ServerEntityMixin from mod sable->@Inject::sable$pre(Lorg/spongepowered/asm/mixin/injection/callback/CallbackInfo;)V won't be passed a CallbackInfo as a result
[15:48:14] [Server thread/DEBUG] [mixin/]: sable.mixins.json:entity.entities_stick_sublevels.ServerEntityMixin from mod sable->@Inject::sable$pre(Lorg/spongepowered/asm/mixin/injection/callback/CallbackInfo;)V doesn't use it's CallbackInfo
[15:48:14] [Server thread/DEBUG] [mixin/]: sable.mixins.json:entity.entities_stick_sublevels.ServerEntityMixin from mod sable->@Inject::sable$pre(Lorg/spongepowered/asm/mixin/injection/callback/CallbackInfo;)V has 0 override(s) in child classes
[15:48:14] [Server thread/DEBUG] [mixin/]: sable.mixins.json:entity.entities_stick_sublevels.ServerEntityMixin from mod sable->@Inject::sable$pre(Lorg/spongepowered/asm/mixin/injection/callback/CallbackInfo;)V won't be passed a CallbackInfo as a result
[15:48:14] [Server thread/DEBUG] [mixin/]: sable.mixins.json:entity.entities_stick_sublevels.ServerEntityMixin from mod sable->@Inject::sable$postTransform(Lorg/spongepowered/asm/mixin/injection/callback/CallbackInfo;)V doesn't use it's CallbackInfo
[15:48:14] [Server thread/DEBUG] [mixin/]: sable.mixins.json:entity.entities_stick_sublevels.ServerEntityMixin from mod sable->@Inject::sable$postTransform(Lorg/spongepowered/asm/mixin/injection/callback/CallbackInfo;)V has 0 override(s) in child classes
[15:48:14] [Server thread/DEBUG] [mixin/]: sable.mixins.json:entity.entities_stick_sublevels.ServerEntityMixin from mod sable->@Inject::sable$postTransform(Lorg/spongepowered/asm/mixin/injection/callback/CallbackInfo;)V won't be passed a CallbackInfo as a result
[15:48:14] [Server thread/DEBUG] [mixin/]: sable.mixins.json:entity.entity_rotations_and_riding.ServerEntityMixin from mod sable->@Inject::sable$beforeSendChanges(Lorg/spongepowered/asm/mixin/injection/callback/CallbackInfo;)V doesn't use it's CallbackInfo
[15:48:14] [Server thread/DEBUG] [mixin/]: sable.mixins.json:entity.entity_rotations_and_riding.ServerEntityMixin from mod sable->@Inject::sable$beforeSendChanges(Lorg/spongepowered/asm/mixin/injection/callback/CallbackInfo;)V has 0 override(s) in child classes
[15:48:14] [Server thread/DEBUG] [mixin/]: sable.mixins.json:entity.entity_rotations_and_riding.ServerEntityMixin from mod sable->@Inject::sable$beforeSendChanges(Lorg/spongepowered/asm/mixin/injection/callback/CallbackInfo;)V won't be passed a CallbackInfo as a result
[15:48:14] [Server thread/DEBUG] [mixin/]: sable.mixins.json:entity.entity_rotations_and_riding.ServerEntityMixin from mod sable->@Inject::sable$beforeSendChanges(Lorg/spongepowered/asm/mixin/injection/callback/CallbackInfo;)V doesn't use it's CallbackInfo
[15:48:14] [Server thread/DEBUG] [mixin/]: sable.mixins.json:entity.entity_rotations_and_riding.ServerEntityMixin from mod sable->@Inject::sable$beforeSendChanges(Lorg/spongepowered/asm/mixin/injection/callback/CallbackInfo;)V has 0 override(s) in child classes
[15:48:14] [Server thread/DEBUG] [mixin/]: sable.mixins.json:entity.entity_rotations_and_riding.ServerEntityMixin from mod sable->@Inject::sable$beforeSendChanges(Lorg/spongepowered/asm/mixin/injection/callback/CallbackInfo;)V won't be passed a CallbackInfo as a result
[15:48:14] [Server thread/DEBUG] [mixin/]: sable.mixins.json:entity.entity_rotations_and_riding.ServerEntityMixin from mod sable->@Inject::sable$beforeSendChanges(Lorg/spongepowered/asm/mixin/injection/callback/CallbackInfo;)V doesn't use it's CallbackInfo
[15:48:14] [Server thread/DEBUG] [mixin/]: sable.mixins.json:entity.entity_rotations_and_riding.ServerEntityMixin from mod sable->@Inject::sable$beforeSendChanges(Lorg/spongepowered/asm/mixin/injection/callback/CallbackInfo;)V has 0 override(s) in child classes
[15:48:14] [Server thread/DEBUG] [mixin/]: sable.mixins.json:entity.entity_rotations_and_riding.ServerEntityMixin from mod sable->@Inject::sable$beforeSendChanges(Lorg/spongepowered/asm/mixin/injection/callback/CallbackInfo;)V won't be passed a CallbackInfo as a result
[15:48:14] [Server thread/DEBUG] [mixin/]: sable.mixins.json:entity.entity_rotations_and_riding.ServerEntityMixin from mod sable->@Inject::sable$beforeSendChanges(Lorg/spongepowered/asm/mixin/injection/callback/CallbackInfo;)V doesn't use it's CallbackInfo
[15:48:14] [Server thread/DEBUG] [mixin/]: sable.mixins.json:entity.entity_rotations_and_riding.ServerEntityMixin from mod sable->@Inject::sable$beforeSendChanges(Lorg/spongepowered/asm/mixin/injection/callback/CallbackInfo;)V has 0 override(s) in child classes
[15:48:14] [Server thread/DEBUG] [mixin/]: sable.mixins.json:entity.entity_rotations_and_riding.ServerEntityMixin from mod sable->@Inject::sable$beforeSendChanges(Lorg/spongepowered/asm/mixin/injection/callback/CallbackInfo;)V won't be passed a CallbackInfo as a result
[15:48:14] [Server thread/DEBUG] [mixin/]: sable.mixins.json:entity.entity_rotations_and_riding.ServerEntityMixin from mod sable->@Inject::sable$beforeSendChanges(Lorg/spongepowered/asm/mixin/injection/callback/CallbackInfo;)V doesn't use it's CallbackInfo
[15:48:14] [Server thread/DEBUG] [mixin/]: sable.mixins.json:entity.entity_rotations_and_riding.ServerEntityMixin from mod sable->@Inject::sable$beforeSendChanges(Lorg/spongepowered/asm/mixin/injection/callback/CallbackInfo;)V has 0 override(s) in child classes
[15:48:14] [Server thread/DEBUG] [mixin/]: sable.mixins.json:entity.entity_rotations_and_riding.ServerEntityMixin from mod sable->@Inject::sable$beforeSendChanges(Lorg/spongepowered/asm/mixin/injection/callback/CallbackInfo;)V won't be passed a CallbackInfo as a result
[15:48:14] [Server thread/DEBUG] [mixin/]: sable.mixins.json:entity.entity_rotations_and_riding.ServerEntityMixin from mod sable->@Inject::sable$beforeSendChanges(Lorg/spongepowered/asm/mixin/injection/callback/CallbackInfo;)V doesn't use it's CallbackInfo
[15:48:14] [Server thread/DEBUG] [mixin/]: sable.mixins.json:entity.entity_rotations_and_riding.ServerEntityMixin from mod sable->@Inject::sable$beforeSendChanges(Lorg/spongepowered/asm/mixin/injection/callback/CallbackInfo;)V has 0 override(s) in child classes
[15:48:14] [Server thread/DEBUG] [mixin/]: sable.mixins.json:entity.entity_rotations_and_riding.ServerEntityMixin from mod sable->@Inject::sable$beforeSendChanges(Lorg/spongepowered/asm/mixin/injection/callback/CallbackInfo;)V won't be passed a CallbackInfo as a result
[15:48:14] [Server thread/DEBUG] [de.an.AntikytheraMechanism/]: Frame onRemove at BlockPos{x=20481032, y=128, z=20483080} movedByPiston=true relocationJournal=true
[15:48:14] [Server thread/DEBUG] [de.an.AntikytheraMechanism/]: Adopted complete Sable relocation for assembly 4ce00311-783a-4f7c-9504-be3a0661aa67 by BlockPos{x=-29698285, y=-185, z=-7779035} into host ROOT
[15:48:14] [Server thread/WARN] [de.an.AntikytheraMechanism/]: Managed Sable SubLevel 30b2e7df-10d7-47a0-a30a-83ce2cdedb25 for assembly 4ce00311-783a-4f7c-9504-be3a0661aa67 was removed (REMOVED)
[15:48:14] [Server thread/DEBUG] [de.an.AntikytheraMechanism/]: Marked Sable SubLevel 9a5ea024-0ef1-45b3-b532-7abb8cfe4fc2 as detached Antikythera half-scale physics body
[15:48:14] [Server thread/WARN] [de.an.AntikytheraMechanism/]: Rejected Sable mixed-scale assembly before move: detached Antikythera 0.5 content was selected with incompatible block BlockPos{x=-9217435, y=-57, z=12704070} in root world
[15:48:14] [Server thread/WARN] [de.an.AntikytheraMechanism/]: [FREEZE-WATCHDOG] Armed 30s after Mechanism Frame placement at BlockPos{x=-9217402, y=-58, z=12704066} in minecraft:overworld on thread Server thread (stall threshold=2000ms, generation=11)
[15:48:14] [Server thread/WARN] [de.an.AntikytheraMechanism/]: [FREEZE-WATCHDOG] Armed 30s after Mechanism Frame placement at BlockPos{x=-9217402, y=-58, z=12704067} in minecraft:overworld on thread Server thread (stall threshold=2000ms, generation=12)
[15:48:14] [Server thread/WARN] [de.an.AntikytheraMechanism/]: [FREEZE-WATCHDOG] Armed 30s after Mechanism Frame placement at BlockPos{x=-9217365, y=-58, z=12704066} in minecraft:overworld on thread Server thread (stall threshold=2000ms, generation=13)
[15:48:14] [Server thread/WARN] [de.an.AntikytheraMechanism/]: [FREEZE-WATCHDOG] Armed 30s after Mechanism Frame placement at BlockPos{x=-9217365, y=-57, z=12704067} in minecraft:overworld on thread Server thread (stall threshold=2000ms, generation=14)
[15:48:14] [Server thread/DEBUG] [de.an.AntikytheraMechanism/]: Staged Sable SubLevel c211a810-da00-4b60-9fb1-9360283f64cf for content in assembly 96f0cbc6-ac47-42db-aa7b-73bec29d58c3
[15:48:14] [Server thread/DEBUG] [de.an.AntikytheraMechanism/]: Staged Sable SubLevel b88cb55a-7cb2-4100-aad1-a56897815c3b for content in assembly 0a92795c-c1b9-41e9-b6d5-b9945c2164b8
[15:48:14] [Server thread/WARN] [de.an.AntikytheraMechanism/]: Managed Sable SubLevel c211a810-da00-4b60-9fb1-9360283f64cf for assembly 96f0cbc6-ac47-42db-aa7b-73bec29d58c3 was removed (REMOVED)
[15:48:14] [Server thread/WARN] [de.an.AntikytheraMechanism/]: [FREEZE-WATCHDOG] Armed 30s after Mechanism Frame placement at BlockPos{x=-9217326, y=-57, z=12704068} in minecraft:overworld on thread Server thread (stall threshold=2000ms, generation=15)
[15:48:14] [Server thread/DEBUG] [de.an.AntikytheraMechanism/]: Staged Sable SubLevel 87be02de-2533-4e16-b9be-1fe2c3f75df8 for content in assembly 3add47a1-91f5-467d-a986-082af4b340db
[15:48:14] [Server thread/WARN] [de.an.AntikytheraMechanism/]: [FREEZE-WATCHDOG] Armed 30s after Mechanism Frame placement at BlockPos{x=-9217285, y=-57, z=12704071} in minecraft:overworld on thread Server thread (stall threshold=2000ms, generation=16)
[15:48:14] [Server thread/WARN] [de.an.AntikytheraMechanism/]: [FREEZE-WATCHDOG] Armed 30s after Mechanism Frame placement at BlockPos{x=-9217284, y=-57, z=12704071} in minecraft:overworld on thread Server thread (stall threshold=2000ms, generation=17)
[15:48:14] [Server thread/DEBUG] [de.an.AntikytheraMechanism/]: Staged Sable SubLevel ffa42215-4e73-45ee-a08a-047e6155cb15 for content in assembly 3159bea7-cf4a-406b-b9d9-8921d7867348
[15:48:14] [Server thread/DEBUG] [de.an.AntikytheraMechanism/]: Frame onRemove at BlockPos{x=-9217285, y=-57, z=12704071} movedByPiston=false relocationJournal=false
[15:48:14] [Server thread/DEBUG] [de.an.AntikytheraMechanism/]: Staged Sable SubLevel 2cdc85de-65db-4fba-a66e-5d059797f688 for content in assembly 347595b1-d804-41d6-bf7b-480a5ca2cf9c
[15:48:14] [Server thread/WARN] [de.an.AntikytheraMechanism/]: Managed Sable SubLevel 2cdc85de-65db-4fba-a66e-5d059797f688 for assembly 347595b1-d804-41d6-bf7b-480a5ca2cf9c was removed (REMOVED)
[15:48:14] [Server thread/DEBUG] [de.an.AntikytheraMechanism/]: Rebased assembly 3159bea7-cf4a-406b-b9d9-8921d7867348 after topology change: stale origin BlockPos{x=-9217285, y=-57, z=12704071} -> BlockPos{x=-9217284, y=-57, z=12704071} over 1 retained Frames
[15:48:14] [Server thread/WARN] [de.an.AntikytheraMechanism/]: Managed Sable SubLevel ffa42215-4e73-45ee-a08a-047e6155cb15 for assembly 3159bea7-cf4a-406b-b9d9-8921d7867348 was removed (REMOVED)
[15:48:14] [Server thread/WARN] [de.an.AntikytheraMechanism/]: [FREEZE-WATCHDOG] Armed 30s after Mechanism Frame placement at BlockPos{x=-9217253, y=-57, z=12704067} in minecraft:overworld on thread Server thread (stall threshold=2000ms, generation=18)
[15:48:14] [Server thread/WARN] [de.an.AntikytheraMechanism/]: [FREEZE-WATCHDOG] Armed 30s after Mechanism Frame placement at BlockPos{x=-9217253, y=-56, z=12704068} in minecraft:overworld on thread Server thread (stall threshold=2000ms, generation=19)
[15:48:14] [Server thread/DEBUG] [de.an.AntikytheraMechanism/]: Frame onRemove at BlockPos{x=-9217253, y=-57, z=12704067} movedByPiston=true relocationJournal=true
[15:48:14] [Server thread/DEBUG] [de.an.AntikytheraMechanism/]: Frame onRemove at BlockPos{x=-9217253, y=-56, z=12704068} movedByPiston=true relocationJournal=true
[15:48:14] [Server thread/DEBUG] [de.an.AntikytheraMechanism/]: Adopted complete Sable relocation for assembly 60e26282-0b18-4ee1-9565-b541017d5b90 by BlockPos{x=29698285, y=185, z=7783109} into host FOREIGN
[15:48:14] [Server thread/DEBUG] [de.an.AntikytheraMechanism/]: Adopted complete Sable relocation for assembly 16e0d2df-5e16-408f-b288-85ebd66b81e7 by BlockPos{x=29698285, y=185, z=7783109} into host FOREIGN
[15:48:14] [Server thread/WARN] [de.an.AntikytheraMechanism/]: [FREEZE-WATCHDOG] Armed 30s after Mechanism Frame placement at BlockPos{x=-9217439, y=-58, z=12704088} in minecraft:overworld on thread Server thread (stall threshold=2000ms, generation=20)
[15:48:14] [Server thread/WARN] [de.an.AntikytheraMechanism/]: [FREEZE-WATCHDOG] Armed 30s after Mechanism Frame placement at BlockPos{x=-9217437, y=-58, z=12704088} in minecraft:overworld on thread Server thread (stall threshold=2000ms, generation=21)
[15:48:14] [Server thread/WARN] [de.an.AntikytheraMechanism/]: [FREEZE-WATCHDOG] Armed 30s after Mechanism Frame placement at BlockPos{x=-9217438, y=-58, z=12704088} in minecraft:overworld on thread Server thread (stall threshold=2000ms, generation=22)
[15:48:14] [Server thread/WARN] [de.an.AntikytheraMechanism/]: [FREEZE-WATCHDOG] Armed 30s after Mechanism Frame placement at BlockPos{x=-9217364, y=-57, z=12704089} in minecraft:overworld on thread Server thread (stall threshold=2000ms, generation=23)
[15:48:14] [Server thread/DEBUG] [de.an.AntikytheraMechanism/]: Staged Sable SubLevel c61f70f1-452a-4e8a-b778-89721c018c67 for content in assembly 707707a7-ca71-447f-b4c3-cdee7f2cfa7b
[15:48:14] [Server thread/DEBUG] [de.an.AntikytheraMechanism/]: Frame onRemove at BlockPos{x=-9217364, y=-57, z=12704089} movedByPiston=true relocationJournal=true
[15:48:14] [Server thread/DEBUG] [de.an.AntikytheraMechanism/]: Adopted complete Sable relocation for assembly 707707a7-ca71-447f-b4c3-cdee7f2cfa7b by BlockPos{x=29698396, y=185, z=7787183} into host FOREIGN
[15:48:14] [Server thread/WARN] [de.an.AntikytheraMechanism/]: Managed Sable SubLevel c61f70f1-452a-4e8a-b778-89721c018c67 for assembly 707707a7-ca71-447f-b4c3-cdee7f2cfa7b was removed (REMOVED)
[15:48:14] [Server thread/WARN] [de.an.AntikytheraMechanism/]: [FREEZE-WATCHDOG] Armed 30s after Mechanism Frame placement at BlockPos{x=-9217326, y=-56, z=12704090} in minecraft:overworld on thread Server thread (stall threshold=2000ms, generation=24)
[15:48:14] [Server thread/DEBUG] [de.an.AntikytheraMechanism/]: Staged Sable SubLevel 006d14d5-c6f1-4f20-90b0-0d66651cb0dd for content in assembly 0a50c331-566d-4bcd-9b3b-af638b7847e0
[15:48:14] [Server thread/WARN] [de.an.AntikytheraMechanism/]: [FREEZE-WATCHDOG] Armed 30s after Mechanism Frame placement at BlockPos{x=-9217290, y=-57, z=12704089} in minecraft:overworld on thread Server thread (stall threshold=2000ms, generation=25)
[15:48:14] [Server thread/WARN] [de.an.AntikytheraMechanism/]: [FREEZE-WATCHDOG] Armed 30s after Mechanism Frame placement at BlockPos{x=-9217253, y=-57, z=12704089} in minecraft:overworld on thread Server thread (stall threshold=2000ms, generation=26)
[15:48:14] [Server thread/DEBUG] [de.an.AntikytheraMechanism/]: Staged Sable SubLevel ab966583-3f90-4f72-9490-98b052f57def for content in assembly 9ea103f5-65b3-4178-8e1e-e7e2eae9b936
[15:48:14] [Server thread/DEBUG] [de.an.AntikytheraMechanism/]: Marked Sable SubLevel 5ad805c5-a388-4644-9962-b4db30596a13 as detached Antikythera half-scale physics body
[15:48:14] [Server thread/WARN] [de.an.AntikytheraMechanism/]: Managed Sable SubLevel ab966583-3f90-4f72-9490-98b052f57def for assembly 9ea103f5-65b3-4178-8e1e-e7e2eae9b936 was removed (REMOVED)
[15:48:14] [Server thread/DEBUG] [de.an.AntikytheraMechanism/]: Marked Sable SubLevel c8e3ed73-c0a0-49a5-946f-de57a79af96c as detached Antikythera half-scale physics body
[15:48:14] [Server thread/WARN] [de.an.AntikytheraMechanism/]: [FREEZE-WATCHDOG] Armed 30s after Mechanism Frame placement at BlockPos{x=-9217402, y=-58, z=12704110} in minecraft:overworld on thread Server thread (stall threshold=2000ms, generation=27)
[15:48:14] [Server thread/WARN] [de.an.AntikytheraMechanism/]: [FREEZE-WATCHDOG] Armed 30s after Mechanism Frame placement at BlockPos{x=-9217401, y=-58, z=12704110} in minecraft:overworld on thread Server thread (stall threshold=2000ms, generation=28)
[15:48:14] [Server thread/WARN] [de.an.AntikytheraMechanism/]: [FREEZE-WATCHDOG] Armed 30s after Mechanism Frame placement at BlockPos{x=-9217362, y=-57, z=12704110} in minecraft:overworld on thread Server thread (stall threshold=2000ms, generation=29)
[15:48:14] [Server thread/DEBUG] [de.an.AntikytheraMechanism/]: Staged Sable SubLevel e72b4199-ec7a-4a5f-bf56-c944393f03bf for content in assembly 9d4a6de7-5770-4c36-ae2e-9143287190dd
[15:48:14] [Server thread/DEBUG] [de.an.AntikytheraMechanism/]: Staged Sable SubLevel 52e7747b-42b8-4f88-b105-b28a75473dcb for content in assembly d535ec67-d297-4fd8-b038-fe7c83d06164
[15:48:14] [Server thread/WARN] [de.an.AntikytheraMechanism/]: Managed Sable SubLevel 52e7747b-42b8-4f88-b105-b28a75473dcb for assembly d535ec67-d297-4fd8-b038-fe7c83d06164 was removed (REMOVED)
[15:48:14] [Server thread/WARN] [de.an.AntikytheraMechanism/]: Managed Sable SubLevel e72b4199-ec7a-4a5f-bf56-c944393f03bf for assembly 9d4a6de7-5770-4c36-ae2e-9143287190dd was removed (REMOVED)
[15:48:14] [Server thread/WARN] [de.an.AntikytheraMechanism/]: [FREEZE-WATCHDOG] Armed 30s after Mechanism Frame placement at BlockPos{x=-9217326, y=-57, z=12704112} in minecraft:overworld on thread Server thread (stall threshold=2000ms, generation=30)
[15:48:14] [Server thread/DEBUG] [de.an.AntikytheraMechanism/]: Staged Sable SubLevel 38568480-694e-4140-9b30-2f5aea4aeb08 for content in assembly 3d1d8337-452a-4ef4-9df4-01e171da6df4
[15:48:14] [Server thread/WARN] [de.an.AntikytheraMechanism/]: [FREEZE-WATCHDOG] Armed 30s after Mechanism Frame placement at BlockPos{x=-9217289, y=-57, z=12704112} in minecraft:overworld on thread Server thread (stall threshold=2000ms, generation=31)
[15:48:14] [Server thread/DEBUG] [de.an.AntikytheraMechanism/]: Staged Sable SubLevel 7215b7c0-8102-4466-850c-56a1857088af for content in assembly 577dc70c-a709-429e-a3f6-cbc5d3bcb800
[15:48:14] [Server thread/WARN] [de.an.AntikytheraMechanism/]: Managed Sable SubLevel 7215b7c0-8102-4466-850c-56a1857088af for assembly 577dc70c-a709-429e-a3f6-cbc5d3bcb800 was removed (REMOVED)
[15:48:14] [Server thread/WARN] [de.an.AntikytheraMechanism/]: [FREEZE-WATCHDOG] Armed 30s after Mechanism Frame placement at BlockPos{x=-9217254, y=-57, z=12704110} in minecraft:overworld on thread Server thread (stall threshold=2000ms, generation=32)
[15:48:14] [Server thread/DEBUG] [de.an.AntikytheraMechanism/]: Staged Sable SubLevel ae251000-f0d5-4a8f-b1f1-0d321d13be72 for content in assembly 7c598b4c-d400-424d-89eb-5f170a4a3ffa
[15:48:14] [Server thread/DEBUG] [de.an.AntikytheraMechanism/]: Frame onRemove at BlockPos{x=-9217254, y=-57, z=12704110} movedByPiston=false relocationJournal=true
[15:48:14] [Server thread/WARN] [de.an.AntikytheraMechanism/]: Managed Sable SubLevel ae251000-f0d5-4a8f-b1f1-0d321d13be72 for assembly 7c598b4c-d400-424d-89eb-5f170a4a3ffa was removed (REMOVED)
[15:48:14] [Server thread/WARN] [de.an.AntikytheraMechanism/]: [FREEZE-WATCHDOG] Armed 30s after Mechanism Frame placement at BlockPos{x=-9217437, y=-57, z=12704134} in minecraft:overworld on thread Server thread (stall threshold=2000ms, generation=33)
[15:48:14] [Server thread/DEBUG] [de.an.AntikytheraMechanism/]: Staged Sable SubLevel 48fddda6-0f6d-4c4f-ae54-0b9f54b029d6 for content in assembly f78d6717-2959-477e-854a-d578e4acb4e5
[15:48:14] [Server thread/WARN] [de.an.AntikytheraMechanism/]: Managed Sable SubLevel 48fddda6-0f6d-4c4f-ae54-0b9f54b029d6 for assembly f78d6717-2959-477e-854a-d578e4acb4e5 was removed (REMOVED)
[15:48:14] [Server thread/WARN] [de.an.AntikytheraMechanism/]: [FREEZE-WATCHDOG] Armed 30s after Mechanism Frame placement at BlockPos{x=-9217401, y=-57, z=12704135} in minecraft:overworld on thread Server thread (stall threshold=2000ms, generation=34)
[15:48:14] [Server thread/WARN] [de.an.AntikytheraMechanism/]: [FREEZE-WATCHDOG] Armed 30s after Mechanism Frame placement at BlockPos{x=-9217400, y=-57, z=12704135} in minecraft:overworld on thread Server thread (stall threshold=2000ms, generation=35)
[15:48:14] [Server thread/WARN] [de.an.AntikytheraMechanism/]: [FREEZE-WATCHDOG] Armed 30s after Mechanism Frame placement at BlockPos{x=-9217399, y=-57, z=12704135} in minecraft:overworld on thread Server thread (stall threshold=2000ms, generation=36)
[15:48:14] [Server thread/DEBUG] [de.an.AntikytheraMechanism/]: Staged Sable SubLevel 910768cf-4119-40c9-82a0-3456408874e0 for content in assembly 949f6781-8ad5-4a71-8f70-2fa965ae4f31
[15:48:14] [Server thread/DEBUG] [de.an.AntikytheraMechanism/]: Frame onRemove at BlockPos{x=-9217401, y=-57, z=12704135} movedByPiston=false relocationJournal=false
[15:48:14] [Server thread/DEBUG] [de.an.AntikytheraMechanism/]: Staged Sable SubLevel ba5cff4d-6dee-4995-b0b9-da7117a1675e for content in assembly 497095e9-2917-412c-adca-aab17392388e
[15:48:14] [Server thread/ERROR] [de.an.AntikytheraMechanism/]: Assembly lifecycle listener antikytheramechanism:gametest_origin_rebase_outbound_recovery rejected afterAssemblyTransfer
[15:48:14] [Server thread/ERROR] [de.an.AntikytheraMechanism/]: Assembly lifecycle listener antikytheramechanism:gametest_origin_rebase_outbound_recovery rejected onAssemblyTransferRollback
[15:48:14] [Server thread/ERROR] [de.an.AntikytheraMechanism/]: Locked assemblies 949f6781-8ad5-4a71-8f70-2fa965ae4f31 and 497095e9-2917-412c-adca-aab17392388e after stale-origin repair failed: staging the retained payload for origin rebase requires recovery. Both managed payload references were retained for recovery.
[15:48:14] [Server thread/WARN] [de.an.AntikytheraMechanism/]: Managed Sable SubLevel 910768cf-4119-40c9-82a0-3456408874e0 for assembly 949f6781-8ad5-4a71-8f70-2fa965ae4f31 was removed (REMOVED)
[15:48:14] [Server thread/WARN] [de.an.AntikytheraMechanism/]: [FREEZE-WATCHDOG] Armed 30s after Mechanism Frame placement at BlockPos{x=-9217364, y=-56, z=12704133} in minecraft:overworld on thread Server thread (stall threshold=2000ms, generation=37)
[15:48:14] [Server thread/DEBUG] [de.an.AntikytheraMechanism/]: Staged Sable SubLevel 26349af8-79d7-48ad-8eba-c4c49ed198ea for content in assembly da03b0b1-8d32-4372-9e55-c2cea6d5571e
[15:48:14] [Server thread/DEBUG] [de.an.AntikytheraMechanism/]: Frame onRemove at BlockPos{x=-9217364, y=-56, z=12704133} movedByPiston=true relocationJournal=true
[15:48:14] [Server thread/DEBUG] [de.an.AntikytheraMechanism/]: Adopted complete Sable relocation for assembly da03b0b1-8d32-4372-9e55-c2cea6d5571e by BlockPos{x=29698396, y=184, z=7797379} into host FOREIGN
[15:48:14] [Server thread/WARN] [de.an.AntikytheraMechanism/]: Managed Sable SubLevel 26349af8-79d7-48ad-8eba-c4c49ed198ea for assembly da03b0b1-8d32-4372-9e55-c2cea6d5571e was removed (REMOVED)
[15:48:14] [Server thread/WARN] [de.an.AntikytheraMechanism/]: [FREEZE-WATCHDOG] Armed 30s after Mechanism Frame placement at BlockPos{x=-9217327, y=-57, z=12704133} in minecraft:overworld on thread Server thread (stall threshold=2000ms, generation=38)
[15:48:14] [Server thread/DEBUG] [de.an.AntikytheraMechanism/]: Staged Sable SubLevel 315ab1d7-2302-4332-a323-b37064aec8f4 for content in assembly c40f65c4-f072-4a4a-a28d-32deb1b26e43
[15:48:14] [Server thread/DEBUG] [de.an.AntikytheraMechanism/]: Frame onRemove at BlockPos{x=-9217327, y=-57, z=12704133} movedByPiston=true relocationJournal=true
[15:48:14] [Server thread/DEBUG] [de.an.AntikytheraMechanism/]: Adopted complete Sable relocation for assembly c40f65c4-f072-4a4a-a28d-32deb1b26e43 by BlockPos{x=29698359, y=185, z=7799427} into host FOREIGN
[15:48:14] [Server thread/WARN] [de.an.AntikytheraMechanism/]: Managed Sable SubLevel 315ab1d7-2302-4332-a323-b37064aec8f4 for assembly c40f65c4-f072-4a4a-a28d-32deb1b26e43 was removed (REMOVED)
[15:48:14] [Server thread/DEBUG] [mixin/]: Mixing RapierConstraintHandleScaleMixin from sablescale.mixins.json into dev.ryanhcode.sable.physics.impl.rapier.constraint.RapierConstraintHandle
[15:48:14] [Server thread/WARN] [de.an.AntikytheraMechanism/]: Managed Sable SubLevel b88cb55a-7cb2-4100-aad1-a56897815c3b for assembly 0a92795c-c1b9-41e9-b6d5-b9945c2164b8 was removed (REMOVED)
[15:48:14] [Server thread/DEBUG] [de.an.AntikytheraMechanism/]: Retired empty Sable SubLevel b88cb55a-7cb2-4100-aad1-a56897815c3b while keeping assembly 0a92795c-c1b9-41e9-b6d5-b9945c2164b8
[15:48:14] [Server thread/WARN] [de.an.AntikytheraMechanism/]: [FREEZE-WATCHDOG] Armed 30s after Mechanism Frame placement at BlockPos{x=-9217474, y=-57, z=12704068} in minecraft:overworld on thread Server thread (stall threshold=2000ms, generation=39)
[15:48:14] [Server thread/DEBUG] [de.an.AntikytheraMechanism/]: Staged Sable SubLevel fc798e02-2991-408a-8b36-1cbb6c944e6e for content in assembly a6a1de10-18cd-4e0a-9535-fb8d5be6908b
[15:48:14] [Server thread/DEBUG] [de.an.AntikytheraMechanism/]: Frame onRemove at BlockPos{x=-9217474, y=-57, z=12704068} movedByPiston=false relocationJournal=true
[15:48:14] [Server thread/WARN] [de.an.AntikytheraMechanism/]: Managed Sable SubLevel fc798e02-2991-408a-8b36-1cbb6c944e6e for assembly a6a1de10-18cd-4e0a-9535-fb8d5be6908b was removed (REMOVED)
[15:48:14] [Server thread/WARN] [de.an.AntikytheraMechanism/]: [FREEZE-WATCHDOG] Armed 30s after Mechanism Frame placement at BlockPos{x=-9217217, y=-57, z=12704066} in minecraft:overworld on thread Server thread (stall threshold=2000ms, generation=40)
[15:48:14] [Server thread/DEBUG] [de.an.AntikytheraMechanism/]: Staged Sable SubLevel 32ac702e-bf48-4672-a267-a0dd5ff9799c for content in assembly 28824d31-9760-4df8-80b1-0d620a37870e
[15:48:14] [Server thread/DEBUG] [de.an.AntikytheraMechanism/]: Frame onRemove at BlockPos{x=-9217217, y=-57, z=12704066} movedByPiston=false relocationJournal=true
[15:48:14] [Server thread/WARN] [de.an.AntikytheraMechanism/]: Managed Sable SubLevel 32ac702e-bf48-4672-a267-a0dd5ff9799c for assembly 28824d31-9760-4df8-80b1-0d620a37870e was removed (REMOVED)
[15:48:14] [Server thread/WARN] [de.an.AntikytheraMechanism/]: [FREEZE-WATCHDOG] Armed 30s after Mechanism Frame placement at BlockPos{x=-9217475, y=-57, z=12704089} in minecraft:overworld on thread Server thread (stall threshold=2000ms, generation=41)
[15:48:14] [Server thread/DEBUG] [de.an.AntikytheraMechanism/]: Staged Sable SubLevel 8afeb410-e4b0-4f9a-865a-ea3b477d553e for content in assembly 174238de-8958-418f-882e-bfc9e38bce44
[15:48:14] [Server thread/DEBUG] [de.an.AntikytheraMechanism/]: Frame onRemove at BlockPos{x=-9217475, y=-57, z=12704089} movedByPiston=true relocationJournal=true
[15:48:14] [Server thread/DEBUG] [de.an.AntikytheraMechanism/]: Adopted complete Sable relocation for assembly 174238de-8958-418f-882e-bfc9e38bce44 by BlockPos{x=29698507, y=185, z=7781039} into host FOREIGN
[15:48:14] [Server thread/WARN] [de.an.AntikytheraMechanism/]: Managed Sable SubLevel 8afeb410-e4b0-4f9a-865a-ea3b477d553e for assembly 174238de-8958-418f-882e-bfc9e38bce44 was removed (REMOVED)
[15:48:14] [Server thread/DEBUG] [de.an.AntikytheraMechanism/]: Frame onRemove at BlockPos{x=-9217326, y=-57, z=12704068} movedByPiston=false relocationJournal=true
[15:48:14] [Server thread/WARN] [de.an.AntikytheraMechanism/]: Managed Sable SubLevel 87be02de-2533-4e16-b9be-1fe2c3f75df8 for assembly 3add47a1-91f5-467d-a986-082af4b340db was removed (REMOVED)
[15:48:14] [Server thread/WARN] [de.an.AntikytheraMechanism/]: [FREEZE-WATCHDOG] Armed 30s after Mechanism Frame placement at BlockPos{x=-9217215, y=-57, z=12704090} in minecraft:overworld on thread Server thread (stall threshold=2000ms, generation=42)
[15:48:14] [Server thread/WARN] [de.an.AntikytheraMechanism/]: [FREEZE-WATCHDOG] Armed 30s after Mechanism Frame placement at BlockPos{x=-9217475, y=-57, z=12704111} in minecraft:overworld on thread Server thread (stall threshold=2000ms, generation=43)
[15:48:14] [Server thread/DEBUG] [de.an.AntikytheraMechanism/]: Staged Sable SubLevel 7b7e4754-064a-4f73-a5b7-453d3acb60f7 for content in assembly 0c5b227f-1221-482f-84c2-4bc1f73240cd
[15:48:14] [Server thread/DEBUG] [de.an.AntikytheraMechanism/]: Frame onRemove at BlockPos{x=-9217475, y=-57, z=12704111} movedByPiston=true relocationJournal=true
[15:48:14] [Server thread/DEBUG] [de.an.AntikytheraMechanism/]: Adopted complete Sable relocation for assembly 0c5b227f-1221-482f-84c2-4bc1f73240cd by BlockPos{x=29698507, y=185, z=7778969} into host FOREIGN
[15:48:14] [Server thread/DEBUG] [de.an.AntikytheraMechanism/]: Frame onRemove at BlockPos{x=20481032, y=128, z=20483080} movedByPiston=true relocationJournal=true
[15:48:14] [Server thread/DEBUG] [de.an.AntikytheraMechanism/]: Adopted complete Sable relocation for assembly 0c5b227f-1221-482f-84c2-4bc1f73240cd by BlockPos{x=-29698507, y=-185, z=-7778969} into host ROOT
[15:48:14] [Server thread/WARN] [de.an.AntikytheraMechanism/]: Managed Sable SubLevel 7b7e4754-064a-4f73-a5b7-453d3acb60f7 for assembly 0c5b227f-1221-482f-84c2-4bc1f73240cd was removed (REMOVED)
[15:48:14] [Server thread/DEBUG] [de.an.AntikytheraMechanism/]: Frame onRemove at BlockPos{x=-9217326, y=-57, z=12704112} movedByPiston=false relocationJournal=true
[15:48:14] [Server thread/WARN] [de.an.AntikytheraMechanism/]: Managed Sable SubLevel 38568480-694e-4140-9b30-2f5aea4aeb08 for assembly 3d1d8337-452a-4ef4-9df4-01e171da6df4 was removed (REMOVED)
[15:48:14] [Server thread/WARN] [de.an.AntikytheraMechanism/]: [FREEZE-WATCHDOG] Armed 30s after Mechanism Frame placement at BlockPos{x=-9217476, y=-57, z=12704159} in minecraft:overworld on thread Server thread (stall threshold=2000ms, generation=44)
[15:48:14] [Server thread/WARN] [de.an.AntikytheraMechanism/]: [FREEZE-WATCHDOG] Armed 30s after Mechanism Frame placement at BlockPos{x=-9217475, y=-57, z=12704159} in minecraft:overworld on thread Server thread (stall threshold=2000ms, generation=45)
[15:48:14] [Server thread/DEBUG] [de.an.AntikytheraMechanism/]: Staged Sable SubLevel 490c588a-bc8f-4a3d-a210-d57d4ef60785 for content in assembly a53c482a-5bdf-471b-8901-c7af1c21db4c
[15:48:14] [Server thread/DEBUG] [de.an.AntikytheraMechanism/]: Frame onRemove at BlockPos{x=-9217476, y=-57, z=12704159} movedByPiston=false relocationJournal=false
[15:48:14] [Server thread/DEBUG] [de.an.AntikytheraMechanism/]: Staged Sable SubLevel 5c7839ad-4401-457e-940b-86488d799881 for content in assembly 74ba96fb-363e-4e8c-ba84-1ca513feced2
[15:48:14] [Server thread/WARN] [de.an.AntikytheraMechanism/]: Managed Sable SubLevel 5c7839ad-4401-457e-940b-86488d799881 for assembly 74ba96fb-363e-4e8c-ba84-1ca513feced2 was removed (REMOVED)
[15:48:14] [Server thread/DEBUG] [de.an.AntikytheraMechanism/]: Rebased assembly a53c482a-5bdf-471b-8901-c7af1c21db4c after topology change: stale origin BlockPos{x=-9217476, y=-57, z=12704159} -> BlockPos{x=-9217475, y=-57, z=12704159} over 1 retained Frames
[15:48:14] [Server thread/WARN] [de.an.AntikytheraMechanism/]: Managed Sable SubLevel 490c588a-bc8f-4a3d-a210-d57d4ef60785 for assembly a53c482a-5bdf-471b-8901-c7af1c21db4c was removed (REMOVED)
[15:48:14] [Server thread/WARN] [de.an.AntikytheraMechanism/]: [FREEZE-WATCHDOG] Armed 30s after Mechanism Frame placement at BlockPos{x=-9217437, y=-57, z=12704156} in minecraft:overworld on thread Server thread (stall threshold=2000ms, generation=46)
[15:48:14] [Server thread/DEBUG] [de.an.AntikytheraMechanism/]: Staged Sable SubLevel f7627a5a-2e77-4b31-b22d-f824f18c5b3b for content in assembly 26d6775b-b46d-4aaf-86b7-2c235bcf5ece
[15:48:14] [Server thread/WARN] [de.an.AntikytheraMechanism/]: Managed Sable SubLevel 006d14d5-c6f1-4f20-90b0-0d66651cb0dd for assembly 0a50c331-566d-4bcd-9b3b-af638b7847e0 was removed (REMOVED)
[15:48:14] [Server thread/DEBUG] [de.an.AntikytheraMechanism/]: Frame onRemove at BlockPos{x=-9217437, y=-57, z=12704156} movedByPiston=false relocationJournal=true
[15:48:14] [Server thread/WARN] [de.an.AntikytheraMechanism/]: Managed Sable SubLevel f7627a5a-2e77-4b31-b22d-f824f18c5b3b for assembly 26d6775b-b46d-4aaf-86b7-2c235bcf5ece was removed (REMOVED)
[15:48:14] [Server thread/INFO] [minecraft/GameTestServer]: [+++++++++++++++++++++++_+++++++++++++++ ++                                          ]
[15:48:14] [Server thread/DEBUG] [mixin/]: Mixing entity.entities_stick_sublevels.packet_mixin.ClientboundMoveEntityPacketPosMixin from sable.mixins.json into net.minecraft.network.protocol.game.ClientboundMoveEntityPacket$Pos
[15:48:14] [Server thread/DEBUG] [mixin/]: sable.mixins.json:entity.entities_stick_sublevels.packet_mixin.ClientboundMoveEntityPacketPosMixin from mod sable->@Inject::sable$writeActuallyInSubLevel(Lnet/minecraft/network/FriendlyByteBuf;Lorg/spongepowered/asm/mixin/injection/callback/CallbackInfo;)V doesn't use it's CallbackInfo
[15:48:14] [Server thread/DEBUG] [mixin/]: sable.mixins.json:entity.entities_stick_sublevels.packet_mixin.ClientboundMoveEntityPacketPosMixin from mod sable->@Inject::sable$writeActuallyInSubLevel(Lnet/minecraft/network/FriendlyByteBuf;Lorg/spongepowered/asm/mixin/injection/callback/CallbackInfo;)V has 0 override(s) in child classes
[15:48:14] [Server thread/DEBUG] [mixin/]: sable.mixins.json:entity.entities_stick_sublevels.packet_mixin.ClientboundMoveEntityPacketPosMixin from mod sable->@Inject::sable$writeActuallyInSubLevel(Lnet/minecraft/network/FriendlyByteBuf;Lorg/spongepowered/asm/mixin/injection/callback/CallbackInfo;)V won't be passed a CallbackInfo as a result
[15:48:14] [Server thread/DEBUG] [mixin/]: sable.mixins.json:entity.entities_stick_sublevels.packet_mixin.ClientboundMoveEntityPacketPosMixin from mod sable->@Inject::sable$readActuallyInSubLevel(Lnet/minecraft/network/FriendlyByteBuf;Lorg/spongepowered/asm/mixin/injection/callback/CallbackInfoReturnable;)V does use it's CallbackInfoReturnable
[15:48:14] [Server thread/DEBUG] [mixin/]: Mixing SubLevelEntityCollisionMixin from sablescale.mixins.json into dev.ryanhcode.sable.sublevel.entity_collision.SubLevelEntityCollision
[15:48:14] [Server thread/DEBUG] [mixin/]: Renaming synthetic method lambda$static$0()Lorg/joml/Vector3d; to mdf5665a$sablescale$lambda$static$0$0 in sablescale.mixins.json:SubLevelEntityCollisionMixin from mod sablescale
[15:48:15] [Server thread/WARN] [de.an.AntikytheraMechanism/]: [FREEZE-WATCHDOG] Armed 30s after Mechanism Frame placement at BlockPos{x=-9217290, y=-57, z=12704157} in minecraft:overworld on thread Server thread (stall threshold=2000ms, generation=47)
[15:48:15] [Server thread/WARN] [de.an.AntikytheraMechanism/]: [FREEZE-WATCHDOG] Armed 30s after Mechanism Frame placement at BlockPos{x=-9217289, y=-57, z=12704157} in minecraft:overworld on thread Server thread (stall threshold=2000ms, generation=48)
[15:48:15] [Server thread/WARN] [de.an.AntikytheraMechanism/]: [FREEZE-WATCHDOG] Armed 30s after Mechanism Frame placement at BlockPos{x=-9217288, y=-57, z=12704157} in minecraft:overworld on thread Server thread (stall threshold=2000ms, generation=49)
[15:48:15] [Server thread/DEBUG] [de.an.AntikytheraMechanism/]: Staged Sable SubLevel a50f3591-cb1c-4f05-894a-42d1a0a9c6da for content in assembly 738fb84c-72f3-484d-b480-e94d41433554
[15:48:15] [Server thread/DEBUG] [de.an.AntikytheraMechanism/]: Frame onRemove at BlockPos{x=-9217290, y=-57, z=12704157} movedByPiston=false relocationJournal=false
[15:48:15] [Server thread/DEBUG] [de.an.AntikytheraMechanism/]: Staged Sable SubLevel 3f683b6b-08db-4739-9b79-75cf21c29167 for content in assembly e60bccf2-a599-43b7-884e-1cb426c79603
[15:48:15] [Server thread/ERROR] [de.an.AntikytheraMechanism/]: Assembly lifecycle listener antikytheramechanism:gametest_origin_rebase_inbound_rolled_back rejected afterAssemblyTransfer
[15:48:15] [Server thread/ERROR] [de.an.AntikytheraMechanism/]: Locked assemblies 738fb84c-72f3-484d-b480-e94d41433554 and e60bccf2-a599-43b7-884e-1cb426c79603 after stale-origin repair failed: restoring the rebased payload to the original assembly rolled back. Both managed payload references were retained for recovery.
[15:48:15] [Server thread/WARN] [de.an.AntikytheraMechanism/]: Managed Sable SubLevel a50f3591-cb1c-4f05-894a-42d1a0a9c6da for assembly 738fb84c-72f3-484d-b480-e94d41433554 was removed (REMOVED)
[15:48:15] [Server thread/WARN] [de.an.AntikytheraMechanism/]: [FREEZE-WATCHDOG] Armed 30s after Mechanism Frame placement at BlockPos{x=-9217217, y=-58, z=12704132} in minecraft:overworld on thread Server thread (stall threshold=2000ms, generation=50)
[15:48:15] [Server thread/WARN] [de.an.AntikytheraMechanism/]: [FREEZE-WATCHDOG] Armed 30s after Mechanism Frame placement at BlockPos{x=-9217216, y=-58, z=12704132} in minecraft:overworld on thread Server thread (stall threshold=2000ms, generation=51)
[15:48:15] [Server thread/WARN] [de.an.AntikytheraMechanism/]: [FREEZE-WATCHDOG] Armed 30s after Mechanism Frame placement at BlockPos{x=-9217215, y=-58, z=12704132} in minecraft:overworld on thread Server thread (stall threshold=2000ms, generation=52)
[15:48:15] [Server thread/DEBUG] [de.an.AntikytheraMechanism/]: Frame onRemove at BlockPos{x=-9217216, y=-58, z=12704132} movedByPiston=false relocationJournal=false
[15:48:15] [Server thread/WARN] [de.an.AntikytheraMechanism/]: [FREEZE-WATCHDOG] Armed 30s after Mechanism Frame placement at BlockPos{x=-9217401, y=-57, z=12704155} in minecraft:overworld on thread Server thread (stall threshold=2000ms, generation=53)
[15:48:15] [Server thread/WARN] [de.an.AntikytheraMechanism/]: [FREEZE-WATCHDOG] Armed 30s after Mechanism Frame placement at BlockPos{x=-9217400, y=-57, z=12704155} in minecraft:overworld on thread Server thread (stall threshold=2000ms, generation=54)
[15:48:15] [Server thread/DEBUG] [de.an.AntikytheraMechanism/]: Staged Sable SubLevel 290bf755-7167-427b-8c71-0f8d2667087f for content in assembly 5378f068-3f25-40af-bb96-989c45c6e03f
[15:48:15] [Server thread/DEBUG] [de.an.AntikytheraMechanism/]: Frame onRemove at BlockPos{x=-9217401, y=-57, z=12704155} movedByPiston=true relocationJournal=true
[15:48:15] [Server thread/DEBUG] [de.an.AntikytheraMechanism/]: Frame onRemove at BlockPos{x=-9217400, y=-57, z=12704155} movedByPiston=true relocationJournal=true
[15:48:15] [Server thread/DEBUG] [de.an.AntikytheraMechanism/]: Adopted complete Sable relocation for assembly 5378f068-3f25-40af-bb96-989c45c6e03f by BlockPos{x=29698433, y=185, z=7785069} into host FOREIGN
[15:48:15] [Server thread/DEBUG] [de.an.AntikytheraMechanism/]: Staged Sable SubLevel f4b6fbd6-85a8-41d8-b8f5-5f27deae2b84 for content in assembly a3f0892c-4968-451e-90e2-f3fb55ac7c78
[15:48:15] [Server thread/DEBUG] [de.an.AntikytheraMechanism/]: Partitioned assembly 5378f068-3f25-40af-bb96-989c45c6e03f before partial Sable host move: moving=[BlockPos{x=20481033, y=128, z=20489224}], retainedOriginal=[BlockPos{x=20481032, y=128, z=20489224}], split=a3f0892c-4968-451e-90e2-f3fb55ac7c78
[15:48:15] [Server thread/DEBUG] [de.an.AntikytheraMechanism/]: Frame onRemove at BlockPos{x=20481033, y=128, z=20489224} movedByPiston=true relocationJournal=true
[15:48:15] [Server thread/DEBUG] [de.an.AntikytheraMechanism/]: Adopted complete Sable relocation for assembly a3f0892c-4968-451e-90e2-f3fb55ac7c78 by BlockPos{x=-1, y=0, z=4096} into host FOREIGN
[15:48:15] [Server thread/WARN] [de.an.AntikytheraMechanism/]: Managed Sable SubLevel 290bf755-7167-427b-8c71-0f8d2667087f for assembly 5378f068-3f25-40af-bb96-989c45c6e03f was removed (REMOVED)
[15:48:15] [Server thread/WARN] [de.an.AntikytheraMechanism/]: Managed Sable SubLevel f4b6fbd6-85a8-41d8-b8f5-5f27deae2b84 for assembly a3f0892c-4968-451e-90e2-f3fb55ac7c78 was removed (REMOVED)
[15:48:15] [Server thread/WARN] [de.an.AntikytheraMechanism/]: [FREEZE-WATCHDOG] Armed 30s after Mechanism Frame placement at BlockPos{x=-9217358, y=-57, z=12704156} in minecraft:overworld on thread Server thread (stall threshold=2000ms, generation=55)
[15:48:15] [Server thread/DEBUG] [de.an.AntikytheraMechanism/]: Marked Sable SubLevel e0a17a9d-61fa-493e-a847-d75d26d7cf39 as detached Antikythera half-scale physics body
[15:48:15] [Server thread/WARN] [de.an.AntikytheraMechanism/]: [FREEZE-WATCHDOG] Armed 30s after Mechanism Frame placement at BlockPos{x=-9217253, y=-57, z=12704155} in minecraft:overworld on thread Server thread (stall threshold=2000ms, generation=56)
[15:48:15] [Server thread/DEBUG] [de.an.AntikytheraMechanism/]: Staged Sable SubLevel 9d835df8-2ac9-4df4-87ab-5a9215e07d73 for content in assembly f1ebb4c4-2692-4040-81d2-4fedfae159a8
[15:48:15] [Server thread/DEBUG] [de.an.AntikytheraMechanism/]: Frame onRemove at BlockPos{x=-9217253, y=-57, z=12704155} movedByPiston=false relocationJournal=true
[15:48:15] [Server thread/WARN] [de.an.AntikytheraMechanism/]: Managed Sable SubLevel 9d835df8-2ac9-4df4-87ab-5a9215e07d73 for assembly f1ebb4c4-2692-4040-81d2-4fedfae159a8 was removed (REMOVED)
[15:48:15] [Server thread/WARN] [de.an.AntikytheraMechanism/]: [FREEZE-WATCHDOG] Armed 30s after Mechanism Frame placement at BlockPos{x=-9217215, y=-57, z=12704156} in minecraft:overworld on thread Server thread (stall threshold=2000ms, generation=57)
[15:48:15] [Server thread/DEBUG] [de.an.AntikytheraMechanism/]: Staged Sable SubLevel cc1a58d7-74bd-4437-836e-6d964485ce71 for content in assembly 55ed37f4-e393-4fe7-9295-b69c32550fff
[15:48:15] [Server thread/DEBUG] [de.an.AntikytheraMechanism/]: Frame onRemove at BlockPos{x=-9217215, y=-57, z=12704156} movedByPiston=true relocationJournal=true
[15:48:15] [Server thread/DEBUG] [de.an.AntikytheraMechanism/]: Adopted complete Sable relocation for assembly 55ed37f4-e393-4fe7-9295-b69c32550fff by BlockPos{x=29698247, y=185, z=7791212} into host FOREIGN
[15:48:15] [Server thread/WARN] [de.an.AntikytheraMechanism/]: Managed Sable SubLevel cc1a58d7-74bd-4437-836e-6d964485ce71 for assembly 55ed37f4-e393-4fe7-9295-b69c32550fff was removed (REMOVED)
[15:48:15] [Server thread/DEBUG] [de.an.AntikytheraMechanism/]: Marked Sable SubLevel c34785d4-c923-4114-bea1-bab5f4789252 as detached Antikythera half-scale physics body
[15:48:15] [Server thread/DEBUG] [de.an.AntikytheraMechanism/]: Rejected non-miniaturizable placement Block{minecraft:tnt} in detached mini physics body c34785d4-c923-4114-bea1-bab5f4789252 at BlockPos{x=20481033, y=128, z=20481032}
[15:48:15] [Server thread/WARN] [de.an.AntikytheraMechanism/]: Rejected nested Mechanism Frame write in detached mini physics SubLevel c34785d4-c923-4114-bea1-bab5f4789252 at BlockPos{x=20481033, y=129, z=20481032}
[15:48:15] [Server thread/DEBUG] [de.an.AntikytheraMechanism/]: Marked Sable SubLevel 5a4e0755-7a08-4fe8-8f48-2894b51000a6 as detached Antikythera half-scale physics body
[15:48:15] [Server thread/WARN] [de.an.AntikytheraMechanism/]: [FREEZE-WATCHDOG] Armed 30s after Mechanism Frame placement at BlockPos{x=-9217439, y=-57, z=12704181} in minecraft:overworld on thread Server thread (stall threshold=2000ms, generation=58)
[15:48:15] [Server thread/WARN] [de.an.AntikytheraMechanism/]: [FREEZE-WATCHDOG] Armed 30s after Mechanism Frame placement at BlockPos{x=-9217432, y=-57, z=12704181} in minecraft:overworld on thread Server thread (stall threshold=2000ms, generation=59)
[15:48:15] [Server thread/DEBUG] [de.an.AntikytheraMechanism/]: Staged Sable SubLevel cce8f512-b552-4d33-a965-4b243822f28c for content in assembly dde9edee-d36e-464f-8ded-3234a87b4754
[15:48:15] [Server thread/DEBUG] [de.an.AntikytheraMechanism/]: Frame onRemove at BlockPos{x=-9217439, y=-57, z=12704181} movedByPiston=false relocationJournal=true
[15:48:15] [Server thread/DEBUG] [de.an.AntikytheraMechanism/]: Frame onRemove at BlockPos{x=-9217432, y=-57, z=12704181} movedByPiston=false relocationJournal=true
[15:48:15] [Server thread/WARN] [de.an.AntikytheraMechanism/]: Managed Sable SubLevel cce8f512-b552-4d33-a965-4b243822f28c for assembly dde9edee-d36e-464f-8ded-3234a87b4754 was removed (REMOVED)
[15:48:15] [Server thread/DEBUG] [de.an.AntikytheraMechanism/]: Staged Sable SubLevel 90ff0918-4075-48bb-af3c-9489493872c5 for content in assembly f3ac68d2-a723-4388-9c5e-b7c2ac9cbb6f
[15:48:15] [Server thread/DEBUG] [de.an.AntikytheraMechanism/]: Frame onRemove at BlockPos{x=-9217358, y=-57, z=12704156} movedByPiston=false relocationJournal=false
[15:48:15] [Server thread/WARN] [de.an.AntikytheraMechanism/]: Managed Sable SubLevel 90ff0918-4075-48bb-af3c-9489493872c5 for assembly f3ac68d2-a723-4388-9c5e-b7c2ac9cbb6f was removed (REMOVED)
[15:48:15] [Server thread/WARN] [de.an.AntikytheraMechanism/]: [FREEZE-WATCHDOG] Armed 30s after Mechanism Frame placement at BlockPos{x=-9217358, y=-57, z=12704156} in minecraft:overworld on thread Server thread (stall threshold=2000ms, generation=60)
[15:48:15] [Server thread/DEBUG] [de.an.AntikytheraMechanism/]: Staged Sable SubLevel d143f756-f527-4003-8c2e-254937f5483f for content in assembly 68ba7685-e2a2-4914-9e1d-c13ee43509b5
[15:48:15] [Server thread/DEBUG] [de.an.AntikytheraMechanism/]: Frame onRemove at BlockPos{x=-9217358, y=-57, z=12704156} movedByPiston=false relocationJournal=false
[15:48:15] [Server thread/WARN] [de.an.AntikytheraMechanism/]: Managed Sable SubLevel d143f756-f527-4003-8c2e-254937f5483f for assembly 68ba7685-e2a2-4914-9e1d-c13ee43509b5 was removed (REMOVED)
[15:48:15] [Server thread/WARN] [de.an.AntikytheraMechanism/]: [FREEZE-WATCHDOG] Armed 30s after Mechanism Frame placement at BlockPos{x=-9217358, y=-57, z=12704156} in minecraft:overworld on thread Server thread (stall threshold=2000ms, generation=61)
[15:48:15] [Server thread/DEBUG] [mixin/]: Mixing entity.entities_stick_sublevels.packet_mixin.ClientboundTeleportEntityPacketMixin from sable.mixins.json into net.minecraft.network.protocol.game.ClientboundTeleportEntityPacket
[15:48:15] [Server thread/DEBUG] [mixin/]: sable.mixins.json:entity.entities_stick_sublevels.packet_mixin.ClientboundTeleportEntityPacketMixin from mod sable->@Inject::sable$readActuallyInSubLevel(Lnet/minecraft/network/FriendlyByteBuf;Lorg/spongepowered/asm/mixin/injection/callback/CallbackInfo;)V doesn't use it's CallbackInfo
[15:48:15] [Server thread/DEBUG] [mixin/]: sable.mixins.json:entity.entities_stick_sublevels.packet_mixin.ClientboundTeleportEntityPacketMixin from mod sable->@Inject::sable$readActuallyInSubLevel(Lnet/minecraft/network/FriendlyByteBuf;Lorg/spongepowered/asm/mixin/injection/callback/CallbackInfo;)V has 0 override(s) in child classes
[15:48:15] [Server thread/DEBUG] [mixin/]: sable.mixins.json:entity.entities_stick_sublevels.packet_mixin.ClientboundTeleportEntityPacketMixin from mod sable->@Inject::sable$readActuallyInSubLevel(Lnet/minecraft/network/FriendlyByteBuf;Lorg/spongepowered/asm/mixin/injection/callback/CallbackInfo;)V won't be passed a CallbackInfo as a result
[15:48:15] [Server thread/DEBUG] [mixin/]: sable.mixins.json:entity.entities_stick_sublevels.packet_mixin.ClientboundTeleportEntityPacketMixin from mod sable->@Inject::sable$writeActuallyInSubLevel(Lnet/minecraft/network/FriendlyByteBuf;Lorg/spongepowered/asm/mixin/injection/callback/CallbackInfo;)V doesn't use it's CallbackInfo
[15:48:15] [Server thread/DEBUG] [mixin/]: sable.mixins.json:entity.entities_stick_sublevels.packet_mixin.ClientboundTeleportEntityPacketMixin from mod sable->@Inject::sable$writeActuallyInSubLevel(Lnet/minecraft/network/FriendlyByteBuf;Lorg/spongepowered/asm/mixin/injection/callback/CallbackInfo;)V has 0 override(s) in child classes
[15:48:15] [Server thread/DEBUG] [mixin/]: sable.mixins.json:entity.entities_stick_sublevels.packet_mixin.ClientboundTeleportEntityPacketMixin from mod sable->@Inject::sable$writeActuallyInSubLevel(Lnet/minecraft/network/FriendlyByteBuf;Lorg/spongepowered/asm/mixin/injection/callback/CallbackInfo;)V won't be passed a CallbackInfo as a result
[15:48:15] [Server thread/DEBUG] [de.an.AntikytheraMechanism/]: Staged Sable SubLevel d25ae0c7-d3bc-4a4d-b627-02b0d4e84cc1 for content in assembly 7d329964-275c-448c-8d76-b4854f6bb969
[15:48:15] [Server thread/DEBUG] [de.an.AntikytheraMechanism/]: Frame onRemove at BlockPos{x=-9217358, y=-57, z=12704156} movedByPiston=false relocationJournal=false
[15:48:15] [Server thread/WARN] [de.an.AntikytheraMechanism/]: Managed Sable SubLevel d25ae0c7-d3bc-4a4d-b627-02b0d4e84cc1 for assembly 7d329964-275c-448c-8d76-b4854f6bb969 was removed (REMOVED)
[15:48:16] [Server thread/INFO] [minecraft/GameTestRunner]: Running test batch 'defaultBatch:1' (34 tests)...
[15:48:16] [Server thread/DEBUG] [mixin/]: Mixing SubLevelSerializerManagedLoadMixin from antikytheramechanism.mixins.json into dev.ryanhcode.sable.sublevel.storage.serialization.SubLevelSerializer
[15:48:16] [Server thread/DEBUG] [mixin/]: Mixing SableNBTUtilsMixin from sablescale.mixins.json into dev.ryanhcode.sable.util.SableNBTUtils
[15:48:16] [Server thread/DEBUG] [mixin/]: sablescale.mixins.json:SableNBTUtilsMixin from mod sablescale->@Inject::sablescale$writeScale(Ldev/ryanhcode/sable/companion/math/Pose3d;Lorg/spongepowered/asm/mixin/injection/callback/CallbackInfoReturnable;)V does use it's CallbackInfoReturnable
[15:48:16] [Server thread/DEBUG] [mixin/]: sablescale.mixins.json:SableNBTUtilsMixin from mod sablescale->@Inject::sablescale$readScale(Lnet/minecraft/nbt/CompoundTag;Lorg/spongepowered/asm/mixin/injection/callback/CallbackInfoReturnable;)V does use it's CallbackInfoReturnable
[15:48:16] [Server thread/INFO] [minecraft/GameTestServer]: [++++++++++++++++++++++++++++++++++++++++++++++++++                                  ]
[15:48:16] [Server thread/WARN] [de.an.AntikytheraMechanism/]: [FREEZE-WATCHDOG] Armed 30s after Mechanism Frame placement at BlockPos{x=-9217400, y=-57, z=12704178} in minecraft:overworld on thread Server thread (stall threshold=2000ms, generation=62)
[15:48:16] [Server thread/DEBUG] [de.an.AntikytheraMechanism/]: Staged Sable SubLevel 02662315-5ba5-40b7-bdc0-946341607601 for content in assembly 5085bb1d-510b-4449-aa22-6f34b953b7d7
[15:48:16] [Server thread/WARN] [de.an.AntikytheraMechanism/]: Managed Sable SubLevel 02662315-5ba5-40b7-bdc0-946341607601 for assembly 5085bb1d-510b-4449-aa22-6f34b953b7d7 was removed (REMOVED)
[15:48:16] [Server thread/WARN] [de.an.AntikytheraMechanism/]: [FREEZE-WATCHDOG] Armed 30s after Mechanism Frame placement at BlockPos{x=-9217363, y=-57, z=12704178} in minecraft:overworld on thread Server thread (stall threshold=2000ms, generation=63)
[15:48:16] [Server thread/DEBUG] [de.an.AntikytheraMechanism/]: Staged Sable SubLevel c375081c-7be1-44d7-b227-f5ecc2da2a02 for content in assembly 19746611-54ea-4ab7-971a-1479ef3b106f
[15:48:16] [Server thread/DEBUG] [de.an.AntikytheraMechanism/]: Frame onRemove at BlockPos{x=-9217363, y=-57, z=12704178} movedByPiston=false relocationJournal=true
[15:48:16] [Server thread/WARN] [de.an.AntikytheraMechanism/]: [FREEZE-WATCHDOG] Armed 30s after Mechanism Frame placement at BlockPos{x=-9217327, y=-57, z=12704179} in minecraft:overworld on thread Server thread (stall threshold=2000ms, generation=64)
[15:48:16] [Server thread/WARN] [de.an.AntikytheraMechanism/]: [FREEZE-WATCHDOG] Armed 30s after Mechanism Frame placement at BlockPos{x=-9217326, y=-57, z=12704179} in minecraft:overworld on thread Server thread (stall threshold=2000ms, generation=65)
[15:48:16] [Server thread/WARN] [de.an.AntikytheraMechanism/]: [FREEZE-WATCHDOG] Armed 30s after Mechanism Frame placement at BlockPos{x=-9217325, y=-57, z=12704179} in minecraft:overworld on thread Server thread (stall threshold=2000ms, generation=66)
[15:48:16] [Server thread/DEBUG] [de.an.AntikytheraMechanism/]: Staged Sable SubLevel 27c19bc0-bdc1-4249-9b05-81bc946f3c10 for content in assembly 4c8a750e-d715-4d19-bc7b-baa79610fb07
[15:48:16] [Server thread/DEBUG] [de.an.AntikytheraMechanism/]: Frame onRemove at BlockPos{x=-9217327, y=-57, z=12704179} movedByPiston=false relocationJournal=false
[15:48:16] [Server thread/DEBUG] [de.an.AntikytheraMechanism/]: Staged Sable SubLevel 1d82b40b-1185-4451-b452-8c34622f5093 for content in assembly b4562374-58ae-4de8-be7a-a8d9ec913e20
[15:48:16] [Server thread/ERROR] [de.an.AntikytheraMechanism/]: Assembly lifecycle listener antikytheramechanism:gametest_origin_rebase_inbound_recovery rejected afterAssemblyTransfer
[15:48:16] [Server thread/ERROR] [de.an.AntikytheraMechanism/]: Assembly lifecycle listener antikytheramechanism:gametest_origin_rebase_inbound_recovery rejected onAssemblyTransferRollback
[15:48:16] [Server thread/ERROR] [de.an.AntikytheraMechanism/]: Locked assemblies 4c8a750e-d715-4d19-bc7b-baa79610fb07 and b4562374-58ae-4de8-be7a-a8d9ec913e20 after stale-origin repair failed: restoring the rebased payload to the original assembly requires recovery. Both managed payload references were retained for recovery.
[15:48:16] [Server thread/WARN] [de.an.AntikytheraMechanism/]: Managed Sable SubLevel 27c19bc0-bdc1-4249-9b05-81bc946f3c10 for assembly 4c8a750e-d715-4d19-bc7b-baa79610fb07 was removed (REMOVED)
[15:48:16] [Server thread/WARN] [de.an.AntikytheraMechanism/]: [FREEZE-WATCHDOG] Armed 30s after Mechanism Frame placement at BlockPos{x=-9217437, y=-57, z=12704200} in minecraft:overworld on thread Server thread (stall threshold=2000ms, generation=67)
[15:48:16] [Server thread/DEBUG] [de.an.AntikytheraMechanism/]: Staged Sable SubLevel 22b1e1fe-8363-47ed-b45d-6d4d2ff15995 for content in assembly 35f9ee6d-e8bb-401b-bfb4-aa3e6cc2887d
[15:48:16] [Server thread/WARN] [de.an.AntikytheraMechanism/]: [FREEZE-WATCHDOG] Armed 30s after Mechanism Frame placement at BlockPos{x=-9217402, y=-58, z=12704198} in minecraft:overworld on thread Server thread (stall threshold=2000ms, generation=68)
[15:48:16] [Server thread/WARN] [de.an.AntikytheraMechanism/]: [FREEZE-WATCHDOG] Armed 30s after Mechanism Frame placement at BlockPos{x=-9217401, y=-58, z=12704198} in minecraft:overworld on thread Server thread (stall threshold=2000ms, generation=69)
[15:48:16] [Server thread/WARN] [de.an.AntikytheraMechanism/]: [FREEZE-WATCHDOG] Armed 30s after Mechanism Frame placement at BlockPos{x=-9217402, y=-58, z=12704199} in minecraft:overworld on thread Server thread (stall threshold=2000ms, generation=70)
[15:48:16] [Server thread/WARN] [de.an.AntikytheraMechanism/]: [FREEZE-WATCHDOG] Armed 30s after Mechanism Frame placement at BlockPos{x=-9217401, y=-58, z=12704199} in minecraft:overworld on thread Server thread (stall threshold=2000ms, generation=71)
[15:48:16] [Server thread/DEBUG] [de.an.AntikytheraMechanism/]: Frame onRemove at BlockPos{x=-9217402, y=-58, z=12704198} movedByPiston=false relocationJournal=true
[15:48:16] [Server thread/DEBUG] [de.an.AntikytheraMechanism/]: Frame onRemove at BlockPos{x=-9217401, y=-58, z=12704198} movedByPiston=false relocationJournal=true
[15:48:16] [Server thread/DEBUG] [de.an.AntikytheraMechanism/]: Frame onRemove at BlockPos{x=-9217402, y=-58, z=12704199} movedByPiston=false relocationJournal=true
[15:48:16] [Server thread/DEBUG] [de.an.AntikytheraMechanism/]: Frame onRemove at BlockPos{x=-9217401, y=-58, z=12704199} movedByPiston=false relocationJournal=true
[15:48:16] [Server thread/DEBUG] [de.an.AntikytheraMechanism/]: Frame onRemove at BlockPos{x=-9217397, y=-58, z=12704202} movedByPiston=false relocationJournal=true
[15:48:16] [Server thread/DEBUG] [de.an.AntikytheraMechanism/]: Frame onRemove at BlockPos{x=-9217396, y=-58, z=12704202} movedByPiston=false relocationJournal=true
[15:48:16] [Server thread/DEBUG] [de.an.AntikytheraMechanism/]: Frame onRemove at BlockPos{x=-9217396, y=-58, z=12704203} movedByPiston=false relocationJournal=true
[15:48:16] [Server thread/DEBUG] [de.an.AntikytheraMechanism/]: Frame onRemove at BlockPos{x=-9217397, y=-58, z=12704203} movedByPiston=false relocationJournal=true
[15:48:16] [Server thread/DEBUG] [de.an.AntikytheraMechanism/]: Frame onRemove at BlockPos{x=-9217392, y=-58, z=12704202} movedByPiston=false relocationJournal=true
[15:48:16] [Server thread/DEBUG] [de.an.AntikytheraMechanism/]: Frame onRemove at BlockPos{x=-9217391, y=-58, z=12704202} movedByPiston=false relocationJournal=true
[15:48:16] [Server thread/DEBUG] [de.an.AntikytheraMechanism/]: Frame onRemove at BlockPos{x=-9217391, y=-58, z=12704201} movedByPiston=false relocationJournal=true
[15:48:16] [Server thread/DEBUG] [de.an.AntikytheraMechanism/]: Frame onRemove at BlockPos{x=-9217392, y=-58, z=12704201} movedByPiston=false relocationJournal=true
[15:48:16] [Server thread/DEBUG] [de.an.AntikytheraMechanism/]: Frame onRemove at BlockPos{x=-9217385, y=-58, z=12704201} movedByPiston=false relocationJournal=true
[15:48:16] [Server thread/DEBUG] [de.an.AntikytheraMechanism/]: Frame onRemove at BlockPos{x=-9217386, y=-58, z=12704201} movedByPiston=false relocationJournal=true
[15:48:16] [Server thread/DEBUG] [de.an.AntikytheraMechanism/]: Frame onRemove at BlockPos{x=-9217386, y=-58, z=12704202} movedByPiston=false relocationJournal=true
[15:48:16] [Server thread/DEBUG] [de.an.AntikytheraMechanism/]: Frame onRemove at BlockPos{x=-9217385, y=-58, z=12704202} movedByPiston=false relocationJournal=true
[15:48:16] [Server thread/WARN] [de.an.AntikytheraMechanism/]: [FREEZE-WATCHDOG] Armed 30s after Mechanism Frame placement at BlockPos{x=-9217364, y=-57, z=12704199} in minecraft:overworld on thread Server thread (stall threshold=2000ms, generation=72)
[15:48:16] [Server thread/DEBUG] [de.an.AntikytheraMechanism/]: Staged Sable SubLevel 61154911-397a-4b65-bc68-1d329d9bc331 for content in assembly 8346a139-5604-45c3-bc43-d4efa3698348
[15:48:16] [Server thread/DEBUG] [de.an.AntikytheraMechanism/]: Frame onRemove at BlockPos{x=-9217364, y=-57, z=12704199} movedByPiston=false relocationJournal=true
[15:48:16] [Server thread/WARN] [de.an.AntikytheraMechanism/]: Managed Sable SubLevel 61154911-397a-4b65-bc68-1d329d9bc331 for assembly 8346a139-5604-45c3-bc43-d4efa3698348 was removed (REMOVED)
[15:48:16] [Server thread/WARN] [de.an.AntikytheraMechanism/]: [FREEZE-WATCHDOG] Armed 30s after Mechanism Frame placement at BlockPos{x=-9217290, y=-57, z=12704201} in minecraft:overworld on thread Server thread (stall threshold=2000ms, generation=73)
[15:48:16] [Server thread/WARN] [de.an.AntikytheraMechanism/]: [FREEZE-WATCHDOG] Armed 30s after Mechanism Frame placement at BlockPos{x=-9217289, y=-57, z=12704201} in minecraft:overworld on thread Server thread (stall threshold=2000ms, generation=74)
[15:48:16] [Server thread/WARN] [de.an.AntikytheraMechanism/]: [FREEZE-WATCHDOG] Armed 30s after Mechanism Frame placement at BlockPos{x=-9217288, y=-57, z=12704201} in minecraft:overworld on thread Server thread (stall threshold=2000ms, generation=75)
[15:48:16] [Server thread/DEBUG] [de.an.AntikytheraMechanism/]: Staged Sable SubLevel 71e17fd1-65dc-41ab-924e-61d4c446c7af for content in assembly 881ce37f-6c1b-4e54-8075-c1d75aa1525f
[15:48:16] [Server thread/DEBUG] [de.an.AntikytheraMechanism/]: Frame onRemove at BlockPos{x=-9217290, y=-57, z=12704201} movedByPiston=false relocationJournal=false
[15:48:16] [Server thread/DEBUG] [de.an.AntikytheraMechanism/]: Staged Sable SubLevel d4637c54-ac7e-4a08-9139-8560430dfb26 for content in assembly 5d51089b-bf66-4b68-912c-0e62e9bf449f
[15:48:16] [Server thread/ERROR] [de.an.AntikytheraMechanism/]: Assembly lifecycle listener antikytheramechanism:gametest_origin_rebase_inbound_before rejected beforeAssemblyTransfer
[15:48:16] [Server thread/ERROR] [de.an.AntikytheraMechanism/]: Locked assemblies 881ce37f-6c1b-4e54-8075-c1d75aa1525f and 5d51089b-bf66-4b68-912c-0e62e9bf449f after stale-origin repair failed: restoring the rebased payload to the original assembly rolled back. Both managed payload references were retained for recovery.
[15:48:16] [Server thread/WARN] [de.an.AntikytheraMechanism/]: Managed Sable SubLevel 71e17fd1-65dc-41ab-924e-61d4c446c7af for assembly 881ce37f-6c1b-4e54-8075-c1d75aa1525f was removed (REMOVED)
[15:48:16] [Server thread/WARN] [de.an.AntikytheraMechanism/]: [FREEZE-WATCHDOG] Armed 30s after Mechanism Frame placement at BlockPos{x=-9217251, y=-57, z=12704206} in minecraft:overworld on thread Server thread (stall threshold=2000ms, generation=76)
[15:48:16] [Server thread/WARN] [de.an.AntikytheraMechanism/]: [FREEZE-WATCHDOG] Armed 30s after Mechanism Frame placement at BlockPos{x=-9217252, y=-57, z=12704206} in minecraft:overworld on thread Server thread (stall threshold=2000ms, generation=77)
[15:48:16] [Server thread/WARN] [de.an.AntikytheraMechanism/]: [FREEZE-WATCHDOG] Armed 30s after Mechanism Frame placement at BlockPos{x=-9217250, y=-57, z=12704206} in minecraft:overworld on thread Server thread (stall threshold=2000ms, generation=78)
[15:48:16] [Server thread/DEBUG] [de.an.AntikytheraMechanism/]: Staged Sable SubLevel ebe3e678-7999-49d5-b888-8586e0c23ccb for content in assembly 4a652ff5-93fd-41b8-b4a3-0b0f4608654b
[15:48:16] [Server thread/DEBUG] [de.an.AntikytheraMechanism/]: Frame onRemove at BlockPos{x=-9217251, y=-57, z=12704206} movedByPiston=false relocationJournal=false
[15:48:16] [Server thread/DEBUG] [de.an.AntikytheraMechanism/]: Staged Sable SubLevel 6a46888a-c9b8-48dd-912b-8f0eb2cf8f16 for content in assembly db2a3b3d-38e8-40b7-8748-297cf1254e57
[15:48:16] [Server thread/DEBUG] [de.an.AntikytheraMechanism/]: Staged Sable SubLevel 3e6d0fa5-aeff-4295-9268-e9e23e2d998f for content in assembly 07a62647-bebf-4693-935d-1c280e6a0806
[15:48:16] [Server thread/WARN] [de.an.AntikytheraMechanism/]: Managed Sable SubLevel 3e6d0fa5-aeff-4295-9268-e9e23e2d998f for assembly 07a62647-bebf-4693-935d-1c280e6a0806 was removed (REMOVED)
[15:48:16] [Server thread/DEBUG] [de.an.AntikytheraMechanism/]: Rebased assembly 4a652ff5-93fd-41b8-b4a3-0b0f4608654b after topology change: stale origin BlockPos{x=-9217251, y=-57, z=12704206} -> BlockPos{x=-9217252, y=-57, z=12704206} over 1 retained Frames
[15:48:16] [Server thread/WARN] [de.an.AntikytheraMechanism/]: [FREEZE-WATCHDOG] Armed 30s after Mechanism Frame placement at BlockPos{x=-9217437, y=-57, z=12704222} in minecraft:overworld on thread Server thread (stall threshold=2000ms, generation=79)
[15:48:16] [Server thread/DEBUG] [de.an.AntikytheraMechanism/]: Staged Sable SubLevel 8d576694-c129-452a-a1b9-6053a70ee39e for content in assembly 482d9bbe-235f-4105-a73e-e73da9eb0749
[15:48:16] [Server thread/WARN] [de.an.AntikytheraMechanism/]: [FREEZE-WATCHDOG] Armed 30s after Mechanism Frame placement at BlockPos{x=-9217401, y=-57, z=12704221} in minecraft:overworld on thread Server thread (stall threshold=2000ms, generation=80)
[15:48:16] [Server thread/DEBUG] [de.an.AntikytheraMechanism/]: Staged Sable SubLevel b87bb277-cd9b-405f-8eb3-dc7e7dd0338f for content in assembly 9c18b15e-057c-4b10-af99-b428fdf89a05
[15:48:16] [Server thread/DEBUG] [de.an.AntikytheraMechanism/]: Frame onRemove at BlockPos{x=-9217401, y=-57, z=12704221} movedByPiston=true relocationJournal=true
[15:48:16] [Server thread/DEBUG] [de.an.AntikytheraMechanism/]: Adopted complete Sable relocation for assembly 9c18b15e-057c-4b10-af99-b428fdf89a05 by BlockPos{x=29698433, y=185, z=7817771} into host FOREIGN
[15:48:16] [Server thread/DEBUG] [mixin/]: Mixing FloatingBlockDataAccessor from antikytheramechanism.mixins.json into dev.ryanhcode.sable.physics.floating_block.FloatingBlockData
[15:48:16] [Server thread/WARN] [de.an.AntikytheraMechanism/]: Managed Sable SubLevel b87bb277-cd9b-405f-8eb3-dc7e7dd0338f for assembly 9c18b15e-057c-4b10-af99-b428fdf89a05 was removed (REMOVED)
[15:48:16] [Server thread/WARN] [de.an.AntikytheraMechanism/]: [FREEZE-WATCHDOG] Armed 30s after Mechanism Frame placement at BlockPos{x=-9217328, y=-57, z=12704220} in minecraft:overworld on thread Server thread (stall threshold=2000ms, generation=81)
[15:48:16] [Server thread/DEBUG] [de.an.AntikytheraMechanism/]: Staged Sable SubLevel 8cf273c0-8f93-4f5e-9559-67353b1c1f10 for content in assembly 39e020ea-184d-48e1-b830-e4c74f002d79
[15:48:16] [Server thread/DEBUG] [de.an.AntikytheraMechanism/]: Frame onRemove at BlockPos{x=-9217328, y=-57, z=12704220} movedByPiston=false relocationJournal=true
[15:48:16] [Server thread/WARN] [de.an.AntikytheraMechanism/]: [FREEZE-WATCHDOG] Armed 30s after Mechanism Frame placement at BlockPos{x=-9217322, y=-57, z=12704220} in minecraft:overworld on thread Server thread (stall threshold=2000ms, generation=82)
[15:48:16] [Server thread/DEBUG] [de.an.AntikytheraMechanism/]: Staged Sable SubLevel 7ba8f332-3855-4596-8fc0-8a8e90eb37ba for content in assembly ab790540-d5ad-4fd0-836c-667f8a3875f6
[15:48:16] [Server thread/DEBUG] [de.an.AntikytheraMechanism/]: Frame onRemove at BlockPos{x=-9217322, y=-57, z=12704220} movedByPiston=false relocationJournal=true
[15:48:16] [Server thread/WARN] [de.an.AntikytheraMechanism/]: [FREEZE-WATCHDOG] Armed 30s after Mechanism Frame placement at BlockPos{x=-9217328, y=-57, z=12704226} in minecraft:overworld on thread Server thread (stall threshold=2000ms, generation=83)
[15:48:16] [Server thread/DEBUG] [de.an.AntikytheraMechanism/]: Staged Sable SubLevel fbdd60b7-42aa-4b53-b23b-04edfac13c38 for content in assembly b633bc5e-500b-46ba-9ce8-77e894231199
[15:48:16] [Server thread/DEBUG] [de.an.AntikytheraMechanism/]: Frame onRemove at BlockPos{x=-9217328, y=-57, z=12704226} movedByPiston=false relocationJournal=true
[15:48:16] [Server thread/WARN] [de.an.AntikytheraMechanism/]: [FREEZE-WATCHDOG] Armed 30s after Mechanism Frame placement at BlockPos{x=-9217322, y=-57, z=12704226} in minecraft:overworld on thread Server thread (stall threshold=2000ms, generation=84)
[15:48:16] [Server thread/DEBUG] [de.an.AntikytheraMechanism/]: Staged Sable SubLevel 7d55ea92-2cc0-403f-946a-51b187a2827a for content in assembly 38693c1e-30f6-4f1e-b41d-6c6a034f7931
[15:48:16] [Server thread/DEBUG] [de.an.AntikytheraMechanism/]: Frame onRemove at BlockPos{x=-9217322, y=-57, z=12704226} movedByPiston=false relocationJournal=true
[15:48:16] [Server thread/WARN] [de.an.AntikytheraMechanism/]: [FREEZE-WATCHDOG] Armed 30s after Mechanism Frame placement at BlockPos{x=-9217289, y=-57, z=12704222} in minecraft:overworld on thread Server thread (stall threshold=2000ms, generation=85)
[15:48:16] [Server thread/DEBUG] [de.an.AntikytheraMechanism/]: Staged Sable SubLevel 3aeba249-ef4b-477a-8ad4-f822a879a457 for content in assembly 1197ae03-2e4c-4c52-b444-d237bea7eccd
[15:48:16] [Server thread/DEBUG] [mixin/]: Mixing death_message.CombatTrackerMixin from sable.mixins.json into net.minecraft.world.damagesource.CombatTracker
[15:48:16] [Server thread/WARN] [de.an.AntikytheraMechanism/]: [FREEZE-WATCHDOG] Armed 30s after Mechanism Frame placement at BlockPos{x=-9217254, y=-57, z=12704221} in minecraft:overworld on thread Server thread (stall threshold=2000ms, generation=86)
[15:48:16] [Server thread/WARN] [de.an.AntikytheraMechanism/]: [FREEZE-WATCHDOG] Armed 30s after Mechanism Frame placement at BlockPos{x=-9217253, y=-57, z=12704221} in minecraft:overworld on thread Server thread (stall threshold=2000ms, generation=87)
[15:48:16] [Server thread/WARN] [de.an.AntikytheraMechanism/]: [FREEZE-WATCHDOG] Armed 30s after Mechanism Frame placement at BlockPos{x=-9217252, y=-57, z=12704221} in minecraft:overworld on thread Server thread (stall threshold=2000ms, generation=88)
[15:48:16] [Server thread/DEBUG] [de.an.AntikytheraMechanism/]: Staged Sable SubLevel 42331151-d8c8-438a-b696-409319a16cde for content in assembly c0a180c9-b54b-40a7-8a76-aba5b72f0c8f
[15:48:16] [Server thread/DEBUG] [de.an.AntikytheraMechanism/]: Frame onRemove at BlockPos{x=-9217254, y=-57, z=12704221} movedByPiston=false relocationJournal=true
[15:48:16] [Server thread/DEBUG] [de.an.AntikytheraMechanism/]: Frame onRemove at BlockPos{x=-9217253, y=-57, z=12704221} movedByPiston=false relocationJournal=true
[15:48:16] [Server thread/DEBUG] [de.an.AntikytheraMechanism/]: Frame onRemove at BlockPos{x=-9217252, y=-57, z=12704221} movedByPiston=false relocationJournal=true
[15:48:16] [Server thread/DEBUG] [de.an.AntikytheraMechanism/]: Staged Sable SubLevel f5eb977e-e033-4a37-baea-823428f22682 for content in assembly 8900fb1f-c4bd-4ab7-86d5-75df7e034cf0
[15:48:16] [Server thread/DEBUG] [de.an.AntikytheraMechanism/]: Staged Sable SubLevel 9e6ccfb6-88cd-4d1f-8edc-f96e9d06c41c for content in assembly 1b7b1ea2-8521-4180-90a9-ada7bddd91bc
[15:48:16] [Server thread/WARN] [de.an.AntikytheraMechanism/]: Managed Sable SubLevel 9e6ccfb6-88cd-4d1f-8edc-f96e9d06c41c for assembly 1b7b1ea2-8521-4180-90a9-ada7bddd91bc was removed (REMOVED)
[15:48:16] [Server thread/DEBUG] [de.an.AntikytheraMechanism/]: Rebased assembly c0a180c9-b54b-40a7-8a76-aba5b72f0c8f after topology change: stale origin BlockPos{x=-9217248, y=-57, z=12704221} -> BlockPos{x=-9217250, y=-57, z=12704221} over 1 retained Frames
[15:48:17] [Server thread/WARN] [de.an.AntikytheraMechanism/]: Managed Sable SubLevel 3aeba249-ef4b-477a-8ad4-f822a879a457 for assembly 1197ae03-2e4c-4c52-b444-d237bea7eccd was removed (REMOVED)
[15:48:17] [Server thread/DEBUG] [de.an.AntikytheraMechanism/]: Retired empty Sable SubLevel 3aeba249-ef4b-477a-8ad4-f822a879a457 while keeping assembly 1197ae03-2e4c-4c52-b444-d237bea7eccd
[15:48:17] [Server thread/INFO] [minecraft/GameTestServer]: [+++++++++++++++++++++++++++++++++++++++++++++++++++_+++  _++++_  _+++__  ++         ]
[15:48:17] [Server thread/DEBUG] [de.an.AntikytheraMechanism/]: Frame onRemove at BlockPos{x=-9217437, y=-57, z=12704200} movedByPiston=false relocationJournal=true
[15:48:17] [Server thread/DEBUG] [de.an.AntikytheraMechanism/]: Frame onRemove at BlockPos{x=-9217437, y=-57, z=12704222} movedByPiston=false relocationJournal=true
[15:48:17] [Server thread/WARN] [de.an.AntikytheraMechanism/]: Managed Sable SubLevel 42331151-d8c8-438a-b696-409319a16cde for assembly c0a180c9-b54b-40a7-8a76-aba5b72f0c8f was removed (REMOVED)
[15:48:17] [Server thread/WARN] [de.an.AntikytheraMechanism/]: [FREEZE-WATCHDOG] Armed 30s after Mechanism Frame placement at BlockPos{x=-9217251, y=-57, z=12704206} in minecraft:overworld on thread Server thread (stall threshold=2000ms, generation=89)
[15:48:17] [Server thread/WARN] [de.an.AntikytheraMechanism/]: Managed Sable SubLevel ebe3e678-7999-49d5-b888-8586e0c23ccb for assembly 4a652ff5-93fd-41b8-b4a3-0b0f4608654b was removed (REMOVED)
[15:48:17] [Server thread/DEBUG] [de.an.AntikytheraMechanism/]: Frame onRemove at BlockPos{x=-9217251, y=-57, z=12704206} movedByPiston=false relocationJournal=false
[15:48:17] [Server thread/DEBUG] [de.an.AntikytheraMechanism/]: Staged Sable SubLevel 4315c26c-7cba-4a03-8269-ac6e47e7e7ae for content in assembly f4be5468-b55f-48d6-9ebe-b413301d921e
[15:48:17] [Server thread/DEBUG] [de.an.AntikytheraMechanism/]: Staged Sable SubLevel 391c70f3-9e10-4fc4-ab0c-f3b08d164c19 for content in assembly e720bac8-77b1-48ca-acdd-f1ecd62280ba
[15:48:17] [Server thread/WARN] [de.an.AntikytheraMechanism/]: Managed Sable SubLevel 391c70f3-9e10-4fc4-ab0c-f3b08d164c19 for assembly e720bac8-77b1-48ca-acdd-f1ecd62280ba was removed (REMOVED)
[15:48:17] [Server thread/DEBUG] [de.an.AntikytheraMechanism/]: Rebased assembly db2a3b3d-38e8-40b7-8748-297cf1254e57 after topology change: stale origin BlockPos{x=-9217250, y=-57, z=12704206} -> BlockPos{x=-9217252, y=-57, z=12704206} over 1 retained Frames
[15:48:17] [Server thread/WARN] [de.an.AntikytheraMechanism/]: Managed Sable SubLevel 22b1e1fe-8363-47ed-b45d-6d4d2ff15995 for assembly 35f9ee6d-e8bb-401b-bfb4-aa3e6cc2887d was removed (REMOVED)
[15:48:17] [Server thread/WARN] [de.an.AntikytheraMechanism/]: Managed Sable SubLevel 8d576694-c129-452a-a1b9-6053a70ee39e for assembly 482d9bbe-235f-4105-a73e-e73da9eb0749 was removed (REMOVED)
[15:48:17] [Server thread/WARN] [de.an.AntikytheraMechanism/]: Managed Sable SubLevel 6a46888a-c9b8-48dd-912b-8f0eb2cf8f16 for assembly db2a3b3d-38e8-40b7-8748-297cf1254e57 was removed (REMOVED)
[15:48:17] [Server thread/WARN] [de.an.AntikytheraMechanism/]: Managed Sable SubLevel 4315c26c-7cba-4a03-8269-ac6e47e7e7ae for assembly f4be5468-b55f-48d6-9ebe-b413301d921e was removed (REMOVED)
[15:48:17] [Server thread/WARN] [de.an.AntikytheraMechanism/]: Managed Sable SubLevel c375081c-7be1-44d7-b227-f5ecc2da2a02 for assembly 19746611-54ea-4ab7-971a-1479ef3b106f was removed (REMOVED)
[15:48:17] [Server thread/WARN] [de.an.AntikytheraMechanism/]: [FREEZE-WATCHDOG] Armed 30s after Mechanism Frame placement at BlockPos{x=-9217476, y=-58, z=12704198} in minecraft:overworld on thread Server thread (stall threshold=2000ms, generation=90)
[15:48:17] [Server thread/WARN] [de.an.AntikytheraMechanism/]: [FREEZE-WATCHDOG] Armed 30s after Mechanism Frame placement at BlockPos{x=-9217475, y=-58, z=12704198} in minecraft:overworld on thread Server thread (stall threshold=2000ms, generation=91)
[15:48:17] [Server thread/WARN] [de.an.AntikytheraMechanism/]: [FREEZE-WATCHDOG] Armed 30s after Mechanism Frame placement at BlockPos{x=-9217476, y=-58, z=12704199} in minecraft:overworld on thread Server thread (stall threshold=2000ms, generation=92)
[15:48:17] [Server thread/DEBUG] [de.an.AntikytheraMechanism/]: Frame onRemove at BlockPos{x=-9217476, y=-58, z=12704198} movedByPiston=false relocationJournal=true
[15:48:17] [Server thread/DEBUG] [de.an.AntikytheraMechanism/]: Frame onRemove at BlockPos{x=-9217475, y=-58, z=12704198} movedByPiston=false relocationJournal=true
[15:48:17] [Server thread/DEBUG] [de.an.AntikytheraMechanism/]: Frame onRemove at BlockPos{x=-9217476, y=-58, z=12704199} movedByPiston=false relocationJournal=true
[15:48:17] [Server thread/ERROR] [de.an.AntikytheraMechanism/]: Could not commit Create contraption placement; assembly, index, Frame BlockEntity mappings and block states were rolled back and journals retained
java.lang.IllegalStateException: intentional mid-commit GameTest fault
	at TRANSFORMER/antikytheramechanism@0.1.0/dev.antikytheramechanism.assembly.MechanismAssemblyRotationGameTests.lambda$partialCommitFailureRollsBackMappingsAndKeepsJournal$6(MechanismAssemblyRotationGameTests.java:136) ~[%23127!/:?] {re:classloading}
	at TRANSFORMER/antikytheramechanism@0.1.0/dev.antikytheramechanism.assembly.MechanismAssemblyManager.finalizeContraptionPlacement(MechanismAssemblyManager.java:400) ~[%23127!/:?] {re:mixin,re:classloading,pl:mixin:APP:antikytheramechanism.mixins.json:MechanismAssemblyManagerAccessor from mod antikytheramechanism,pl:mixin:APP:antikytheramechanism.mixins.json:MechanismAssemblyOriginInvariantMixin from mod antikytheramechanism,pl:mixin:APP:antikytheramechanism.mixins.json:MechanismAssemblyManagerDeferredRemovalMixin from mod antikytheramechanism,pl:mixin:A}
	at TRANSFORMER/antikytheramechanism@0.1.0/dev.antikytheramechanism.assembly.MechanismAssemblyRotationGameTests.partialCommitFailureRollsBackMappingsAndKeepsJournal(MechanismAssemblyRotationGameTests.java:138) ~[%23127!/:?] {re:classloading}
	at java.base/jdk.internal.reflect.DirectMethodHandleAccessor.invoke(DirectMethodHandleAccessor.java:103) ~[?:?] {}
	at java.base/java.lang.reflect.Method.invoke(Method.java:580) ~[?:?] {}
	at TRANSFORMER/minecraft@1.21.1/net.minecraft.gametest.framework.GameTestRegistry.lambda$turnMethodIntoConsumer$5(GameTestRegistry.java:157) ~[neoforge-21.1.228.jar%23125!/:?] {re:classloading}
	at TRANSFORMER/minecraft@1.21.1/net.minecraft.gametest.framework.TestFunction.run(TestFunction.java:22) ~[neoforge-21.1.228.jar%23125!/:?] {re:classloading}
	at TRANSFORMER/minecraft@1.21.1/net.minecraft.gametest.framework.GameTestInfo.startTest(GameTestInfo.java:162) ~[neoforge-21.1.228.jar%23125!/:?] {re:mixin,pl:accesstransformer:B,re:classloading,pl:accesstransformer:B,pl:mixin:APP:sable.mixins.json:game_test.GameTestInfoMixin from mod sable,pl:mixin:A}
	at TRANSFORMER/minecraft@1.21.1/net.minecraft.gametest.framework.GameTestInfo.tickInternal(GameTestInfo.java:124) ~[neoforge-21.1.228.jar%23125!/:?] {re:mixin,pl:accesstransformer:B,re:classloading,pl:accesstransformer:B,pl:mixin:APP:sable.mixins.json:game_test.GameTestInfoMixin from mod sable,pl:mixin:A}
	at TRANSFORMER/minecraft@1.21.1/net.minecraft.gametest.framework.GameTestInfo.tick(GameTestInfo.java:107) ~[neoforge-21.1.228.jar%23125!/:?] {re:mixin,pl:accesstransformer:B,re:classloading,pl:accesstransformer:B,pl:mixin:APP:sable.mixins.json:game_test.GameTestInfoMixin from mod sable,pl:mixin:A}
	at TRANSFORMER/minecraft@1.21.1/net.minecraft.gametest.framework.GameTestTicker.lambda$tick$0(GameTestTicker.java:42) ~[neoforge-21.1.228.jar%23125!/:?] {re:classloading}
	at java.base/java.util.concurrent.CopyOnWriteArrayList.forEach(CopyOnWriteArrayList.java:891) ~[?:?] {}
	at TRANSFORMER/minecraft@1.21.1/net.minecraft.gametest.framework.GameTestTicker.tick(GameTestTicker.java:42) ~[neoforge-21.1.228.jar%23125!/:?] {re:classloading}
	at TRANSFORMER/minecraft@1.21.1/net.minecraft.server.MinecraftServer.tickChildren(MinecraftServer.java:1055) ~[neoforge-21.1.228.jar%23125!/:?] {re:mixin,pl:accesstransformer:B,re:classloading,pl:accesstransformer:B,pl:mixin:APP:veil.network.mixins.json:NetworkMinecraftServerMixin from mod veil,pl:mixin:APP:veil.scheduler.mixins.json:MinecraftServerMixin from mod veil,pl:mixin:APP:sable.mixins.json:udp.MinecraftServerMixin from mod sable,pl:mixin:A}
	at TRANSFORMER/minecraft@1.21.1/net.minecraft.server.MinecraftServer.tickServer(MinecraftServer.java:917) ~[neoforge-21.1.228.jar%23125!/:?] {re:mixin,pl:accesstransformer:B,re:classloading,pl:accesstransformer:B,pl:mixin:APP:veil.network.mixins.json:NetworkMinecraftServerMixin from mod veil,pl:mixin:APP:veil.scheduler.mixins.json:MinecraftServerMixin from mod veil,pl:mixin:APP:sable.mixins.json:udp.MinecraftServerMixin from mod sable,pl:mixin:A}
	at TRANSFORMER/minecraft@1.21.1/net.minecraft.gametest.framework.GameTestServer.tickServer(GameTestServer.java:168) ~[neoforge-21.1.228.jar%23125!/:?] {re:classloading}
	at TRANSFORMER/minecraft@1.21.1/net.minecraft.server.MinecraftServer.runServer(MinecraftServer.java:707) ~[neoforge-21.1.228.jar%23125!/:?] {re:mixin,pl:accesstransformer:B,re:classloading,pl:accesstransformer:B,pl:mixin:APP:veil.network.mixins.json:NetworkMinecraftServerMixin from mod veil,pl:mixin:APP:veil.scheduler.mixins.json:MinecraftServerMixin from mod veil,pl:mixin:APP:sable.mixins.json:udp.MinecraftServerMixin from mod sable,pl:mixin:A}
	at TRANSFORMER/minecraft@1.21.1/net.minecraft.server.MinecraftServer.lambda$spin$2(MinecraftServer.java:267) ~[neoforge-21.1.228.jar%23125!/:?] {re:mixin,pl:accesstransformer:B,re:classloading,pl:accesstransformer:B,pl:mixin:APP:veil.network.mixins.json:NetworkMinecraftServerMixin from mod veil,pl:mixin:APP:veil.scheduler.mixins.json:MinecraftServerMixin from mod veil,pl:mixin:APP:sable.mixins.json:udp.MinecraftServerMixin from mod sable,pl:mixin:A}
	at java.base/java.lang.Thread.run(Thread.java:1583) [?:?] {re:mixin}
[15:48:17] [Server thread/WARN] [de.an.AntikytheraMechanism/]: [FREEZE-WATCHDOG] Armed 30s after Mechanism Frame placement at BlockPos{x=-9217216, y=-57, z=12704177} in minecraft:overworld on thread Server thread (stall threshold=2000ms, generation=93)
[15:48:17] [Server thread/DEBUG] [de.an.AntikytheraMechanism/]: Staged Sable SubLevel ac3ae1a9-e324-49f2-911e-395917e2c9eb for content in assembly dbcb7743-8951-4a7c-8fe6-c42afb3b2ad0
[15:48:17] [Server thread/DEBUG] [de.an.AntikytheraMechanism/]: Frame onRemove at BlockPos{x=-9217216, y=-57, z=12704177} movedByPiston=false relocationJournal=true
[15:48:17] [Server thread/WARN] [de.an.AntikytheraMechanism/]: Managed Sable SubLevel ac3ae1a9-e324-49f2-911e-395917e2c9eb for assembly dbcb7743-8951-4a7c-8fe6-c42afb3b2ad0 was removed (REMOVED)
[15:48:17] [Server thread/WARN] [de.an.AntikytheraMechanism/]: [FREEZE-WATCHDOG] Armed 30s after Mechanism Frame placement at BlockPos{x=-9217217, y=-58, z=12704198} in minecraft:overworld on thread Server thread (stall threshold=2000ms, generation=94)
[15:48:17] [Server thread/WARN] [de.an.AntikytheraMechanism/]: [FREEZE-WATCHDOG] Armed 30s after Mechanism Frame placement at BlockPos{x=-9217216, y=-58, z=12704198} in minecraft:overworld on thread Server thread (stall threshold=2000ms, generation=95)
[15:48:17] [Server thread/DEBUG] [de.an.AntikytheraMechanism/]: Staged Sable SubLevel a8e2869f-2658-402d-b38d-f8a29c24ad39 for content in assembly 2320ab98-88b0-4d41-9bf6-0f4d36c47c22
[15:48:17] [Server thread/DEBUG] [de.an.AntikytheraMechanism/]: Staged Sable SubLevel bb5e5271-8156-4aa3-a377-89e8c8be15ac for content in assembly 2e349b94-7041-4a15-a8f9-67ffaef97b9e
[15:48:17] [Server thread/WARN] [de.an.AntikytheraMechanism/]: Managed Sable SubLevel a8e2869f-2658-402d-b38d-f8a29c24ad39 for assembly 2320ab98-88b0-4d41-9bf6-0f4d36c47c22 was removed (REMOVED)
[15:48:17] [Server thread/WARN] [de.an.AntikytheraMechanism/]: Managed Sable SubLevel bb5e5271-8156-4aa3-a377-89e8c8be15ac for assembly 2e349b94-7041-4a15-a8f9-67ffaef97b9e was removed (REMOVED)
[15:48:17] [Server thread/DEBUG] [de.an.AntikytheraMechanism/]: Retired empty Sable SubLevel bb5e5271-8156-4aa3-a377-89e8c8be15ac while keeping assembly 2e349b94-7041-4a15-a8f9-67ffaef97b9e
[15:48:17] [Server thread/WARN] [de.an.AntikytheraMechanism/]: [FREEZE-WATCHDOG] Armed 30s after Mechanism Frame placement at BlockPos{x=-9217474, y=-57, z=12704222} in minecraft:overworld on thread Server thread (stall threshold=2000ms, generation=96)
[15:48:17] [Server thread/DEBUG] [de.an.AntikytheraMechanism/]: Staged Sable SubLevel f28a7103-9024-4aa4-9fb1-103a8051c88c for content in assembly 9efa9744-9000-4d26-ba6b-672d63463c71
[15:48:17] [Server thread/DEBUG] [de.an.AntikytheraMechanism/]: Frame onRemove at BlockPos{x=-9217474, y=-57, z=12704222} movedByPiston=false relocationJournal=false
[15:48:17] [Server thread/WARN] [de.an.AntikytheraMechanism/]: Managed Sable SubLevel f28a7103-9024-4aa4-9fb1-103a8051c88c for assembly 9efa9744-9000-4d26-ba6b-672d63463c71 was removed (REMOVED)
[15:48:17] [Server thread/DEBUG] [de.an.AntikytheraMechanism/]: Marked Sable SubLevel 6bd718e8-bd3b-4990-b720-81b6faf215f1 as detached Antikythera half-scale physics body
[15:48:17] [Server thread/WARN] [de.an.AntikytheraMechanism/]: Rejected Sable mixed-scale assembly before move: detached Antikythera 0.5 content was selected with incompatible block BlockPos{x=20481032, y=128, z=20507656} in SubLevel e58c27ca-8559-451c-908c-106bc5eefc9d scale=( 1.000E+0  1.000E+0  1.000E+0)
[15:48:19] [Antikythera Server Freeze Watchdog/ERROR] [de.an.AntikytheraMechanism/]: 
================ ANTIKYTHERA SERVER FREEZE DUMP ================
Reason: Mechanism Frame placement at BlockPos{x=-9217474, y=-57, z=12704222} in minecraft:overworld
No server heartbeat/progress for: 2035 ms
Thread: Server thread [id=45, state=RUNNABLE]
  at TRANSFORMER/minecraft@1.21.1/net.minecraft.world.level.gameevent.GameEventDispatcher.post$mixinextras$wrapped$7(GameEventDispatcher.java:43)
  at TRANSFORMER/minecraft@1.21.1/net.minecraft.world.level.gameevent.GameEventDispatcher.mixinextras$bridge$post$mixinextras$wrapped$7$8(GameEventDispatcher.java)
  at TRANSFORMER/minecraft@1.21.1/net.minecraft.world.level.gameevent.GameEventDispatcher.mdf5665a$sable$lambda$sable$visitShipListeners$0$0(GameEventDispatcher.java:567)
  at java.base/java.lang.Iterable.forEach(Iterable.java:75)
  at TRANSFORMER/minecraft@1.21.1/net.minecraft.world.level.gameevent.GameEventDispatcher.wrapMethod$zff000$sable$visitShipListeners(GameEventDispatcher.java:563)
  at TRANSFORMER/minecraft@1.21.1/net.minecraft.world.level.gameevent.GameEventDispatcher.post(GameEventDispatcher.java)
  at TRANSFORMER/minecraft@1.21.1/net.minecraft.server.level.ServerLevel.gameEvent(ServerLevel.java:1061)
  at TRANSFORMER/minecraft@1.21.1/net.minecraft.world.level.LevelAccessor.gameEvent(LevelAccessor.java:119)
  at TRANSFORMER/minecraft@1.21.1/net.minecraft.world.level.block.LecternBlock.resetBookState(LecternBlock.java:190)
  at TRANSFORMER/minecraft@1.21.1/net.minecraft.world.level.block.LecternBlock.placeBook(LecternBlock.java:182)
  at TRANSFORMER/minecraft@1.21.1/net.minecraft.world.level.block.LecternBlock.tryPlaceBook(LecternBlock.java:170)
  at TRANSFORMER/minecraft@1.21.1/net.minecraft.gametest.framework.ReportGameListener.spawnLectern(ReportGameListener.java:182)
  at TRANSFORMER/minecraft@1.21.1/net.minecraft.gametest.framework.ReportGameListener.reportFailure(ReportGameListener.java:122)
  at TRANSFORMER/minecraft@1.21.1/net.minecraft.gametest.framework.ReportGameListener.testFailed(ReportGameListener.java:84)
  at TRANSFORMER/minecraft@1.21.1/net.minecraft.gametest.framework.GameTestInfo.lambda$tick$1(GameTestInfo.java:110)
  at java.base/java.util.ArrayList.forEach(ArrayList.java:1596)
  at TRANSFORMER/minecraft@1.21.1/net.minecraft.gametest.framework.GameTestInfo.tick(GameTestInfo.java:110)
  at TRANSFORMER/minecraft@1.21.1/net.minecraft.gametest.framework.GameTestTicker.lambda$tick$0(GameTestTicker.java:42)
  at java.base/java.util.concurrent.CopyOnWriteArrayList.forEach(CopyOnWriteArrayList.java:891)
  at TRANSFORMER/minecraft@1.21.1/net.minecraft.gametest.framework.GameTestTicker.tick(GameTestTicker.java:42)
  at TRANSFORMER/minecraft@1.21.1/net.minecraft.server.MinecraftServer.tickChildren(MinecraftServer.java:1055)
  at TRANSFORMER/minecraft@1.21.1/net.minecraft.server.MinecraftServer.tickServer(MinecraftServer.java:917)
  at TRANSFORMER/minecraft@1.21.1/net.minecraft.gametest.framework.GameTestServer.tickServer(GameTestServer.java:168)
  at TRANSFORMER/minecraft@1.21.1/net.minecraft.server.MinecraftServer.runServer(MinecraftServer.java:707)
  at TRANSFORMER/minecraft@1.21.1/net.minecraft.server.MinecraftServer.lambda$spin$2(MinecraftServer.java:267)
  at java.base/java.lang.Thread.run(Thread.java:1583)
JVM deadlock detector: no Java monitor/ownable-synchronizer deadlock found.
================ END ANTIKYTHERA FREEZE DUMP ==================

